customer_id,first_name,last_name,gender,email,phone,city,state,country,pincode,registration_date,membership_type,is_active,source_system,created_at,updated_at
1,Udant,Dewan,Male,chahalpahal@example.org,+911338908386,Sultan Pur Majra,Odisha,India,026542,2024-10-04,Regular,True,WEB,2024-10-20 11:47:14.537914,2025-04-15 07:11:13.185638
2,Lajita,Chatterjee,Male,hemangini94@example.org,7816184959,Coimbatore,Arunachal Pradesh,India,413164,2022-08-21,Regular,True,WEB,2025-08-20 03:02:46.949895,2025-09-23 19:12:19.699241
3,Isha,Kadakia,Female,ekbal92@example.net,3276483503,Satna,Madhya Pradesh,India,139537,2023-10-30,Regular,True,WEB,2026-02-09 13:52:38.856272,2026-03-08 13:02:48.931246
4,Alka,Dewan,Male,adyasangha@example.net,05328710122,Kavali,Assam,India,697848,2023-07-16,Regular,True,MOBILE,2026-04-21 21:44:48.134483,2026-06-04 05:56:11.086188
5,Amara,Oak,Female,memonradhika@example.org,00482814893,Dindigul,Tripura,India,880957,2025-11-12,Regular,True,STORE,2025-11-14 22:21:48.921443,2026-05-15 20:43:45.654982
6,Damyanti,Khatri,Male,khoslafarhan@example.org,7182278248,Rajpur Sonarpur,Nagaland,India,465787,2021-08-28,Silver,True,WEB,2026-03-20 06:44:39.538938,2026-07-09 22:47:44.201792
7,Victor,Kannan,Female,bobaldaniel@example.org,+910518347382,Latur,Uttar Pradesh,India,631165,2022-03-02,Regular,False,WEB,2023-02-25 22:41:09.930581,2024-04-22 00:03:49.181657
8,Guneet,Bhat,Male,znori@example.org,+913387262473,Mango,Uttar Pradesh,India,080132,2023-09-05,Regular,True,WEB,2025-01-09 09:54:46.872004,2026-02-23 02:47:38.795328
9,Daniel,Gala,Female,yagate@example.com,04687234309,Satara,Arunachal Pradesh,India,978820,2023-08-05,Silver,True,MOBILE,2025-01-08 10:45:17.056082,2026-05-10 04:07:22.589357
10,Ekansh,Keer,Female,kdar@example.org,9091699854,Satara,Haryana,India,624751,2026-05-14,Regular,True,MOBILE,2026-05-19 19:07:42.728821,2026-06-01 03:59:40.559667
11,Harish,Borah,Female,yashawinilanka@example.org,01354278498,Begusarai,Jharkhand,India,241182,2021-08-10,Regular,True,WEB,2024-09-07 12:33:14.524429,2025-09-28 15:30:15.139938
12,Samar,Lalla,Male,dkrishnamurthy@example.org,6400524278,Kishanganj,Andhra Pradesh,India,128059,2022-12-03,Silver,False,STORE,2025-02-14 15:25:19.926878,2026-02-26 21:43:30.276495
13,Janya,Baral,Male,shivansh31@example.com,6923226025,Kulti,Himachal Pradesh,India,160733,2024-04-28,Regular,True,STORE,2025-04-14 17:18:22.610063,2025-05-04 05:45:48.324843
14,Vedant,Kapoor,Male,hansmohini@example.com,01458685014,Amaravati,Himachal Pradesh,India,196556,2025-08-23,Regular,True,WEB,2026-01-24 19:53:02.087082,2026-03-21 05:32:25.412055
15,Ranveer,Kumar,Male,sarinaarav@example.net,3561595148,Alappuzha,Karnataka,India,482366,2024-08-04,Regular,True,MOBILE,2025-08-07 09:49:59.429264,2025-12-20 23:31:21.358869
16,Charvi,Ravi,Male,modibhavini@example.org,09957773872,Anantapuram,Mizoram,India,134332,2024-12-12,Regular,True,STORE,2026-05-28 23:34:08.937096,2026-07-03 07:12:20.135193
17,Elijah,Shah,Male,thayer@example.net,07632016328,Dhanbad,Nagaland,India,172788,2021-09-06,Regular,True,MOBILE,2022-11-16 15:25:44.687204,2024-08-17 12:25:59.815049
18,Yamini,Sandhu,Male,vdutt@example.com,04348734714,Darbhanga,Karnataka,India,812236,2024-07-15,Silver,True,WEB,2026-06-18 08:57:22.994097,2026-07-21 08:18:08.607909
19,Nikita,Narayanan,Male,dsagar@example.org,06909670546,Siwan,Telangana,India,734670,2025-01-11,Regular,True,STORE,2026-02-10 20:24:35.597567,2026-02-21 10:00:10.909819
20,Noah,Sibal,Female,aviramesh@example.net,0162720465,Malda,Karnataka,India,646417,2023-07-04,Regular,True,STORE,2025-07-20 08:58:28.162711,2026-05-11 16:14:55.749759
21,Inaya,Kapur,Female,bariaazaan@example.org,+910923271937,Arrah,Goa,India,241904,2021-08-28,Regular,True,MOBILE,2024-04-20 20:01:13.138874,2026-07-25 06:51:38.813117
22,Rushil,Borra,Female,harshmitra@example.net,1905865185,Bidar,Uttarakhand,India,165726,2024-06-09,Silver,True,MOBILE,2026-05-14 22:58:01.235409,2026-06-10 18:08:16.753023
23,Veda,Shroff,Female,uloyal@example.org,+914737996507,South Dumdum,Meghalaya,India,545494,2022-06-10,Regular,False,MOBILE,2024-08-03 22:32:48.502857,2025-11-15 13:02:47.759052
24,Wyatt,Ray,Male,skhosla@example.com,7701436349,Bhalswa Jahangir Pur,Nagaland,India,685574,2024-05-04,Silver,True,WEB,2025-06-27 16:31:11.257157,2025-09-10 17:04:02.663117
25,Diya,Dar,Male,rehaankalita@example.net,04989413435,Barasat,Andhra Pradesh,India,400842,2023-02-04,Silver,True,WEB,2023-11-23 04:12:12.351464,2025-10-26 13:29:26.321300
26,Advik,Mane,Female,csrinivas@example.com,+910471167190,Jalgaon,Uttar Pradesh,India,131869,2024-10-01,Regular,True,WEB,2026-02-11 14:54:05.590011,2026-02-28 10:02:55.829090
27,Lajita,Seshadri,Male,lmishra@example.com,09909133412,Malegaon,Nagaland,India,206797,2024-07-17,Regular,True,STORE,2025-10-16 14:47:52.891092,2026-05-23 03:57:05.473859
28,Sudiksha,Bobal,Female,aishanihora@example.com,+918324210249,Bahraich,Bihar,India,464887,2023-01-07,Silver,True,WEB,2023-11-02 20:17:31.888288,2025-10-06 15:09:35.566082
29,Ekantika,Krishna,Male,chandveer@example.net,9049027874,Bhimavaram,Maharashtra,India,175655,2023-10-01,Regular,False,STORE,2025-06-06 23:57:20.293693,2026-06-09 15:40:52.072880
30,Warhi,Mani,Female,dbansal@example.org,04516808760,Kadapa,Kerala,India,703482,2024-11-29,Platinum,True,MOBILE,2026-04-30 12:33:51.918844,2026-05-28 20:00:00.742321
31,Jairaj,Balakrishnan,Male,nathanmukhopadhyay@example.net,+918613171274,Vijayanagaram,Uttarakhand,India,737826,2026-03-14,Gold,True,MOBILE,2026-05-11 10:16:20.876337,2026-07-02 18:00:55.275795
32,Laban,Boase,Male,oeshi58@example.com,+914499727875,Suryapet,Tripura,India,753396,2022-07-07,Regular,True,MOBILE,2024-12-09 16:42:50.408875,2026-02-24 23:57:32.211125
33,Urvashi,Raj,Male,fdoshi@example.org,+918951718702,Bhatpara,Assam,India,459615,2022-09-23,Regular,True,WEB,2025-09-13 19:38:40.353025,2025-09-27 13:08:23.137225
34,Edhitha,Sura,Female,biswaswahab@example.net,4316117240,Anantapur,Uttar Pradesh,India,455623,2025-10-28,Gold,True,WEB,2026-06-17 08:00:08.680403,2026-07-01 18:49:51.577111
35,Onkar,Gill,Male,rajawridesh@example.com,2374740748,Srinagar,Manipur,India,946474,2024-03-20,Regular,True,WEB,2025-07-18 04:55:28.427233,2026-05-09 03:31:12.582387
36,Warjas,Raj,Female,chakrika40@example.net,04090974395,Jhansi,Punjab,India,210470,2022-07-22,Silver,False,MOBILE,2024-02-05 07:55:25.696555,2025-04-15 17:11:00.860192
37,Chakrika,Narain,Male,mgill@example.org,5884247451,Aurangabad,Chhattisgarh,India,685160,2024-06-16,Regular,True,MOBILE,2025-12-31 10:47:37.844534,2026-01-19 00:13:23.303360
38,Adweta,Raj,Female,hritik37@example.org,8593174612,Agra,Jharkhand,India,113826,2022-11-19,Regular,True,STORE,2023-05-04 03:33:06.845520,2024-07-11 10:05:53.508484
39,Oni,Dubey,Male,fchaudhary@example.net,04053773515,Ghaziabad,Madhya Pradesh,India,317139,2023-10-30,Silver,True,MOBILE,2025-08-30 01:24:07.414868,2026-05-01 18:39:00.431196
40,Jeremiah,Jha,Female,johaltarak@example.org,02904228421,Mira-Bhayandar,Andhra Pradesh,India,395024,2026-06-02,Regular,True,WEB,2026-06-04 16:46:30.857791,2026-06-21 14:17:33.960796
41,Devansh,Soni,Male,gpathak@example.net,+917839084700,Rewa,Maharashtra,India,771159,2021-10-27,Regular,True,MOBILE,2025-05-03 22:10:46.038087,2025-12-25 07:33:10.142846
42,Ekta,Raj,Male,sudiksha89@example.com,+911836736576,Bareilly,Karnataka,India,545271,2022-04-21,Regular,True,WEB,2022-11-03 09:35:41.614732,2025-03-01 10:45:03.578448
43,Kashish,De,Male,narayanjason@example.com,06049451983,Ongole,Haryana,India,585149,2022-01-06,Gold,True,WEB,2022-05-27 19:42:22.665951,2024-03-14 01:48:09.318748
44,Atharv,Loke,Male,goleanjali@example.net,05502296120,Bettiah,Gujarat,India,675254,2022-09-10,Regular,True,MOBILE,2024-05-08 22:05:11.224888,2025-08-04 20:48:59.934351
45,Frado,Ben,Female,nakulbawa@example.net,+914767976438,Hapur,Maharashtra,India,497840,2025-03-03,Regular,True,WEB,2026-04-02 16:34:20.140993,2026-06-06 05:01:57.216938
46,Samarth,Mitra,Male,lakshkumer@example.com,01076226838,Madurai,Madhya Pradesh,India,607159,2022-08-30,Regular,True,WEB,2026-07-03 04:35:36.021569,2026-07-04 09:44:32.868474
47,Bimala,Contractor,Female,ubail@example.org,7516136968,Tenali,West Bengal,India,535218,2023-09-16,Gold,True,MOBILE,2024-11-10 23:01:36.638633,2025-12-13 17:52:55.374571
48,Ikshita,Panchal,Male,warinderchauhan@example.org,03292127799,Buxar,Rajasthan,India,527177,2024-09-22,Regular,True,STORE,2025-09-13 05:28:09.725962,2025-11-13 08:00:18.450293
49,Indira,Tripathi,Male,mukherjeetriya@example.com,+910541199867,Hospet,Uttar Pradesh,India,597820,2024-09-19,Regular,True,WEB,2026-03-10 00:20:47.621889,2026-05-30 05:52:02.347276
50,Frado,Thaman,Female,balveerkota@example.net,07889255466,Khora ,Arunachal Pradesh,India,151864,2023-10-25,Regular,True,STORE,2026-01-16 12:06:03.993358,2026-06-24 11:40:55.392591
51,Mason,Nath,Male,dhaliwalinaya@example.com,6291486528,Bhusawal,Mizoram,India,054235,2022-10-27,Regular,True,MOBILE,2026-01-03 09:35:00.118895,2026-07-18 03:19:28.223404
52,Laksh,Dubey,Male,merchantharrison@example.net,8059296222,Bahraich,Arunachal Pradesh,India,537947,2026-04-20,Regular,True,WEB,2026-06-05 20:35:32.676595,2026-06-17 01:44:48.552595
53,Upasna,Hari,Male,ridhi74@example.com,8623924075,Hazaribagh,West Bengal,India,412478,2022-09-24,Gold,True,WEB,2023-08-24 22:08:20.943232,2026-06-18 16:58:26.769151
54,Tristan,Seshadri,Female,avi60@example.com,5361530515,Durgapur,Arunachal Pradesh,India,727790,2022-04-19,Regular,True,STORE,2024-02-29 17:46:27.374294,2026-06-08 09:16:48.932051
55,Mason,Wable,Male,xchoudhry@example.com,+914103697117,Kottayam,Odisha,India,246095,2026-02-03,Regular,False,WEB,2026-02-06 06:36:47.241378,2026-03-14 17:45:21.395151
56,Frederick,Viswanathan,Female,ekansh88@example.net,8067065405,Hapur,Haryana,India,952058,2022-10-06,Regular,True,MOBILE,2024-05-06 08:19:06.352118,2025-10-26 11:56:28.801830
57,Ucchal,Srinivas,Female,krishnabhatnagar@example.net,00430305486,Nizamabad,Arunachal Pradesh,India,450541,2023-04-03,Regular,True,STORE,2025-05-19 08:56:29.506363,2026-05-13 02:08:52.280540
58,Ria,Raju,Male,rachit77@example.com,4161692845,Vijayawada,Karnataka,India,479627,2025-07-23,Silver,True,MOBILE,2025-12-30 12:27:48.797837,2026-03-23 06:15:39.139135
59,Ira,Saran,Male,dakshesh16@example.com,2029702135,Yamunanagar,Odisha,India,927557,2023-04-27,Regular,True,STORE,2023-06-16 04:56:55.566256,2026-02-27 20:00:49.495032
60,Mitali,Murthy,Male,zaid10@example.net,+917868144739,Pallavaram,Gujarat,India,217271,2025-05-18,Regular,True,WEB,2026-01-21 17:10:50.689379,2026-04-29 11:29:07.451678
61,Idika,Bhattacharyya,Male,charita22@example.com,3132370589,Bhind,Uttar Pradesh,India,911467,2025-08-12,Gold,True,MOBILE,2026-07-14 02:15:18.457699,2026-07-25 05:03:22.692768
62,Ethan,Dass,Male,ethan77@example.net,5289226801,Avadi,Goa,India,535841,2024-03-10,Regular,True,MOBILE,2026-01-06 03:27:27.554092,2026-06-19 23:47:32.011040
63,Jeremiah,Mitter,Female,thakkarom@example.net,2299590010,Bhagalpur,Tripura,India,907844,2022-10-24,Gold,True,MOBILE,2025-03-12 06:11:37.933804,2025-12-12 17:39:50.501417
64,Chameli,Setty,Male,bhasinnakul@example.com,07735925556,Uluberia,Mizoram,India,537147,2023-12-23,Regular,True,MOBILE,2026-01-21 17:19:03.428053,2026-05-28 04:45:53.940236
65,Leena,Sahota,Female,nathanielnarang@example.net,5327877470,Singrauli,Mizoram,India,339500,2022-10-19,Regular,True,WEB,2023-03-01 03:37:31.915006,2024-02-24 15:44:01.242069
66,Upma,Mangal,Female,chokshiraagini@example.org,05650609835,Srinagar,Madhya Pradesh,India,849912,2022-12-20,Regular,True,WEB,2025-02-11 18:12:07.647989,2026-05-03 07:00:04.850140
67,Harinakshi,Pau,Male,rushilupadhyay@example.com,0002578729,Khammam,Punjab,India,269495,2026-06-09,Regular,True,WEB,2026-06-27 06:17:29.466677,2026-07-19 14:21:59.568597
68,Chandani,Soman,Male,pillaygarima@example.net,+916940974993,Ballia,Meghalaya,India,896230,2024-02-05,Gold,True,WEB,2025-05-09 10:29:08.061762,2025-12-11 21:53:52.069356
69,Ridhi,Murthy,Female,adoshi@example.net,+916897028385,Hajipur,Madhya Pradesh,India,278585,2024-06-04,Regular,False,MOBILE,2025-12-03 08:38:57.640821,2026-01-17 00:06:04.172942
70,Aishani,Sule,Male,yatinmallick@example.net,03443757584,Bhilai,Odisha,India,652404,2024-12-09,Regular,True,STORE,2026-05-07 19:59:41.048057,2026-06-30 06:59:28.340171
71,Aahana,Srinivas,Male,sakshamyohannan@example.com,4219933083,Faridabad,Bihar,India,571208,2026-05-04,Gold,True,WEB,2026-05-10 12:12:59.235795,2026-07-19 14:20:55.380459
72,Vamakshi,Sood,Male,bhavnanagi@example.com,0193802620,Shimla,Goa,India,004991,2026-06-14,Silver,True,WEB,2026-06-20 12:47:09.759646,2026-07-13 06:32:22.734126
73,Wakeeta,Desai,Male,mmahajan@example.org,02742054932,Purnia,Mizoram,India,161227,2026-03-16,Silver,True,MOBILE,2026-04-29 00:16:58.431676,2026-06-07 16:46:55.482049
74,Warinder,Sekhon,Female,forum49@example.net,0453017426,Kochi,Rajasthan,India,593327,2023-03-07,Regular,True,STORE,2024-01-07 16:13:24.460095,2024-09-06 02:59:07.217411
75,Ojasvi,Sinha,Male,yugbumb@example.net,08519108839,Dehradun,Karnataka,India,139718,2022-04-29,Regular,True,WEB,2025-06-29 18:20:24.722945,2026-02-21 08:44:49.405739
76,Ojasvi,Shan,Male,sheredarika@example.net,+916403910651,Coimbatore,Meghalaya,India,462265,2023-10-15,Regular,True,STORE,2023-12-10 10:26:10.592660,2024-04-14 19:52:10.486692
77,Krishna,Prashad,Male,zachariakiaan@example.net,01286823004,Tinsukia,Maharashtra,India,337524,2026-07-11,Silver,True,WEB,2026-07-16 11:50:08.632083,2026-07-24 04:56:07.587924
78,Azad,Saini,Male,khoslasamuel@example.org,+919079030673,Pimpri-Chinchwad,Chhattisgarh,India,395995,2022-07-03,Regular,True,MOBILE,2026-01-21 06:00:44.049593,2026-06-11 22:50:05.931902
79,Timothy,Sachdev,Male,anvi08@example.net,2687056856,Jalgaon,Jharkhand,India,287334,2022-09-29,Regular,True,MOBILE,2026-02-02 16:44:26.281474,2026-07-22 21:24:36.413878
80,Dalbir,Sachar,Male,iwagle@example.com,+914351751830,Burhanpur,Sikkim,India,139837,2025-11-06,Regular,True,WEB,2025-12-13 17:28:23.996626,2026-03-27 06:37:41.241077
81,Alexander,Kakar,Male,jacobsrinivas@example.org,9363854678,Aizawl,Himachal Pradesh,India,877175,2022-08-09,Gold,True,WEB,2026-03-12 21:32:47.725819,2026-04-22 15:58:36.344503
82,Timothy,Dhingra,Male,lalomisha@example.com,+913536937854,Pallavaram,Manipur,India,522872,2026-02-18,Regular,True,STORE,2026-04-17 08:02:11.173239,2026-05-28 07:48:13.531521
83,Daniel,Viswanathan,Male,bordechanakya@example.org,02312038750,Morbi,Andhra Pradesh,India,886008,2026-02-23,Gold,True,WEB,2026-05-16 14:25:29.139836,2026-06-30 08:58:55.417055
84,Yadavi,Sani,Male,hredhaanchar@example.net,+913398454615,Jaunpur,Odisha,India,341016,2025-03-04,Gold,True,MOBILE,2025-12-01 08:22:22.360747,2026-02-07 00:16:00.180063
85,Aditya,Garg,Female,tataradha@example.net,09180339740,Parbhani,Nagaland,India,250392,2023-06-16,Silver,True,MOBILE,2025-03-04 12:23:18.598158,2025-04-02 00:20:02.284733
86,Faraj,Mistry,Male,wrideshramachandran@example.net,5621850163,Mau,Punjab,India,504773,2025-04-28,Regular,True,WEB,2026-03-17 02:47:22.648509,2026-05-07 23:49:19.123887
87,Lajita,Chada,Male,yatin11@example.com,+916265511047,Gopalpur,Bihar,India,126788,2023-05-05,Gold,True,STORE,2026-05-17 01:34:43.465230,2026-06-15 23:47:18.705246
88,Girik,Nair,Female,sarora@example.com,01839826224,Agartala,Meghalaya,India,126464,2024-02-15,Regular,True,STORE,2024-05-17 01:42:47.729501,2024-07-27 16:52:08.259003
89,Yatin,Tandon,Male,tanvichhabra@example.org,00659657569,Dewas,Karnataka,India,752654,2023-12-25,Regular,True,WEB,2024-03-06 13:33:08.865678,2024-10-11 17:51:32.226554
90,Xavier,Nanda,Male,ymand@example.com,01939828073,Jalna,Uttarakhand,India,672434,2025-03-27,Platinum,True,MOBILE,2026-01-28 04:28:57.525018,2026-07-19 14:50:07.106331
91,Ethan,Sen,Female,irattan@example.net,6805891135,Pudukkottai,Arunachal Pradesh,India,561014,2024-11-08,Regular,True,WEB,2026-01-28 13:35:36.293626,2026-06-17 20:39:27.894045
92,Timothy,Sehgal,Male,mahika79@example.net,2507146112,Bijapur,Karnataka,India,387571,2022-09-02,Regular,False,WEB,2025-07-30 07:05:16.792123,2026-02-16 05:02:35.590031
93,Charita,Basu,Female,bajajhemal@example.net,+912382825867,Machilipatnam,Rajasthan,India,266093,2023-10-02,Regular,True,WEB,2025-09-16 19:52:25.364661,2025-12-25 04:18:00.792246
94,Tanish,Jha,Female,dev91@example.net,+915537147859,Phagwara,Madhya Pradesh,India,557924,2023-10-23,Regular,False,WEB,2024-12-28 06:51:19.070157,2024-12-30 20:10:02.012285
95,Dhriti,Dalal,Male,dalajadada@example.org,02866929662,Siwan,Tamil Nadu,India,827422,2026-02-26,Regular,True,WEB,2026-05-25 03:34:07.798652,2026-07-05 06:58:40.275047
96,Jagrati,Andra,Male,mdeshpande@example.com,8767677219,Muzaffarnagar,Jharkhand,India,438427,2023-02-18,Regular,True,MOBILE,2024-09-05 06:25:08.445614,2024-10-12 03:46:10.742777
97,Yasti,Chowdhury,Female,loyaljeevika@example.net,+917836134074,Chandigarh,Manipur,India,339596,2024-05-22,Regular,True,WEB,2026-01-25 16:22:43.936448,2026-04-25 04:12:35.957190
98,Samuel,Bhargava,Female,avni98@example.org,04494812604,Mira-Bhayandar,Haryana,India,536729,2022-05-23,Regular,True,WEB,2022-12-21 05:52:03.504545,2023-09-18 08:29:23.231943
99,Faqid,Chander,Female,vvarma@example.com,5775901751,Bellary,Maharashtra,India,745458,2024-09-21,Regular,True,MOBILE,2025-11-17 02:49:08.215028,2026-02-19 00:03:15.796904
100,Hemal,Bava,Female,chaudharytripti@example.org,+912770632424,Karimnagar,Himachal Pradesh,India,520643,2024-06-13,Regular,True,MOBILE,2025-08-24 06:23:56.674097,2026-02-02 21:37:34.021937
101,Tanay,Sood,Female,deoupkaar@example.net,7005162713,Hubli–Dharwad,Telangana,India,155426,2023-09-16,Regular,True,WEB,2023-12-20 03:41:25.068070,2024-03-19 09:47:05.712998
102,Luke,Biswas,Male,galaria@example.com,3269731121,Etawah,Maharashtra,India,234138,2025-06-06,Regular,True,MOBILE,2026-04-14 01:55:06.782240,2026-04-27 16:45:41.480413
103,Avi,Mitra,Female,zarnaupadhyay@example.org,6403761379,Dehri,Andhra Pradesh,India,526965,2024-07-26,Regular,True,MOBILE,2026-01-03 00:01:25.712200,2026-03-01 22:37:34.181086
104,Elijah,Badal,Male,atwaladweta@example.org,+910684866618,Alwar,Assam,India,183285,2024-04-17,Regular,True,MOBILE,2024-09-07 06:56:20.315958,2025-07-27 10:32:49.383012
105,Dominic,Mukherjee,Female,dkhare@example.org,+916179904210,Hyderabad,Goa,India,588425,2023-07-07,Regular,False,WEB,2025-06-12 20:00:03.874049,2026-05-18 22:14:32.207436
106,Jacob,Balan,Female,pushti48@example.org,09177850792,Sangli-Miraj & Kupwad,Himachal Pradesh,India,913800,2022-03-12,Regular,True,WEB,2025-08-09 22:57:30.629247,2025-11-11 20:44:39.755997
107,Januja,Rajagopal,Male,praneelbanik@example.net,6353654195,Ambala,Sikkim,India,238061,2025-11-08,Platinum,True,MOBILE,2025-11-11 04:29:21.868105,2025-11-22 23:11:33.743593
108,Deepa,Narang,Female,shanabhiram@example.com,+914949375973,Saharanpur,Andhra Pradesh,India,038505,2025-12-12,Regular,True,WEB,2026-06-25 04:05:49.976684,2026-07-18 12:35:13.994951
109,Damyanti,Chawla,Female,wazirsaini@example.com,+912410386571,Dibrugarh,Chhattisgarh,India,199062,2021-07-26,Regular,True,MOBILE,2024-11-06 19:37:06.959058,2026-04-21 21:48:12.524769
110,Maya,Narain,Male,sneha43@example.org,+912912127756,Jorhat,Kerala,India,747411,2022-09-29,Gold,True,STORE,2023-09-28 04:14:37.856218,2024-08-18 00:13:26.053047
111,Banjeet,Kale,Female,manbir13@example.com,08044206788,Bareilly,Manipur,India,210032,2022-05-07,Regular,True,MOBILE,2025-03-28 18:32:48.176727,2026-05-02 09:42:23.366097
112,Frado,Lad,Female,bainsdhruv@example.org,7215107029,Tenali,Meghalaya,India,662532,2022-07-20,Regular,True,STORE,2024-02-27 09:33:00.804272,2025-10-22 14:49:53.708139
113,Yatan,Merchant,Female,jsabharwal@example.com,+911462638380,Secunderabad,Meghalaya,India,598564,2022-12-08,Regular,True,MOBILE,2024-07-21 03:02:16.695900,2024-11-07 06:10:05.964726
114,Avni,Bhardwaj,Female,wwagle@example.net,+912133480396,Malegaon,Goa,India,955905,2022-06-17,Platinum,True,MOBILE,2023-10-08 02:42:33.962234,2024-05-18 18:53:20.793203
115,Raghav,Tailor,Female,parth70@example.org,+913930870593,Mau,Tamil Nadu,India,500292,2026-04-20,Silver,True,STORE,2026-06-13 07:26:43.309636,2026-07-06 23:45:29.639910
116,Elijah,Prakash,Female,vchaudhuri@example.com,02267528953,Burhanpur,Jharkhand,India,220969,2025-06-07,Regular,True,STORE,2026-05-22 21:40:18.804461,2026-07-16 12:29:03.888249
117,Timothy,Chawla,Female,vdhaliwal@example.net,+913552157043,Jabalpur,Kerala,India,100676,2021-09-21,Silver,True,MOBILE,2024-08-21 05:47:19.875004,2026-05-30 20:12:53.547411
118,Kritika,Panchal,Female,echaudhuri@example.net,3271040541,Tiruvottiyur,Goa,India,218159,2026-05-29,Regular,True,WEB,2026-07-18 17:45:04.272338,2026-07-22 00:07:10.231124
119,Raagini,Gala,Female,ddugar@example.org,03368844431,Singrauli,Odisha,India,205061,2026-06-28,Regular,True,WEB,2026-07-22 10:34:11.877647,2026-07-24 11:58:03.471902
120,Ryan,Chatterjee,Male,jhaverionkar@example.net,01714677418,Udaipur,Kerala,India,527047,2023-01-13,Regular,True,WEB,2025-05-15 14:00:31.121156,2026-02-01 03:28:11.097404
121,David,Dora,Female,chadahemangini@example.net,09380686879,Fatehpur,Jharkhand,India,608989,2023-11-20,Regular,True,WEB,2024-06-28 08:19:26.964892,2025-01-17 15:39:20.468144
122,Saumya,Ghose,Male,siddharthhans@example.org,+916163294511,Miryalaguda,Madhya Pradesh,India,487099,2024-12-12,Silver,True,MOBILE,2025-12-13 04:27:20.078175,2026-01-09 03:35:59.545065
123,Manbir,Chaudhry,Male,chaudhuribhavika@example.net,06467997024,Asansol,Punjab,India,065307,2024-03-04,Gold,True,WEB,2025-03-05 10:58:30.010851,2025-10-01 12:57:42.627557
124,Chavvi,Mukhopadhyay,Male,vyanjana13@example.org,07546913736,Hazaribagh,West Bengal,India,082148,2026-03-02,Gold,True,WEB,2026-07-10 09:27:41.766796,2026-07-10 16:43:46.414324
125,Ayush,Ghose,Female,saibhardwaj@example.org,+917053457861,New Delhi,Kerala,India,972798,2023-07-30,Regular,True,MOBILE,2025-11-27 19:49:20.986437,2026-04-02 09:52:21.935963
126,Gautam,Mane,Male,rajuchandran@example.org,3333468007,Malegaon,Punjab,India,349446,2023-04-24,Regular,True,MOBILE,2023-11-04 07:31:14.198946,2026-04-11 11:33:47.275057
127,Tejas,Shukla,Female,mekhala91@example.org,5899441715,Anantapur,West Bengal,India,443283,2026-01-15,Regular,True,WEB,2026-06-26 23:04:07.317235,2026-07-09 23:55:48.272702
128,Netra,Nagarajan,Male,atharvtank@example.com,06660993538,Secunderabad,Mizoram,India,282417,2026-01-22,Silver,True,STORE,2026-06-19 11:46:29.355142,2026-07-18 06:32:22.115363
129,Qadim,Nayak,Male,kapadiaisha@example.org,4655494717,Ballia,Odisha,India,738168,2022-03-14,Gold,True,MOBILE,2023-04-30 09:13:55.521435,2025-12-10 19:53:24.996730
130,Laksh,Iyer,Male,nimrat97@example.org,02175250074,Gulbarga,Odisha,India,712966,2023-01-20,Regular,True,MOBILE,2023-03-30 07:50:54.045839,2026-01-29 13:11:34.455403
131,Baljiwan,Walla,Male,kashviatwal@example.com,3003354216,Rourkela,Assam,India,447898,2023-07-30,Regular,True,MOBILE,2026-06-17 12:31:47.695018,2026-07-02 00:38:28.670964
132,Hema,Suri,Female,raghav26@example.org,+913230982150,Rohtak,Tripura,India,901001,2023-04-02,Silver,True,MOBILE,2026-03-11 18:28:48.051172,2026-07-24 17:57:11.624634
133,Urvi,Dua,Female,adityamitra@example.com,1849926189,Ichalkaranji,Bihar,India,739348,2023-08-24,Regular,True,WEB,2024-10-02 11:42:55.850592,2025-09-29 04:08:44.432265
134,Naveen,Baral,Male,sjohal@example.com,03001197218,Salem,Himachal Pradesh,India,744701,2026-06-05,Platinum,True,MOBILE,2026-06-23 00:36:55.623494,2026-07-06 06:36:55.722711
135,Jagvi,Munshi,Male,gdalia@example.org,+912255794155,Raipur,Madhya Pradesh,India,746762,2025-08-17,Silver,True,WEB,2026-06-12 06:32:18.298470,2026-07-18 23:53:24.460833
136,Nathaniel,Chawla,Male,zsubramanian@example.net,7296590277,Bulandshahr,Manipur,India,145089,2022-02-15,Regular,True,MOBILE,2025-03-19 17:50:25.254906,2025-04-17 15:12:27.436607
137,Hamsini,Venkataraman,Male,santyuvraj@example.com,06289002877,Aurangabad,Tripura,India,535408,2025-03-07,Regular,True,MOBILE,2025-06-28 04:38:34.680315,2026-07-08 00:18:41.657408
138,Wahab,Brar,Female,zsawhney@example.net,01775170166,Proddatur,Nagaland,India,199488,2022-09-03,Regular,True,MOBILE,2025-03-05 09:16:55.799422,2025-09-25 20:06:59.223872
139,Januja,Bhagat,Male,suhaninarula@example.net,9757113055,Motihari,Mizoram,India,102726,2022-08-05,Silver,True,WEB,2025-04-04 21:08:28.189210,2026-07-01 16:58:14.729137
140,Maya,Kale,Male,thalder@example.com,+916091779827,Bettiah,Telangana,India,869782,2022-02-04,Gold,True,STORE,2024-10-28 03:08:54.281314,2025-02-24 06:20:54.554629
141,Hemang,Ram,Female,yamini66@example.net,3465472269,Motihari,West Bengal,India,833394,2025-01-07,Regular,True,WEB,2025-04-15 00:02:18.770789,2026-04-30 04:46:46.856713
142,Pranav,Thakur,Male,jack58@example.com,9684608106,Meerut,Sikkim,India,342442,2024-12-29,Regular,True,STORE,2026-06-10 04:13:53.349399,2026-06-16 04:06:28.735289
143,Bachittar,Parmer,Male,nchaudry@example.net,8386384066,Satara,Nagaland,India,043973,2025-10-04,Silver,True,WEB,2026-04-25 06:50:11.123762,2026-05-22 03:58:10.412267
144,Ronith,Hari,Female,saumya21@example.org,+918160648422,Kolkata,Karnataka,India,202590,2026-02-13,Regular,True,MOBILE,2026-06-07 09:43:08.016350,2026-07-08 11:07:23.075041
145,Charvi,Swaminathan,Male,elijah58@example.org,+918182688615,Kakinada,Sikkim,India,554398,2025-06-06,Silver,True,WEB,2026-02-20 03:04:32.464708,2026-07-01 00:17:14.898917
146,Aditya,Contractor,Female,sanaya39@example.net,+910561648408,Kottayam,Uttar Pradesh,India,704358,2023-12-08,Regular,True,MOBILE,2025-05-30 02:01:38.581024,2026-04-11 22:35:44.527815
147,Abhimanyu,Bhatti,Female,tanaysamra@example.org,+918612075011,Mangalore,Uttar Pradesh,India,819346,2021-12-21,Regular,True,MOBILE,2022-05-30 22:53:16.823574,2026-06-12 08:09:00.339508
148,Anay,Ramachandran,Female,warriorabeer@example.net,9190158144,Ichalkaranji,Tripura,India,660728,2023-07-02,Regular,True,MOBILE,2025-06-06 10:35:22.276161,2025-12-02 16:18:08.490571
149,Chakrika,Dhawan,Female,kashvi08@example.net,+911009968814,Hapur,Gujarat,India,822239,2022-08-29,Gold,True,WEB,2025-07-29 03:23:34.370084,2026-05-12 22:49:48.287307
150,Chatura,Shenoy,Female,mannanekalinga@example.com,+913975523149,Jammu,Karnataka,India,759492,2025-09-26,Regular,True,MOBILE,2025-11-23 18:09:52.235521,2026-01-06 22:28:40.738722
151,Priya,Ganguly,Female,munshiyatin@example.org,6452577754,Suryapet,Bihar,India,914283,2024-05-22,Regular,True,WEB,2025-03-07 12:57:11.680265,2025-08-14 05:33:41.170480
152,Faqid,Bahl,Female,ravelsimon@example.org,4887256394,Madhyamgram,Mizoram,India,658039,2022-11-16,Regular,True,WEB,2026-02-22 05:09:51.586484,2026-03-05 22:12:12.170508
153,Nathaniel,Gola,Female,vedaparmer@example.org,+917314530385,Nandyal,Manipur,India,051844,2024-12-24,Regular,True,WEB,2026-03-06 22:32:25.540009,2026-03-26 15:36:36.359041
154,Kritika,Pau,Male,varughesezayan@example.com,+918655779082,Dehradun,Haryana,India,843222,2024-06-15,Silver,True,MOBILE,2025-08-28 05:30:45.198924,2025-12-30 22:53:30.499213
155,Victor,Sachdeva,Female,ishaan77@example.com,+919260302992,Anand,Arunachal Pradesh,India,024286,2023-05-16,Regular,True,MOBILE,2025-08-29 15:13:48.583767,2025-10-07 15:37:52.044746
156,Bhanumati,Chada,Male,saumyasinha@example.com,+913692929842,Malda,Punjab,India,366210,2024-07-23,Regular,True,WEB,2025-09-08 18:18:12.288141,2025-09-14 17:07:34.138285
157,Oni,Doctor,Female,goelvamakshi@example.net,0881172980,Nagaon,Maharashtra,India,086376,2022-07-28,Regular,True,WEB,2026-01-01 14:17:58.963591,2026-04-14 20:55:03.341540
158,Guneet,Sandal,Female,aachalsood@example.org,+914986430098,Saharsa,Andhra Pradesh,India,356512,2023-04-25,Regular,True,WEB,2025-12-05 09:02:01.875425,2026-07-03 23:40:37.601742
159,Pallavi,Pau,Male,mekhala36@example.net,7258874495,Durgapur,West Bengal,India,372138,2023-09-10,Regular,True,WEB,2025-05-16 06:21:53.470199,2025-09-06 22:58:25.488991
160,Charles,Dyal,Male,zahluwalia@example.org,+917961143519,Yamunanagar,Madhya Pradesh,India,902770,2023-07-25,Regular,True,WEB,2024-07-30 01:12:32.760324,2025-09-02 09:21:08.144618
161,Bhavika,Hayer,Female,uppalzaitra@example.net,+919205302146,Tenali,Madhya Pradesh,India,801184,2022-07-27,Platinum,True,WEB,2025-03-11 15:09:51.332587,2026-04-18 04:10:11.318671
162,Idika,Malhotra,Female,robertsha@example.com,0426818184,Bhiwandi,Uttar Pradesh,India,894769,2025-03-11,Regular,True,MOBILE,2025-12-16 07:38:31.658204,2026-04-24 04:07:28.700882
163,Tara,Sharma,Female,subramaniamjackson@example.com,+916335658804,Tumkur,Assam,India,518275,2023-12-24,Regular,True,WEB,2024-08-09 17:42:43.913926,2025-04-09 11:13:30.744791
164,Ranveer,Tara,Male,wahabkhurana@example.com,+913339521117,Hosur,Arunachal Pradesh,India,595794,2023-04-30,Regular,True,WEB,2026-03-22 09:43:56.413295,2026-04-25 00:40:41.918494
165,Ati,Rao,Male,kabirbhagat@example.net,07808562718,Satna,Tamil Nadu,India,036915,2024-01-06,Regular,True,WEB,2026-07-10 19:51:58.218002,2026-07-24 03:23:18.156395
166,Adya,Khalsa,Male,urishilla95@example.com,+917636556472,Ramgarh,Sikkim,India,143866,2023-05-15,Platinum,True,STORE,2026-02-14 01:57:29.382591,2026-03-16 06:22:27.909295
167,Urvashi,Andra,Male,oviyatata@example.org,8857448906,Ujjain,Arunachal Pradesh,India,471754,2022-07-17,Silver,True,WEB,2025-10-04 13:04:13.830505,2026-05-09 12:59:07.629449
168,Aarini,Padmanabhan,Male,sabharwaljairaj@example.com,9399824558,Amroha,Assam,India,947225,2023-05-14,Regular,True,STORE,2025-02-26 16:35:59.659927,2026-06-20 08:27:39.347875
169,Ekbal,Buch,Male,hemalkari@example.com,04496475987,Rourkela,Goa,India,234132,2023-09-02,Platinum,True,MOBILE,2025-06-10 10:24:09.677959,2025-11-23 08:40:17.960687
170,Urvashi,Bhagat,Male,ranganathanfiyaz@example.org,09216433472,Hajipur,Uttarakhand,India,005577,2023-07-19,Silver,True,STORE,2023-11-01 08:02:05.386198,2026-05-23 08:14:40.045616
171,Sai,Deshmukh,Female,tanmayisaran@example.net,8457831745,Bhilwara,Chhattisgarh,India,008254,2026-06-09,Gold,False,WEB,2026-07-04 01:30:03.379517,2026-07-09 20:45:19.098702
172,Vansha,Mistry,Male,sanibrinda@example.net,+910853686632,Burhanpur,Haryana,India,163894,2023-11-28,Regular,True,STORE,2023-12-06 01:41:40.505861,2026-05-11 09:19:08.502565
173,Nitara,Guha,Male,gopallaban@example.com,+917974973502,Deoghar,Andhra Pradesh,India,144270,2022-12-26,Regular,True,WEB,2025-08-23 06:35:04.261230,2026-05-22 02:31:04.479470
174,Hema,Salvi,Male,wishi57@example.net,+915120461872,Chandrapur,Uttarakhand,India,013673,2022-09-22,Regular,True,WEB,2023-04-21 07:30:50.063072,2024-11-29 04:34:15.001223
175,Girindra,Verma,Female,urvashiramachandran@example.net,05208814743,Faridabad,West Bengal,India,136502,2025-04-01,Regular,True,WEB,2025-04-17 02:19:46.779351,2025-11-17 01:06:49.318114
176,Xavier,Andra,Female,somanmohammed@example.com,+913271950052,Cuttack,Meghalaya,India,585730,2025-07-14,Silver,True,MOBILE,2026-02-19 01:23:01.298023,2026-04-21 22:10:50.186528
177,Balveer,Sundaram,Male,imenon@example.net,03928557498,Coimbatore,Mizoram,India,744857,2025-01-03,Gold,True,MOBILE,2025-07-25 13:39:02.533206,2025-09-12 17:14:08.302512
178,Qasim,Bahl,Male,william51@example.net,6387829456,Bhubaneswar,Bihar,India,022031,2021-07-25,Regular,True,MOBILE,2024-10-02 06:23:47.966943,2025-06-09 20:24:42.474362
179,Lipika,Suri,Female,chandran53@example.net,1037170586,Howrah,Uttarakhand,India,801413,2023-12-27,Silver,True,WEB,2024-03-28 23:06:31.924049,2025-07-26 09:49:04.335788
180,Lekha,Gupta,Female,yuvrajgola@example.net,8619576122,Dibrugarh,Karnataka,India,897558,2026-05-13,Regular,True,STORE,2026-05-20 02:59:47.744905,2026-07-07 03:47:43.301867
181,Qushi,Naik,Female,tanishprashad@example.net,4577600490,Barasat,Andhra Pradesh,India,335048,2026-07-09,Regular,True,MOBILE,2026-07-14 07:29:14.747695,2026-07-18 10:04:01.681193
182,Girindra,Barad,Female,jparekh@example.org,05933441969,Solapur,Telangana,India,727919,2024-02-13,Regular,True,WEB,2025-07-06 19:31:06.002358,2026-02-11 01:18:05.799363
183,Lakshmi,Brar,Male,nattijaya@example.com,01390604805,Khammam,Mizoram,India,206799,2024-10-09,Gold,True,MOBILE,2024-11-02 10:54:33.186942,2026-03-26 15:13:52.953681
184,Meera,Divan,Male,gayathributala@example.com,0864168622,Karaikudi,Gujarat,India,693898,2024-02-01,Regular,False,STORE,2024-08-20 01:37:44.720265,2025-03-12 03:50:53.715261
185,Ekiya,Chakraborty,Male,sachdevpallavi@example.com,03559042597,Gandhidham,Arunachal Pradesh,India,352110,2022-10-16,Platinum,True,WEB,2023-01-22 18:01:55.506423,2025-10-12 17:12:20.670951
186,Bhavna,Atwal,Male,indrajit47@example.com,+915383388487,Surat,Madhya Pradesh,India,420439,2022-10-11,Silver,True,MOBILE,2025-02-16 01:42:27.677263,2025-05-04 11:55:30.486698
187,Ekalinga,Rama,Female,jagvi10@example.com,6368157981,Davanagere,Mizoram,India,800384,2022-12-01,Gold,True,MOBILE,2024-08-11 11:54:23.513151,2026-06-16 06:43:24.276697
188,Idika,Pandey,Female,chasmum38@example.com,+914608432562,Eluru,Mizoram,India,639264,2023-03-25,Platinum,True,WEB,2024-07-16 07:16:51.301520,2024-11-09 08:08:48.208703
189,Samuel,Devi,Female,lakshitmore@example.net,8262925188,Udaipur,Karnataka,India,056647,2026-02-10,Regular,True,WEB,2026-04-05 10:49:40.951833,2026-06-04 14:10:39.572044
190,Anusha,Doshi,Female,hredhaandeep@example.org,+919949993933,Secunderabad,Assam,India,289752,2025-04-16,Regular,True,STORE,2026-05-03 09:17:36.549209,2026-06-25 05:30:25.827527
191,Reyansh,Kara,Male,regealexander@example.com,03331279757,Purnia,Madhya Pradesh,India,965699,2025-10-27,Regular,True,WEB,2026-03-09 08:37:52.766107,2026-03-28 08:04:51.331081
192,Balvan,Verma,Female,sethtanmayi@example.org,+918860868034,Sikar,Jharkhand,India,726490,2024-07-12,Gold,True,WEB,2025-08-06 10:28:24.563191,2026-06-11 12:32:31.855055
193,Siya,Chana,Female,golekrishna@example.com,05702793714,Ujjain,Tamil Nadu,India,117518,2025-01-04,Regular,True,WEB,2026-05-31 17:04:06.167085,2026-06-26 01:06:25.617245
194,Nathaniel,Radhakrishnan,Female,xbassi@example.org,09222206447,Bokaro,Bihar,India,309407,2025-02-05,Regular,True,WEB,2026-03-01 03:22:27.714018,2026-07-21 17:37:33.230535
195,Wakeeta,Khanna,Male,vamakshisetty@example.com,01990384983,Udaipur,Chhattisgarh,India,502099,2024-01-19,Gold,True,MOBILE,2025-04-20 22:25:03.036290,2026-04-27 17:00:28.775715
196,Omaja,Gokhale,Male,bhavanigoel@example.com,9501455616,Jalna,Meghalaya,India,145868,2023-01-20,Regular,True,MOBILE,2026-04-14 06:23:30.217555,2026-04-19 06:31:58.739783
197,Gagan,Sule,Male,prisha95@example.com,9952997877,Phagwara,Haryana,India,301071,2022-08-11,Regular,True,WEB,2023-06-08 22:41:12.435117,2023-08-14 09:59:30.108712
198,Oeshi,Sachdev,Male,nathinaya@example.net,3034414488,Chennai,Bihar,India,569902,2025-04-01,Platinum,True,MOBILE,2025-07-09 14:15:08.302454,2026-02-28 21:12:14.979929
199,Varenya,Som,Male,deshpandevasatika@example.org,7857608495,Dhule,Odisha,India,512405,2022-07-13,Regular,True,STORE,2025-11-22 12:38:07.460599,2026-07-06 07:59:55.786267
200,Lopa,Grover,Female,morardivya@example.net,+914617357438,Akola,Bihar,India,031780,2026-06-25,Regular,True,STORE,2026-07-14 00:31:48.990756,2026-07-23 13:47:47.694080
201,Harini,Sule,Female,falak21@example.net,2307681040,Thoothukudi,Manipur,India,184094,2025-07-22,Regular,True,WEB,2026-06-20 08:25:51.354725,2026-06-25 17:53:44.257944
202,Bhavini,Malhotra,Male,ridhi14@example.org,+914109881385,Gopalpur,Chhattisgarh,India,932149,2024-10-03,Gold,True,MOBILE,2025-02-18 13:46:42.951641,2025-06-03 05:19:00.065060
203,Ayush,Sinha,Female,cherianleela@example.org,+916629979545,Deoghar,Assam,India,921717,2026-01-09,Regular,True,WEB,2026-04-25 16:32:40.205989,2026-04-30 06:55:54.655383
204,Upma,Kata,Male,maanaskuruvilla@example.com,02557701715,Surendranagar Dudhrej,West Bengal,India,459928,2023-02-11,Regular,True,MOBILE,2025-05-03 04:49:00.458253,2026-04-11 17:07:16.574988
205,Eshana,Bobal,Female,triya69@example.com,+919382761539,Raebareli,Odisha,India,832197,2022-01-28,Gold,True,MOBILE,2025-09-29 06:21:45.378429,2026-05-25 13:44:53.882971
206,Gunbir,Saxena,Female,darikaravi@example.org,1965701329,Siliguri,Sikkim,India,784699,2022-02-17,Regular,True,MOBILE,2024-10-09 06:17:14.829713,2025-05-10 02:12:09.385444
207,Chandani,Modi,Female,fpadmanabhan@example.net,+919862405800,Bhubaneswar,West Bengal,India,036965,2023-10-18,Gold,False,WEB,2024-05-12 23:57:41.836572,2026-04-17 21:21:31.708813
208,Siddharth,Ghose,Female,mdewan@example.net,05624220102,Junagadh,Chhattisgarh,India,267969,2025-02-13,Regular,True,WEB,2025-09-15 03:01:41.510282,2026-01-29 10:38:18.208690
209,Shivani,Rajagopalan,Female,upkaar26@example.net,+919738468950,Tezpur,Meghalaya,India,197128,2022-06-17,Silver,True,WEB,2024-07-19 19:08:10.394155,2025-08-29 20:46:45.785948
210,Udyati,Varughese,Male,virkgaurang@example.org,01894905807,Anand,Meghalaya,India,654420,2026-06-24,Regular,True,MOBILE,2026-07-24 20:23:39.643811,2026-07-25 05:58:07.104893
211,Abha,Bhat,Female,kgara@example.org,4904712814,Mira-Bhayandar,Punjab,India,440192,2025-01-13,Gold,True,WEB,2025-12-12 16:44:23.631462,2026-02-19 00:16:25.178298
212,Kala,Gill,Female,warinder72@example.net,+915129276637,Bhagalpur,Odisha,India,041027,2026-02-10,Regular,True,STORE,2026-06-12 04:43:46.603529,2026-07-10 15:35:12.025450
213,Vivaan,Raghavan,Male,qsom@example.org,6047658018,Bhiwani,Punjab,India,544149,2023-07-22,Regular,True,WEB,2024-06-17 07:28:38.565027,2026-01-11 09:25:36.155110
214,Robert,Venkatesh,Female,pranit58@example.org,0106181753,Chandrapur,Gujarat,India,091093,2023-07-08,Regular,True,STORE,2025-11-14 19:07:34.466795,2026-05-22 23:47:10.472777
215,Jagdish,Chadha,Female,keyagoyal@example.org,2447174654,Srinagar,Himachal Pradesh,India,665044,2026-04-25,Platinum,True,STORE,2026-06-22 07:06:57.642345,2026-07-15 17:01:25.614540
216,Sai,Ramaswamy,Female,vyanjanachopra@example.org,6391741011,Amroha,Andhra Pradesh,India,200642,2022-06-14,Gold,True,WEB,2022-09-26 06:16:45.537576,2026-06-26 14:12:13.230131
217,Yutika,Swaminathan,Female,zsarin@example.net,+918306719855,Rewa,Arunachal Pradesh,India,585174,2025-01-23,Platinum,True,WEB,2026-06-03 01:23:17.857859,2026-07-03 02:43:59.970199
218,Leena,Halder,Male,madhavi15@example.com,+917320309376,Panvel,Rajasthan,India,787005,2024-10-19,Silver,True,WEB,2025-02-09 19:20:48.436432,2025-03-02 16:09:50.393455
219,Jagat,Kakar,Male,jyadav@example.net,3102707903,Kanpur,Goa,India,417929,2021-11-03,Regular,True,WEB,2025-07-24 04:52:28.594868,2025-08-08 21:07:13.932151
220,Thomas,Bhatnagar,Male,poojanazareth@example.net,6519825309,Thanjavur,Assam,India,426258,2021-11-17,Regular,True,WEB,2025-09-15 23:42:20.213027,2025-10-21 15:42:30.622459
221,Kiaan,Chaudhry,Female,bdugar@example.com,+910021946723,Gopalpur,Mizoram,India,632909,2022-05-21,Regular,True,WEB,2023-05-27 21:21:24.139007,2025-03-29 18:37:46.174988
222,Charvi,Pall,Male,jagrawal@example.org,+911819588373,Meerut,Gujarat,India,277220,2022-06-17,Regular,True,MOBILE,2024-07-05 12:18:00.177853,2026-06-18 02:13:54.027591
223,Zayan,Natt,Female,gbassi@example.net,+918220781137,Gurgaon,Gujarat,India,315313,2021-10-30,Gold,True,MOBILE,2023-07-21 19:43:09.549984,2024-03-08 06:34:35.040745
224,Thomas,Borah,Female,dsundaram@example.com,+913972652735,Panihati,Karnataka,India,090421,2025-04-01,Regular,True,STORE,2026-05-23 20:38:48.710198,2026-06-16 07:57:37.346736
225,Hemal,Kannan,Female,naksh92@example.net,3168739774,Haldia,Telangana,India,356939,2025-10-26,Gold,True,WEB,2026-02-27 21:35:12.738667,2026-03-25 03:29:07.059174
226,Omisha,Basu,Female,singhalyamini@example.org,08671773180,Bellary,Chhattisgarh,India,431074,2026-04-17,Gold,False,WEB,2026-07-16 19:01:08.231132,2026-07-24 11:45:38.119771
227,Arjun,Sha,Female,tdevi@example.com,+915701658046,Pudukkottai,Nagaland,India,195085,2022-05-15,Regular,True,WEB,2024-04-17 18:54:03.981943,2025-08-03 09:22:16.953897
228,Banjeet,Pau,Female,parth81@example.net,3253817933,Nagercoil,Himachal Pradesh,India,401557,2026-01-01,Gold,True,WEB,2026-01-23 18:55:09.679202,2026-03-31 12:51:12.284093
229,Brinda,Seth,Female,dominic37@example.org,+916241124127,Kurnool,Mizoram,India,468275,2023-12-29,Regular,False,WEB,2025-05-06 17:53:39.537605,2025-06-30 07:18:04.001412
230,Ranbir,Bhatnagar,Female,katazinal@example.net,06955798877,Tezpur,Chhattisgarh,India,243754,2023-08-30,Regular,True,MOBILE,2025-10-20 05:43:53.777135,2025-10-26 05:07:29.194826
231,Tamanna,Ganesan,Male,bhavikagopal@example.org,2231059274,Udaipur,Gujarat,India,552578,2025-05-30,Gold,True,STORE,2025-06-18 22:31:17.728908,2025-11-07 16:32:47.601245
232,Aryan,Ravel,Female,ddhillon@example.com,+910885474929,Sonipat,Tamil Nadu,India,702814,2026-06-10,Silver,True,STORE,2026-07-04 04:58:12.434465,2026-07-06 18:39:09.156528
233,Ishanvi,Chanda,Male,christopher93@example.net,3430187186,Pallavaram,Karnataka,India,562656,2021-09-07,Regular,True,MOBILE,2024-09-11 15:32:41.856207,2025-02-08 20:57:52.251125
234,Sanaya,Chahal,Male,sachisagar@example.com,02662991234,Loni,Karnataka,India,961064,2023-06-05,Regular,True,MOBILE,2024-04-26 07:29:47.030341,2025-02-08 10:34:54.315988
235,Laksh,Iyengar,Female,lakshmimann@example.net,00494787300,Firozabad,Jharkhand,India,146273,2023-08-20,Silver,True,WEB,2025-04-05 22:07:40.305680,2026-03-09 14:26:35.777446
236,Ekalinga,Pathak,Male,qsarin@example.net,7158904290,Imphal,Manipur,India,520456,2021-09-13,Regular,True,MOBILE,2025-06-02 09:59:53.750680,2025-12-25 11:37:53.290188
237,Bishakha,Wagle,Male,varkeyrishi@example.net,+911928554451,Asansol,Andhra Pradesh,India,845765,2024-09-28,Regular,True,STORE,2026-06-25 12:35:34.353064,2026-06-26 23:28:38.042360
238,Yahvi,Kant,Female,ishaansahni@example.com,+911207545279,Malegaon,Tamil Nadu,India,013223,2026-03-02,Regular,True,STORE,2026-03-25 16:45:27.507452,2026-04-21 04:56:26.399569
239,Pavani,Choudhury,Female,bahlveda@example.com,+913108907140,Barasat,Sikkim,India,119393,2023-02-05,Gold,True,STORE,2023-10-28 17:37:55.264374,2026-07-06 11:01:55.814583
240,Arunima,Pall,Female,naveen89@example.org,9119083342,Navi Mumbai,Gujarat,India,592712,2022-06-26,Silver,True,WEB,2023-12-01 21:53:51.599174,2024-02-27 15:30:16.386702
241,Yoshita,Kari,Male,wchowdhury@example.com,+917182754801,Kumbakonam,Bihar,India,479473,2025-09-26,Regular,False,STORE,2026-07-19 16:59:42.204682,2026-07-22 02:32:27.050602
242,Ranbir,Boase,Female,lpillai@example.org,7167811266,Gulbarga,Assam,India,353961,2024-05-01,Platinum,True,WEB,2024-12-23 22:27:05.510425,2026-05-02 16:50:20.629316
243,Anjali,Ratta,Female,vamakshi96@example.com,4271147732,Navi Mumbai,Telangana,India,170269,2022-09-22,Regular,True,MOBILE,2024-05-09 14:08:11.530983,2025-06-16 06:10:52.207492
244,Gopal,Bose,Female,mshukla@example.com,7784858800,Kochi,Madhya Pradesh,India,567700,2024-12-15,Regular,True,STORE,2025-03-14 17:04:50.723497,2026-01-18 05:36:24.271801
245,Nitesh,Swamy,Male,tdesai@example.net,07197889778,Guna,Arunachal Pradesh,India,479695,2022-06-12,Regular,True,MOBILE,2025-02-27 23:49:43.309507,2026-04-03 07:47:03.934959
246,Chakradev,Dave,Female,ikshita90@example.net,06165565033,Bijapur,Odisha,India,141520,2025-05-24,Gold,True,WEB,2025-09-22 13:23:12.475432,2025-10-11 08:11:44.321263
247,Pahal,Varma,Female,bloke@example.net,09056965917,Tiruppur,Karnataka,India,852945,2024-04-02,Gold,True,WEB,2024-05-03 13:26:44.887994,2025-10-20 04:40:49.964781
248,Faqid,Wason,Male,bhavnalanka@example.org,09639191954,Tezpur,Uttar Pradesh,India,635148,2026-05-30,Regular,True,STORE,2026-06-10 08:54:58.537570,2026-07-08 23:03:00.809657
249,Ryan,Sachdeva,Male,nkrishnamurthy@example.net,08208297374,Buxar,Telangana,India,835723,2025-08-01,Regular,True,WEB,2026-01-03 03:19:39.189245,2026-04-22 20:50:45.328917
250,Radhika,Roy,Female,devansh36@example.com,02493631230,Tirupati,Manipur,India,866032,2022-04-24,Regular,True,MOBILE,2025-03-23 12:42:07.865880,2025-08-17 07:31:53.965049
251,Arunima,Goda,Female,sunderanmol@example.org,+915941651623,Aurangabad,Telangana,India,898471,2022-12-04,Regular,True,STORE,2023-01-11 17:45:43.785444,2025-10-26 21:43:33.654700
252,Forum,Ramakrishnan,Male,pallavikamdar@example.org,+912347649078,Gorakhpur,Karnataka,India,734257,2022-10-01,Silver,True,STORE,2023-03-20 09:01:16.709100,2025-11-30 22:38:08.075397
253,Bakhshi,Bhagat,Female,zehaanrajagopalan@example.com,5183760644,Noida,Jharkhand,India,275604,2025-02-20,Regular,True,WEB,2026-04-23 09:46:29.731369,2026-04-25 08:47:21.969164
254,Urishilla,Sachar,Male,pahal12@example.net,08156985700,Raiganj,Uttar Pradesh,India,063459,2025-11-22,Gold,True,MOBILE,2026-06-11 23:33:14.479619,2026-07-22 18:44:05.133993
255,Kalpit,Roy,Female,siya72@example.com,+919543165266,Jaipur,Andhra Pradesh,India,173420,2021-12-21,Regular,True,STORE,2022-09-11 17:24:30.735034,2024-09-10 03:54:18.010479
256,Gaurav,Pillai,Female,jacobatwal@example.net,6771333447,Bikaner,Maharashtra,India,934362,2023-07-26,Regular,True,MOBILE,2024-11-06 19:18:22.945972,2025-04-18 13:09:14.178861
257,Adweta,Keer,Male,xkothari@example.net,7107256366,Srinagar,Bihar,India,053759,2023-08-09,Regular,True,STORE,2024-01-13 19:36:32.949832,2024-10-07 19:45:30.715346
258,Chakradev,Ahluwalia,Male,yamini96@example.com,05280924287,Bhind,Chhattisgarh,India,586241,2026-04-05,Regular,True,WEB,2026-07-21 17:02:56.844312,2026-07-23 21:28:36.422113
259,Avni,Patel,Male,qmandal@example.net,08562572870,Jalgaon,Arunachal Pradesh,India,207427,2023-02-16,Silver,True,MOBILE,2026-06-28 09:25:13.335456,2026-07-11 20:32:33.612428
260,Banjeet,Sathe,Male,vedhika77@example.org,2151342284,Ballia,Andhra Pradesh,India,613715,2023-09-29,Regular,False,STORE,2026-07-20 10:01:56.489052,2026-07-25 00:02:58.679062
261,Meera,Prakash,Female,naikmitesh@example.org,+917774905097,Jehanabad,Chhattisgarh,India,045018,2021-09-09,Silver,True,STORE,2025-01-03 23:34:54.816940,2026-01-25 03:55:12.580264
262,Pranav,Khatri,Male,bchakraborty@example.org,+916642147649,Secunderabad,Sikkim,India,583776,2026-04-28,Regular,True,WEB,2026-05-31 16:48:38.756855,2026-06-22 12:03:48.960800
263,Pahal,Pillay,Female,radhasandhu@example.org,+918573278814,Junagadh,Assam,India,422438,2023-12-11,Regular,True,WEB,2025-06-02 01:11:10.278801,2025-11-26 00:36:12.801570
264,Chakradev,Varghese,Female,uppalpavani@example.com,+917945491801,Mangalore,Uttar Pradesh,India,601645,2023-09-13,Regular,True,MOBILE,2025-04-29 21:27:31.307840,2026-01-03 15:36:28.742581
265,Alka,Om,Female,siddharthgoyal@example.org,9416800610,Morena,Manipur,India,974995,2024-06-30,Regular,True,MOBILE,2025-06-08 16:31:08.390494,2026-03-11 14:47:56.438556
266,Chasmum,Chahal,Male,krishnaatwal@example.org,+910303723683,Barasat,Tripura,India,276012,2025-01-05,Silver,True,MOBILE,2026-07-04 11:40:56.616060,2026-07-18 13:54:41.965150
267,Vedhika,Sinha,Female,senguptaxavier@example.org,09605016679,Vadodara,Meghalaya,India,789973,2026-01-27,Regular,False,WEB,2026-06-08 12:13:18.148249,2026-06-29 08:54:27.954487
268,Diya,Bhatt,Female,omisha71@example.com,5760243757,Guna,Haryana,India,972466,2025-02-18,Silver,True,WEB,2025-11-20 23:14:31.731861,2026-03-04 22:44:33.453846
269,Urmi,Edwin,Female,barkhachadha@example.net,02232971674,Bhagalpur,Nagaland,India,054522,2025-09-23,Regular,True,MOBILE,2026-04-16 12:59:33.486378,2026-06-28 20:49:58.160580
270,Devansh,Nazareth,Male,ncomar@example.org,+918374550842,Dhanbad,Manipur,India,119918,2025-09-13,Regular,True,MOBILE,2026-06-22 01:52:06.889733,2026-06-23 03:24:23.653930
271,Samesh,Pathak,Female,brindasathe@example.net,01255213760,Bhalswa Jahangir Pur,Karnataka,India,821456,2021-10-08,Regular,True,WEB,2022-04-10 14:42:39.901575,2024-12-22 13:10:39.377001
272,Oviya,Kari,Female,pushtisachdev@example.com,08507208115,Rewa,Tripura,India,606029,2023-05-13,Regular,True,STORE,2025-06-28 14:53:01.135414,2025-08-27 00:18:08.759616
273,Zinal,Merchant,Male,rratti@example.net,4550489267,Tinsukia,Punjab,India,563410,2021-11-06,Regular,True,WEB,2024-10-28 20:33:50.646744,2026-01-24 11:50:33.641423
274,Jonathan,Venkatesh,Female,tanay18@example.net,08520089434,Dibrugarh,Bihar,India,548510,2024-03-31,Regular,True,WEB,2025-02-24 01:48:59.997312,2026-03-02 05:22:19.563760
275,Abdul,Setty,Female,warinder99@example.net,8935449268,Vasai-Virar,Karnataka,India,571266,2025-05-06,Regular,True,WEB,2026-06-29 05:43:15.543954,2026-07-10 23:03:49.152998
276,Vamakshi,Kala,Female,xbrahmbhatt@example.net,6988649767,Erode,Uttarakhand,India,282772,2021-12-20,Regular,True,WEB,2022-04-03 09:12:13.873272,2026-01-30 21:04:18.284786
277,Simon,Shah,Male,vbali@example.org,5196115940,Kochi,Kerala,India,544702,2026-05-27,Silver,True,WEB,2026-06-26 11:07:43.178925,2026-07-11 18:07:07.806348
278,Dalaja,Mander,Male,qadimsuresh@example.org,+918510679497,Burhanpur,Meghalaya,India,287772,2022-04-09,Regular,True,WEB,2024-10-19 17:51:41.718267,2024-11-20 01:21:56.226632
279,Nimrat,Ram,Male,meghanori@example.net,+917412094818,Nellore,Punjab,India,983780,2025-11-22,Regular,True,STORE,2026-02-09 19:05:48.842616,2026-06-22 05:13:13.255321
280,Anirudh,Maharaj,Female,yatansawhney@example.org,9569070562,Nagpur,West Bengal,India,641118,2022-02-28,Gold,True,STORE,2026-04-13 17:15:39.493903,2026-05-02 04:02:43.518141
281,Gaurav,Dube,Female,nikita20@example.net,02004615265,Gandhinagar,Uttarakhand,India,033993,2022-05-27,Regular,True,WEB,2022-12-31 23:37:14.752205,2023-11-29 13:22:19.238861
282,Ishwar,Luthra,Female,nadkarniucchal@example.net,01706304891,Miryalaguda,Rajasthan,India,496718,2024-01-10,Regular,True,STORE,2025-12-07 17:42:29.573851,2026-03-06 03:42:11.520690
283,Om,Korpal,Female,cseth@example.org,09420074946,Rajpur Sonarpur,Odisha,India,028914,2022-07-30,Regular,True,WEB,2026-06-08 15:06:29.138535,2026-06-26 01:47:57.515761
284,Ati,Sankaran,Female,yamininadkarni@example.net,04743553795,Guntur,Rajasthan,India,970026,2022-01-03,Silver,False,STORE,2025-03-10 10:32:24.470541,2026-05-01 06:50:32.077898
285,Maya,Yohannan,Male,brahmbhattazaan@example.net,01569562017,Nellore,Manipur,India,304531,2024-05-04,Regular,True,MOBILE,2025-11-20 19:14:46.952063,2026-03-21 08:44:12.812408
286,Timothy,Kaur,Male,cpatil@example.com,09303614987,Suryapet,Gujarat,India,192124,2025-08-23,Regular,True,WEB,2026-03-21 07:20:20.401845,2026-07-01 05:04:26.787148
287,Anusha,Handa,Female,waliazayyan@example.net,7060566418,Shimla,Kerala,India,304687,2026-03-25,Regular,True,WEB,2026-07-07 16:16:26.004447,2026-07-23 06:10:59.172978
288,Aryan,Kara,Female,pborde@example.org,+915411076095,Shahjahanpur,Bihar,India,350583,2023-02-21,Regular,True,STORE,2024-06-24 23:10:14.145318,2025-03-06 11:23:23.344273
289,Girish,Sekhon,Male,chadadarsh@example.org,05120704961,Pimpri-Chinchwad,Nagaland,India,466196,2026-04-12,Silver,True,WEB,2026-07-01 23:00:34.466888,2026-07-16 11:00:21.738536
290,Advaith,Setty,Female,yshetty@example.com,9150785931,Ahmedabad,Punjab,India,939284,2022-09-22,Regular,True,WEB,2025-01-09 19:44:12.452760,2026-01-15 06:48:16.693772
291,Quincy,Kibe,Male,chaitanyabhasin@example.org,09685498227,Madanapalle,Karnataka,India,508920,2023-05-04,Gold,True,MOBILE,2024-11-21 06:18:10.751815,2025-12-05 15:56:25.414361
292,Chatura,Sami,Male,rohan33@example.org,03779599594,Ozhukarai,Goa,India,707303,2022-09-30,Regular,True,MOBILE,2025-11-15 05:43:44.451237,2026-04-05 06:56:12.746251
293,Vasana,Narula,Female,zjha@example.org,+915015081247,Bhimavaram,Tripura,India,003342,2025-01-10,Regular,True,WEB,2025-09-28 21:30:13.256112,2025-12-01 17:22:08.906181
294,Yatan,Gokhale,Male,anthonygoda@example.com,+910261534735,Tirunelveli,Mizoram,India,112233,2022-08-28,Regular,True,MOBILE,2023-09-05 23:12:45.609494,2024-03-07 13:22:55.725412
295,Pushti,Konda,Female,gulatichaitaly@example.org,03042897317,Rourkela,Mizoram,India,857872,2024-03-22,Regular,True,WEB,2025-11-05 22:10:25.548570,2026-01-28 01:09:54.800404
296,Warda,Som,Male,nandini90@example.org,+913736346692,Rohtak,Nagaland,India,214785,2023-03-03,Regular,True,WEB,2024-06-08 17:52:42.998476,2025-11-30 02:42:40.394605
297,Gayathri,Sandhu,Male,bsibal@example.com,07546027341,Gwalior,Jharkhand,India,431115,2022-09-17,Silver,True,WEB,2022-11-13 21:40:17.702673,2024-10-05 04:18:41.790670
298,Forum,Krishna,Female,anvi39@example.org,8404456690,Anand,Tripura,India,633373,2021-10-01,Silver,True,WEB,2022-09-18 05:04:33.552955,2023-06-21 17:25:10.070275
299,Triya,Oak,Male,munshiraghav@example.com,6377805292,Bangalore,Meghalaya,India,536668,2024-02-21,Regular,True,STORE,2026-01-16 20:55:45.288337,2026-06-09 10:24:26.362465
300,Azad,Dewan,Male,gangaraman@example.com,+916186371597,Tiruchirappalli,Goa,India,820970,2023-01-22,Regular,True,WEB,2025-02-11 12:21:32.669739,2025-12-08 16:14:16.065087
301,Bhanumati,Jha,Female,bishakhaviswanathan@example.org,00580256621,Jorhat,Maharashtra,India,163234,2022-06-30,Gold,True,MOBILE,2022-10-11 06:55:55.047141,2026-06-04 04:20:14.292366
302,Dayita,Jain,Female,mmajumdar@example.org,+917169385977,Ramgarh,Arunachal Pradesh,India,475469,2023-09-21,Silver,True,WEB,2025-09-26 21:30:14.858163,2026-02-17 00:37:27.392459
303,Praneel,Sankaran,Male,qrajagopalan@example.org,9160324841,Kumbakonam,Maharashtra,India,511856,2025-09-05,Platinum,True,STORE,2026-06-06 19:22:20.596762,2026-06-26 23:02:21.524022
304,Turvi,Bala,Female,shenoylakshmi@example.com,6360041257,Surendranagar Dudhrej,Assam,India,837274,2023-10-25,Silver,True,WEB,2024-07-04 20:51:36.725098,2025-07-19 16:00:26.962148
305,Harish,Goel,Male,jeet86@example.org,+910427523083,Nashik,Uttarakhand,India,647090,2025-10-08,Regular,True,MOBILE,2025-11-26 12:46:55.213166,2025-11-30 21:12:08.805533
306,Zaid,Prasad,Female,ryanchand@example.org,00053131220,Anand,Bihar,India,583938,2021-10-20,Gold,True,WEB,2023-08-07 10:15:29.908580,2024-03-12 21:30:59.537823
307,Hitesh,Parikh,Male,oscar06@example.net,00637314950,Bellary,Maharashtra,India,971892,2023-07-15,Regular,True,MOBILE,2024-10-30 09:22:17.532001,2025-03-26 11:57:24.288139
308,Lipika,Deol,Male,parth57@example.org,00997683890,Jaipur,Punjab,India,436391,2022-10-27,Gold,True,MOBILE,2023-03-05 13:12:10.129319,2024-04-10 00:57:09.852534
309,Max,Prashad,Male,baljiwankhanna@example.net,7524508640,Bathinda,Karnataka,India,380339,2021-11-10,Regular,True,WEB,2023-08-15 13:36:42.177606,2024-06-29 08:48:39.474500
310,Abeer,Bhattacharyya,Male,mboase@example.org,2321298338,Purnia,Telangana,India,423362,2025-12-04,Silver,True,WEB,2026-04-04 16:36:03.657997,2026-04-25 04:31:06.627749
311,Saksham,Magar,Female,xbuch@example.com,02776896270,Purnia,West Bengal,India,498282,2024-08-03,Regular,True,MOBILE,2025-03-09 15:29:15.567555,2025-12-24 10:07:54.653239
312,Keya,Srivastava,Female,nathlaban@example.net,03230085766,Dindigul,Madhya Pradesh,India,491601,2022-11-06,Gold,True,WEB,2024-07-27 08:13:16.047234,2025-06-22 13:47:09.168964
313,Rajata,Kumer,Male,yashodhara75@example.net,+916633705024,Siliguri,Himachal Pradesh,India,992011,2023-06-27,Regular,True,MOBILE,2025-03-23 22:46:14.842502,2025-06-26 19:29:50.209033
314,Faris,Vasa,Male,pallavigandhi@example.com,04886946119,Asansol,Himachal Pradesh,India,640270,2024-10-13,Regular,True,MOBILE,2026-06-01 07:20:14.707188,2026-06-22 19:15:01.052577
315,Omaja,Mani,Male,lgarde@example.com,+912372817932,Allahabad,Telangana,India,346791,2022-01-16,Regular,True,WEB,2025-07-16 17:32:21.289501,2025-12-19 20:22:07.165261
316,Krishna,Dash,Male,devansh50@example.net,+917710040901,Nagaon,Uttar Pradesh,India,698477,2025-11-26,Regular,True,MOBILE,2026-01-05 02:19:00.046121,2026-03-05 02:13:18.414647
317,Hemal,Murty,Male,jalsarastogi@example.com,0551076209,Bettiah,Himachal Pradesh,India,579786,2025-05-06,Regular,True,MOBILE,2026-01-30 03:56:17.900463,2026-03-30 11:07:27.642650
318,Ekanta,Badal,Female,chakradev57@example.org,7691567164,Asansol,West Bengal,India,271487,2024-11-11,Regular,True,STORE,2024-11-12 22:39:48.356769,2025-12-13 04:16:31.617096
319,Wridesh,Kohli,Female,onkarchakraborty@example.org,00256434712,Mysore,Uttar Pradesh,India,399156,2022-05-27,Regular,True,WEB,2024-04-04 12:24:56.505056,2024-07-10 21:37:05.623063
320,Rajeshri,Kaul,Male,aashidalia@example.com,+911159319525,Gangtok,Telangana,India,409836,2026-02-10,Regular,True,WEB,2026-06-12 20:36:24.070136,2026-07-13 16:11:36.663337
321,Jonathan,Venkatesh,Female,hredhaanrana@example.org,7524377294,Visakhapatnam,Punjab,India,481497,2026-06-18,Platinum,True,MOBILE,2026-06-29 22:37:10.902829,2026-07-09 05:18:31.058782
322,Krisha,Bhargava,Female,michael33@example.net,0276420865,Bhalswa Jahangir Pur,Kerala,India,618443,2024-09-18,Regular,True,WEB,2025-02-10 16:17:45.027755,2025-07-15 01:53:44.210124
323,Ekiya,Bhagat,Female,tanvi29@example.org,07423330591,Gandhinagar,Maharashtra,India,015720,2025-01-24,Regular,True,MOBILE,2025-11-19 23:02:10.430157,2025-12-14 00:53:08.582495
324,Radha,Dixit,Female,ckonda@example.org,+916749261764,Arrah,Andhra Pradesh,India,111783,2022-02-23,Regular,True,MOBILE,2024-06-03 14:00:15.135557,2025-02-23 04:54:22.371543
325,Anusha,Chandra,Female,leenasule@example.net,6492151826,Singrauli,Nagaland,India,189813,2021-09-04,Regular,True,STORE,2024-06-22 23:31:20.769580,2025-09-02 13:02:16.812373
326,Pranit,Ahluwalia,Male,hmurthy@example.org,+919321840118,Bharatpur,Nagaland,India,603408,2026-05-23,Regular,True,WEB,2026-07-18 20:58:19.546452,2026-07-20 01:06:14.638245
327,Logan,Swaminathan,Female,indira98@example.net,+911030324329,Gudivada,Kerala,India,296184,2026-01-31,Regular,True,MOBILE,2026-03-23 10:48:55.438654,2026-05-28 15:10:02.163904
328,Tanmayi,Chacko,Male,pavani28@example.org,+914359892625,Nadiad,Andhra Pradesh,India,141818,2022-11-12,Regular,True,WEB,2025-04-08 01:45:09.467218,2025-06-24 08:53:11.651394
329,Gauri,Mahajan,Female,upkaarmahal@example.org,+916361128497,Dehri,Kerala,India,849102,2023-08-06,Regular,True,WEB,2024-07-28 03:25:33.889856,2024-09-30 20:18:54.174040
330,Neha,Sood,Male,aashiandra@example.net,2226940539,Berhampore,Goa,India,578446,2023-02-24,Regular,True,WEB,2025-09-18 20:35:02.676905,2025-11-13 18:38:15.795731
331,Veer,Mody,Female,modyniharika@example.com,+911131290148,Hyderabad,Maharashtra,India,778816,2024-03-01,Regular,False,WEB,2025-11-20 15:17:14.980809,2026-07-06 13:32:49.491616
332,Abhimanyu,Sandal,Female,yash89@example.org,7283215285,Bhusawal,Meghalaya,India,251538,2021-08-18,Regular,False,WEB,2022-07-26 18:43:47.713120,2025-11-21 06:32:44.776519
333,Vasudha,Memon,Female,tanay09@example.com,+914807970509,Ozhukarai,Jharkhand,India,105265,2025-10-25,Silver,True,MOBILE,2026-06-16 11:47:51.674640,2026-06-27 18:23:45.001030
334,Yoshita,Dube,Male,fdasgupta@example.org,+914376545628,Moradabad,Manipur,India,225605,2021-08-09,Regular,True,MOBILE,2023-09-28 08:11:58.049319,2024-04-19 00:20:06.782996
335,Bhavani,Baria,Female,meghasama@example.net,00237416787,Anantapur,Tripura,India,862110,2025-12-24,Regular,True,MOBILE,2026-05-24 07:41:26.522743,2026-05-31 04:28:16.674821
336,Warjas,Ben,Male,pushti90@example.com,04471639282,Parbhani,Tripura,India,436371,2022-03-11,Silver,True,WEB,2023-09-11 16:26:30.591708,2023-09-25 23:38:03.645732
337,Manthan,Karnik,Male,deonandini@example.org,03260931066,Ahmednagar,Haryana,India,670860,2025-01-24,Platinum,True,MOBILE,2025-10-25 23:00:13.532458,2025-12-14 07:33:18.036312
338,Indali,Sahota,Female,ekajabatta@example.org,+910053474916,Nizamabad,Meghalaya,India,541108,2023-01-30,Regular,True,STORE,2024-01-07 13:53:00.731479,2024-09-24 10:26:02.590341
339,Janaki,Wadhwa,Female,wazir43@example.net,01129109337,Aurangabad,Nagaland,India,473820,2025-05-31,Gold,True,MOBILE,2025-07-24 18:38:14.973425,2025-12-03 14:17:05.972083
340,Idika,Pau,Female,bdalal@example.org,06880294240,Jhansi,Telangana,India,788127,2022-03-14,Regular,True,WEB,2024-01-09 18:46:21.588974,2025-10-30 20:25:13.738465
341,Nandini,Magar,Female,qarinaggarwal@example.org,3908788443,Agartala,Nagaland,India,230834,2025-04-25,Platinum,True,STORE,2025-10-17 07:28:45.437494,2026-05-24 08:30:23.086708
342,Kiaan,Madan,Male,kotharishivansh@example.net,+910595518426,Anantapur,Arunachal Pradesh,India,534240,2021-10-03,Gold,True,MOBILE,2022-06-20 04:28:37.093644,2026-02-01 05:03:36.265542
343,Hitesh,Raja,Female,samuel73@example.com,03962736527,Shimla,Goa,India,223972,2024-03-31,Regular,True,STORE,2026-07-07 09:17:38.274433,2026-07-21 08:59:52.519886
344,Peter,Ramesh,Male,ekarajdhar@example.org,03761820916,Jaipur,Bihar,India,023142,2024-10-19,Regular,True,WEB,2024-11-01 13:29:23.877090,2025-02-12 07:56:50.197062
345,Aditya,Cherian,Male,frederick32@example.com,7245723084,Jaipur,Uttarakhand,India,184186,2026-04-03,Silver,True,STORE,2026-06-09 23:25:30.175843,2026-07-15 22:33:23.896485
346,Prisha,Rajan,Female,iramangat@example.org,6172131451,Kochi,Kerala,India,092268,2022-04-09,Gold,True,WEB,2026-03-09 14:35:27.836024,2026-03-12 21:56:24.057385
347,Charvi,Mangat,Female,hemang47@example.net,04102252677,Gorakhpur,Odisha,India,421522,2023-03-27,Regular,True,STORE,2023-11-02 14:32:45.244305,2024-12-30 01:06:00.220373
348,Vasana,Sachdev,Female,lakshit36@example.com,7887883619,Hajipur,Odisha,India,135030,2025-05-26,Regular,True,WEB,2025-10-22 23:40:20.713116,2026-03-08 01:53:24.361784
349,Imaran,Bhasin,Female,jalsa24@example.com,+918633302126,Khandwa,Kerala,India,191792,2023-05-17,Silver,True,WEB,2024-11-19 07:05:51.800310,2025-02-09 04:43:31.220594
350,Faraj,Arora,Female,wdoctor@example.org,02847657041,Allahabad,Rajasthan,India,928206,2021-09-17,Regular,True,MOBILE,2023-06-26 08:16:44.294883,2023-09-23 05:07:48.071029
351,Aarna,Thaker,Female,utkarsh62@example.com,+918623690362,Bhind,Meghalaya,India,662056,2025-09-22,Regular,True,WEB,2026-04-18 07:07:04.483866,2026-07-13 04:47:20.728387
352,Gautami,Bala,Male,baghyawatigaba@example.net,+911390438303,Guwahati,Odisha,India,970051,2022-07-14,Silver,True,MOBILE,2022-12-20 14:31:40.922934,2023-04-01 17:58:37.829701
353,Barkha,Rao,Female,divyaraman@example.net,02156818209,Morena,Odisha,India,422711,2026-04-12,Regular,True,WEB,2026-04-12 21:14:11.638572,2026-05-19 18:57:24.850025
354,Lohit,Dyal,Male,sara25@example.com,09606339912,Jalandhar,Uttar Pradesh,India,248171,2026-04-29,Regular,True,MOBILE,2026-05-19 05:31:47.861371,2026-06-02 16:58:16.539022
355,Ekansh,Mammen,Male,ira11@example.org,7474721970,Baranagar,Madhya Pradesh,India,927589,2023-11-01,Regular,True,MOBILE,2024-04-18 06:28:40.793957,2024-12-19 01:27:23.609832
356,Yashawini,Sengupta,Male,brijesh90@example.net,+918021462961,Munger,West Bengal,India,157787,2026-04-28,Regular,True,MOBILE,2026-05-31 00:27:53.503917,2026-07-07 18:34:44.808322
357,Mekhala,Sant,Female,neelimanarasimhan@example.org,05973714708,Nandyal,Chhattisgarh,India,590960,2022-02-08,Regular,True,WEB,2022-11-28 13:12:24.218152,2023-04-22 04:11:51.039419
358,Urvashi,Kala,Female,kakararin@example.net,04421214614,Gurgaon,Mizoram,India,420165,2026-03-30,Regular,True,MOBILE,2026-05-11 10:12:42.964334,2026-06-12 15:45:12.237294
359,Oni,Subramaniam,Female,swason@example.org,6596089319,North Dumdum,Sikkim,India,027275,2026-05-19,Regular,True,MOBILE,2026-06-08 00:00:08.671412,2026-06-17 09:45:13.833973
360,Aarush,Seshadri,Male,shivanichatterjee@example.org,+913682963533,Uluberia,Uttarakhand,India,044817,2022-02-16,Regular,True,MOBILE,2026-06-06 17:05:52.287930,2026-06-26 11:35:25.490279
361,Indira,Sandhu,Female,ishaan27@example.com,02892866464,Chandigarh,Uttar Pradesh,India,109617,2024-10-21,Regular,True,MOBILE,2025-08-09 21:58:13.706821,2025-12-31 07:46:05.462421
362,Sachi,Thakur,Female,mannosha@example.org,+917861371576,Chennai,Kerala,India,844446,2025-04-24,Regular,True,WEB,2026-02-03 07:32:21.548712,2026-05-08 00:49:31.020036
363,Bachittar,Aurora,Female,dubekavya@example.net,9552963863,Faridabad,Uttar Pradesh,India,262658,2024-12-05,Regular,True,WEB,2024-12-07 11:36:20.152927,2026-06-01 06:18:56.199445
364,Jonathan,Thaman,Male,ramanathanabha@example.net,+915311060920,Aurangabad,Madhya Pradesh,India,275233,2022-05-09,Silver,True,STORE,2023-04-29 07:33:09.938298,2025-08-16 07:23:01.916405
365,Kritika,Lad,Female,maharajfitan@example.org,0911791124,Bokaro,Assam,India,753617,2023-01-17,Regular,True,WEB,2024-12-05 04:55:05.569082,2025-04-30 15:50:51.680691
366,Faraj,Kade,Female,uprashad@example.net,02240299015,Karawal Nagar,Punjab,India,284139,2025-07-16,Regular,True,MOBILE,2025-12-17 21:22:13.624914,2026-04-03 16:00:39.362485
367,Michael,Kalita,Male,ishwar30@example.com,+913124473158,Bhind,Telangana,India,686342,2021-09-15,Regular,True,WEB,2021-10-25 21:04:24.506494,2024-03-30 23:30:10.695496
368,Maya,Chauhan,Female,noah37@example.com,06945919663,Dindigul,Rajasthan,India,720849,2022-07-20,Regular,True,WEB,2025-12-11 14:16:20.164061,2026-05-22 13:25:19.201349
369,Indira,Rao,Female,contractorpranit@example.com,02531355251,Imphal,Tamil Nadu,India,537953,2023-08-11,Gold,True,MOBILE,2025-05-23 19:22:35.879234,2026-06-02 21:07:57.138219
370,Teerth,Chauhan,Female,falan96@example.net,05533077046,Amravati,Manipur,India,959639,2024-05-15,Regular,True,STORE,2025-03-19 23:56:55.484329,2026-01-10 07:17:03.562540
371,Aayush,Shenoy,Female,karan60@example.net,0501716445,Silchar,Assam,India,790647,2021-08-31,Gold,True,STORE,2021-10-01 21:58:27.530057,2025-07-09 12:47:51.447818
372,Kashvi,Chauhan,Female,kapurchampak@example.org,+911563213580,Rampur,Uttar Pradesh,India,104145,2024-01-11,Regular,True,MOBILE,2025-08-26 21:18:42.900158,2026-06-25 14:18:28.800897
373,Onkar,Devi,Female,idar@example.com,+919671883977,Pondicherry,Tripura,India,314415,2024-12-31,Silver,True,WEB,2026-03-28 07:20:40.611250,2026-05-12 11:52:02.138501
374,Samesh,Brahmbhatt,Male,talwardarpan@example.org,+913763715398,Bijapur,Tamil Nadu,India,281235,2024-05-09,Regular,True,WEB,2026-04-13 17:22:26.114453,2026-06-20 09:52:53.394849
375,Samaksh,Ratta,Female,ekapadmall@example.com,+914912711307,Shimoga,Andhra Pradesh,India,875418,2023-06-28,Regular,True,WEB,2024-11-17 05:52:28.753995,2025-12-03 21:52:32.151008
376,Yadavi,Sankar,Female,chatresh74@example.com,+910663436294,Kadapa,Maharashtra,India,031310,2021-12-24,Regular,True,STORE,2023-12-16 10:37:58.858527,2024-05-07 19:42:23.445541
377,Harrison,Majumdar,Female,nidhiramanathan@example.com,+913473235494,Bareilly,Goa,India,432512,2026-01-14,Regular,True,MOBILE,2026-05-04 15:39:32.961249,2026-05-24 03:53:16.565162
378,Agastya,Som,Male,bnatt@example.org,01209579073,Bhubaneswar,Arunachal Pradesh,India,943882,2022-07-01,Regular,True,WEB,2026-02-26 15:09:22.251738,2026-03-19 17:26:08.580292
379,Gautami,Sethi,Male,ipanchal@example.com,7457054589,Gorakhpur,Himachal Pradesh,India,263257,2025-05-03,Platinum,True,MOBILE,2026-04-15 14:17:35.027166,2026-04-25 16:06:51.187956
380,Raagini,Parsa,Female,gauravhari@example.com,1487824556,Bally,Jharkhand,India,098591,2021-09-18,Regular,True,MOBILE,2024-07-07 02:39:23.388038,2025-12-09 17:57:48.022499
381,Idika,Mani,Female,anandwishi@example.net,+917284982474,Durg,Andhra Pradesh,India,034910,2023-09-23,Regular,True,WEB,2025-01-06 13:45:39.181423,2026-07-07 09:00:13.301771
382,Aadi,Bedi,Male,lakshit54@example.net,8214236914,Patna,Meghalaya,India,366614,2024-01-02,Regular,True,WEB,2024-01-06 18:16:09.726848,2024-11-29 13:41:28.067702
383,Rajata,Naidu,Male,ryankrishna@example.org,08344149782,Junagadh,Bihar,India,875857,2026-03-01,Regular,True,WEB,2026-05-27 09:12:37.343313,2026-06-06 14:30:54.617282
384,Triya,Bala,Female,samagaurang@example.org,4398529894,Singrauli,Chhattisgarh,India,078701,2023-05-02,Regular,True,MOBILE,2024-11-02 16:49:16.962147,2026-07-01 02:04:40.786534
385,Gauri,Chatterjee,Female,vasatika50@example.org,9803828723,Barasat,Rajasthan,India,079311,2021-10-31,Regular,True,WEB,2025-10-04 08:35:06.756887,2026-04-13 10:12:14.806397
386,Gunbir,Kota,Female,hemangsom@example.org,7601467238,Pudukkottai,Sikkim,India,916202,2021-07-24,Silver,True,MOBILE,2024-07-31 08:15:29.001383,2024-10-26 23:24:14.412485
387,Yasti,Iyer,Female,ssrinivasan@example.com,1975466176,Siliguri,Andhra Pradesh,India,719609,2022-04-08,Regular,True,WEB,2025-06-19 13:04:08.548585,2025-09-24 00:20:12.463746
388,Sai,Basak,Male,liam77@example.com,+912588358681,Saharanpur,Kerala,India,724461,2023-01-28,Gold,True,WEB,2025-04-29 02:27:23.169208,2026-06-07 01:40:57.978029
389,Urmi,Gole,Female,kai59@example.net,09961002311,Fatehpur,Karnataka,India,312661,2026-02-21,Regular,True,MOBILE,2026-05-31 14:01:10.300328,2026-06-21 05:01:17.927326
390,Elijah,Sathe,Female,ayushman25@example.org,7629833477,Kamarhati,Gujarat,India,683190,2021-11-14,Gold,True,MOBILE,2023-01-17 10:04:46.387382,2023-03-06 12:00:24.978031
391,Logan,Ahluwalia,Male,nikita98@example.org,02873397855,Jabalpur,Manipur,India,619128,2024-09-15,Silver,True,WEB,2025-12-12 14:12:56.295953,2026-01-27 08:12:14.972585
392,Ganga,Bajaj,Male,bimalakrishnamurthy@example.com,5124189389,Silchar,Punjab,India,819740,2023-01-19,Silver,True,MOBILE,2023-06-19 08:14:52.322495,2024-03-06 08:34:12.132010
393,Daniel,Dewan,Female,forumbhatia@example.org,01990516991,Bikaner,Himachal Pradesh,India,107835,2021-09-20,Regular,True,STORE,2023-10-05 14:51:39.648258,2024-04-27 21:23:15.171976
394,Vedant,Bail,Male,balrohan@example.net,6087066266,Bhiwandi,Manipur,India,955356,2023-09-20,Regular,True,WEB,2024-07-31 08:40:32.855415,2026-04-07 15:23:31.821717
395,Advaith,Karan,Female,kyadav@example.org,+913010272405,Madanapalle,Rajasthan,India,429671,2026-02-25,Regular,True,STORE,2026-04-01 19:28:54.196175,2026-04-12 08:22:59.838715
396,Samesh,Talwar,Male,thomas74@example.com,4384588105,Shivpuri,Himachal Pradesh,India,328348,2024-11-04,Regular,True,WEB,2024-12-21 23:49:50.717072,2026-06-19 14:15:12.634069
397,Lucky,Banik,Female,riasetty@example.org,+917044964104,Shimla,Andhra Pradesh,India,670336,2022-08-13,Regular,True,STORE,2024-02-01 02:54:27.122835,2026-02-09 03:23:34.837701
398,Dalaja,Balay,Male,atharv95@example.com,3059660186,Deoghar,Manipur,India,998426,2022-06-25,Silver,True,MOBILE,2024-03-28 21:41:21.072348,2024-05-12 05:51:08.386118
399,Alexander,Mand,Male,frederick38@example.com,09609454490,Aizawl,Odisha,India,427707,2023-11-24,Silver,True,WEB,2026-07-18 03:56:45.791910,2026-07-19 21:05:50.689859
400,Tejas,Rege,Male,bucharadhana@example.net,5172444723,Siliguri,West Bengal,India,310287,2021-08-09,Regular,True,WEB,2021-10-15 00:39:10.780153,2023-07-02 18:16:19.125559
401,Darsh,Lad,Female,amol58@example.net,+919351187181,Kurnool,Karnataka,India,616420,2024-06-17,Silver,True,MOBILE,2024-07-19 05:41:23.438313,2025-12-29 07:14:46.172207
402,Nikita,Prasad,Female,nmenon@example.org,+915042901935,Thrissur,Madhya Pradesh,India,261139,2023-03-12,Regular,True,MOBILE,2025-11-06 12:22:39.366789,2026-02-01 21:29:31.824942
403,Omya,Yohannan,Male,wablecharan@example.net,08875439435,Mirzapur,Haryana,India,513765,2024-01-29,Regular,True,WEB,2025-07-03 19:10:12.706825,2026-01-31 17:24:40.419346
404,Janaki,Sule,Female,saumyasahota@example.org,2836929445,Kochi,Assam,India,682973,2021-12-16,Silver,True,STORE,2024-07-15 21:24:07.366973,2024-09-10 10:04:16.639477
405,Jai,Sahota,Male,upma12@example.org,00212886652,Proddatur,Haryana,India,155999,2026-01-23,Regular,True,MOBILE,2026-07-02 16:47:13.591352,2026-07-03 01:13:26.609135
406,Isha,Sen,Female,vsengupta@example.com,07229812099,Malda,Madhya Pradesh,India,728941,2022-02-05,Regular,True,WEB,2025-04-28 03:16:16.288499,2025-05-31 13:30:29.479376
407,Zarna,Vohra,Male,umangal@example.com,02203684995,Sri Ganganagar,Jharkhand,India,144773,2022-09-21,Regular,True,WEB,2024-08-13 06:27:46.168256,2024-09-16 14:33:20.553801
408,Hitesh,Kata,Female,lohit13@example.net,2090883070,Kurnool,Jharkhand,India,782741,2025-12-27,Regular,True,MOBILE,2026-02-25 16:26:21.327540,2026-07-13 01:01:12.151450
409,Rachana,Tak,Female,gabriel24@example.net,1513152854,Anand,Sikkim,India,506185,2025-02-21,Regular,True,WEB,2026-06-13 09:20:12.101840,2026-06-18 10:09:31.870861
410,Balendra,Anand,Female,lakshpuri@example.org,3472727423,Hazaribagh,West Bengal,India,061789,2022-07-06,Regular,True,MOBILE,2024-10-09 07:03:26.506101,2026-04-10 03:56:30.885461
411,Adya,Rai,Female,ikshitasule@example.net,2434776958,Sagar,Bihar,India,146753,2022-08-09,Gold,True,STORE,2023-04-23 14:51:04.027006,2024-09-01 16:52:07.226180
412,Eiravati,Comar,Female,mitali27@example.com,6304483608,Bhilwara,Sikkim,India,667664,2024-11-15,Platinum,True,WEB,2025-01-25 12:03:23.507166,2025-10-06 04:23:24.518905
413,Harinakshi,Bath,Male,sara63@example.net,+918319952980,Nadiad,Assam,India,581083,2026-02-14,Regular,True,WEB,2026-03-29 07:06:31.131995,2026-06-23 06:28:59.104389
414,Meghana,Karnik,Male,neel55@example.com,+918300081867,Sangli-Miraj & Kupwad,Jharkhand,India,033041,2023-05-16,Regular,True,STORE,2024-01-02 10:51:48.930267,2024-05-28 05:26:33.289761
415,Anamika,Chad,Female,borahyamini@example.net,6008921963,North Dumdum,Maharashtra,India,447314,2025-08-17,Regular,True,WEB,2025-12-24 08:43:49.843206,2026-03-19 17:21:06.109264
416,Pushti,Chander,Female,niharikamallick@example.com,08836076581,Rajahmundry,Odisha,India,637579,2026-05-29,Gold,True,WEB,2026-07-01 01:14:55.118922,2026-07-10 04:57:36.869594
417,Fiyaz,Chandran,Male,sarthaksuri@example.net,+911269789307,Bulandshahr,Jharkhand,India,205996,2022-02-08,Regular,True,MOBILE,2023-06-28 18:50:42.491673,2023-12-07 04:18:27.184273
418,Vrinda,Tata,Female,warinder57@example.net,08811616202,Rourkela,Gujarat,India,106728,2025-12-02,Regular,True,WEB,2026-02-03 02:39:59.659850,2026-03-11 03:36:12.382738
419,Mohini,Andra,Female,jacob64@example.net,4859592248,Srikakulam,Tamil Nadu,India,894773,2023-12-31,Platinum,True,WEB,2025-12-02 01:52:14.834380,2026-04-09 19:09:33.772876
420,Krishna,Gala,Male,uanne@example.com,+912710433187,Bareilly,Arunachal Pradesh,India,921583,2026-03-30,Regular,True,STORE,2026-07-16 19:17:34.757320,2026-07-22 23:12:11.994708
421,Bhavani,Sandhu,Female,jhalak96@example.com,8319213424,Cuttack,Uttar Pradesh,India,599949,2023-04-15,Regular,True,WEB,2023-05-01 22:02:04.940197,2023-12-15 07:40:12.577336
422,Vincent,Kalita,Male,dinluke@example.org,00510287675,Orai,Tripura,India,386667,2024-11-26,Gold,True,MOBILE,2025-09-09 01:20:29.436162,2025-11-01 17:32:42.326313
423,Farhan,Kala,Female,arunimadhar@example.com,7741865205,Sri Ganganagar,Telangana,India,398365,2023-05-03,Regular,True,MOBILE,2026-01-16 01:42:34.034243,2026-03-17 09:18:47.128466
424,Riya,Patel,Female,abdulmukherjee@example.com,+915480940476,Nizamabad,Himachal Pradesh,India,907977,2022-06-16,Regular,True,MOBILE,2025-07-11 17:07:13.546113,2025-07-15 18:06:23.838029
425,Hemang,Barad,Female,ayush92@example.net,2216107051,Jammu,Rajasthan,India,552958,2022-06-06,Silver,True,MOBILE,2025-07-12 16:11:42.867339,2026-03-14 05:53:35.215224
426,Darsh,Bhattacharyya,Male,yachanadivan@example.net,01270493862,Bijapur,Himachal Pradesh,India,157919,2021-08-18,Platinum,True,MOBILE,2024-11-27 15:52:00.372298,2025-08-06 10:41:46.720480
427,Qabil,Chadha,Female,eeshabahri@example.org,+913571343240,Baranagar,Goa,India,295633,2026-03-19,Regular,True,WEB,2026-03-30 07:35:57.766691,2026-07-15 18:22:22.461525
428,Aashi,Sarraf,Female,george75@example.net,05872096289,Raebareli,Kerala,India,358841,2022-12-04,Regular,True,WEB,2023-08-25 20:11:59.718091,2026-07-03 07:16:35.516779
429,Advika,Balay,Female,varughesequincy@example.com,+917955969051,Bangalore,Goa,India,755125,2024-02-16,Silver,True,WEB,2024-08-21 14:51:07.777164,2025-01-21 23:54:12.278333
430,Anthony,Sarna,Male,usaran@example.com,03459576403,Bidar,Maharashtra,India,969028,2023-02-03,Regular,True,WEB,2024-09-17 02:58:04.107509,2025-01-21 00:18:14.718745
431,Rushil,Dewan,Female,gauribhagat@example.org,02576270232,Aizawl,Assam,India,336132,2022-05-23,Regular,True,MOBILE,2023-08-24 04:43:34.980922,2025-05-21 12:55:48.309941
432,Vansha,Dutta,Female,harish78@example.net,03767316252,Khammam,Jharkhand,India,968157,2024-12-25,Silver,True,STORE,2026-04-27 06:09:44.008436,2026-05-30 14:31:18.488481
433,Pranav,Keer,Female,janaki58@example.org,9613273034,Tiruchirappalli,Karnataka,India,262446,2024-11-28,Regular,True,WEB,2026-07-07 08:49:10.401779,2026-07-07 20:26:06.249243
434,Oviya,Gola,Female,mitalivarughese@example.org,01516025298,Malda,Andhra Pradesh,India,660464,2024-12-08,Silver,True,MOBILE,2025-09-19 16:21:04.034862,2025-12-09 06:04:16.355520
435,Shravya,Thakkar,Male,urvashi58@example.com,+912686120594,Kottayam,Uttarakhand,India,607401,2025-04-09,Regular,True,MOBILE,2025-06-02 18:35:03.480344,2026-05-05 19:40:29.186321
436,Kala,Krishnan,Male,rnazareth@example.com,+918424560754,Kavali,Bihar,India,086321,2025-11-25,Silver,True,WEB,2026-03-16 13:08:03.584354,2026-03-23 02:20:33.350813
437,Wakeeta,Sankar,Female,hemani79@example.org,8970155029,Eluru,Mizoram,India,546602,2024-03-27,Regular,True,WEB,2024-07-12 04:36:33.960832,2024-10-27 16:29:47.254985
438,Fariq,Sant,Male,handaadvika@example.com,8830597364,Bally,Mizoram,India,962440,2026-04-25,Regular,True,WEB,2026-05-18 11:12:33.091367,2026-07-01 19:05:15.961969
439,Kai,Maharaj,Female,turvi95@example.org,+913053194979,Hindupur,Karnataka,India,780555,2023-08-06,Regular,True,MOBILE,2023-08-26 07:09:17.219306,2024-11-09 03:59:19.212320
440,Wishi,Kade,Female,madhavikumer@example.com,+919178513854,Satna,Manipur,India,029929,2023-04-17,Gold,True,WEB,2024-09-29 04:45:59.737278,2025-08-02 00:10:25.194037
441,Arin,Mander,Male,ykeer@example.net,+916911633194,Kozhikode,Tripura,India,865369,2023-04-27,Regular,True,STORE,2024-09-19 12:29:03.833282,2026-07-22 13:10:53.712802
442,Eesha,Thakkar,Female,zkar@example.com,04722640857,Navi Mumbai,Madhya Pradesh,India,663093,2022-12-15,Regular,True,WEB,2025-09-25 19:08:20.053428,2026-04-04 11:54:57.177325
443,Nilima,Bajaj,Female,zaid29@example.net,01509688327,Mathura,Goa,India,352410,2022-04-03,Regular,True,STORE,2024-12-03 23:29:39.364430,2026-07-24 17:01:53.672014
444,Sachi,Khurana,Female,triyatella@example.net,+919523710068,Kharagpur,Assam,India,481980,2022-08-06,Regular,True,WEB,2024-06-04 09:59:15.298173,2024-12-12 18:49:45.209346
445,Mitali,Baral,Female,mugdha87@example.com,+911249125652,Karawal Nagar,Gujarat,India,151773,2023-10-03,Regular,False,WEB,2026-01-29 13:48:03.672750,2026-02-09 03:28:01.800980
446,Ganga,Seshadri,Female,anvi90@example.org,+918403595442,Fatehpur,Tamil Nadu,India,422294,2025-05-07,Silver,True,MOBILE,2025-10-06 04:02:46.851708,2026-04-25 13:07:00.888147
447,Siddharth,Mitter,Female,adviklad@example.com,8867925298,Nagaon,Kerala,India,728727,2025-11-09,Regular,True,MOBILE,2026-01-14 11:28:20.901674,2026-02-27 05:05:01.266064
448,Hema,Kar,Female,samuel32@example.com,1357790833,Patna,Madhya Pradesh,India,581488,2026-01-18,Regular,True,MOBILE,2026-01-20 16:20:27.995694,2026-07-15 12:16:11.994464
449,Daksh,Sekhon,Female,yashkunda@example.net,+913372094841,Rajkot,Chhattisgarh,India,033399,2025-10-17,Silver,False,STORE,2026-03-17 07:06:58.364633,2026-03-27 15:06:59.253361
450,Charan,Nagar,Female,hegdevanya@example.org,01731893974,Amaravati,Maharashtra,India,739970,2023-12-12,Regular,False,WEB,2024-03-14 23:33:57.300700,2026-04-14 06:59:25.258812
451,Patrick,Narasimhan,Female,svarkey@example.net,04835488471,Morbi,Andhra Pradesh,India,877221,2022-10-26,Regular,True,WEB,2024-05-05 03:42:19.378171,2024-12-10 18:47:58.995447
452,Saanvi,Oommen,Female,rishichopra@example.org,+914845871493,North Dumdum,Goa,India,622925,2025-05-13,Gold,True,WEB,2026-03-04 00:10:18.561712,2026-03-17 13:32:03.242534
453,Omaja,Luthra,Male,adyasodhi@example.com,02455574696,Kolkata,Tripura,India,065274,2026-05-06,Regular,True,MOBILE,2026-07-23 20:20:22.910665,2026-07-24 20:05:31.902394
454,Aahana,Menon,Male,arjun56@example.com,08833987411,Nanded,Karnataka,India,970673,2021-08-28,Regular,True,MOBILE,2025-02-10 10:19:34.973208,2025-05-31 23:29:28.250862
455,Harrison,Bhalla,Male,anya85@example.com,01721562294,Kishanganj,Assam,India,359848,2022-12-17,Regular,True,STORE,2025-02-22 15:26:10.214548,2025-09-04 19:08:26.819968
456,Ekansh,Murthy,Male,sanaya32@example.com,03755344902,Bulandshahr,Maharashtra,India,708085,2024-03-20,Regular,True,STORE,2024-11-24 20:26:43.603602,2024-12-08 03:02:59.755529
457,Yamini,Narain,Female,kmandal@example.com,1191818281,Phagwara,Rajasthan,India,164772,2021-08-22,Regular,True,WEB,2023-10-17 06:09:03.067496,2023-11-18 17:29:19.765250
458,Harinakshi,Setty,Female,zbail@example.net,00960035624,Bhimavaram,Sikkim,India,873959,2024-10-24,Regular,True,WEB,2024-12-09 16:33:28.211037,2025-12-28 15:30:56.427446
459,Pratyush,Chaudhuri,Male,wallabalveer@example.org,5155333426,Muzaffarpur,Gujarat,India,027160,2022-04-28,Regular,True,STORE,2025-08-07 15:27:56.055740,2025-10-19 03:34:26.915829
460,Lajita,Bawa,Male,zsarna@example.org,+916911289812,Jamshedpur,Meghalaya,India,563318,2023-10-13,Regular,True,STORE,2025-11-07 02:45:12.788502,2026-05-18 16:11:57.624857
461,Tanmayi,Babu,Male,raiosha@example.com,+915541643167,Panipat,Telangana,India,023290,2023-05-12,Platinum,True,MOBILE,2024-03-05 18:36:26.758740,2024-06-11 09:16:20.319066
462,Balvan,Bhat,Female,chaayaprabhu@example.net,02622822512,Mehsana,Gujarat,India,654950,2022-03-14,Gold,True,MOBILE,2022-11-17 08:02:35.368275,2025-06-09 22:02:19.274601
463,Bakhshi,Dhawan,Male,ibatra@example.com,8221053161,Fatehpur,Manipur,India,872904,2025-06-24,Gold,True,MOBILE,2025-11-02 10:14:10.363053,2026-06-25 21:45:26.083755
464,Ekantika,Zacharia,Female,gopal77@example.net,3238223116,Srikakulam,Bihar,India,342457,2023-12-11,Gold,True,MOBILE,2026-04-20 04:39:20.072063,2026-05-14 21:30:00.858658
465,Amara,Deep,Female,pahal52@example.net,0603202032,North Dumdum,Andhra Pradesh,India,753967,2024-11-26,Regular,True,WEB,2025-10-07 06:11:17.724864,2026-03-24 06:33:55.505641
466,Ria,Dalal,Female,yoshita55@example.org,05787158415,Indore,Nagaland,India,137118,2026-07-11,Regular,True,WEB,2026-07-17 12:12:35.695404,2026-07-19 13:44:32.678002
467,Sneha,Sarin,Female,thamanqabil@example.com,3230358929,Katihar,Kerala,India,825212,2025-02-15,Silver,True,MOBILE,2025-04-22 08:28:03.902228,2025-09-28 21:58:20.865537
468,Max,Zachariah,Male,rjain@example.org,04686775240,Chandrapur,Tamil Nadu,India,399106,2024-09-25,Regular,True,WEB,2026-04-22 02:00:02.557220,2026-05-13 09:57:01.110782
469,Xavier,Raman,Female,oniraman@example.net,+913513426192,Raiganj,Chhattisgarh,India,501848,2022-04-06,Regular,True,MOBILE,2024-04-30 17:14:33.297015,2024-09-08 10:15:55.269175
470,Raksha,Misra,Male,shamitesh@example.org,5406417692,Jalna,Haryana,India,199537,2022-01-27,Platinum,True,STORE,2024-11-23 01:01:13.085731,2025-09-06 02:21:58.025224
471,Henry,Mammen,Male,zayan85@example.com,4510173973,Shimoga,Bihar,India,899698,2025-09-29,Regular,True,MOBILE,2026-07-14 08:36:34.566476,2026-07-18 23:57:50.728701
472,Hritik,Chaudhari,Female,dalalwilliam@example.com,9660577980,Bhiwani,Sikkim,India,392051,2025-11-30,Regular,True,WEB,2026-05-07 10:51:48.380151,2026-05-10 18:35:44.300735
473,Tanmayi,Kulkarni,Female,hemangini53@example.com,00574238856,Malegaon,West Bengal,India,155983,2023-01-08,Regular,True,WEB,2024-06-24 11:07:18.038568,2024-07-16 01:17:09.315192
474,Gautam,Ravi,Female,widisha26@example.org,07557522501,Amaravati,Jharkhand,India,882691,2023-02-22,Regular,True,STORE,2024-03-10 02:22:18.135332,2026-05-11 22:13:17.785354
475,Nidhi,Lall,Female,hariniwalia@example.com,02614991537,Sambalpur,Nagaland,India,407333,2022-07-21,Regular,True,STORE,2022-11-30 16:15:03.240307,2025-02-04 13:57:51.624043
476,Maanav,Arora,Female,yagnesh09@example.com,06889362896,Bhilwara,Tamil Nadu,India,465535,2025-12-08,Regular,True,WEB,2026-03-19 00:01:16.980314,2026-07-01 04:03:34.019889
477,Ekanta,Koshy,Male,gopaltripathi@example.net,08519358374,Jaunpur,Punjab,India,796120,2024-04-06,Regular,False,WEB,2024-06-09 17:48:16.874291,2025-11-29 09:37:24.708239
478,Idika,Sood,Female,devanshpandya@example.org,4940976263,Tirupati,Nagaland,India,539862,2024-05-12,Silver,True,STORE,2025-08-04 15:14:36.903190,2025-08-25 01:09:21.465437
479,Abeer,Bera,Male,jagdish19@example.org,6233922071,Hubli–Dharwad,Bihar,India,966672,2025-05-24,Regular,True,MOBILE,2026-07-16 21:23:04.516451,2026-07-21 20:41:49.498463
480,Peter,Sani,Female,xalak12@example.com,03351571840,Proddatur,Arunachal Pradesh,India,120800,2025-10-18,Regular,True,STORE,2025-12-08 07:16:46.989357,2026-02-17 14:02:50.209395
481,Kavya,Boase,Male,ranbirtara@example.org,3512959272,Raiganj,Andhra Pradesh,India,814415,2023-03-13,Regular,True,MOBILE,2024-03-23 19:34:13.547084,2026-02-04 16:26:44.128582
482,Harish,Tank,Male,mohammednazareth@example.com,8671815352,Pallavaram,Gujarat,India,050791,2024-12-22,Regular,True,WEB,2025-11-29 11:24:22.665042,2026-01-08 07:03:21.055170
483,Meera,Iyer,Male,ekani27@example.org,06666170715,Phagwara,Madhya Pradesh,India,740803,2025-10-19,Silver,True,STORE,2025-11-13 09:48:52.456156,2026-04-28 16:45:43.780932
484,Oscar,Murthy,Female,warriorayaan@example.org,06358068828,Varanasi,Gujarat,India,723513,2026-04-18,Silver,True,MOBILE,2026-05-18 05:00:49.588449,2026-06-27 05:55:20.617205
485,Chakradev,Raj,Female,jacksonmannan@example.org,+915263560229,Rampur,Maharashtra,India,346066,2024-01-14,Regular,True,MOBILE,2025-06-24 08:58:22.341983,2026-02-22 02:54:41.592565
486,Vinaya,Kulkarni,Female,ranabenjamin@example.net,02311127128,Rourkela,Telangana,India,648449,2023-06-13,Silver,True,STORE,2026-01-27 05:20:47.100326,2026-03-02 04:03:23.200101
487,Saksham,Chadha,Male,iiyer@example.net,+917711306211,Junagadh,Punjab,India,727908,2022-11-13,Regular,True,WEB,2025-09-05 14:39:48.841414,2026-01-11 01:36:59.120600
488,Eesha,Bassi,Male,duaharita@example.com,+915730662481,Udaipur,Rajasthan,India,570713,2025-05-24,Regular,True,STORE,2025-08-12 18:12:00.811441,2025-10-24 16:40:13.804989
489,Eesha,Bhandari,Female,bhattacharyyanimrat@example.net,0925502130,Delhi,Odisha,India,691309,2024-07-27,Regular,True,MOBILE,2025-02-21 15:03:21.532705,2025-05-16 04:39:59.287625
490,Vamakshi,Raju,Female,lila73@example.net,09457727853,Baranagar,Rajasthan,India,642506,2024-04-15,Regular,True,WEB,2024-05-01 10:55:50.490838,2026-03-03 22:29:26.312260
491,Utkarsh,Ratti,Female,irajoshi@example.com,06777675556,Bettiah,Gujarat,India,339395,2025-08-03,Regular,True,MOBILE,2025-09-23 07:26:53.325054,2026-02-10 14:43:14.194015
492,Nilima,Prasad,Male,tanay62@example.com,+918749603358,Yamunanagar,Mizoram,India,270369,2026-01-23,Regular,True,WEB,2026-05-03 12:28:51.088969,2026-07-05 19:25:25.457261
493,Nachiket,Ratti,Female,matthewsabharwal@example.com,03275998011,Jaipur,Andhra Pradesh,India,515532,2024-11-23,Regular,True,WEB,2025-05-08 13:13:09.013852,2026-04-03 21:00:33.724565
494,Diya,Sekhon,Male,tnigam@example.org,04182226189,Kozhikode,Nagaland,India,431271,2026-05-09,Silver,False,MOBILE,2026-06-01 19:02:45.813302,2026-06-05 07:55:40.168997
495,Ladli,Sood,Female,anmolpatil@example.com,9270795515,Belgaum,Chhattisgarh,India,621354,2025-05-04,Regular,True,WEB,2025-07-03 15:52:52.419584,2025-11-27 23:23:46.106742
496,Warda,Babu,Female,xgara@example.com,+918480752034,Sultan Pur Majra,Maharashtra,India,047158,2025-02-12,Regular,True,STORE,2026-06-28 06:57:03.770224,2026-06-30 12:55:34.186769
497,Advaith,Bahl,Male,lajita37@example.com,00465586652,Bhilwara,Nagaland,India,744171,2021-09-19,Regular,True,MOBILE,2025-12-10 19:50:08.362228,2026-07-08 17:19:25.930660
498,Ishaan,Bajaj,Male,hredhaankibe@example.org,+915129311005,Bhatpara,Odisha,India,519102,2025-08-03,Regular,True,MOBILE,2026-06-24 11:31:32.155689,2026-07-21 02:01:14.265662
499,Gavin,Chand,Female,santviraj@example.org,+911658373792,Tumkur,Telangana,India,728012,2022-07-23,Regular,True,WEB,2025-07-18 18:16:58.935923,2025-08-17 22:03:40.373710
500,Ranbir,Dasgupta,Male,guharachit@example.com,+912694968436,Hapur,Telangana,India,804421,2026-06-07,Regular,True,WEB,2026-06-19 17:33:51.466437,2026-07-21 00:30:46.878108
501,Darpan,Sani,Male,sehgaladvik@example.net,1595919457,Nangloi Jat,Kerala,India,475833,2021-11-13,Regular,False,WEB,2024-03-09 06:09:48.054387,2026-05-01 21:21:05.793649
502,Udyati,Shenoy,Female,neha77@example.com,+912660256265,Raebareli,Uttar Pradesh,India,292310,2024-06-30,Regular,True,STORE,2024-08-01 06:05:08.062585,2025-04-13 10:26:13.211916
503,Anthony,Tank,Male,tdutt@example.net,03379766270,Aligarh,Assam,India,794238,2023-07-08,Regular,True,MOBILE,2023-12-21 21:25:34.906464,2024-11-05 03:37:45.386671
504,Agastya,Morar,Male,hamsinimukhopadhyay@example.net,6919284552,Buxar,Meghalaya,India,075633,2026-04-12,Regular,True,MOBILE,2026-07-04 20:49:17.930903,2026-07-13 09:36:26.485571
505,Dhriti,Soni,Male,harini95@example.net,+912593993379,Surat,Karnataka,India,629518,2026-04-14,Regular,True,MOBILE,2026-06-23 10:53:34.273814,2026-07-22 11:52:38.532455
506,Amaira,Bhavsar,Female,xramachandran@example.org,02507330559,Kishanganj,Chhattisgarh,India,575983,2024-01-06,Gold,True,MOBILE,2025-07-20 05:43:26.968001,2026-06-14 23:38:58.537865
507,Jai,Merchant,Female,hayeryamini@example.com,+916604432400,Vijayawada,Kerala,India,276829,2025-09-06,Regular,True,WEB,2026-04-02 04:40:26.764669,2026-07-20 12:51:17.275466
508,Tamanna,Majumdar,Male,sudikshamane@example.org,2501058752,Gandhinagar,Nagaland,India,656259,2023-10-13,Silver,True,STORE,2024-08-27 05:25:34.140974,2026-06-11 08:59:39.255823
509,Balveer,Vaidya,Female,deowatika@example.org,+912218231555,Haridwar,Karnataka,India,768086,2025-09-28,Gold,True,MOBILE,2025-10-08 08:56:40.995898,2025-12-29 09:55:03.615077
510,Gaurav,Johal,Male,hdutt@example.com,+913080037003,Jamnagar,West Bengal,India,855660,2024-10-08,Regular,False,MOBILE,2025-06-24 12:24:19.402867,2025-08-24 20:47:49.257453
511,Oeshi,Bir,Male,iyengarbalendra@example.org,+919705195826,Saharanpur,Nagaland,India,944858,2024-02-11,Regular,True,WEB,2024-10-27 07:58:13.580390,2024-11-11 06:53:29.883161
512,Aahana,Natt,Male,etalad@example.com,+914707986321,Munger,Uttar Pradesh,India,339439,2023-07-03,Gold,True,WEB,2026-01-21 15:12:18.614835,2026-06-09 22:48:38.188338
513,Victor,Krishnan,Male,yastibajwa@example.com,+913253765769,Pallavaram,Meghalaya,India,319100,2025-08-26,Regular,True,MOBILE,2025-12-24 07:45:16.260509,2026-01-04 21:43:55.491667
514,Aadi,Mitter,Male,uraj@example.net,+911053365146,Bihar Sharif,Tripura,India,142473,2024-08-28,Gold,True,MOBILE,2026-04-16 21:32:47.905522,2026-07-20 01:39:37.098045
515,Azaan,Soni,Male,akshaychowdhury@example.org,3798440971,Thrissur,Assam,India,600767,2022-02-28,Regular,True,WEB,2024-12-18 01:26:06.313309,2026-06-27 13:31:50.297731
516,Chaitanya,Bhatnagar,Male,baghyawati73@example.com,+914337009687,Nashik,Jharkhand,India,195778,2023-08-16,Regular,True,MOBILE,2026-06-26 06:06:19.724669,2026-07-13 01:01:10.989084
517,Madhav,Nagi,Female,niharika29@example.com,07542786561,Durgapur,Karnataka,India,778205,2022-05-19,Gold,True,MOBILE,2025-02-18 13:56:58.848414,2025-08-31 07:17:41.037132
518,Harita,Zachariah,Female,liamjha@example.net,01618808190,Jamalpur,Sikkim,India,357155,2024-02-04,Gold,True,MOBILE,2026-03-20 18:30:13.465957,2026-06-07 21:33:32.476122
519,Maya,Kanda,Female,nikita13@example.net,7230817214,Machilipatnam,Jharkhand,India,813000,2024-04-21,Regular,True,WEB,2025-03-12 23:38:57.401665,2026-02-04 00:31:24.081030
520,Ekbal,Bhavsar,Female,sneha16@example.com,6094565346,Srikakulam,Odisha,India,707550,2023-01-15,Regular,True,WEB,2023-10-08 14:18:52.328798,2026-01-30 10:33:15.116446
521,Guneet,Sami,Female,vritti06@example.org,01748113176,New Delhi,Punjab,India,054873,2022-11-03,Silver,True,WEB,2024-08-08 06:20:10.075113,2026-03-02 14:09:08.243256
522,Ayaan,Toor,Female,gbiswas@example.org,04968049187,Bidhannagar,Jharkhand,India,049561,2024-08-18,Regular,True,WEB,2024-10-24 01:43:16.958404,2026-01-04 05:36:21.623266
523,Vasatika,Sunder,Male,abdulram@example.net,2604235973,Bhiwandi,Bihar,India,229907,2024-12-29,Regular,True,MOBILE,2026-07-07 08:06:59.702647,2026-07-08 17:20:48.265570
524,Jyoti,Cherian,Female,csom@example.com,08611145768,Durgapur,Bihar,India,219237,2024-01-16,Regular,True,WEB,2026-01-16 20:55:59.523434,2026-04-08 08:20:47.523923
525,Vanya,Bhavsar,Male,odikadalia@example.net,+913324260508,Gorakhpur,Mizoram,India,980425,2024-11-10,Regular,True,MOBILE,2025-10-15 18:13:10.519433,2026-03-22 06:33:10.821894
526,Ranbir,Soman,Female,nsrinivas@example.org,+916881228217,Buxar,Goa,India,653460,2026-03-02,Silver,True,MOBILE,2026-07-05 02:18:50.566263,2026-07-21 08:00:29.815213
527,Megha,Bala,Female,kashviraman@example.com,3279862398,Mehsana,Tripura,India,690618,2025-04-28,Regular,True,WEB,2025-05-17 10:52:42.142877,2025-10-03 12:22:28.736758
528,Balveer,Pingle,Male,maya47@example.net,04895478769,Nandyal,Karnataka,India,758891,2021-12-26,Silver,True,STORE,2026-01-25 03:53:44.288765,2026-02-20 12:55:19.556698
529,Bhavya,Varghese,Male,dhritinaik@example.org,3543586449,Maheshtala,Tripura,India,435885,2022-10-26,Regular,True,WEB,2023-10-28 00:15:14.444408,2024-07-25 15:04:48.759117
530,Jacob,Manne,Male,sameshnazareth@example.org,7536749785,Rohtak,Punjab,India,416860,2022-08-01,Silver,True,STORE,2024-06-03 22:03:52.881509,2025-07-15 08:34:53.074898
531,Warda,Sha,Male,yasti96@example.org,00679176651,Bokaro,Bihar,India,001418,2021-11-22,Regular,True,WEB,2025-09-07 13:13:14.803680,2025-11-28 07:07:41.594805
532,Pallavi,Jayaraman,Female,bhasinadvaith@example.org,09446333999,Suryapet,Kerala,India,208953,2024-03-27,Regular,True,MOBILE,2024-07-13 08:31:05.003761,2024-09-22 12:09:16.250100
533,Anay,Dyal,Female,madanvedika@example.org,+913633792234,Delhi,Haryana,India,699673,2022-06-02,Regular,True,MOBILE,2026-06-04 11:29:42.122116,2026-06-23 23:32:37.216544
534,Sachi,Savant,Female,leenarai@example.org,4376855078,Mango,Punjab,India,521962,2022-09-21,Regular,True,WEB,2025-12-23 01:02:48.619463,2026-03-20 14:24:06.345226
535,Nidhi,Mahal,Female,binakashyap@example.com,7093170695,Eluru,Andhra Pradesh,India,676164,2025-07-02,Regular,True,MOBILE,2025-09-20 10:36:08.546849,2025-12-26 04:39:14.055646
536,Abha,Srinivas,Male,omkanda@example.net,8983065031,Tiruchirappalli,Punjab,India,418472,2023-04-21,Regular,True,WEB,2024-03-06 14:54:39.111513,2026-05-09 09:17:42.800757
537,Quincy,Karnik,Male,kmuni@example.net,+913190924876,Noida,Andhra Pradesh,India,911142,2023-01-10,Regular,True,WEB,2026-01-23 11:50:00.912852,2026-03-15 10:11:17.302958
538,Jyoti,Gola,Female,rachitkorpal@example.org,02480880622,Nandyal,Chhattisgarh,India,395947,2024-03-25,Regular,False,MOBILE,2026-01-18 00:58:21.189195,2026-05-02 06:21:25.847025
539,Yuvraj,Edwin,Male,bhavsarkrishna@example.org,+914787688687,Medininagar,Odisha,India,486287,2022-10-16,Platinum,True,MOBILE,2023-06-14 09:55:01.549871,2023-10-17 08:04:59.133524
540,Jhalak,Misra,Male,sacharlavanya@example.com,05057303627,Barasat,Madhya Pradesh,India,203747,2022-03-11,Regular,True,MOBILE,2022-05-08 04:05:40.630708,2022-08-29 04:09:52.501013
541,Samarth,Sheth,Male,ojasvibehl@example.org,+911450576619,Raichur,Uttarakhand,India,071553,2023-07-23,Regular,True,MOBILE,2025-09-13 00:16:38.826148,2026-01-08 04:26:57.980484
542,Harrison,Dhingra,Male,darpan08@example.org,8507659759,Anantapuram,Kerala,India,891776,2023-02-10,Silver,True,STORE,2024-11-10 03:42:07.041623,2024-11-17 00:48:13.625544
543,Yashawini,Bhavsar,Female,krishnanarayanan@example.net,7422319646,Kalyan-Dombivli,Arunachal Pradesh,India,023693,2025-05-19,Regular,True,WEB,2025-06-03 15:10:43.250964,2026-04-24 09:25:58.182800
544,Aadhya,Kade,Male,bhattinihal@example.org,07137271175,Nandyal,Himachal Pradesh,India,582984,2023-08-25,Regular,True,MOBILE,2026-01-20 21:44:39.152526,2026-02-18 00:42:49.870612
545,Anthony,Saraf,Female,vmagar@example.net,07609441283,Kulti,Manipur,India,188566,2025-08-04,Regular,True,MOBILE,2026-05-07 13:50:38.009059,2026-05-26 21:39:40.130174
546,Nicholas,Srivastava,Female,murthydakshesh@example.com,06267055143,Pallavaram,Madhya Pradesh,India,663439,2023-08-29,Gold,True,WEB,2024-08-14 12:53:18.486770,2024-10-11 02:59:20.722853
547,Krisha,Butala,Female,butalafitan@example.net,+912867120072,Guntur,Jharkhand,India,591024,2025-08-01,Regular,True,WEB,2025-11-29 10:47:16.617105,2026-04-20 17:12:20.278894
548,Balveer,Acharya,Female,onkarraman@example.com,+914949819421,Medininagar,West Bengal,India,281793,2023-03-19,Gold,True,MOBILE,2023-05-05 16:18:20.716882,2025-03-21 12:35:35.422073
549,Nicholas,Solanki,Female,gparmer@example.com,06634533722,Vijayawada,Arunachal Pradesh,India,217221,2025-01-02,Regular,True,WEB,2025-01-20 05:43:51.553722,2026-05-04 21:09:59.661020
550,William,Subramaniam,Male,hrout@example.net,8943705263,Amritsar,Arunachal Pradesh,India,462776,2022-12-22,Silver,True,WEB,2024-03-02 07:51:03.100560,2024-12-07 07:04:35.625226
551,Eta,Sami,Female,qarin02@example.com,01752023897,Panihati,Telangana,India,600559,2025-06-24,Regular,True,STORE,2026-05-31 21:24:00.872367,2026-06-25 09:10:19.989112
552,Yachana,Jaggi,Female,manbirnatarajan@example.net,8486899936,Malda,Telangana,India,870450,2023-06-05,Regular,True,MOBILE,2023-06-08 03:18:38.397949,2024-12-11 02:01:51.760009
553,Urvi,Sahni,Female,ukashyap@example.net,+917440394640,Thane,Haryana,India,360601,2023-08-07,Regular,True,STORE,2025-06-16 07:32:30.473564,2026-05-02 06:06:45.061834
554,Omaja,Babu,Female,charan79@example.org,8413685283,Haldia,Assam,India,370124,2025-07-28,Regular,True,WEB,2025-11-04 03:42:55.349380,2026-06-06 12:24:46.414526
555,Neel,Sandhu,Male,nihalpathak@example.org,04881121031,Mangalore,Bihar,India,518878,2022-05-28,Regular,True,WEB,2023-08-15 03:14:03.588151,2024-05-17 13:37:19.865868
556,Fiyaz,Parekh,Female,panditpatrick@example.com,+918409112252,Nangloi Jat,Tripura,India,056618,2022-03-04,Silver,True,WEB,2025-02-07 17:04:06.339330,2025-07-05 22:45:23.901729
557,Veda,Bhavsar,Male,wardashankar@example.com,05300730950,Sonipat,Maharashtra,India,571219,2025-06-10,Regular,True,WEB,2025-11-22 03:41:47.616322,2026-01-02 05:34:03.857252
558,Urvashi,Talwar,Female,jagdish90@example.net,03486401042,Nadiad,Chhattisgarh,India,561851,2024-02-29,Regular,True,WEB,2026-01-01 04:03:26.865417,2026-05-02 19:47:55.646395
559,Atharv,Mane,Female,qasim12@example.net,9151145512,Ballia,Uttar Pradesh,India,304488,2024-01-20,Regular,True,WEB,2025-11-27 14:09:00.676840,2026-03-05 03:30:12.625700
560,Chameli,Mishra,Male,ravalbanjeet@example.com,01540211901,Kalyan-Dombivli,Meghalaya,India,681429,2026-02-16,Regular,True,MOBILE,2026-02-28 16:41:11.673386,2026-06-13 05:47:29.921341
561,Gaurika,Ganguly,Female,hemangbadal@example.com,+912283608493,Motihari,Haryana,India,639638,2026-04-05,Regular,True,MOBILE,2026-07-13 16:07:13.273865,2026-07-16 13:34:54.428659
562,Nisha,Mani,Female,zaid91@example.net,04970169342,Amaravati,Bihar,India,203301,2023-01-09,Gold,True,WEB,2023-07-04 04:04:04.263362,2026-06-26 00:05:28.907057
563,Isaiah,Agate,Male,indrajitatwal@example.com,+915372215566,Raiganj,Sikkim,India,236533,2024-12-24,Silver,True,STORE,2025-03-10 21:36:17.536272,2025-06-28 06:53:07.688375
564,Zayyan,Aggarwal,Male,ksheth@example.org,+917843614244,Purnia,Tripura,India,781975,2024-01-05,Regular,True,WEB,2026-06-07 22:40:33.555755,2026-06-28 16:29:59.013648
565,Anya,Sood,Male,kmadan@example.com,+917203763882,Agartala,Telangana,India,841484,2023-01-28,Regular,True,WEB,2023-11-09 20:37:35.631380,2024-05-26 11:21:34.892665
566,Hredhaan,Khurana,Male,zayyan38@example.net,8278020586,Mumbai,Meghalaya,India,214644,2025-04-17,Regular,True,MOBILE,2025-04-26 10:13:56.140568,2026-01-09 10:41:52.374904
567,Ishanvi,Char,Male,nsodhi@example.org,+915055738573,Kishanganj,Andhra Pradesh,India,192360,2024-06-28,Regular,True,MOBILE,2025-10-17 06:21:21.026684,2026-04-23 13:17:35.444113
568,Elijah,Chauhan,Female,odeshmukh@example.net,+913510409614,Bhagalpur,Assam,India,391149,2022-08-02,Regular,True,WEB,2024-03-23 07:23:44.544466,2026-07-21 21:47:49.208311
569,Chaitanya,Soni,Female,oliver07@example.org,05118939406,Raurkela Industrial Township,Tripura,India,820190,2024-03-30,Regular,True,STORE,2025-09-14 01:57:06.915720,2026-05-11 05:17:59.715001
570,Vivaan,Bath,Female,rohankadakia@example.org,+914707392013,Dewas,Uttarakhand,India,212760,2024-11-24,Silver,True,WEB,2025-03-21 03:17:01.678688,2026-04-29 01:52:31.152557
571,Osha,Chopra,Male,dugarsiddharth@example.org,+916163248889,Bidhannagar,Goa,India,762974,2022-06-02,Regular,True,MOBILE,2022-07-25 04:46:15.283739,2023-04-07 01:00:49.060816
572,Anmol,Hayre,Female,ymerchant@example.net,01912038187,Amaravati,Tamil Nadu,India,082832,2023-02-20,Regular,False,STORE,2025-03-19 16:15:24.627682,2026-06-19 00:11:56.577216
573,Ethan,Khurana,Female,norigirik@example.com,05822067323,Kadapa,Chhattisgarh,India,168157,2022-10-06,Silver,True,STORE,2022-12-15 11:17:49.759425,2026-01-19 14:54:07.995907
574,Ayushman,Bali,Male,balaarjun@example.net,+911529113717,Howrah,Uttar Pradesh,India,255618,2022-05-20,Regular,True,MOBILE,2023-07-16 00:39:20.715670,2026-02-06 11:53:24.076218
575,Frederick,Divan,Female,fmani@example.net,+912248905670,Bhind,Andhra Pradesh,India,900436,2024-10-15,Regular,True,MOBILE,2026-02-14 21:52:24.107144,2026-03-28 18:10:52.246522
576,Zaitra,Maharaj,Male,nidhipurohit@example.net,+913624835505,Tirunelveli,Uttar Pradesh,India,080706,2023-04-15,Regular,True,STORE,2024-05-27 21:15:59.887975,2025-03-08 21:27:12.764093
577,Triveni,Pant,Female,voraqasim@example.org,+910401648188,Bhilwara,Rajasthan,India,287738,2022-08-07,Gold,True,MOBILE,2024-03-23 02:15:32.335606,2026-03-24 08:51:45.159371
578,Devansh,Ratta,Male,xavier21@example.org,6942894642,Latur,Maharashtra,India,586314,2022-07-13,Silver,True,WEB,2025-06-05 03:23:15.522852,2025-08-22 01:42:53.264008
579,Banjeet,Ramakrishnan,Female,madhavi25@example.com,00263558243,Guwahati,Meghalaya,India,464489,2026-05-14,Regular,True,WEB,2026-06-01 05:23:04.132527,2026-06-26 05:37:01.535689
580,Arin,Kara,Male,pillaywyatt@example.net,8824527905,Ramagundam,Sikkim,India,433335,2026-05-12,Silver,True,WEB,2026-06-20 10:31:03.154759,2026-07-22 10:30:38.688503
581,Jason,Rana,Female,lohitchaudry@example.org,+919787180933,Davanagere,Meghalaya,India,265306,2022-07-14,Regular,True,STORE,2024-08-26 18:36:26.813982,2025-10-10 08:14:35.233883
582,Yashasvi,Taneja,Female,lopa17@example.net,08800230091,Vijayanagaram,Bihar,India,980365,2025-11-01,Regular,True,WEB,2026-05-12 16:13:09.251133,2026-07-22 03:14:48.431567
583,Bhanumati,Dar,Male,naggarwal@example.net,+916595201491,Hajipur,Rajasthan,India,184336,2023-12-03,Regular,True,MOBILE,2025-10-11 11:50:51.267673,2025-12-26 04:40:05.374580
584,Liam,Reddy,Male,onkardugar@example.org,9821374556,Tiruchirappalli,Himachal Pradesh,India,428860,2024-03-18,Regular,True,STORE,2025-01-06 17:14:32.581362,2025-01-21 14:40:37.655835
585,Geetika,Khanna,Female,brana@example.com,0811260030,Karimnagar,Madhya Pradesh,India,910627,2025-09-16,Platinum,True,MOBILE,2026-03-31 22:29:45.144218,2026-06-29 17:45:20.192549
586,Parth,Kamdar,Male,harini50@example.com,8269177682,Loni,Uttarakhand,India,401348,2021-12-03,Regular,True,MOBILE,2026-04-15 03:56:53.799395,2026-05-06 16:54:48.602745
587,Rishi,Oommen,Male,wazir78@example.net,2603359101,Bidhannagar,Tamil Nadu,India,908599,2021-08-02,Regular,True,MOBILE,2024-03-18 17:59:08.749839,2025-04-06 22:02:32.011139
588,Qabil,Babu,Male,lkumer@example.org,09996996489,Hubli–Dharwad,Mizoram,India,285969,2025-02-05,Regular,True,WEB,2026-04-11 01:10:37.501045,2026-05-11 03:26:57.702962
589,Ansh,Tella,Female,robert23@example.org,+913426698069,Proddatur,Meghalaya,India,617607,2022-10-20,Gold,True,STORE,2024-01-17 00:37:00.993218,2024-04-20 18:27:02.024793
590,Vedant,Venkatesh,Male,eshanapathak@example.net,+918280405612,Mau,Andhra Pradesh,India,695826,2022-06-06,Regular,True,MOBILE,2023-04-28 02:20:23.763902,2025-02-21 06:01:31.752920
591,Kritika,Padmanabhan,Female,nbora@example.org,7612385951,Nellore,Tripura,India,682394,2024-11-12,Regular,True,MOBILE,2025-01-09 00:03:12.340603,2025-11-14 15:29:17.082555
592,Ayushman,Gala,Female,akapur@example.org,8696610168,Aurangabad,Assam,India,950016,2025-10-23,Regular,True,STORE,2026-01-05 20:54:41.762028,2026-07-05 02:40:05.779702
593,Chaaya,Bora,Male,chatura76@example.org,8397620534,Pune,Meghalaya,India,794620,2024-03-14,Regular,True,WEB,2025-08-24 10:27:41.726286,2025-11-25 23:06:44.534995
594,Neha,Sabharwal,Male,lakshpadmanabhan@example.org,1776029914,Sikar,Mizoram,India,133373,2025-02-18,Gold,True,MOBILE,2025-10-10 13:17:12.969434,2025-11-19 18:27:40.269869
595,Ishita,Garg,Male,hemanirattan@example.org,08170321192,Nadiad,Bihar,India,638527,2022-01-02,Regular,True,MOBILE,2022-08-10 22:28:21.630530,2026-04-17 06:07:15.146558
596,Jairaj,Gupta,Female,saraborde@example.net,4449029502,Durg,Mizoram,India,164403,2024-01-15,Regular,True,MOBILE,2025-06-26 21:57:55.608895,2025-11-09 15:22:33.083856
597,Mitali,Singhal,Female,dharubika@example.net,08221021798,Kota,Rajasthan,India,486298,2023-10-27,Regular,True,WEB,2025-09-09 15:49:58.856944,2026-06-01 19:40:57.572078
598,Raksha,Kaur,Female,ikata@example.org,+918285605397,Kumbakonam,Uttar Pradesh,India,617706,2023-04-06,Regular,True,WEB,2025-12-31 23:25:00.678905,2026-06-11 01:54:33.786237
599,Zarna,Din,Male,patlaaarnav@example.com,2122355216,Kanpur,Tripura,India,871469,2025-11-12,Regular,True,MOBILE,2026-03-18 18:40:29.663499,2026-07-12 13:03:00.542961
600,Owen,Bora,Female,falakrao@example.com,0898436998,Bongaigaon,West Bengal,India,220509,2022-04-24,Regular,True,WEB,2022-08-15 04:21:06.907761,2025-03-10 04:09:41.646431
601,Rachita,Krishna,Female,kalpit49@example.com,9881145788,Vadodara,Tamil Nadu,India,152386,2025-01-07,Regular,True,MOBILE,2025-05-16 16:33:23.118982,2026-05-17 13:56:49.790741
602,Rachit,Bal,Female,ymaharaj@example.org,1779876829,Dibrugarh,Meghalaya,India,258937,2023-10-19,Regular,True,STORE,2025-02-12 13:12:27.458884,2025-11-24 04:24:01.521657
603,Eesha,Viswanathan,Male,rastogiquincy@example.net,3504056695,Jehanabad,Arunachal Pradesh,India,124825,2026-07-14,Silver,True,WEB,2026-07-14 10:24:40.201528,2026-07-21 11:08:04.697075
604,Maya,Sharma,Male,ihayre@example.com,4232894633,Mau,Madhya Pradesh,India,415285,2025-10-28,Regular,True,WEB,2026-01-08 13:03:37.125026,2026-02-13 15:46:05.526818
605,Hemal,Ramachandran,Male,onveerraval@example.net,+913589513818,Uluberia,Kerala,India,784685,2025-03-04,Regular,True,MOBILE,2026-06-20 21:00:21.240977,2026-06-27 00:14:56.852855
606,Bhavna,Lal,Female,abhimanyuhari@example.com,9189117972,Davanagere,Mizoram,India,934015,2021-08-21,Regular,True,WEB,2023-03-20 14:09:43.976780,2024-11-06 00:28:08.063450
607,Sudiksha,Chokshi,Female,falak31@example.org,2593678136,Ratlam,Arunachal Pradesh,India,942141,2022-08-12,Regular,True,MOBILE,2023-10-29 22:47:56.718022,2024-09-19 00:06:45.726043
608,Jairaj,Viswanathan,Male,mbhasin@example.net,+917045238885,Ujjain,Chhattisgarh,India,866059,2021-09-26,Regular,True,WEB,2023-06-11 23:34:38.837363,2024-11-13 06:15:21.657240
609,Riya,Mammen,Female,oliver27@example.net,08548596559,Mangalore,Mizoram,India,491165,2024-02-04,Silver,True,STORE,2026-01-18 22:29:51.657846,2026-04-13 05:41:30.005907
610,Balveer,Basak,Male,damyantipradhan@example.net,+919313215513,North Dumdum,Karnataka,India,083682,2021-09-08,Regular,True,WEB,2026-03-27 06:04:00.093219,2026-03-28 00:06:17.362979
611,Zinal,Vohra,Female,lraju@example.net,7273677462,Bikaner,Kerala,India,543183,2024-12-21,Regular,True,MOBILE,2025-06-04 01:18:00.319546,2025-09-30 10:28:49.701613
612,Hitesh,Deol,Female,devdate@example.org,2049106018,Vijayanagaram,Himachal Pradesh,India,238750,2025-08-03,Regular,True,WEB,2025-10-03 14:32:11.222650,2026-03-12 18:22:48.735840
613,Gagan,Shah,Male,pratyushpalla@example.com,05458472629,Anantapur,Chhattisgarh,India,876831,2024-03-22,Regular,True,MOBILE,2026-01-07 00:10:07.916043,2026-03-28 13:14:07.225841
614,Ria,Dara,Male,egill@example.com,3373992052,Bhatpara,Odisha,India,621659,2023-07-11,Silver,True,MOBILE,2025-03-12 00:05:52.364895,2025-06-10 21:29:17.161288
615,Maanas,Khalsa,Female,ektapatla@example.net,+919835844617,Kumbakonam,Haryana,India,643095,2021-12-08,Regular,True,WEB,2023-05-04 12:22:01.102963,2025-02-14 00:36:13.080550
616,Wishi,Dada,Female,sanyasarna@example.org,+919271205397,Gorakhpur,Gujarat,India,529883,2022-11-12,Regular,True,MOBILE,2023-10-21 02:32:15.120201,2026-01-15 13:30:46.592839
617,Guneet,Desai,Female,mekhala08@example.org,+910048797888,Karnal,Sikkim,India,585238,2022-03-19,Regular,False,WEB,2022-05-02 15:02:27.083943,2025-03-10 15:55:53.356756
618,Banjeet,Jaggi,Male,mallchasmum@example.org,01995171523,Lucknow,Tripura,India,929501,2023-07-14,Regular,False,WEB,2023-09-19 10:00:55.927239,2026-02-06 17:44:58.005816
619,Yasti,Hans,Female,hegdeabdul@example.net,07139719126,Saharanpur,Telangana,India,132176,2023-01-28,Gold,True,STORE,2024-09-28 02:31:27.365926,2025-12-07 00:28:41.401085
620,Gaurav,D’Alia,Male,rajaneha@example.org,+912019072587,Davanagere,Punjab,India,049366,2023-11-23,Silver,True,STORE,2025-08-27 22:00:46.010313,2025-09-14 15:36:55.386345
621,Tamanna,Mitra,Female,doctorbaghyawati@example.org,+911408682509,Guntur,Chhattisgarh,India,620935,2023-04-01,Gold,True,WEB,2025-01-09 11:16:34.676385,2026-01-15 12:11:41.247298
622,Dominic,Agarwal,Male,hemanidave@example.net,7013712436,Jamalpur,Karnataka,India,642304,2026-07-15,Silver,True,STORE,2026-07-18 15:02:03.464102,2026-07-21 04:32:32.426966
623,Atharv,Dhaliwal,Female,bbhagat@example.org,09273874029,Mango,Telangana,India,669063,2026-04-09,Regular,True,WEB,2026-07-13 08:21:41.752796,2026-07-22 16:49:44.063878
624,Hredhaan,Oommen,Female,advika20@example.org,4030109567,Arrah,Maharashtra,India,915795,2022-03-18,Regular,True,STORE,2025-12-14 17:29:12.752861,2026-04-11 22:58:41.568356
625,Yatin,Krishnamurthy,Male,icherian@example.com,06010801810,Indore,Uttar Pradesh,India,831764,2023-06-03,Regular,True,WEB,2024-10-03 05:58:48.832386,2025-01-25 02:34:11.209223
626,Zaitra,Basak,Male,varughesegunbir@example.net,5712901507,Thiruvananthapuram,Mizoram,India,671307,2025-05-18,Platinum,True,WEB,2025-06-25 23:51:39.475869,2025-08-28 19:58:24.508544
627,Bhavna,Patel,Male,vyanjana43@example.com,+911300962588,Amroha,Maharashtra,India,947031,2025-02-14,Regular,True,STORE,2025-08-07 19:48:42.087611,2026-07-14 09:14:53.264922
628,Sai,Rau,Female,riakumar@example.com,06215918327,Patna,Arunachal Pradesh,India,666145,2024-05-14,Regular,True,WEB,2025-02-05 19:09:50.251469,2026-07-25 05:35:29.767051
629,Jackson,Bedi,Female,qsunder@example.com,+914004938819,Chapra,Andhra Pradesh,India,315204,2024-09-11,Regular,True,MOBILE,2024-09-28 00:19:34.232972,2024-11-12 03:09:37.754223
630,Chameli,Taneja,Male,fwadhwa@example.net,+911379716698,Kota,Maharashtra,India,123740,2024-08-12,Regular,True,MOBILE,2025-08-04 11:44:00.728963,2026-05-18 04:00:01.770112
631,Owen,Naidu,Female,ngoswami@example.net,8994991970,Bilaspur,Goa,India,203708,2023-12-27,Regular,True,MOBILE,2025-06-16 12:49:43.204736,2025-09-24 18:45:10.907899
632,Hitesh,Chakraborty,Male,kbhakta@example.net,0418135998,Siliguri,Bihar,India,708894,2023-11-12,Silver,True,MOBILE,2026-04-21 17:55:08.530689,2026-07-10 15:01:00.556977
633,Ekavir,Rastogi,Female,daksha82@example.org,+917588397857,Panvel,Goa,India,048067,2026-03-15,Gold,True,WEB,2026-05-21 06:26:52.417156,2026-07-13 08:10:15.038104
634,Pranit,Gulati,Female,tchada@example.net,01128794296,Madhyamgram,Telangana,India,970409,2023-03-01,Silver,True,WEB,2025-06-06 03:19:38.493628,2026-05-15 10:49:54.916398
635,Gaurang,Sampath,Female,pantprisha@example.org,08327488356,Aligarh,Tripura,India,962409,2023-05-02,Regular,True,MOBILE,2025-08-21 01:10:31.169487,2025-11-16 13:17:55.246697
636,Krisha,Rajagopal,Female,alkasanghvi@example.org,07842170285,Kharagpur,Chhattisgarh,India,593648,2026-03-12,Silver,True,MOBILE,2026-06-15 00:36:50.658987,2026-06-26 10:37:02.182236
637,Tristan,Lata,Male,swalia@example.net,+919062467287,Khandwa,Andhra Pradesh,India,141319,2024-04-17,Regular,True,MOBILE,2024-04-17 06:50:00.101614,2026-06-28 13:12:55.432059
638,Nihal,Jayaraman,Male,ochokshi@example.org,06052304588,Rewa,Karnataka,India,254472,2026-01-16,Gold,True,MOBILE,2026-07-24 06:17:04.696422,2026-07-24 12:50:23.255667
639,Azad,Hans,Female,anusha09@example.com,01771824989,Bongaigaon,Nagaland,India,678214,2022-11-15,Regular,True,WEB,2025-02-22 23:13:54.400434,2025-10-02 21:17:53.928135
640,Henry,Kara,Female,qasim66@example.com,6989396987,Guna,Madhya Pradesh,India,155945,2021-12-16,Regular,True,WEB,2023-03-16 16:50:10.789433,2024-12-09 20:24:09.852580
641,Krishna,Gole,Female,sridharjalsa@example.org,6051171603,Dhule,Maharashtra,India,362189,2025-07-31,Regular,True,STORE,2025-08-17 17:12:05.891298,2025-09-29 02:53:43.667924
642,Vedika,Amble,Male,bakshicharvi@example.org,08942046648,Chinsurah,Meghalaya,India,056420,2022-11-10,Regular,True,MOBILE,2024-03-27 23:25:48.805262,2024-05-14 09:09:32.332795
643,Januja,Suri,Male,ioak@example.org,7453389062,Uluberia,Himachal Pradesh,India,622654,2025-08-30,Regular,True,WEB,2026-07-02 18:22:09.552661,2026-07-09 21:03:44.597948
644,Idika,Karnik,Male,andrapavani@example.org,+911224276774,Guntur,Tripura,India,916011,2021-10-31,Regular,True,WEB,2023-09-16 06:41:36.714288,2024-08-29 16:05:57.559732
645,Kashish,Thakur,Female,zansi60@example.org,0179867782,Vijayawada,Goa,India,704726,2022-06-12,Regular,True,STORE,2025-05-13 19:18:45.950160,2025-06-26 12:33:15.056103
646,Pavani,Borra,Female,indrajitgala@example.org,+918437536596,Surendranagar Dudhrej,Nagaland,India,254824,2025-07-10,Regular,True,WEB,2026-05-30 08:24:46.375414,2026-07-05 02:51:29.754905
647,Viraj,Thakur,Male,zehaan54@example.org,+916445475231,Kolhapur,Gujarat,India,748979,2022-03-14,Silver,True,WEB,2025-02-17 00:16:12.123627,2026-02-15 14:11:39.025936
648,Mitali,Jhaveri,Female,chaayaganesan@example.com,+910388621750,Jabalpur,Punjab,India,304530,2025-03-24,Regular,True,MOBILE,2026-07-17 04:49:36.106211,2026-07-20 21:06:38.554400
649,Ekta,Thakur,Male,amarakarnik@example.com,+914001816778,Kottayam,Assam,India,524445,2023-06-30,Regular,True,WEB,2026-07-19 00:05:27.127161,2026-07-25 05:27:40.296247
650,Shivansh,Warrior,Male,dominic79@example.net,+917810539128,Ambala,Mizoram,India,869996,2022-11-14,Regular,True,WEB,2024-06-12 20:22:19.033303,2026-03-12 19:55:31.173660
651,Darsh,Mohan,Male,vasana92@example.com,+914724630198,Nizamabad,Goa,India,238397,2026-07-03,Regular,True,WEB,2026-07-14 19:12:22.923077,2026-07-23 00:00:41.301646
652,Harshil,Dora,Female,tataayushman@example.com,+919328809832,Bhilai,Arunachal Pradesh,India,023200,2022-05-17,Gold,True,WEB,2023-05-12 08:21:02.243516,2025-03-06 22:21:05.675596
653,Ladli,Contractor,Male,balanyashoda@example.net,8761081435,Tiruchirappalli,Jharkhand,India,384531,2021-11-16,Regular,True,STORE,2024-04-27 21:21:23.464913,2025-05-10 11:00:14.876525
654,Anya,Sama,Female,robertmurty@example.com,09510030762,Uluberia,Uttarakhand,India,596715,2024-07-05,Silver,True,MOBILE,2026-01-22 14:40:06.002282,2026-06-16 01:41:14.343638
655,Madhavi,Sami,Male,george10@example.net,05411340785,Silchar,Punjab,India,970890,2021-08-28,Regular,True,MOBILE,2025-01-13 23:51:25.229718,2025-09-13 22:58:23.150054
656,Oni,Jain,Male,lohit68@example.net,9962697083,Proddatur,Nagaland,India,787915,2023-05-26,Silver,True,WEB,2025-03-05 12:37:27.409708,2025-06-12 04:19:35.767950
657,Janani,Setty,Male,shakrishna@example.org,9320126578,Nadiad,Andhra Pradesh,India,180952,2021-09-17,Silver,True,WEB,2025-08-09 22:36:39.660831,2026-01-06 18:10:37.780797
658,Yashvi,Murthy,Male,sharmavidhi@example.com,01274692118,Parbhani,Assam,India,264222,2026-04-07,Regular,True,MOBILE,2026-07-01 17:39:46.519035,2026-07-10 06:28:32.977868
659,Falan,Sengupta,Male,lallajeevika@example.com,+911854570568,Delhi,West Bengal,India,257090,2024-07-29,Regular,False,STORE,2025-07-10 20:35:42.386815,2026-01-21 06:00:12.491607
660,Theodore,Oommen,Female,dmaharaj@example.com,+913247282895,Kolkata,Arunachal Pradesh,India,788224,2026-04-02,Regular,True,MOBILE,2026-04-07 16:38:00.132361,2026-06-15 09:13:53.968314
661,Oni,Bora,Female,aprakash@example.com,+910580119509,Madhyamgram,Uttar Pradesh,India,152610,2025-02-23,Regular,True,MOBILE,2025-06-27 08:36:17.798631,2025-08-19 21:43:23.856526
662,Ridhi,Bera,Male,ryanbassi@example.org,01695007418,Kishanganj,Tamil Nadu,India,432987,2025-04-13,Regular,True,WEB,2025-07-28 12:16:32.608345,2026-05-20 02:55:21.420963
663,Nitara,Padmanabhan,Male,aarinimallick@example.com,+916198273481,Madurai,Arunachal Pradesh,India,502589,2023-08-17,Gold,True,WEB,2025-04-04 01:45:26.846493,2025-07-14 21:32:06.962640
664,Chaman,Kala,Female,raksha48@example.org,02680648606,Jammu,Odisha,India,448838,2023-07-30,Regular,True,WEB,2025-08-15 03:34:31.659382,2025-09-07 19:17:05.918229
665,Lavanya,Misra,Female,idevi@example.org,05077406579,Nagercoil,Assam,India,623920,2023-01-29,Regular,True,MOBILE,2023-09-11 05:28:28.958016,2025-12-27 22:43:26.694722
666,Ekta,Chhabra,Female,takdayamai@example.net,+919131117861,Ajmer,Karnataka,India,760220,2024-07-13,Regular,True,STORE,2025-08-18 12:00:55.153215,2025-12-10 02:41:10.691094
667,Divya,Loyal,Male,goelaadi@example.org,2275950026,Vijayawada,Karnataka,India,532594,2023-08-04,Regular,True,MOBILE,2025-06-08 14:40:57.118216,2026-06-22 03:58:21.403706
668,Raksha,Mandal,Male,tailorharish@example.com,3279805950,Amritsar,Arunachal Pradesh,India,649340,2023-10-06,Regular,True,STORE,2026-04-04 09:40:06.846917,2026-05-12 10:40:30.132051
669,Arunima,Pall,Male,azadkala@example.com,+918941184913,Tadepalligudem,Punjab,India,855359,2022-07-30,Regular,True,WEB,2026-02-25 17:43:56.103907,2026-03-15 11:19:23.362926
670,Bahadurjit,Bhargava,Female,ksur@example.net,+910696801867,Firozabad,Arunachal Pradesh,India,784233,2023-04-07,Regular,True,MOBILE,2023-06-01 02:10:27.248292,2024-08-20 07:21:26.637037
671,Kavya,Kar,Male,agatemaya@example.com,06255032501,Rajpur Sonarpur,Madhya Pradesh,India,426241,2024-05-30,Regular,True,MOBILE,2025-01-12 05:45:14.992652,2025-12-03 02:52:02.698607
672,Rachit,Doctor,Male,timothymorar@example.com,+911009060530,Sasaram,Himachal Pradesh,India,021166,2023-11-10,Regular,True,MOBILE,2024-07-18 19:20:49.534639,2025-09-20 13:33:19.952152
673,Abeer,Manda,Female,tanmayi59@example.net,7592129964,Tenali,Arunachal Pradesh,India,362027,2023-10-13,Regular,True,MOBILE,2025-12-28 13:53:59.658111,2026-05-06 05:52:44.525620
674,Turvi,Sheth,Female,dateaarav@example.com,+911523802362,Narasaraopet,Telangana,India,158189,2023-05-31,Silver,True,STORE,2025-01-19 11:15:20.027186,2025-03-03 08:55:28.950019
675,Girindra,Saraf,Female,choudhuryyahvi@example.com,+918558819597,Rourkela,Tamil Nadu,India,688005,2026-02-10,Silver,True,WEB,2026-06-09 12:31:29.470129,2026-07-10 23:40:15.853394
676,Tarak,Bhavsar,Male,gdubey@example.net,02845401822,Ujjain,Andhra Pradesh,India,283948,2026-02-23,Regular,True,WEB,2026-05-06 22:38:22.719998,2026-07-06 17:53:10.711420
677,Krishna,Dugal,Male,krishnangaurang@example.com,07432811659,Hyderabad,Sikkim,India,020304,2022-03-13,Regular,True,WEB,2026-03-30 07:06:37.338123,2026-07-22 22:45:36.226297
678,Karan,De,Male,wtank@example.org,1353028165,Vellore,Himachal Pradesh,India,300593,2026-04-01,Regular,True,WEB,2026-06-20 06:40:11.497868,2026-06-27 23:05:10.484034
679,Mitali,Char,Male,kevinbobal@example.net,+912916174690,Ballia,Telangana,India,104384,2026-03-28,Regular,True,WEB,2026-05-19 12:22:38.473366,2026-06-19 05:42:58.134667
680,Finn,Jain,Male,sainividhi@example.org,0568566706,Singrauli,Chhattisgarh,India,986550,2021-11-23,Regular,False,WEB,2023-09-14 03:28:08.635342,2024-03-01 16:21:01.594089
681,Aachal,Mital,Female,sastryraagini@example.com,+914933965049,Rourkela,Manipur,India,226261,2023-01-28,Regular,True,STORE,2024-01-28 15:57:41.829130,2025-12-22 01:28:53.728113
682,Nirja,Devan,Female,ekani42@example.org,8808799196,Mathura,Telangana,India,199643,2022-01-01,Regular,True,WEB,2026-06-03 03:12:54.170785,2026-06-16 11:45:39.219044
683,Krish,Manda,Male,xgrover@example.net,+915833343031,Ambarnath,West Bengal,India,605457,2022-07-26,Regular,True,STORE,2023-12-02 19:44:18.733840,2024-07-20 23:51:02.364947
684,Amruta,Tata,Female,sudiksha69@example.net,4535365974,Kharagpur,Telangana,India,163421,2025-06-15,Regular,True,WEB,2025-11-20 06:07:16.579863,2026-05-09 17:11:49.794843
685,Abhiram,Natarajan,Female,yashoda15@example.org,09255966472,Mathura,Andhra Pradesh,India,423591,2022-06-12,Regular,True,WEB,2023-08-15 13:43:08.218581,2023-09-08 08:27:30.818719
686,Bhavika,Ben,Male,rohan32@example.com,+914543079637,Vasai-Virar,Sikkim,India,081785,2022-11-21,Regular,True,MOBILE,2024-04-20 13:10:23.720904,2026-05-31 03:15:37.988295
687,Jyoti,Sekhon,Male,mandeesha@example.org,+915426874470,Mehsana,Gujarat,India,086523,2026-02-28,Regular,True,MOBILE,2026-03-20 22:31:24.312109,2026-04-05 03:22:23.420456
688,Qushi,Ratta,Male,niharika33@example.com,+911400527810,Anantapur,Rajasthan,India,002722,2026-02-01,Silver,True,MOBILE,2026-04-22 16:40:09.523525,2026-05-05 01:32:07.380773
689,Robert,Dar,Male,mbala@example.com,+919136817203,Davanagere,Madhya Pradesh,India,528620,2021-11-21,Regular,True,WEB,2022-10-05 02:18:30.093612,2024-07-09 11:39:14.247620
690,Vedhika,Koshy,Female,joshua59@example.com,3322273938,Mumbai,Jharkhand,India,735323,2024-07-25,Regular,True,WEB,2024-12-08 04:52:22.015612,2026-02-12 17:07:29.380143
691,Bakhshi,Singh,Female,dchand@example.net,00826971823,Agra,Bihar,India,712615,2023-09-05,Regular,True,STORE,2023-12-05 20:13:50.886566,2024-11-06 17:34:36.186100
692,Tristan,Goswami,Female,tailorradhika@example.net,08467357422,Thrissur,Tamil Nadu,India,228019,2024-10-14,Regular,True,WEB,2026-06-24 06:57:46.158648,2026-07-24 18:08:00.364468
693,Mitesh,Gour,Female,iryaravel@example.org,02953506373,Raipur,Nagaland,India,467413,2023-01-08,Platinum,False,WEB,2026-07-21 15:47:18.389495,2026-07-22 22:33:24.070891
694,Dalaja,Dara,Female,manthan01@example.org,02608463975,Rajkot,Karnataka,India,705549,2021-08-04,Regular,True,STORE,2024-12-01 03:36:41.727229,2025-04-17 21:31:53.854755
695,Ekalinga,Pillay,Female,sanghaamrita@example.org,+919556409196,Gudivada,Karnataka,India,875207,2021-12-03,Silver,True,STORE,2022-09-24 11:13:12.747898,2025-02-17 02:15:48.757978
696,Om,Saran,Male,alexanderbobal@example.net,7121241393,Udupi,Madhya Pradesh,India,897609,2025-07-30,Regular,True,MOBILE,2026-05-18 07:50:41.600916,2026-05-19 13:29:50.626555
697,Pooja,Swaminathan,Female,fkashyap@example.net,+912760759889,Tinsukia,Maharashtra,India,339431,2026-05-03,Regular,True,WEB,2026-06-11 13:27:32.177609,2026-06-14 19:27:10.880126
698,Dayamai,Guha,Male,valagaurika@example.org,+911202191505,Burhanpur,Himachal Pradesh,India,974700,2024-07-28,Regular,True,WEB,2025-10-29 05:06:23.654915,2026-02-09 02:09:35.500689
699,Meghana,Mohan,Female,radhika76@example.com,7974163656,Bardhaman,West Bengal,India,006355,2021-07-26,Silver,True,WEB,2023-09-02 05:32:18.311875,2025-04-17 13:24:36.557608
700,Libni,Magar,Female,dgrewal@example.com,+911952963530,Guntakal,Manipur,India,255128,2025-01-21,Regular,True,WEB,2025-10-06 19:30:50.810465,2025-10-17 18:51:10.376599
701,Chandani,Keer,Male,murthybimala@example.net,8959654663,Bathinda,Tripura,India,434414,2022-05-14,Regular,True,MOBILE,2024-02-07 02:01:16.539878,2024-08-10 16:02:14.244571
702,Yash,Kibe,Female,anya97@example.com,+919464088223,Guntakal,Karnataka,India,297398,2024-08-15,Regular,True,MOBILE,2025-05-22 13:38:13.222604,2026-06-24 11:45:45.188558
703,Anamika,Chaudhry,Female,nakulchawla@example.org,7202170754,Nellore,Jharkhand,India,557922,2024-10-09,Regular,True,WEB,2026-05-09 08:49:26.088243,2026-06-23 05:27:25.522934
704,Rachita,Modi,Male,jbhatt@example.net,3900251213,Thoothukudi,West Bengal,India,589635,2021-09-30,Silver,True,MOBILE,2021-10-17 21:01:47.466034,2023-03-27 09:45:25.381653
705,Aarnav,Sani,Male,kamdarekapad@example.com,5843456631,Rajahmundry,Nagaland,India,034236,2024-06-21,Regular,True,WEB,2025-10-14 00:32:41.744380,2026-06-09 17:58:39.885259
706,Yuvraj,Hayer,Male,tanvi42@example.com,03104379686,Patna,Nagaland,India,294690,2022-05-07,Platinum,True,WEB,2025-03-05 04:41:29.736775,2025-05-13 00:49:08.402547
707,Vidhi,Sarma,Female,devansh74@example.org,+914350238502,Karaikudi,Punjab,India,665275,2022-04-29,Regular,False,WEB,2025-09-25 23:51:41.392685,2025-10-23 02:35:06.548910
708,Rushil,Iyer,Female,zinaldua@example.net,+910202569133,Berhampur,Andhra Pradesh,India,346771,2025-03-18,Gold,True,MOBILE,2026-03-25 16:41:20.371096,2026-06-26 00:18:47.716935
709,Tanmayi,Patla,Male,sarmaprisha@example.org,09955302453,Vijayawada,Goa,India,984723,2025-03-26,Regular,True,WEB,2025-05-24 18:03:23.537015,2026-06-13 02:04:35.450105
710,Karan,Batra,Male,chamanshanker@example.org,0172224050,Haridwar,Uttarakhand,India,871775,2021-09-15,Regular,True,WEB,2023-01-08 14:12:00.671770,2026-04-10 03:26:08.941475
711,Qadim,Lalla,Male,rajujagvi@example.net,3872725812,Ratlam,Punjab,India,956684,2025-09-07,Silver,True,MOBILE,2026-01-18 00:26:06.568008,2026-05-15 05:22:53.069087
712,Manan,Kota,Male,okrish@example.org,09121211018,Anand,Arunachal Pradesh,India,586901,2025-02-14,Regular,True,STORE,2026-06-10 13:06:57.473468,2026-07-13 00:35:23.454950
713,Bishakha,Banik,Male,matthewpandey@example.org,9945295171,Akola,Chhattisgarh,India,643387,2023-11-01,Platinum,True,MOBILE,2023-12-20 08:28:37.551677,2026-02-08 20:55:29.342339
714,Mason,Dhawan,Male,prashadpatrick@example.com,5496330833,Durg,Jharkhand,India,048878,2022-06-21,Regular,True,STORE,2022-07-23 02:18:55.166061,2025-12-28 08:12:12.867292
715,Ucchal,Bail,Male,advaithprasad@example.net,6851953774,Sikar,Maharashtra,India,295634,2024-07-22,Regular,True,WEB,2026-05-29 11:43:46.419476,2026-05-30 03:45:32.105736
716,Onkar,Dutta,Female,mitesh06@example.org,05812920592,Guntakal,Jharkhand,India,156302,2022-06-26,Silver,True,WEB,2026-03-30 01:02:37.958425,2026-05-24 16:07:26.321299
717,Neelima,Kaul,Female,dkonda@example.net,2629420661,Rampur,Punjab,India,851331,2024-07-08,Regular,True,WEB,2025-03-01 00:29:20.019953,2026-02-03 23:32:36.538004
718,Caleb,Mahajan,Female,nakshbhatt@example.net,+912212154815,Raebareli,Nagaland,India,876401,2022-09-04,Regular,True,MOBILE,2024-10-07 14:16:24.053555,2026-04-18 20:54:29.927846
719,Dalbir,Ramachandran,Male,dalaja20@example.org,02987787358,Munger,Rajasthan,India,464196,2025-05-19,Regular,True,STORE,2025-07-05 10:41:19.010062,2025-11-08 04:53:46.284579
720,Isaac,Dhaliwal,Female,ldhillon@example.org,+912041042948,Gorakhpur,Jharkhand,India,891179,2025-03-08,Regular,True,WEB,2025-06-25 19:19:47.492210,2026-03-12 14:56:21.696770
721,Arunima,Vyas,Male,dyalyoshita@example.net,+911800366602,Ghaziabad,Andhra Pradesh,India,328538,2023-10-17,Regular,True,WEB,2026-01-29 14:03:23.650565,2026-04-11 09:37:49.599784
722,Chakradhar,Narain,Male,anamikakonda@example.net,+918058269299,Allahabad,Manipur,India,862763,2023-07-17,Platinum,True,WEB,2026-03-07 01:44:53.509449,2026-03-07 14:42:24.781436
723,Samuel,Thaker,Female,njani@example.com,01851862671,Raebareli,Nagaland,India,101328,2025-11-07,Regular,True,WEB,2025-12-23 03:57:25.988670,2026-04-21 05:13:33.990482
724,Michael,Chaudhary,Female,ikshitagrover@example.com,9187506776,Varanasi,Maharashtra,India,920881,2025-07-08,Regular,True,WEB,2025-09-22 21:39:42.977284,2025-11-30 19:36:20.555280
725,Falan,Datta,Female,asaxena@example.org,08159698384,Mehsana,Goa,India,266568,2025-11-04,Regular,False,MOBILE,2026-06-06 04:06:01.932547,2026-06-18 08:07:58.412176
726,Girindra,Devi,Male,sara34@example.net,9925539460,Bihar Sharif,Chhattisgarh,India,747296,2023-06-26,Platinum,True,MOBILE,2024-01-04 05:29:12.945374,2026-03-25 22:34:11.796088
727,Raksha,Randhawa,Female,jbains@example.org,9747485994,Bally,Assam,India,984167,2023-09-04,Regular,True,MOBILE,2026-07-13 04:27:49.788627,2026-07-16 21:26:57.682868
728,Hemal,Jhaveri,Male,zyadav@example.net,+916498044509,Kottayam,Uttar Pradesh,India,052102,2022-10-10,Regular,False,WEB,2025-12-14 08:02:48.863131,2026-04-09 02:00:01.207241
729,Mugdha,Mann,Male,badamipraneel@example.com,4581308898,Kalyan-Dombivli,Karnataka,India,488399,2023-07-22,Regular,True,STORE,2026-06-12 16:25:11.866184,2026-06-14 08:27:09.771703
730,Hitesh,Palan,Female,akhalsa@example.org,05000305661,Kurnool,Andhra Pradesh,India,641849,2025-03-31,Gold,True,MOBILE,2025-08-04 01:46:53.443588,2026-06-03 16:57:50.068185
731,Chaitaly,Sankaran,Male,gben@example.com,0187260013,Serampore,Tamil Nadu,India,034444,2022-07-09,Regular,True,STORE,2024-04-16 11:46:35.860643,2025-07-09 18:02:27.618272
732,Veda,Mahal,Female,pahal86@example.com,+914062215599,Morena,Chhattisgarh,India,622219,2022-03-21,Regular,True,WEB,2024-10-20 23:11:11.923894,2024-11-17 18:14:16.099319
733,Chaitaly,Sarraf,Male,kuruvillawishi@example.com,06484559396,Tirunelveli,Bihar,India,835071,2021-08-07,Regular,True,MOBILE,2022-10-08 19:02:43.255902,2026-04-21 23:07:15.266356
734,Tejas,Chaudry,Male,dakshaggarwal@example.net,+916221173277,Khandwa,Tripura,India,883958,2026-05-30,Regular,True,STORE,2026-06-15 04:51:24.210307,2026-07-14 11:09:20.176111
735,Onveer,Golla,Female,onkar52@example.net,01618575917,Pimpri-Chinchwad,Karnataka,India,805491,2023-03-02,Silver,True,STORE,2025-06-17 01:14:40.345649,2026-01-26 13:02:52.664235
736,Victor,Pau,Female,ishanvidhaliwal@example.com,08417159497,Bhilwara,Jharkhand,India,053788,2022-11-07,Regular,True,MOBILE,2024-07-14 22:26:10.017975,2025-01-30 06:59:14.409441
737,Oviya,Chacko,Male,iyerwriddhish@example.net,9260878828,Nagercoil,Uttar Pradesh,India,787304,2021-09-17,Silver,True,STORE,2022-08-29 00:40:50.940225,2024-09-22 18:32:53.421114
738,Dev,Munshi,Male,jasonsaxena@example.net,06535378018,Raurkela Industrial Township,Maharashtra,India,344671,2025-09-12,Regular,True,WEB,2026-01-27 13:15:42.547313,2026-03-25 01:13:19.222116
739,Nicholas,Rao,Male,mukherjeeudarsh@example.org,02999466450,Vadodara,Bihar,India,898573,2025-03-28,Regular,True,STORE,2025-10-28 10:10:06.589966,2026-02-07 16:52:42.231582
740,Harini,Gade,Female,chadanimrat@example.net,4424648849,Ballia,Kerala,India,285759,2024-06-12,Silver,False,MOBILE,2025-07-27 21:08:21.120521,2025-10-20 16:25:13.784009
741,Indrajit,Behl,Male,lukebora@example.com,9789124883,Jodhpur,Manipur,India,598445,2023-04-21,Silver,True,STORE,2024-12-30 09:19:03.228952,2026-06-24 03:49:46.361655
742,Samuel,Sandal,Female,hdutta@example.com,1123038856,Jodhpur,Odisha,India,978145,2025-08-13,Regular,True,WEB,2026-05-13 14:15:15.392661,2026-07-10 10:19:39.830742
743,Ojas,Cheema,Female,ksidhu@example.org,05286693351,Dibrugarh,Nagaland,India,705326,2024-06-11,Silver,True,WEB,2026-04-29 06:03:27.772976,2026-05-01 05:26:21.684237
744,Wridesh,Buch,Male,kotharijeremiah@example.net,04255136090,Deoghar,Uttar Pradesh,India,810450,2021-08-29,Gold,True,WEB,2025-04-23 12:19:26.028945,2025-06-18 07:22:18.210847
745,Samuel,Rattan,Male,ozawatika@example.org,06271358969,Bhagalpur,Kerala,India,900585,2025-12-16,Regular,True,STORE,2026-02-20 06:16:58.894983,2026-06-11 02:26:16.955672
746,Qushi,Chana,Male,bishakha73@example.org,5663979255,Salem,Madhya Pradesh,India,369028,2026-06-10,Regular,True,MOBILE,2026-07-24 07:10:53.022118,2026-07-25 04:38:44.502716
747,Ayaan,Dutt,Female,aradhakrishnan@example.org,03428164416,Visakhapatnam,Bihar,India,535846,2026-02-12,Silver,True,STORE,2026-04-30 00:44:53.276654,2026-05-15 17:14:29.985566
748,Jeet,Barad,Male,aaravdeshmukh@example.com,+910427636281,Rampur,Sikkim,India,718939,2025-09-14,Regular,False,STORE,2025-09-27 11:19:03.847614,2026-01-17 19:05:26.374955
749,Nisha,Basu,Female,ztandon@example.com,9092288498,Gopalpur,West Bengal,India,513587,2023-02-23,Regular,True,WEB,2023-11-13 22:07:37.250683,2023-12-05 04:38:36.512703
750,Ronith,Bail,Male,ydar@example.org,04034398818,Tiruppur,Nagaland,India,758333,2022-03-29,Regular,True,MOBILE,2024-05-12 09:41:03.708850,2025-05-12 00:12:50.352546
751,Zayan,Chandra,Male,abhiramarora@example.net,+915386028262,Bilaspur,Uttar Pradesh,India,041231,2023-08-02,Regular,True,STORE,2025-11-07 05:20:41.415489,2026-03-04 03:46:17.521811
752,Triya,Desai,Female,loyalati@example.org,+910794193245,Suryapet,Rajasthan,India,097941,2024-08-13,Regular,True,MOBILE,2026-01-10 03:22:37.354576,2026-03-21 00:21:35.269998
753,Aradhana,Shroff,Male,somanmatthew@example.net,04963225174,Udaipur,Jharkhand,India,432611,2026-05-03,Silver,True,MOBILE,2026-07-18 23:49:41.930390,2026-07-19 21:52:12.218231
754,Dalaja,Raja,Male,schaudhary@example.com,+910702867202,Patna,Punjab,India,366219,2024-03-24,Regular,True,STORE,2025-09-05 16:03:28.205337,2025-09-17 02:34:27.008325
755,Azaan,Anne,Female,udyati79@example.com,+910173259007,Tadepalligudem,Manipur,India,307221,2023-05-13,Regular,True,WEB,2024-09-02 14:02:20.056598,2025-09-13 03:52:20.729541
756,Benjamin,Upadhyay,Female,pborra@example.com,02210454617,Jehanabad,Goa,India,707443,2022-02-08,Regular,True,MOBILE,2024-07-07 04:30:46.635810,2025-04-17 23:58:29.368794
757,Umang,Mitra,Male,karan25@example.org,+916025239412,Ballia,Himachal Pradesh,India,772690,2023-08-06,Regular,False,STORE,2026-07-07 04:47:00.620960,2026-07-09 19:51:30.518399
758,Ira,Mutti,Male,karkalpit@example.com,01794802455,Gorakhpur,Madhya Pradesh,India,211915,2022-08-08,Regular,True,MOBILE,2023-04-29 08:00:54.592182,2025-05-27 07:24:47.023958
759,Gavin,Garde,Female,zzachariah@example.net,09864786862,Madhyamgram,Madhya Pradesh,India,088447,2026-05-03,Regular,True,WEB,2026-06-16 18:25:01.365852,2026-07-22 08:36:41.114431
760,Gaurang,Choudhary,Male,swaminathanbishakha@example.net,2164006983,Narasaraopet,Telangana,India,353484,2022-11-08,Regular,True,STORE,2024-09-30 19:44:56.198475,2025-03-02 16:26:00.972193
761,Balveer,Thaman,Female,jacobkapur@example.net,6546220212,Pallavaram,Sikkim,India,055033,2024-02-10,Regular,True,WEB,2024-10-09 09:26:22.982433,2026-06-19 02:22:06.217672
762,Krisha,Kothari,Female,neha73@example.net,+919008899114,Machilipatnam,Uttar Pradesh,India,091692,2021-07-27,Regular,True,WEB,2021-09-02 14:53:30.984182,2024-05-09 17:25:55.326227
763,Tanmayi,Wali,Female,ybasu@example.org,5481867463,Dhanbad,Andhra Pradesh,India,336113,2025-08-30,Regular,True,STORE,2025-10-14 17:40:27.177664,2026-03-03 23:33:07.885201
764,Frederick,Nadkarni,Female,pingleaashi@example.com,2942034015,North Dumdum,Tripura,India,466075,2026-04-30,Regular,True,WEB,2026-05-07 02:57:33.228090,2026-05-14 17:45:20.516752
765,Bhanumati,Mahajan,Female,csankaran@example.org,0108240281,Durgapur,Rajasthan,India,879402,2023-06-09,Platinum,True,WEB,2025-03-26 13:51:16.147037,2026-01-10 16:51:50.946615
766,Hiral,Tella,Female,tanejaadweta@example.net,02735364235,Pune,Andhra Pradesh,India,129182,2026-05-14,Regular,True,WEB,2026-06-11 07:11:13.475662,2026-06-12 18:48:15.410702
767,Omya,Boase,Female,falakpal@example.net,+914610079230,Purnia,Maharashtra,India,012838,2024-04-26,Regular,True,WEB,2025-01-23 08:57:01.508687,2025-11-20 04:37:23.160213
768,Parth,Iyer,Female,prishabiswas@example.com,+912048507665,Rampur,Jharkhand,India,042276,2022-04-11,Regular,True,WEB,2022-08-24 18:00:17.430984,2022-12-31 02:53:33.333263
769,Aryan,Chhabra,Female,natarajanwarjas@example.org,07347243586,Pallavaram,Maharashtra,India,251272,2026-07-02,Regular,True,MOBILE,2026-07-21 21:46:41.864796,2026-07-22 22:38:16.563068
770,Omya,Ram,Male,mugdha22@example.com,+919768784947,Jodhpur,Sikkim,India,903500,2023-07-14,Regular,True,MOBILE,2026-07-10 19:37:08.273707,2026-07-18 05:25:47.811743
771,Chavvi,Tella,Male,jmitra@example.org,+915434046682,Saharanpur,Assam,India,649525,2023-08-17,Regular,True,STORE,2026-05-14 01:41:18.865137,2026-07-11 08:34:36.268188
772,Mugdha,Malhotra,Female,gaurang11@example.net,9738818273,Haldia,Haryana,India,359488,2022-11-05,Platinum,True,STORE,2025-10-07 04:53:00.567062,2025-10-12 05:01:01.262389
773,Aradhana,Saini,Male,ravelnidhi@example.com,+915110212543,Gwalior,Uttar Pradesh,India,301604,2025-08-05,Regular,True,STORE,2026-04-18 13:31:35.316773,2026-06-09 05:22:44.235205
774,Wriddhish,Taneja,Male,harishtiwari@example.com,+910320319789,Jodhpur,Assam,India,003471,2024-08-13,Regular,True,STORE,2026-06-20 13:10:51.893267,2026-07-05 07:20:18.454559
775,Hardik,Shukla,Male,xbath@example.net,+916259084194,Loni,Karnataka,India,011375,2022-10-06,Regular,True,WEB,2025-08-12 13:35:39.197142,2026-01-31 17:01:39.043520
776,Arin,Sodhi,Male,sachivirk@example.net,+917279037161,Bhopal,Nagaland,India,972239,2022-09-05,Platinum,True,WEB,2024-09-26 10:00:06.661594,2026-01-10 09:25:24.329901
777,Zayan,Srivastava,Female,idara@example.org,05307681024,Jamalpur,Kerala,India,780024,2025-12-16,Regular,True,WEB,2026-04-25 04:16:39.864908,2026-07-24 06:05:05.762849
778,Krishna,Kala,Male,kgrewal@example.org,09069685746,Jaipur,Madhya Pradesh,India,516913,2024-11-27,Silver,True,STORE,2025-05-23 11:13:59.224289,2026-04-30 02:23:28.550748
779,Lucky,Chakraborty,Male,christopher16@example.com,+916107033508,Sangli-Miraj & Kupwad,Jharkhand,India,198392,2024-06-14,Regular,True,MOBILE,2026-07-11 21:30:22.500535,2026-07-24 10:33:17.468987
780,Thomas,Bajwa,Female,mitrahredhaan@example.net,09105302151,Fatehpur,Telangana,India,864633,2023-01-02,Regular,True,WEB,2026-01-18 04:08:55.571518,2026-04-22 21:43:31.109933
781,Viraj,Mukherjee,Female,chanderaarush@example.com,+911476427896,Imphal,Meghalaya,India,855128,2024-11-24,Regular,True,MOBILE,2026-06-16 06:07:39.005399,2026-07-19 23:38:12.039505
782,Forum,Chaudhari,Male,vivaanpradhan@example.net,08155426097,Ambattur,Telangana,India,024465,2025-05-31,Gold,True,WEB,2026-06-15 18:39:50.131598,2026-07-21 16:54:42.546373
783,Lohit,Bansal,Female,dhruv71@example.org,03087156478,Ongole,Sikkim,India,317543,2025-06-02,Gold,True,STORE,2025-11-25 21:43:10.371327,2026-03-17 14:19:56.036412
784,Chaman,Bora,Female,yahvi57@example.net,+916029254686,Hospet,Goa,India,076642,2024-03-18,Regular,True,MOBILE,2026-01-14 03:17:19.238084,2026-07-03 23:03:53.032020
785,Samuel,Dhawan,Male,tbir@example.org,03867625923,Dibrugarh,Uttarakhand,India,906048,2021-08-11,Regular,True,MOBILE,2024-11-03 23:24:29.853079,2025-06-29 00:46:28.330981
786,Vivaan,Goda,Female,nattkamala@example.org,00508927396,Khammam,Punjab,India,640535,2026-02-26,Regular,True,WEB,2026-05-15 03:55:20.696828,2026-06-12 04:07:24.536478
787,Ubika,Tata,Male,hemangini42@example.com,+919038422736,Sirsa,Telangana,India,202227,2023-08-14,Regular,True,WEB,2023-10-15 04:25:55.211465,2025-02-06 14:10:00.399150
788,Kamala,Suri,Female,fdara@example.org,02042985144,Gangtok,Nagaland,India,052169,2022-01-28,Regular,True,WEB,2025-06-29 11:59:52.552549,2026-05-22 05:28:18.064311
789,Rachit,Balan,Female,odikaatwal@example.org,02647106801,Madhyamgram,Tripura,India,316370,2021-08-07,Silver,True,MOBILE,2024-07-01 22:27:24.847654,2026-03-01 13:15:42.821641
790,Bishakha,Issac,Male,qasimsachdev@example.com,+914469317294,Bhiwani,Haryana,India,839065,2026-01-01,Regular,False,WEB,2026-05-21 17:23:13.541394,2026-07-21 13:43:20.205488
791,Ekta,Chopra,Female,umangdatta@example.com,2728129163,Nashik,Jharkhand,India,026676,2022-11-11,Regular,True,MOBILE,2023-06-10 08:07:42.506301,2024-07-13 11:05:02.358871
792,Ojas,Modi,Male,samesh97@example.com,9507088640,Shimla,Kerala,India,020801,2024-10-16,Regular,True,WEB,2026-04-02 11:12:20.863846,2026-05-24 03:09:35.824932
793,Chakradhar,Gandhi,Female,farasprabhu@example.com,+919044890932,Karnal,Gujarat,India,320235,2024-05-21,Silver,True,STORE,2026-03-22 00:23:55.972198,2026-04-12 13:05:39.220192
794,Garima,Padmanabhan,Male,comarupkaar@example.com,05036988843,Sambalpur,Gujarat,India,436296,2021-11-23,Regular,True,WEB,2022-08-12 13:33:14.303945,2024-02-03 12:23:46.557233
795,Vihaan,Das,Male,amrutamadan@example.org,+919075965999,Pimpri-Chinchwad,Bihar,India,376317,2022-03-22,Regular,True,WEB,2025-09-29 21:08:53.124428,2025-10-07 20:04:22.080399
796,Dominic,Aurora,Male,mgopal@example.com,1937591922,Amroha,Assam,India,175362,2023-11-11,Regular,True,STORE,2025-06-13 13:36:28.856496,2025-10-04 14:19:47.940096
797,Eiravati,Dora,Male,ykrishnamurthy@example.org,+910961730099,Katihar,Himachal Pradesh,India,240321,2026-04-13,Regular,True,MOBILE,2026-07-10 08:54:54.554649,2026-07-14 11:31:03.030730
798,Isha,Anne,Male,girindra43@example.net,+911914308779,Kolhapur,Himachal Pradesh,India,925422,2021-11-15,Regular,True,MOBILE,2025-02-11 01:49:03.120686,2026-05-12 07:02:43.528850
799,Aachal,Nagy,Female,goleabhimanyu@example.com,7706769333,Giridih,Odisha,India,515902,2026-06-01,Regular,True,MOBILE,2026-06-28 06:35:07.494632,2026-07-04 16:10:58.249656
800,Rachita,Maharaj,Female,venkateshgauri@example.net,5883825672,Malegaon,Andhra Pradesh,India,672925,2023-04-06,Regular,True,WEB,2025-08-17 06:02:31.676767,2026-04-01 22:19:33.988490
801,Eiravati,Prakash,Male,ramanathanom@example.net,+912250182562,Amroha,Goa,India,394201,2023-02-01,Regular,True,WEB,2023-11-03 07:05:44.451097,2025-12-18 14:04:02.383844
802,Anusha,Chahal,Male,parth90@example.org,6627026604,Faridabad,Odisha,India,632174,2025-10-25,Gold,True,MOBILE,2025-12-10 08:12:50.283255,2026-01-16 05:43:41.923039
803,Falan,Bedi,Female,kandayatan@example.com,+918922247119,Eluru,West Bengal,India,060827,2024-10-18,Regular,True,STORE,2024-10-30 02:36:54.349571,2025-03-25 18:28:41.291226
804,Mugdha,Choudhry,Male,ebhakta@example.com,+916438500953,Malegaon,Gujarat,India,617623,2023-12-28,Regular,True,WEB,2024-02-01 01:10:37.561427,2025-01-28 03:37:17.369084
805,Rudra,Roy,Male,aroraaashi@example.com,1642316544,Thiruvananthapuram,Manipur,India,776857,2024-12-05,Regular,True,STORE,2025-04-06 19:25:19.699163,2026-05-23 09:51:47.300432
806,Pahal,Joshi,Female,brinda29@example.org,06175518870,Shimla,Punjab,India,242024,2026-04-26,Regular,True,WEB,2026-07-15 19:26:49.910873,2026-07-22 23:50:50.326463
807,Amara,Brahmbhatt,Female,oganguly@example.com,06538694790,Secunderabad,West Bengal,India,853626,2024-05-12,Regular,True,MOBILE,2025-05-05 04:18:22.290564,2025-09-01 03:15:13.202700
808,Oscar,Hora,Female,elata@example.net,+910953855742,Katni,Telangana,India,359900,2024-05-11,Regular,True,STORE,2024-06-13 09:24:52.171203,2025-11-26 16:09:01.275323
809,Adweta,Sane,Female,modyvrinda@example.net,6143788443,Faridabad,Madhya Pradesh,India,187564,2024-06-20,Regular,True,WEB,2024-12-05 15:59:25.106960,2025-10-20 01:57:03.947643
810,Lipika,Kaur,Male,xbhavsar@example.net,01858990027,Rourkela,Odisha,India,084507,2026-01-16,Regular,True,WEB,2026-06-26 15:10:45.041657,2026-06-30 09:45:44.238890
811,Bina,Keer,Female,nisha60@example.com,+913374698330,Karawal Nagar,Rajasthan,India,306718,2024-10-23,Gold,True,MOBILE,2026-04-12 09:14:29.109431,2026-05-22 10:08:04.289849
812,Nirja,Soman,Female,finn90@example.net,08865385906,Tiruppur,Odisha,India,342898,2026-03-24,Regular,True,WEB,2026-04-15 13:54:48.446862,2026-05-04 01:32:26.354818
813,Divya,Naidu,Male,mittallakshit@example.org,+917048618670,Katni,Gujarat,India,016290,2025-05-05,Silver,True,MOBILE,2026-07-19 17:49:45.941953,2026-07-19 21:04:30.887975
814,Peter,Upadhyay,Female,yadavnathaniel@example.com,+918265337170,Aizawl,Punjab,India,269420,2023-12-08,Regular,True,MOBILE,2026-06-01 02:33:36.698972,2026-07-02 14:04:32.398874
815,Wahab,Chahal,Female,etamittal@example.net,9014599670,Khora ,Goa,India,958730,2022-08-04,Regular,True,WEB,2025-05-09 08:36:09.069877,2026-01-01 01:53:30.977004
816,Anita,Kata,Male,yatan02@example.net,1781678066,Korba,Sikkim,India,589016,2023-05-27,Regular,False,STORE,2026-07-21 00:15:53.853315,2026-07-23 07:39:39.289498
817,Lucky,Vaidya,Female,narasimhanaarav@example.org,00170926407,Kurnool,Andhra Pradesh,India,817262,2024-10-24,Silver,True,MOBILE,2025-04-03 12:02:00.137113,2026-04-07 14:24:27.289574
818,Owen,Minhas,Female,eta00@example.com,+918895927411,Panvel,Andhra Pradesh,India,919612,2024-03-15,Gold,True,MOBILE,2025-08-14 23:13:20.621005,2026-01-04 18:14:30.129224
819,Bachittar,Wali,Male,anaykhatri@example.net,+917026344435,Udaipur,Rajasthan,India,587012,2025-07-24,Silver,True,WEB,2025-12-19 19:06:05.515011,2026-01-17 14:36:17.444243
820,Luke,Misra,Male,kashvikale@example.com,0912375302,Jehanabad,Manipur,India,039670,2021-08-13,Regular,True,MOBILE,2025-04-22 23:26:02.055095,2026-04-29 12:01:13.736633
821,Eesha,Deol,Male,brijesh55@example.org,6481875403,Darbhanga,Uttarakhand,India,159773,2022-03-21,Gold,True,MOBILE,2025-06-30 05:04:06.582648,2025-10-02 17:42:51.841825
822,Nirja,Doshi,Male,joshuakashyap@example.com,+916679986491,Serampore,Odisha,India,972204,2024-02-24,Regular,True,WEB,2024-10-24 22:11:38.877937,2026-01-22 16:24:31.073487
823,Nirja,Dave,Female,rajagopalanomaja@example.com,+917996235699,Giridih,Telangana,India,358768,2022-06-28,Regular,True,MOBILE,2024-08-16 13:10:23.480441,2024-12-25 03:41:24.933371
824,Rachit,Pradhan,Male,tarora@example.org,+914820849315,Madanapalle,Mizoram,India,912260,2024-02-19,Regular,True,MOBILE,2025-11-10 03:06:31.829450,2026-03-06 03:01:15.041177
825,Chandran,Shukla,Male,ndin@example.net,1430491341,Kurnool,Mizoram,India,528720,2021-09-15,Regular,True,WEB,2026-01-23 06:09:08.655132,2026-03-17 06:46:41.231630
826,Leela,Mishra,Female,krishnaminhas@example.org,09208235309,Purnia,Maharashtra,India,948962,2024-07-08,Regular,True,STORE,2025-08-15 16:25:59.223438,2026-03-25 03:50:01.209879
827,Bahadurjit,Pingle,Male,iwalla@example.org,+917530796618,Aurangabad,Karnataka,India,240434,2026-02-20,Regular,True,WEB,2026-05-19 07:19:47.485245,2026-07-23 19:17:36.694453
828,Umang,Bora,Female,vasatikamutti@example.com,+910077732175,Kamarhati,Maharashtra,India,920259,2024-01-06,Regular,True,WEB,2024-04-27 05:51:21.314533,2024-09-08 01:27:21.973832
829,Rushil,Varty,Male,nhari@example.com,+913424447489,Gopalpur,Meghalaya,India,078623,2025-04-13,Regular,True,WEB,2026-01-11 10:38:06.197326,2026-06-01 05:16:50.936219
830,Abdul,Singhal,Male,enagy@example.net,+917085173289,Vijayawada,Himachal Pradesh,India,634091,2023-02-19,Regular,True,MOBILE,2023-05-12 06:23:28.957651,2026-06-18 17:10:01.345940
831,Hiral,Brar,Male,nagisiya@example.com,09653916077,Dhanbad,Jharkhand,India,930454,2024-05-09,Regular,True,MOBILE,2025-02-18 19:41:27.197480,2025-02-19 13:54:39.076063
832,Yuvraj,Doctor,Male,finnzacharia@example.org,3966203858,Alwar,Rajasthan,India,788026,2022-02-23,Regular,True,WEB,2023-05-14 18:11:38.262900,2023-06-05 05:06:24.594620
833,Lavanya,Mandal,Female,njhaveri@example.net,+915623039744,Ambala,Mizoram,India,670898,2023-03-03,Platinum,True,WEB,2025-03-26 05:45:28.587544,2025-09-06 12:33:05.237029
834,Benjamin,Dalal,Male,zachariahbaghyawati@example.org,+911326611584,Kishanganj,Arunachal Pradesh,India,263211,2023-12-23,Silver,False,STORE,2026-06-25 21:16:54.776309,2026-07-13 11:18:22.027175
835,Suhani,Dutt,Male,andrewmurthy@example.org,7077454470,Thiruvananthapuram,Assam,India,146199,2024-07-13,Regular,True,MOBILE,2025-05-08 09:04:32.770530,2025-09-16 04:15:24.308779
836,Vedika,Ram,Male,adeo@example.org,+915960530261,Pune,Chhattisgarh,India,787036,2023-04-04,Regular,True,WEB,2024-01-23 16:42:45.402847,2024-09-28 11:41:05.729288
837,Charles,Ramaswamy,Female,benjaminrandhawa@example.com,+916050281640,Hyderabad,West Bengal,India,909120,2024-02-23,Regular,True,WEB,2024-04-05 18:30:34.027218,2026-05-25 22:41:43.061370
838,Janya,Deshmukh,Male,lalaharinakshi@example.org,3759795319,Katni,Arunachal Pradesh,India,986027,2025-08-03,Regular,True,MOBILE,2025-10-26 13:11:23.832758,2025-11-03 09:08:52.549058
839,Chakrika,Nagy,Female,anjali92@example.org,04894453811,Kishanganj,Bihar,India,558344,2023-04-22,Regular,True,WEB,2025-12-16 19:41:47.711408,2026-04-04 13:07:23.466086
840,Oliver,Prabhakar,Female,jatintak@example.net,00566036162,Hosur,Maharashtra,India,704726,2025-05-16,Regular,True,STORE,2025-11-05 08:00:28.697570,2026-02-19 18:07:11.344279
841,Ira,Bhatnagar,Female,yamini50@example.org,03017316715,Meerut,Kerala,India,905224,2026-01-26,Regular,True,STORE,2026-04-09 05:54:05.498085,2026-04-23 06:53:04.776237
842,Damyanti,Sathe,Male,daksh64@example.net,5315790571,Loni,Rajasthan,India,646936,2023-01-27,Silver,True,WEB,2023-10-20 18:59:42.456822,2025-06-07 14:02:18.048276
843,Robert,Naidu,Female,olalla@example.net,7680570237,Hubli–Dharwad,Nagaland,India,301922,2023-03-19,Silver,True,WEB,2026-03-06 18:34:54.015180,2026-05-23 14:55:17.510813
844,Teerth,Gupta,Female,varenyakala@example.net,+913964402825,Ujjain,Uttarakhand,India,769924,2021-09-08,Silver,True,MOBILE,2023-06-11 01:52:01.460832,2024-12-19 12:39:15.760098
845,Nathaniel,Kapur,Male,lohit02@example.org,2091401693,Akola,Mizoram,India,423471,2022-05-22,Regular,True,WEB,2024-05-13 02:28:13.554338,2024-11-19 06:43:29.077867
846,Aditya,Subramanian,Male,ekani15@example.com,5260756999,Panihati,Nagaland,India,100643,2024-08-01,Regular,True,MOBILE,2025-08-15 23:04:10.286399,2026-06-17 09:38:31.137826
847,Rachana,Dora,Female,waidasengupta@example.com,03316806647,Mango,Andhra Pradesh,India,850360,2022-08-17,Silver,True,MOBILE,2023-03-27 13:13:45.445021,2025-10-22 22:16:46.982830
848,Daksha,Deshmukh,Male,frado07@example.net,00274067582,Malda,Maharashtra,India,590620,2023-03-28,Regular,True,MOBILE,2024-04-11 15:23:51.196634,2025-09-14 10:15:56.141638
849,Yashoda,Parikh,Female,alala@example.net,+914974597931,Dharmavaram,Tamil Nadu,India,984914,2025-10-10,Regular,True,WEB,2025-12-19 16:19:53.047588,2026-03-17 19:20:55.942478
850,Divya,Murthy,Male,mandasarthak@example.org,06432239461,Salem,Goa,India,159485,2024-07-21,Regular,True,WEB,2025-12-21 12:11:13.133817,2026-03-23 17:33:07.509094
851,Qabil,Seshadri,Male,igade@example.org,8474225678,Rajkot,West Bengal,India,237887,2022-09-13,Regular,True,MOBILE,2022-10-05 23:34:14.158504,2025-06-03 13:47:45.784539
852,Bina,Bir,Male,dvig@example.com,1349564799,Katni,Andhra Pradesh,India,867949,2021-11-06,Regular,True,WEB,2024-12-12 01:08:10.161639,2026-07-09 03:31:12.881164
853,Wyatt,Aggarwal,Female,mdube@example.com,+910809261662,Navi Mumbai,Maharashtra,India,557864,2025-06-09,Gold,True,MOBILE,2025-11-15 02:57:30.246675,2026-06-25 23:59:49.023935
854,Mohini,Naidu,Male,jagrati75@example.org,+914764000687,Saharsa,Uttar Pradesh,India,824051,2023-03-19,Regular,True,STORE,2025-06-10 19:47:38.330906,2026-01-10 21:44:05.488957
855,Mitesh,Gill,Female,chasmum41@example.net,9740233868,Pune,Mizoram,India,570170,2023-08-20,Regular,True,MOBILE,2024-08-31 17:32:36.142852,2025-04-13 21:39:45.495158
856,Chanchal,Loyal,Male,simonvala@example.net,00205089830,Coimbatore,Gujarat,India,909619,2026-05-09,Gold,True,MOBILE,2026-06-09 13:55:00.481574,2026-06-11 16:00:02.409915
857,Vidhi,Deshmukh,Female,gayathri28@example.com,+913569480450,Kurnool,Kerala,India,748095,2023-12-09,Regular,True,STORE,2025-03-18 02:09:34.253457,2026-05-09 13:39:01.276828
858,Zayan,Bahl,Male,chakradev26@example.org,+919442031589,Thoothukudi,Mizoram,India,907342,2024-01-20,Gold,True,MOBILE,2025-08-28 08:08:52.391588,2025-11-10 01:58:07.563946
859,Tripti,Sinha,Female,rajeshri75@example.net,01418648230,Medininagar,Karnataka,India,841962,2021-10-06,Silver,True,MOBILE,2022-03-23 23:16:31.412855,2025-06-14 22:03:06.553244
860,Pushti,Balasubramanian,Male,krisha94@example.org,06748317306,South Dumdum,Uttarakhand,India,151817,2022-10-14,Regular,True,MOBILE,2025-09-05 23:35:03.102629,2025-10-30 05:51:24.122633
861,Lakshmi,Pathak,Female,devika69@example.net,0623272371,Ambala,Odisha,India,223790,2024-04-07,Regular,True,MOBILE,2024-08-10 13:16:11.354509,2026-02-17 13:36:20.357044
862,Priya,Mutti,Male,sara08@example.com,07954176755,Guntakal,Mizoram,India,889073,2021-09-27,Regular,True,WEB,2025-08-29 00:13:54.763044,2026-05-08 00:55:53.603906
863,Ekani,Tak,Female,mittalkala@example.net,6268384887,Tiruppur,Mizoram,India,207612,2023-11-16,Platinum,True,WEB,2024-01-20 03:20:39.952986,2025-07-08 01:12:25.252583
864,Ishwar,Bala,Female,gaurang88@example.org,+919886182070,Munger,Tamil Nadu,India,107923,2022-10-01,Silver,True,MOBILE,2024-04-09 03:47:14.263197,2024-07-09 05:22:33.759953
865,Lila,Kashyap,Male,anvivaidya@example.net,04970350675,Sasaram,Punjab,India,833557,2023-12-19,Regular,True,STORE,2024-05-06 07:18:04.459806,2025-07-29 18:06:00.827684
866,Harrison,Garde,Male,harishnaidu@example.com,00570521879,Hazaribagh,Himachal Pradesh,India,404588,2021-08-17,Regular,True,MOBILE,2024-01-11 22:41:59.626918,2024-08-17 11:02:49.104962
867,Darika,Subramanian,Female,chaudrymichael@example.org,5036871568,Agra,Odisha,India,797802,2022-08-10,Regular,True,WEB,2026-06-14 16:29:53.423680,2026-06-27 08:26:50.879594
868,Amara,Parikh,Male,svala@example.com,07940366401,Bellary,Chhattisgarh,India,737831,2022-09-21,Gold,True,MOBILE,2026-06-18 04:54:51.782890,2026-07-18 02:09:50.195455
869,Naveen,Din,Male,gkaur@example.net,08302915854,Ambattur,Haryana,India,416518,2023-05-03,Regular,True,STORE,2026-05-21 09:11:30.336995,2026-06-14 04:02:50.016067
870,Rachita,Ramachandran,Female,shuklasarthak@example.com,06746215958,Gwalior,Rajasthan,India,491617,2023-04-18,Regular,True,WEB,2025-09-16 11:22:01.015587,2026-03-03 03:03:25.265049
871,Noah,Bose,Male,ravelekbal@example.net,01344760948,Morbi,Uttar Pradesh,India,402928,2021-07-29,Platinum,True,WEB,2021-08-21 22:10:19.804854,2022-06-08 11:35:33.683707
872,Saksham,Balakrishnan,Male,paninipall@example.net,+919962183667,Amravati,Punjab,India,666102,2023-08-03,Regular,True,MOBILE,2025-07-25 11:37:41.944374,2026-07-24 05:43:17.008154
873,Arunima,Ghosh,Female,desaikabir@example.org,3499801376,Bidar,Meghalaya,India,901779,2026-07-20,Regular,True,STORE,2026-07-24 00:04:42.164527,2026-07-25 05:55:26.531707
874,Netra,Dara,Male,chaaya09@example.org,+913517465642,Faridabad,Bihar,India,372631,2021-12-02,Regular,True,MOBILE,2022-08-12 23:30:03.169825,2023-10-26 01:58:44.994606
875,Lakshmi,Natt,Female,nakul27@example.net,06414900385,Mangalore,Telangana,India,513444,2024-05-26,Gold,True,WEB,2026-02-03 07:06:18.100011,2026-04-05 16:08:39.033320
876,Veer,Acharya,Female,upasna33@example.org,05461574932,Tiruchirappalli,Bihar,India,978879,2025-12-08,Regular,True,WEB,2026-03-09 14:11:15.757374,2026-03-28 23:21:06.954612
877,Abhiram,Mann,Male,nagybhavika@example.org,07661830858,Allahabad,Bihar,India,314391,2025-09-06,Regular,True,STORE,2025-11-13 20:59:29.807151,2025-12-17 20:17:10.328250
878,Rachita,Srivastava,Male,ogarde@example.org,+917818710968,Bhusawal,Jharkhand,India,570680,2023-03-08,Regular,True,WEB,2026-05-10 03:55:05.795219,2026-05-29 05:25:20.386479
879,Rudra,Konda,Female,pradhanadya@example.org,3060023028,Thanjavur,Rajasthan,India,052241,2022-04-10,Regular,True,MOBILE,2024-02-09 12:56:09.547808,2025-07-12 01:40:06.296187
880,Nilima,Srinivasan,Male,chauhandivya@example.org,05992016633,Warangal,Chhattisgarh,India,400539,2022-01-15,Regular,True,MOBILE,2025-08-09 11:49:59.517011,2025-08-19 01:08:18.649027
881,Krishna,Dey,Male,chandranchakradhar@example.org,+913484339133,Bharatpur,Goa,India,132394,2022-03-19,Silver,True,STORE,2025-02-07 16:05:03.714033,2025-03-04 19:24:33.367966
882,Gauri,Date,Female,dakshagrewal@example.net,04497602498,Haldia,Gujarat,India,209536,2023-03-29,Gold,True,MOBILE,2026-02-05 06:03:08.844593,2026-05-31 19:17:00.819842
883,Xavier,Malhotra,Female,peter97@example.org,06152665591,Morbi,Tripura,India,253809,2025-04-24,Platinum,True,WEB,2026-02-09 04:23:20.273084,2026-04-28 21:03:40.131161
884,Urvashi,Pingle,Male,zaidravel@example.net,5247466535,Kishanganj,Odisha,India,298532,2026-02-21,Silver,True,MOBILE,2026-04-26 06:57:42.387735,2026-05-05 18:25:55.927721
885,Lipika,Tak,Female,chamelichauhan@example.com,01276383543,Bulandshahr,Nagaland,India,863906,2023-01-04,Silver,True,MOBILE,2026-02-16 05:18:47.335151,2026-06-08 17:53:36.127109
886,Chaman,Singhal,Male,farassagar@example.org,03811683710,Lucknow,Meghalaya,India,726072,2025-06-26,Silver,True,WEB,2025-11-28 02:25:37.651908,2026-04-05 22:03:33.080510
887,Anusha,Yadav,Female,jsubramaniam@example.net,+918264931214,Thiruvananthapuram,Odisha,India,762542,2025-06-08,Regular,True,WEB,2026-04-22 20:46:42.009228,2026-07-20 00:45:00.569622
888,Lipika,Minhas,Male,nidra33@example.net,+917299403694,Bhubaneswar,Goa,India,649719,2025-04-21,Regular,True,MOBILE,2026-07-21 10:43:05.965056,2026-07-23 22:11:05.368689
889,Udarsh,Kamdar,Female,thomas91@example.org,+916125901639,Bhimavaram,Arunachal Pradesh,India,333443,2023-08-12,Regular,True,WEB,2026-07-14 02:52:02.564596,2026-07-14 09:46:04.121028
890,Samesh,Mahal,Female,mandachakradev@example.net,4101679301,Tinsukia,Assam,India,604991,2023-12-11,Regular,True,WEB,2025-09-08 11:47:52.470387,2026-06-02 00:25:04.696075
891,Neel,Barad,Female,omishasahni@example.org,08019903421,Rampur,Mizoram,India,484203,2025-06-02,Regular,True,STORE,2025-06-21 21:32:29.606525,2025-10-24 00:56:39.875125
892,Vanya,Char,Male,nchaudhry@example.net,00157117132,Ballia,Sikkim,India,024702,2023-02-27,Silver,True,MOBILE,2023-05-30 22:30:28.343789,2023-08-09 14:47:16.441642
893,Gaurang,Mann,Male,darkevin@example.net,04527193678,Pallavaram,Madhya Pradesh,India,639138,2026-06-01,Platinum,True,MOBILE,2026-06-29 07:25:17.880853,2026-07-20 05:30:44.262166
894,Xalak,Mitra,Female,raghavanjason@example.net,02321540131,Bellary,Karnataka,India,696261,2025-07-03,Silver,True,MOBILE,2025-08-02 20:51:47.216539,2026-06-26 02:51:30.840665
895,Oliver,Naidu,Male,watikamuni@example.org,+912547179899,Saharsa,Mizoram,India,669489,2023-08-05,Regular,True,STORE,2024-05-05 21:22:27.823736,2025-02-09 00:17:21.505359
896,Azaan,Pingle,Male,oakrachita@example.com,06355842271,Bhatpara,Madhya Pradesh,India,256504,2026-06-22,Regular,True,STORE,2026-07-11 22:43:05.327564,2026-07-25 02:37:17.699710
897,Brijesh,Butala,Female,anvi13@example.org,08624087100,Alappuzha,Nagaland,India,417282,2023-06-23,Regular,True,MOBILE,2023-07-02 00:30:32.511741,2023-07-27 06:26:23.257633
898,Indrajit,Dara,Male,neel23@example.org,2228240847,Bhatpara,Mizoram,India,599940,2021-08-07,Regular,False,STORE,2023-08-16 04:56:22.788721,2024-03-09 15:08:09.721373
899,Amrita,Sethi,Female,karikashish@example.org,1350535722,Chennai,Uttar Pradesh,India,415780,2021-07-26,Silver,True,MOBILE,2022-01-10 10:12:10.181473,2025-04-27 20:11:53.315831
900,Joshua,Zachariah,Female,boraarjun@example.com,+919453419528,Firozabad,Jharkhand,India,867428,2024-07-21,Silver,True,WEB,2025-06-27 00:13:18.723317,2025-09-29 12:25:35.213461
901,Udant,Bajaj,Male,wkapadia@example.com,08037891213,Chandrapur,Haryana,India,990558,2021-09-28,Regular,True,WEB,2022-02-24 17:16:54.968605,2024-05-26 13:26:02.741501
902,Kashish,Mohan,Female,mallrachit@example.net,0696904528,Kanpur,Madhya Pradesh,India,065673,2023-03-06,Gold,True,MOBILE,2024-05-05 05:55:59.077712,2025-06-09 02:47:06.420559
903,Caleb,Butala,Male,jnadkarni@example.com,01368149802,Muzaffarnagar,Rajasthan,India,843769,2022-09-23,Regular,True,WEB,2025-08-17 15:13:20.940173,2025-12-22 12:03:14.852329
904,Chakrika,Luthra,Male,tripti72@example.com,+918423242348,Patna,Himachal Pradesh,India,724155,2024-08-18,Silver,True,MOBILE,2025-11-13 04:13:26.955485,2026-06-16 22:46:55.321338
905,Falak,Warrior,Female,divya74@example.net,+916279602425,Ghaziabad,Haryana,India,329594,2022-10-17,Regular,True,MOBILE,2026-01-31 13:58:35.875761,2026-05-16 12:16:54.188196
906,Ekanta,Yogi,Female,lilakara@example.org,00296629917,Navi Mumbai,Meghalaya,India,292204,2023-05-10,Silver,True,WEB,2026-05-05 08:56:00.662792,2026-07-13 01:51:54.526740
907,Peter,Dar,Male,wridesh92@example.com,09370632503,Ahmednagar,Odisha,India,804850,2021-12-29,Regular,True,WEB,2024-02-11 14:26:40.253736,2026-05-21 14:11:31.146030
908,Chanakya,Cherian,Male,yagneshkakar@example.com,3797190000,Amaravati,Rajasthan,India,616225,2022-06-26,Platinum,True,WEB,2022-09-01 04:34:09.110085,2023-01-14 16:54:12.259052
909,Waida,Bhatt,Male,irya94@example.org,7992304532,Gwalior,Madhya Pradesh,India,781456,2023-06-11,Regular,True,MOBILE,2025-09-06 17:07:10.435172,2025-12-06 00:33:55.132343
910,Sachi,Arya,Male,merchantira@example.org,9117766650,Belgaum,Sikkim,India,612092,2023-01-04,Regular,True,MOBILE,2025-08-13 21:21:15.837974,2026-05-30 08:23:11.415418
911,Vansha,Bhakta,Male,zborah@example.net,0223116787,Kharagpur,Rajasthan,India,635322,2024-04-30,Silver,True,WEB,2026-03-01 12:47:03.564005,2026-06-04 00:43:53.897938
912,Nachiket,Bora,Female,kritikavarughese@example.net,08563711429,Nellore,Andhra Pradesh,India,037539,2022-07-21,Regular,True,WEB,2024-07-02 14:20:06.553629,2025-08-12 10:49:41.069755
913,Yagnesh,Bora,Female,lukelad@example.com,09866932784,Pallavaram,Sikkim,India,765915,2025-04-28,Platinum,False,WEB,2026-01-08 23:13:42.404445,2026-05-26 12:43:05.459580
914,Girindra,Chaudhari,Male,azaan65@example.org,6642673512,South Dumdum,Himachal Pradesh,India,533756,2026-01-15,Regular,True,MOBILE,2026-07-09 22:17:10.583307,2026-07-12 01:56:33.348633
915,Nirja,Lad,Female,svaidya@example.net,02249451046,Satna,Andhra Pradesh,India,929656,2023-02-17,Silver,True,MOBILE,2025-09-16 11:47:12.079409,2026-03-26 20:29:04.126640
916,Chatura,Sama,Female,sarasahni@example.net,02935097934,Durgapur,Assam,India,914650,2024-03-25,Silver,True,MOBILE,2025-01-03 12:30:00.757171,2025-03-06 21:39:11.794820
917,Wakeeta,Shenoy,Male,mangathemani@example.com,9725184070,Berhampur,Rajasthan,India,147823,2022-06-28,Regular,True,MOBILE,2025-09-11 23:15:29.936754,2025-12-13 13:54:39.523212
918,Daksh,Madan,Male,devansh67@example.com,7063632863,Gorakhpur,Assam,India,200848,2022-07-11,Platinum,True,WEB,2025-02-16 18:24:56.817657,2026-05-23 23:10:33.843821
919,Samar,Jayaraman,Male,pallaviseth@example.net,6082896713,Bangalore,West Bengal,India,494692,2026-02-25,Regular,True,WEB,2026-03-16 00:29:58.434538,2026-07-01 08:10:23.576416
920,Ati,Ben,Female,guhamadhav@example.com,5193500115,Katni,Bihar,India,580803,2021-09-05,Regular,True,STORE,2026-06-29 06:14:00.524865,2026-07-23 04:50:00.337087
921,Balendra,Mangal,Male,ekansh04@example.org,03156685135,Nagaon,Rajasthan,India,483747,2026-04-27,Regular,True,WEB,2026-07-01 13:39:38.114743,2026-07-15 07:11:12.453887
922,Advik,Chauhan,Female,uvarty@example.com,07177840190,Surendranagar Dudhrej,Uttar Pradesh,India,698837,2023-02-28,Regular,True,WEB,2024-11-17 18:00:45.855750,2025-03-18 21:08:56.673890
923,Zaitra,Ramachandran,Female,bvarughese@example.org,+919976759833,Haridwar,Assam,India,050583,2025-01-26,Regular,False,MOBILE,2025-09-20 17:46:13.110899,2025-10-23 13:33:01.088542
924,Ekalinga,Pall,Male,cnarang@example.net,+918535339982,Kozhikode,Madhya Pradesh,India,217758,2023-06-08,Regular,True,WEB,2024-03-26 05:23:04.184583,2025-09-25 00:52:58.335627
925,Amrita,Sandal,Male,msundaram@example.org,+913028532727,Chinsurah,Odisha,India,451502,2021-10-11,Gold,True,WEB,2025-01-14 04:37:55.414734,2025-11-10 17:51:50.972617
926,Charita,Sandhu,Female,khareaayush@example.net,03089720738,Karawal Nagar,Uttar Pradesh,India,771184,2023-02-28,Regular,True,MOBILE,2026-02-19 16:16:09.193814,2026-04-18 09:02:52.626564
927,Yamini,Ramakrishnan,Male,aaravbhat@example.org,01210242344,Thrissur,Sikkim,India,577719,2022-04-06,Regular,True,WEB,2022-10-24 13:28:09.178658,2025-07-23 22:09:50.147612
928,Jai,Soman,Male,purijanya@example.net,6566764099,Loni,West Bengal,India,344009,2025-09-25,Platinum,True,WEB,2026-05-20 17:53:52.692641,2026-07-19 00:23:26.696711
929,Baghyawati,Devi,Male,mpatla@example.com,3221914390,Jaipur,Kerala,India,736015,2025-02-16,Regular,True,WEB,2025-05-06 21:08:25.358631,2026-06-26 23:46:05.424956
930,Falguni,Barad,Female,bassiekapad@example.com,2600802658,Bhilwara,West Bengal,India,597833,2024-01-10,Regular,True,MOBILE,2025-08-26 00:17:34.075272,2025-10-03 02:39:10.785102
931,Ishita,Swamy,Female,groverhritik@example.com,6791463866,Mathura,Uttar Pradesh,India,031726,2023-02-26,Gold,True,MOBILE,2024-11-19 03:30:01.210287,2026-01-30 19:35:52.582131
932,Dayita,Ramaswamy,Male,aishani92@example.net,02400020860,Avadi,Sikkim,India,051908,2023-09-05,Regular,False,MOBILE,2024-02-06 04:52:43.414381,2025-05-17 21:19:22.193192
933,Warhi,Contractor,Male,ujain@example.org,3356369301,Howrah,Telangana,India,908993,2025-05-22,Regular,True,MOBILE,2025-09-19 03:17:09.695002,2026-05-31 21:47:21.969037
934,Aarush,Mukherjee,Male,ghosevihaan@example.com,4158929093,Firozabad,Tamil Nadu,India,766136,2021-11-21,Gold,True,WEB,2023-12-17 23:43:19.525615,2024-04-04 06:59:14.341164
935,Yauvani,Butala,Female,lakshsanghvi@example.net,+915947470531,Vadodara,Kerala,India,309673,2023-07-13,Regular,True,MOBILE,2025-02-23 15:10:11.140365,2026-01-21 17:35:24.768964
936,Liam,Chandra,Male,morarlogan@example.net,09376501676,Navi Mumbai,Mizoram,India,762883,2024-08-01,Regular,True,WEB,2025-10-22 13:38:42.178176,2026-01-10 14:35:46.773841
937,Ishita,Bakshi,Male,ranganathanneel@example.com,02922666788,Jehanabad,Tamil Nadu,India,761652,2023-08-10,Regular,True,MOBILE,2024-04-21 04:01:56.239287,2025-07-14 16:33:26.687993
938,Aadi,Sheth,Male,wyatt59@example.net,+912559777265,Nadiad,Jharkhand,India,838580,2022-07-01,Gold,True,MOBILE,2026-03-23 17:53:07.963132,2026-06-06 04:34:17.596340
939,Bina,Dash,Female,xchopra@example.com,07893912956,Tiruchirappalli,Nagaland,India,114860,2023-02-23,Regular,True,MOBILE,2026-04-21 19:59:39.049522,2026-07-17 15:41:19.307227
940,Aayush,Gour,Male,anamika92@example.net,08757030293,Amravati,Bihar,India,501860,2021-11-03,Regular,True,MOBILE,2024-12-01 01:16:30.132841,2026-03-11 09:16:48.878675
941,Arin,Ratti,Male,manthan22@example.org,+916931806200,Thiruvananthapuram,Andhra Pradesh,India,426624,2024-01-11,Silver,True,STORE,2024-06-17 07:54:27.856629,2026-01-17 14:33:38.366538
942,Upasna,Mani,Male,narainwarda@example.net,+914469567406,Dhule,Kerala,India,453451,2025-01-26,Regular,True,MOBILE,2025-12-05 03:45:21.754281,2026-02-27 13:24:18.217972
943,Omya,Pandya,Female,amritatoor@example.org,08358626736,Dewas,Mizoram,India,320775,2022-12-18,Silver,True,WEB,2025-04-27 23:28:40.203373,2026-06-08 08:33:38.450405
944,Bina,Kohli,Male,nilimakamdar@example.net,4436958050,Imphal,Uttar Pradesh,India,509284,2024-03-08,Regular,True,WEB,2024-03-11 23:27:53.191687,2025-05-25 11:59:51.965354
945,Charan,Shankar,Female,avnigera@example.net,+919077372954,Kolkata,Haryana,India,162585,2023-07-26,Silver,True,WEB,2024-01-22 22:29:45.019818,2026-02-13 06:19:25.274410
946,Aayush,Mital,Male,arin28@example.org,03531279433,Udupi,West Bengal,India,311123,2022-02-09,Regular,True,STORE,2022-04-12 13:47:24.540550,2022-11-06 03:38:40.711675
947,Ojas,Rattan,Female,qasim74@example.org,6625108573,Begusarai,Tamil Nadu,India,545146,2024-11-05,Platinum,True,STORE,2025-11-01 10:13:27.929766,2026-01-13 11:56:28.695284
948,Faris,Kata,Male,girindra17@example.net,05553706272,Vijayanagaram,Manipur,India,374612,2026-06-12,Regular,True,MOBILE,2026-07-16 14:39:43.530696,2026-07-23 19:40:47.793357
949,Kavya,Sampath,Male,pavanikurian@example.org,+916084818762,Giridih,Punjab,India,693196,2025-10-16,Regular,True,STORE,2026-04-22 13:28:35.827508,2026-07-09 11:00:22.350316
950,Gayathri,Borah,Female,dtak@example.com,00599822673,Malegaon,Tripura,India,438880,2022-10-06,Regular,True,STORE,2025-10-06 22:39:42.599775,2025-12-14 09:21:28.726222
951,Bishakha,Doshi,Male,dhillonkala@example.net,+916450282313,Mira-Bhayandar,Meghalaya,India,576729,2023-02-07,Regular,True,STORE,2024-04-17 03:18:54.812913,2026-06-02 02:13:20.483713
952,Arjun,Mangal,Male,rishi18@example.net,+914369531029,Karawal Nagar,Bihar,India,506291,2024-08-10,Regular,True,MOBILE,2024-10-27 17:19:45.524341,2025-05-26 06:26:38.339740
953,Madhavi,Nori,Male,sethtanay@example.org,1629108739,Sangli-Miraj & Kupwad,Bihar,India,691573,2026-04-22,Gold,True,STORE,2026-07-19 08:02:09.730878,2026-07-22 23:32:36.541965
954,Avi,Parmer,Female,yoshitaseth@example.com,+917459915304,Ratlam,Arunachal Pradesh,India,202683,2024-12-16,Regular,True,MOBILE,2025-08-28 03:43:20.372004,2026-02-04 11:23:23.513301
955,Tanay,Mukherjee,Female,christopher29@example.com,6760304093,Vellore,Sikkim,India,541823,2024-05-12,Regular,True,MOBILE,2025-08-01 09:09:57.609928,2025-08-13 15:07:33.474305
956,Faqid,Kohli,Female,sanyagera@example.org,+915133460184,Jalgaon,Andhra Pradesh,India,388253,2025-07-04,Regular,True,WEB,2026-01-29 07:02:50.215517,2026-02-15 08:06:36.654849
957,Faraj,Ram,Female,roytristan@example.com,+913891736907,Shivpuri,Maharashtra,India,200052,2022-06-06,Regular,True,WEB,2025-08-13 09:51:40.436867,2026-04-26 11:52:44.536431
958,Chandresh,Som,Female,shanishaan@example.com,+914850895123,Chennai,Mizoram,India,119194,2021-12-18,Regular,True,MOBILE,2025-03-06 03:38:41.445901,2025-04-25 15:11:07.787241
959,Januja,Salvi,Male,ndhar@example.com,05619276713,Amroha,Telangana,India,886263,2025-07-21,Regular,True,WEB,2025-11-10 06:15:49.464239,2026-01-15 23:44:45.053291
960,Neelima,Raj,Female,bkanda@example.com,07371388740,Kolhapur,Gujarat,India,614466,2024-06-26,Regular,True,MOBILE,2025-04-26 08:18:31.655196,2025-06-26 12:47:37.831545
961,Aadi,Minhas,Female,boratanvi@example.com,+914215248319,Katihar,Telangana,India,364704,2022-06-10,Regular,True,MOBILE,2024-03-10 02:14:40.311538,2025-12-01 01:11:36.079974
962,Lila,Uppal,Female,nbains@example.com,8300483793,Ambattur,Tamil Nadu,India,592291,2023-07-03,Gold,True,WEB,2024-08-27 17:49:44.712391,2026-07-09 07:26:26.645149
963,Leela,Narayan,Female,atibhatt@example.org,00629118722,Parbhani,Meghalaya,India,830181,2024-11-13,Regular,True,MOBILE,2025-02-24 20:19:11.521939,2026-06-21 21:00:17.813737
964,Nandini,Bera,Male,rnatt@example.com,9849749979,Satna,Goa,India,171148,2023-10-17,Silver,True,WEB,2025-05-29 14:25:06.199422,2026-07-20 16:20:39.200203
965,Ishani,Varughese,Male,warriorharsh@example.org,01735631631,Kavali,Manipur,India,572616,2025-10-30,Regular,True,WEB,2026-05-30 03:32:23.042655,2026-07-24 16:17:15.818111
966,Yashica,Bobal,Male,kakarchatresh@example.com,2013071675,Tirunelveli,Bihar,India,336131,2024-07-18,Gold,True,MOBILE,2025-10-09 21:47:09.394346,2025-12-11 18:24:53.124938
967,Balhaar,Bath,Female,daksh37@example.net,+919545858356,Khora ,Odisha,India,274392,2023-11-30,Silver,True,WEB,2026-03-12 17:49:56.847566,2026-04-26 02:08:59.382249
968,Hema,Cherian,Female,emagar@example.net,2581476212,Machilipatnam,Uttar Pradesh,India,186399,2022-04-15,Regular,False,MOBILE,2023-08-31 07:48:24.536885,2026-06-14 03:18:41.682308
969,Zayan,Nadkarni,Male,girindramurthy@example.com,+910930796859,Dharmavaram,Maharashtra,India,598724,2022-11-13,Regular,True,MOBILE,2023-10-27 16:10:56.046826,2026-01-30 21:08:29.801092
970,Patrick,Chokshi,Female,osule@example.org,01668113397,Haldia,Manipur,India,721734,2026-02-19,Regular,True,WEB,2026-02-24 00:30:01.671164,2026-07-23 03:11:24.878580
971,Kevin,Garg,Female,anamikachandra@example.net,8306323654,Bareilly,Nagaland,India,444248,2026-06-08,Regular,True,STORE,2026-07-11 10:53:44.322719,2026-07-13 23:03:52.887544
972,Azaan,Dugar,Male,yash50@example.net,4765118615,Panipat,Andhra Pradesh,India,147539,2025-12-04,Silver,True,WEB,2026-02-05 04:23:32.894142,2026-05-30 02:25:39.123450
973,Unni,Barad,Male,deepa24@example.com,+919082611035,Imphal,Punjab,India,299202,2024-04-04,Silver,True,WEB,2025-11-20 06:45:14.735768,2026-06-29 23:24:54.742907
974,Pallavi,Ghose,Male,idikakaur@example.org,6194118390,Farrukhabad,Chhattisgarh,India,240662,2022-10-08,Silver,True,WEB,2024-03-20 21:51:15.185107,2025-02-10 17:40:27.992640
975,Saksham,Mital,Male,wazirkurian@example.org,05186694086,Tumkur,Goa,India,382692,2024-02-15,Regular,True,STORE,2024-07-31 09:59:19.473426,2025-05-24 07:33:08.612492
976,Samarth,Oak,Female,palannihal@example.net,8959470396,Anantapuram,Karnataka,India,591765,2024-05-02,Regular,True,STORE,2025-02-05 18:05:47.734984,2025-10-04 04:52:11.902155
977,Saksham,Agrawal,Male,oakanusha@example.org,8734496686,Hospet,Odisha,India,706170,2021-10-13,Platinum,True,MOBILE,2023-12-21 16:06:18.828959,2026-01-19 10:54:41.749320
978,Charan,Chada,Female,ria11@example.org,+918471567566,Mumbai,Rajasthan,India,188601,2025-12-03,Silver,True,MOBILE,2026-06-24 01:59:55.020714,2026-07-07 15:13:10.274495
979,Pratyush,Jayaraman,Male,sarthak59@example.net,09850450566,Shivpuri,Karnataka,India,024286,2023-06-26,Regular,True,MOBILE,2025-07-10 04:47:03.862195,2025-10-17 07:55:40.841990
980,Oliver,Narula,Male,tdash@example.org,+915038576264,Bulandshahr,Tripura,India,849368,2021-12-02,Regular,True,STORE,2025-10-12 10:06:23.999904,2026-03-14 23:43:11.062022
981,Yauvani,Panchal,Female,anirudhchad@example.org,+912789695193,Durg,Rajasthan,India,277586,2025-11-26,Regular,True,MOBILE,2026-05-06 23:53:46.188529,2026-05-22 12:58:22.496896
982,Falak,Sachdeva,Female,charanhari@example.net,03444394689,Sambalpur,Haryana,India,812335,2025-05-10,Gold,True,STORE,2025-05-31 12:38:00.462595,2025-08-30 07:25:39.568203
983,Champak,Sen,Female,jeetsekhon@example.com,05776262636,Siwan,Karnataka,India,898977,2023-10-05,Regular,True,MOBILE,2024-12-09 22:50:40.251079,2025-09-18 09:35:45.484730
984,Kavya,Mahajan,Male,wriddhish48@example.net,02953774037,Kirari Suleman Nagar,Maharashtra,India,404207,2022-11-20,Regular,True,MOBILE,2024-09-16 00:46:47.690856,2026-02-21 20:49:33.967507
985,Sai,Panchal,Male,chanchalchakrabarti@example.org,07330990009,Visakhapatnam,Uttar Pradesh,India,565823,2023-09-01,Regular,True,WEB,2024-09-10 09:24:26.419765,2025-04-08 19:58:35.522867
986,Gauri,Sami,Male,yatan52@example.org,2660004709,Coimbatore,Arunachal Pradesh,India,495611,2025-04-14,Regular,True,WEB,2026-03-17 14:23:25.734848,2026-05-01 03:51:22.205789
987,Mohini,Murthy,Male,chadhaharsh@example.net,08374661447,Khandwa,Assam,India,870479,2024-07-24,Regular,True,WEB,2026-02-03 18:31:57.632555,2026-04-30 21:17:12.636222
988,Leela,Din,Male,pradhankiaan@example.com,05995089142,Ahmednagar,Andhra Pradesh,India,927640,2023-08-15,Regular,True,MOBILE,2025-08-05 19:10:10.583488,2026-06-05 07:58:52.244463
989,Pahal,Ghosh,Male,ekalingakulkarni@example.org,01318660474,Latur,Gujarat,India,478524,2023-02-20,Gold,True,WEB,2026-01-03 20:40:28.290613,2026-05-21 15:28:16.327097
990,Aarnav,Guha,Male,adweta41@example.org,2387351866,Mehsana,Meghalaya,India,131351,2023-11-02,Regular,True,STORE,2026-03-12 14:21:09.418478,2026-07-02 03:07:56.458905
991,Yoshita,Prakash,Male,amarasahota@example.com,1539885217,Tiruvottiyur,Punjab,India,984128,2024-02-02,Gold,True,STORE,2024-07-20 22:16:40.791306,2024-11-01 17:50:43.816330
992,Indrajit,Puri,Male,wpai@example.net,+913831934891,Pimpri-Chinchwad,Gujarat,India,463429,2026-06-17,Regular,True,MOBILE,2026-06-29 16:05:44.176508,2026-07-20 10:05:10.500086
993,Harshil,Pingle,Female,wkhurana@example.org,1218527341,Sagar,Telangana,India,133155,2026-06-22,Regular,True,MOBILE,2026-06-27 18:33:30.201948,2026-07-23 00:13:33.044628
994,Ekani,Kapoor,Male,guptadaniel@example.com,00778110965,Satara,Karnataka,India,663454,2023-05-17,Regular,True,WEB,2026-01-30 08:42:45.911273,2026-07-16 23:04:34.471263
995,Guneet,Dhaliwal,Female,vloke@example.org,+916419106166,Pune,Arunachal Pradesh,India,242168,2022-02-27,Gold,True,WEB,2024-08-13 14:32:53.363855,2026-07-06 16:58:11.420002
996,Max,Chacko,Female,oparekh@example.com,+916996208347,Delhi,Andhra Pradesh,India,932572,2022-04-08,Regular,True,WEB,2025-10-22 12:14:44.918092,2026-07-04 16:31:09.955384
997,Saksham,Dugar,Female,azaanbatra@example.net,7485972438,Bhilai,Chhattisgarh,India,145205,2025-05-12,Silver,True,WEB,2026-01-09 04:57:02.780963,2026-04-09 01:59:01.907649
998,Arin,Din,Male,zbabu@example.com,+914802240654,Firozabad,Manipur,India,950904,2024-12-11,Gold,True,MOBILE,2025-10-09 14:40:36.498513,2026-07-03 20:26:20.034132
999,Yashasvi,Narayanan,Male,sramanathan@example.com,+910165562388,Bettiah,Mizoram,India,656993,2025-11-30,Regular,True,MOBILE,2026-04-29 14:54:51.428683,2026-07-22 22:30:22.680384
1000,Omaja,Dave,Male,arinchakrabarti@example.org,3860479471,Kakinada,Mizoram,India,351489,2021-12-06,Gold,True,MOBILE,2023-09-25 22:13:18.600061,2026-06-12 23:19:45.216251
