inventory_id,product_id,store_id,stock_quantity,reorder_level,last_updated,created_at,updated_at
1,1,1,327,27,2026-07-25 11:43:17.755082,2026-07-25 11:43:17.755082,2026-07-25 11:43:17.755082
2,2,1,12,67,2026-07-25 11:43:17.755378,2026-07-25 11:43:17.755378,2026-07-25 11:43:17.755378
3,3,1,140,35,2026-07-25 11:43:17.755398,2026-07-25 11:43:17.755398,2026-07-25 11:43:17.755398
4,4,1,114,28,2026-07-25 11:43:17.755416,2026-07-25 11:43:17.755416,2026-07-25 11:43:17.755416
5,5,1,377,26,2026-07-25 11:43:17.755436,2026-07-25 11:43:17.755436,2026-07-25 11:43:17.755436
6,6,1,346,67,2026-07-25 11:43:17.755450,2026-07-25 11:43:17.755450,2026-07-25 11:43:17.755450
7,7,1,456,54,2026-07-25 11:43:17.755472,2026-07-25 11:43:17.755472,2026-07-25 11:43:17.755472
8,8,1,44,57,2026-07-25 11:43:17.755487,2026-07-25 11:43:17.755487,2026-07-25 11:43:17.755487
9,9,1,216,22,2026-07-25 11:43:17.755499,2026-07-25 11:43:17.755499,2026-07-25 11:43:17.755499
10,10,1,15,25,2026-07-25 11:43:17.755511,2026-07-25 11:43:17.755511,2026-07-25 11:43:17.755511
11,11,1,111,34,2026-07-25 11:43:17.755521,2026-07-25 11:43:17.755521,2026-07-25 11:43:17.755521
12,12,1,258,58,2026-07-25 11:43:17.755531,2026-07-25 11:43:17.755531,2026-07-25 11:43:17.755531
13,13,1,13,55,2026-07-25 11:43:17.755541,2026-07-25 11:43:17.755541,2026-07-25 11:43:17.755541
14,14,1,101,65,2026-07-25 11:43:17.755551,2026-07-25 11:43:17.755551,2026-07-25 11:43:17.755551
15,15,1,332,64,2026-07-25 11:43:17.755560,2026-07-25 11:43:17.755560,2026-07-25 11:43:17.755560
16,16,1,279,46,2026-07-25 11:43:17.755569,2026-07-25 11:43:17.755569,2026-07-25 11:43:17.755569
17,17,1,112,48,2026-07-25 11:43:17.755579,2026-07-25 11:43:17.755579,2026-07-25 11:43:17.755579
18,18,1,301,37,2026-07-25 11:43:17.755589,2026-07-25 11:43:17.755589,2026-07-25 11:43:17.755589
19,19,1,414,75,2026-07-25 11:43:17.755598,2026-07-25 11:43:17.755598,2026-07-25 11:43:17.755598
20,20,1,3,68,2026-07-25 11:43:17.755607,2026-07-25 11:43:17.755607,2026-07-25 11:43:17.755607
21,21,1,412,30,2026-07-25 11:43:17.755616,2026-07-25 11:43:17.755616,2026-07-25 11:43:17.755616
22,22,1,357,47,2026-07-25 11:43:17.755627,2026-07-25 11:43:17.755627,2026-07-25 11:43:17.755627
23,23,1,174,37,2026-07-25 11:43:17.755637,2026-07-25 11:43:17.755637,2026-07-25 11:43:17.755637
24,24,1,79,33,2026-07-25 11:43:17.755647,2026-07-25 11:43:17.755647,2026-07-25 11:43:17.755647
25,25,1,490,68,2026-07-25 11:43:17.755656,2026-07-25 11:43:17.755656,2026-07-25 11:43:17.755656
26,26,1,172,26,2026-07-25 11:43:17.755665,2026-07-25 11:43:17.755665,2026-07-25 11:43:17.755665
27,27,1,47,44,2026-07-25 11:43:17.755674,2026-07-25 11:43:17.755674,2026-07-25 11:43:17.755674
28,28,1,49,42,2026-07-25 11:43:17.755683,2026-07-25 11:43:17.755683,2026-07-25 11:43:17.755683
29,29,1,433,42,2026-07-25 11:43:17.755692,2026-07-25 11:43:17.755692,2026-07-25 11:43:17.755692
30,30,1,309,36,2026-07-25 11:43:17.755702,2026-07-25 11:43:17.755702,2026-07-25 11:43:17.755702
31,31,1,413,22,2026-07-25 11:43:17.755711,2026-07-25 11:43:17.755711,2026-07-25 11:43:17.755711
32,32,1,373,49,2026-07-25 11:43:17.755720,2026-07-25 11:43:17.755720,2026-07-25 11:43:17.755720
33,33,1,274,27,2026-07-25 11:43:17.755729,2026-07-25 11:43:17.755729,2026-07-25 11:43:17.755729
34,34,1,498,79,2026-07-25 11:43:17.755738,2026-07-25 11:43:17.755738,2026-07-25 11:43:17.755738
35,35,1,193,25,2026-07-25 11:43:17.755747,2026-07-25 11:43:17.755747,2026-07-25 11:43:17.755747
36,36,1,282,38,2026-07-25 11:43:17.755756,2026-07-25 11:43:17.755756,2026-07-25 11:43:17.755756
37,37,1,424,60,2026-07-25 11:43:17.755765,2026-07-25 11:43:17.755765,2026-07-25 11:43:17.755765
38,38,1,316,76,2026-07-25 11:43:17.755775,2026-07-25 11:43:17.755775,2026-07-25 11:43:17.755775
39,39,1,441,43,2026-07-25 11:43:17.755784,2026-07-25 11:43:17.755784,2026-07-25 11:43:17.755784
40,40,1,295,32,2026-07-25 11:43:17.755793,2026-07-25 11:43:17.755793,2026-07-25 11:43:17.755793
41,41,1,360,24,2026-07-25 11:43:17.755802,2026-07-25 11:43:17.755802,2026-07-25 11:43:17.755802
42,42,1,23,62,2026-07-25 11:43:17.755811,2026-07-25 11:43:17.755811,2026-07-25 11:43:17.755811
43,43,1,116,69,2026-07-25 11:43:17.755820,2026-07-25 11:43:17.755820,2026-07-25 11:43:17.755820
44,44,1,148,25,2026-07-25 11:43:17.755830,2026-07-25 11:43:17.755830,2026-07-25 11:43:17.755830
45,45,1,437,34,2026-07-25 11:43:17.755839,2026-07-25 11:43:17.755839,2026-07-25 11:43:17.755839
46,46,1,443,26,2026-07-25 11:43:17.755848,2026-07-25 11:43:17.755848,2026-07-25 11:43:17.755848
47,47,1,194,37,2026-07-25 11:43:17.755857,2026-07-25 11:43:17.755857,2026-07-25 11:43:17.755857
48,48,1,232,60,2026-07-25 11:43:17.755866,2026-07-25 11:43:17.755866,2026-07-25 11:43:17.755866
49,49,1,427,43,2026-07-25 11:43:17.755875,2026-07-25 11:43:17.755875,2026-07-25 11:43:17.755875
50,50,1,83,43,2026-07-25 11:43:17.755884,2026-07-25 11:43:17.755884,2026-07-25 11:43:17.755884
51,51,1,181,33,2026-07-25 11:43:17.755893,2026-07-25 11:43:17.755893,2026-07-25 11:43:17.755893
52,52,1,343,37,2026-07-25 11:43:17.755902,2026-07-25 11:43:17.755902,2026-07-25 11:43:17.755902
53,53,1,359,79,2026-07-25 11:43:17.755911,2026-07-25 11:43:17.755911,2026-07-25 11:43:17.755911
54,54,1,349,61,2026-07-25 11:43:17.755920,2026-07-25 11:43:17.755920,2026-07-25 11:43:17.755920
55,55,1,36,58,2026-07-25 11:43:17.755929,2026-07-25 11:43:17.755929,2026-07-25 11:43:17.755929
56,56,1,325,30,2026-07-25 11:43:17.755938,2026-07-25 11:43:17.755938,2026-07-25 11:43:17.755938
57,57,1,273,66,2026-07-25 11:43:17.755947,2026-07-25 11:43:17.755947,2026-07-25 11:43:17.755947
58,58,1,125,30,2026-07-25 11:43:17.755956,2026-07-25 11:43:17.755956,2026-07-25 11:43:17.755956
59,59,1,236,44,2026-07-25 11:43:17.755964,2026-07-25 11:43:17.755964,2026-07-25 11:43:17.755964
60,60,1,138,79,2026-07-25 11:43:17.755973,2026-07-25 11:43:17.755973,2026-07-25 11:43:17.755973
61,61,1,327,64,2026-07-25 11:43:17.755982,2026-07-25 11:43:17.755982,2026-07-25 11:43:17.755982
62,62,1,285,34,2026-07-25 11:43:17.755991,2026-07-25 11:43:17.755991,2026-07-25 11:43:17.755991
63,63,1,350,40,2026-07-25 11:43:17.756000,2026-07-25 11:43:17.756000,2026-07-25 11:43:17.756000
64,64,1,431,69,2026-07-25 11:43:17.756010,2026-07-25 11:43:17.756010,2026-07-25 11:43:17.756010
65,65,1,397,23,2026-07-25 11:43:17.756019,2026-07-25 11:43:17.756019,2026-07-25 11:43:17.756019
66,66,1,117,72,2026-07-25 11:43:17.756028,2026-07-25 11:43:17.756028,2026-07-25 11:43:17.756028
67,67,1,16,71,2026-07-25 11:43:17.756037,2026-07-25 11:43:17.756037,2026-07-25 11:43:17.756037
68,68,1,161,45,2026-07-25 11:43:17.756045,2026-07-25 11:43:17.756045,2026-07-25 11:43:17.756045
69,69,1,137,24,2026-07-25 11:43:17.756054,2026-07-25 11:43:17.756054,2026-07-25 11:43:17.756054
70,70,1,108,78,2026-07-25 11:43:17.756063,2026-07-25 11:43:17.756063,2026-07-25 11:43:17.756063
71,71,1,482,56,2026-07-25 11:43:17.756072,2026-07-25 11:43:17.756072,2026-07-25 11:43:17.756072
72,72,1,448,65,2026-07-25 11:43:17.756081,2026-07-25 11:43:17.756081,2026-07-25 11:43:17.756081
73,73,1,161,33,2026-07-25 11:43:17.756090,2026-07-25 11:43:17.756090,2026-07-25 11:43:17.756090
74,74,1,335,51,2026-07-25 11:43:17.756099,2026-07-25 11:43:17.756099,2026-07-25 11:43:17.756099
75,75,1,202,76,2026-07-25 11:43:17.756108,2026-07-25 11:43:17.756108,2026-07-25 11:43:17.756108
76,76,1,468,61,2026-07-25 11:43:17.756117,2026-07-25 11:43:17.756117,2026-07-25 11:43:17.756117
77,77,1,234,29,2026-07-25 11:43:17.756126,2026-07-25 11:43:17.756126,2026-07-25 11:43:17.756126
78,78,1,135,28,2026-07-25 11:43:17.756135,2026-07-25 11:43:17.756135,2026-07-25 11:43:17.756135
79,79,1,126,67,2026-07-25 11:43:17.756144,2026-07-25 11:43:17.756144,2026-07-25 11:43:17.756144
80,80,1,287,54,2026-07-25 11:43:17.756153,2026-07-25 11:43:17.756153,2026-07-25 11:43:17.756153
81,81,1,134,67,2026-07-25 11:43:17.756162,2026-07-25 11:43:17.756162,2026-07-25 11:43:17.756162
82,82,1,299,47,2026-07-25 11:43:17.756171,2026-07-25 11:43:17.756171,2026-07-25 11:43:17.756171
83,83,1,459,57,2026-07-25 11:43:17.756180,2026-07-25 11:43:17.756180,2026-07-25 11:43:17.756180
84,84,1,204,43,2026-07-25 11:43:17.756189,2026-07-25 11:43:17.756189,2026-07-25 11:43:17.756189
85,85,1,112,28,2026-07-25 11:43:17.756198,2026-07-25 11:43:17.756198,2026-07-25 11:43:17.756198
86,86,1,260,51,2026-07-25 11:43:17.756208,2026-07-25 11:43:17.756208,2026-07-25 11:43:17.756208
87,87,1,46,68,2026-07-25 11:43:17.756218,2026-07-25 11:43:17.756218,2026-07-25 11:43:17.756218
88,88,1,24,75,2026-07-25 11:43:17.756228,2026-07-25 11:43:17.756228,2026-07-25 11:43:17.756228
89,89,1,56,29,2026-07-25 11:43:17.756237,2026-07-25 11:43:17.756237,2026-07-25 11:43:17.756237
90,90,1,321,30,2026-07-25 11:43:17.756246,2026-07-25 11:43:17.756246,2026-07-25 11:43:17.756246
91,91,1,405,63,2026-07-25 11:43:17.756255,2026-07-25 11:43:17.756255,2026-07-25 11:43:17.756255
92,92,1,216,58,2026-07-25 11:43:17.756264,2026-07-25 11:43:17.756264,2026-07-25 11:43:17.756264
93,93,1,32,44,2026-07-25 11:43:17.756273,2026-07-25 11:43:17.756273,2026-07-25 11:43:17.756273
94,94,1,195,58,2026-07-25 11:43:17.756282,2026-07-25 11:43:17.756282,2026-07-25 11:43:17.756282
95,95,1,239,53,2026-07-25 11:43:17.756291,2026-07-25 11:43:17.756291,2026-07-25 11:43:17.756291
96,96,1,128,55,2026-07-25 11:43:17.756300,2026-07-25 11:43:17.756300,2026-07-25 11:43:17.756300
97,97,1,440,80,2026-07-25 11:43:17.756309,2026-07-25 11:43:17.756309,2026-07-25 11:43:17.756309
98,98,1,5,63,2026-07-25 11:43:17.756318,2026-07-25 11:43:17.756318,2026-07-25 11:43:17.756318
99,99,1,369,27,2026-07-25 11:43:17.756327,2026-07-25 11:43:17.756327,2026-07-25 11:43:17.756327
100,100,1,349,76,2026-07-25 11:43:17.756337,2026-07-25 11:43:17.756337,2026-07-25 11:43:17.756337
101,101,1,274,68,2026-07-25 11:43:17.756346,2026-07-25 11:43:17.756346,2026-07-25 11:43:17.756346
102,102,1,136,69,2026-07-25 11:43:17.756355,2026-07-25 11:43:17.756355,2026-07-25 11:43:17.756355
103,103,1,328,41,2026-07-25 11:43:17.756364,2026-07-25 11:43:17.756364,2026-07-25 11:43:17.756364
104,104,1,57,38,2026-07-25 11:43:17.756373,2026-07-25 11:43:17.756373,2026-07-25 11:43:17.756373
105,105,1,222,30,2026-07-25 11:43:17.756382,2026-07-25 11:43:17.756382,2026-07-25 11:43:17.756382
106,106,1,232,20,2026-07-25 11:43:17.756391,2026-07-25 11:43:17.756391,2026-07-25 11:43:17.756391
107,107,1,488,66,2026-07-25 11:43:17.756400,2026-07-25 11:43:17.756400,2026-07-25 11:43:17.756400
108,108,1,448,66,2026-07-25 11:43:17.756409,2026-07-25 11:43:17.756409,2026-07-25 11:43:17.756409
109,109,1,134,52,2026-07-25 11:43:17.756418,2026-07-25 11:43:17.756418,2026-07-25 11:43:17.756418
110,110,1,390,31,2026-07-25 11:43:17.756428,2026-07-25 11:43:17.756428,2026-07-25 11:43:17.756428
111,111,1,259,78,2026-07-25 11:43:17.756436,2026-07-25 11:43:17.756436,2026-07-25 11:43:17.756436
112,112,1,54,75,2026-07-25 11:43:17.756445,2026-07-25 11:43:17.756445,2026-07-25 11:43:17.756445
113,113,1,320,39,2026-07-25 11:43:17.756454,2026-07-25 11:43:17.756454,2026-07-25 11:43:17.756454
114,114,1,430,60,2026-07-25 11:43:17.756463,2026-07-25 11:43:17.756463,2026-07-25 11:43:17.756463
115,115,1,259,58,2026-07-25 11:43:17.756472,2026-07-25 11:43:17.756472,2026-07-25 11:43:17.756472
116,116,1,101,29,2026-07-25 11:43:17.756481,2026-07-25 11:43:17.756481,2026-07-25 11:43:17.756481
117,117,1,191,68,2026-07-25 11:43:17.756490,2026-07-25 11:43:17.756490,2026-07-25 11:43:17.756490
118,118,1,82,54,2026-07-25 11:43:17.756499,2026-07-25 11:43:17.756499,2026-07-25 11:43:17.756499
119,119,1,488,69,2026-07-25 11:43:17.756538,2026-07-25 11:43:17.756538,2026-07-25 11:43:17.756538
120,120,1,472,53,2026-07-25 11:43:17.756548,2026-07-25 11:43:17.756548,2026-07-25 11:43:17.756548
121,121,1,470,20,2026-07-25 11:43:17.756558,2026-07-25 11:43:17.756558,2026-07-25 11:43:17.756558
122,122,1,306,40,2026-07-25 11:43:17.756567,2026-07-25 11:43:17.756567,2026-07-25 11:43:17.756567
123,123,1,250,21,2026-07-25 11:43:17.756577,2026-07-25 11:43:17.756577,2026-07-25 11:43:17.756577
124,124,1,57,79,2026-07-25 11:43:17.756587,2026-07-25 11:43:17.756587,2026-07-25 11:43:17.756587
125,125,1,185,76,2026-07-25 11:43:17.756596,2026-07-25 11:43:17.756596,2026-07-25 11:43:17.756596
126,126,1,425,71,2026-07-25 11:43:17.756605,2026-07-25 11:43:17.756605,2026-07-25 11:43:17.756605
127,127,1,157,35,2026-07-25 11:43:17.756614,2026-07-25 11:43:17.756614,2026-07-25 11:43:17.756614
128,128,1,29,35,2026-07-25 11:43:17.756623,2026-07-25 11:43:17.756623,2026-07-25 11:43:17.756623
129,129,1,449,56,2026-07-25 11:43:17.756632,2026-07-25 11:43:17.756632,2026-07-25 11:43:17.756632
130,130,1,484,25,2026-07-25 11:43:17.756642,2026-07-25 11:43:17.756642,2026-07-25 11:43:17.756642
131,131,1,43,66,2026-07-25 11:43:17.756650,2026-07-25 11:43:17.756650,2026-07-25 11:43:17.756650
132,132,1,248,72,2026-07-25 11:43:17.756659,2026-07-25 11:43:17.756659,2026-07-25 11:43:17.756659
133,133,1,35,68,2026-07-25 11:43:17.756668,2026-07-25 11:43:17.756668,2026-07-25 11:43:17.756668
134,134,1,272,69,2026-07-25 11:43:17.756677,2026-07-25 11:43:17.756677,2026-07-25 11:43:17.756677
135,135,1,64,28,2026-07-25 11:43:17.756686,2026-07-25 11:43:17.756686,2026-07-25 11:43:17.756686
136,136,1,337,50,2026-07-25 11:43:17.756695,2026-07-25 11:43:17.756695,2026-07-25 11:43:17.756695
137,137,1,484,55,2026-07-25 11:43:17.756704,2026-07-25 11:43:17.756704,2026-07-25 11:43:17.756704
138,138,1,84,36,2026-07-25 11:43:17.756713,2026-07-25 11:43:17.756713,2026-07-25 11:43:17.756713
139,139,1,270,75,2026-07-25 11:43:17.756722,2026-07-25 11:43:17.756722,2026-07-25 11:43:17.756722
140,140,1,310,47,2026-07-25 11:43:17.756731,2026-07-25 11:43:17.756731,2026-07-25 11:43:17.756731
141,141,1,493,33,2026-07-25 11:43:17.756739,2026-07-25 11:43:17.756739,2026-07-25 11:43:17.756739
142,142,1,475,54,2026-07-25 11:43:17.756748,2026-07-25 11:43:17.756748,2026-07-25 11:43:17.756748
143,143,1,386,66,2026-07-25 11:43:17.756757,2026-07-25 11:43:17.756757,2026-07-25 11:43:17.756757
144,144,1,353,32,2026-07-25 11:43:17.756766,2026-07-25 11:43:17.756766,2026-07-25 11:43:17.756766
145,145,1,365,39,2026-07-25 11:43:17.756775,2026-07-25 11:43:17.756775,2026-07-25 11:43:17.756775
146,146,1,204,62,2026-07-25 11:43:17.756784,2026-07-25 11:43:17.756784,2026-07-25 11:43:17.756784
147,147,1,332,43,2026-07-25 11:43:17.756793,2026-07-25 11:43:17.756793,2026-07-25 11:43:17.756793
148,148,1,224,77,2026-07-25 11:43:17.756801,2026-07-25 11:43:17.756801,2026-07-25 11:43:17.756801
149,149,1,264,48,2026-07-25 11:43:17.756810,2026-07-25 11:43:17.756810,2026-07-25 11:43:17.756810
150,150,1,61,35,2026-07-25 11:43:17.756819,2026-07-25 11:43:17.756819,2026-07-25 11:43:17.756819
151,151,1,115,24,2026-07-25 11:43:17.756828,2026-07-25 11:43:17.756828,2026-07-25 11:43:17.756828
152,152,1,173,21,2026-07-25 11:43:17.756837,2026-07-25 11:43:17.756837,2026-07-25 11:43:17.756837
153,153,1,301,55,2026-07-25 11:43:17.756846,2026-07-25 11:43:17.756846,2026-07-25 11:43:17.756846
154,154,1,117,57,2026-07-25 11:43:17.756855,2026-07-25 11:43:17.756855,2026-07-25 11:43:17.756855
155,155,1,112,20,2026-07-25 11:43:17.756864,2026-07-25 11:43:17.756864,2026-07-25 11:43:17.756864
156,156,1,36,65,2026-07-25 11:43:17.756873,2026-07-25 11:43:17.756873,2026-07-25 11:43:17.756873
157,157,1,323,23,2026-07-25 11:43:17.756882,2026-07-25 11:43:17.756882,2026-07-25 11:43:17.756882
158,158,1,117,24,2026-07-25 11:43:17.756890,2026-07-25 11:43:17.756890,2026-07-25 11:43:17.756890
159,159,1,463,22,2026-07-25 11:43:17.756899,2026-07-25 11:43:17.756899,2026-07-25 11:43:17.756899
160,160,1,440,41,2026-07-25 11:43:17.756908,2026-07-25 11:43:17.756908,2026-07-25 11:43:17.756908
161,161,1,36,52,2026-07-25 11:43:17.756917,2026-07-25 11:43:17.756917,2026-07-25 11:43:17.756917
162,162,1,121,37,2026-07-25 11:43:17.756926,2026-07-25 11:43:17.756926,2026-07-25 11:43:17.756926
163,163,1,342,51,2026-07-25 11:43:17.756935,2026-07-25 11:43:17.756935,2026-07-25 11:43:17.756935
164,164,1,109,54,2026-07-25 11:43:17.756943,2026-07-25 11:43:17.756943,2026-07-25 11:43:17.756943
165,165,1,67,66,2026-07-25 11:43:17.756952,2026-07-25 11:43:17.756952,2026-07-25 11:43:17.756952
166,166,1,478,76,2026-07-25 11:43:17.756961,2026-07-25 11:43:17.756961,2026-07-25 11:43:17.756961
167,167,1,292,56,2026-07-25 11:43:17.756970,2026-07-25 11:43:17.756970,2026-07-25 11:43:17.756970
168,168,1,242,35,2026-07-25 11:43:17.756979,2026-07-25 11:43:17.756979,2026-07-25 11:43:17.756979
169,169,1,401,50,2026-07-25 11:43:17.756987,2026-07-25 11:43:17.756987,2026-07-25 11:43:17.756987
170,170,1,413,46,2026-07-25 11:43:17.756996,2026-07-25 11:43:17.756996,2026-07-25 11:43:17.756996
171,171,1,97,26,2026-07-25 11:43:17.757005,2026-07-25 11:43:17.757005,2026-07-25 11:43:17.757005
172,172,1,49,62,2026-07-25 11:43:17.757014,2026-07-25 11:43:17.757014,2026-07-25 11:43:17.757014
173,173,1,220,42,2026-07-25 11:43:17.757023,2026-07-25 11:43:17.757023,2026-07-25 11:43:17.757023
174,174,1,216,46,2026-07-25 11:43:17.757032,2026-07-25 11:43:17.757032,2026-07-25 11:43:17.757032
175,175,1,239,75,2026-07-25 11:43:17.757041,2026-07-25 11:43:17.757041,2026-07-25 11:43:17.757041
176,176,1,373,23,2026-07-25 11:43:17.757050,2026-07-25 11:43:17.757050,2026-07-25 11:43:17.757050
177,177,1,344,61,2026-07-25 11:43:17.757059,2026-07-25 11:43:17.757059,2026-07-25 11:43:17.757059
178,178,1,330,26,2026-07-25 11:43:17.757069,2026-07-25 11:43:17.757069,2026-07-25 11:43:17.757069
179,179,1,31,45,2026-07-25 11:43:17.757078,2026-07-25 11:43:17.757078,2026-07-25 11:43:17.757078
180,180,1,372,41,2026-07-25 11:43:17.757087,2026-07-25 11:43:17.757087,2026-07-25 11:43:17.757087
181,181,1,409,75,2026-07-25 11:43:17.757096,2026-07-25 11:43:17.757096,2026-07-25 11:43:17.757096
182,182,1,55,35,2026-07-25 11:43:17.757105,2026-07-25 11:43:17.757105,2026-07-25 11:43:17.757105
183,183,1,98,32,2026-07-25 11:43:17.757114,2026-07-25 11:43:17.757114,2026-07-25 11:43:17.757114
184,184,1,274,48,2026-07-25 11:43:17.757123,2026-07-25 11:43:17.757123,2026-07-25 11:43:17.757123
185,185,1,71,47,2026-07-25 11:43:17.757132,2026-07-25 11:43:17.757132,2026-07-25 11:43:17.757132
186,186,1,93,37,2026-07-25 11:43:17.757141,2026-07-25 11:43:17.757141,2026-07-25 11:43:17.757141
187,187,1,236,35,2026-07-25 11:43:17.757150,2026-07-25 11:43:17.757150,2026-07-25 11:43:17.757150
188,188,1,447,79,2026-07-25 11:43:17.757159,2026-07-25 11:43:17.757159,2026-07-25 11:43:17.757159
189,189,1,38,48,2026-07-25 11:43:17.757167,2026-07-25 11:43:17.757167,2026-07-25 11:43:17.757167
190,190,1,413,75,2026-07-25 11:43:17.757176,2026-07-25 11:43:17.757176,2026-07-25 11:43:17.757176
191,191,1,438,55,2026-07-25 11:43:17.757185,2026-07-25 11:43:17.757185,2026-07-25 11:43:17.757185
192,192,1,50,23,2026-07-25 11:43:17.757194,2026-07-25 11:43:17.757194,2026-07-25 11:43:17.757194
193,193,1,333,54,2026-07-25 11:43:17.757203,2026-07-25 11:43:17.757203,2026-07-25 11:43:17.757203
194,194,1,428,20,2026-07-25 11:43:17.757212,2026-07-25 11:43:17.757212,2026-07-25 11:43:17.757212
195,195,1,496,25,2026-07-25 11:43:17.757220,2026-07-25 11:43:17.757220,2026-07-25 11:43:17.757220
196,196,1,474,68,2026-07-25 11:43:17.757229,2026-07-25 11:43:17.757229,2026-07-25 11:43:17.757229
197,197,1,434,35,2026-07-25 11:43:17.757238,2026-07-25 11:43:17.757238,2026-07-25 11:43:17.757238
198,198,1,85,46,2026-07-25 11:43:17.757247,2026-07-25 11:43:17.757247,2026-07-25 11:43:17.757247
199,199,1,248,50,2026-07-25 11:43:17.757256,2026-07-25 11:43:17.757256,2026-07-25 11:43:17.757256
200,200,1,109,75,2026-07-25 11:43:17.757265,2026-07-25 11:43:17.757265,2026-07-25 11:43:17.757265
201,201,1,205,77,2026-07-25 11:43:17.757274,2026-07-25 11:43:17.757274,2026-07-25 11:43:17.757274
202,202,1,30,30,2026-07-25 11:43:17.757283,2026-07-25 11:43:17.757283,2026-07-25 11:43:17.757283
203,203,1,194,20,2026-07-25 11:43:17.757291,2026-07-25 11:43:17.757291,2026-07-25 11:43:17.757291
204,204,1,199,36,2026-07-25 11:43:17.757300,2026-07-25 11:43:17.757300,2026-07-25 11:43:17.757300
205,205,1,474,70,2026-07-25 11:43:17.757309,2026-07-25 11:43:17.757309,2026-07-25 11:43:17.757309
206,206,1,401,49,2026-07-25 11:43:17.757318,2026-07-25 11:43:17.757318,2026-07-25 11:43:17.757318
207,207,1,146,47,2026-07-25 11:43:17.757327,2026-07-25 11:43:17.757327,2026-07-25 11:43:17.757327
208,208,1,356,66,2026-07-25 11:43:17.757336,2026-07-25 11:43:17.757336,2026-07-25 11:43:17.757336
209,209,1,401,55,2026-07-25 11:43:17.757345,2026-07-25 11:43:17.757345,2026-07-25 11:43:17.757345
210,210,1,338,65,2026-07-25 11:43:17.757354,2026-07-25 11:43:17.757354,2026-07-25 11:43:17.757354
211,211,1,249,29,2026-07-25 11:43:17.757362,2026-07-25 11:43:17.757362,2026-07-25 11:43:17.757362
212,212,1,97,38,2026-07-25 11:43:17.757371,2026-07-25 11:43:17.757371,2026-07-25 11:43:17.757371
213,213,1,111,23,2026-07-25 11:43:17.757380,2026-07-25 11:43:17.757380,2026-07-25 11:43:17.757380
214,214,1,296,67,2026-07-25 11:43:17.757389,2026-07-25 11:43:17.757389,2026-07-25 11:43:17.757389
215,215,1,277,23,2026-07-25 11:43:17.757398,2026-07-25 11:43:17.757398,2026-07-25 11:43:17.757398
216,216,1,382,40,2026-07-25 11:43:17.757406,2026-07-25 11:43:17.757406,2026-07-25 11:43:17.757406
217,217,1,29,23,2026-07-25 11:43:17.757415,2026-07-25 11:43:17.757415,2026-07-25 11:43:17.757415
218,218,1,299,50,2026-07-25 11:43:17.757424,2026-07-25 11:43:17.757424,2026-07-25 11:43:17.757424
219,219,1,257,78,2026-07-25 11:43:17.757433,2026-07-25 11:43:17.757433,2026-07-25 11:43:17.757433
220,220,1,436,53,2026-07-25 11:43:17.757442,2026-07-25 11:43:17.757442,2026-07-25 11:43:17.757442
221,221,1,80,23,2026-07-25 11:43:17.757451,2026-07-25 11:43:17.757451,2026-07-25 11:43:17.757451
222,222,1,491,52,2026-07-25 11:43:17.757459,2026-07-25 11:43:17.757459,2026-07-25 11:43:17.757459
223,223,1,41,74,2026-07-25 11:43:17.757468,2026-07-25 11:43:17.757468,2026-07-25 11:43:17.757468
224,224,1,95,24,2026-07-25 11:43:17.757477,2026-07-25 11:43:17.757477,2026-07-25 11:43:17.757477
225,225,1,304,24,2026-07-25 11:43:17.757486,2026-07-25 11:43:17.757486,2026-07-25 11:43:17.757486
226,226,1,345,75,2026-07-25 11:43:17.757495,2026-07-25 11:43:17.757495,2026-07-25 11:43:17.757495
227,227,1,120,45,2026-07-25 11:43:17.757504,2026-07-25 11:43:17.757504,2026-07-25 11:43:17.757504
228,228,1,61,80,2026-07-25 11:43:17.757513,2026-07-25 11:43:17.757513,2026-07-25 11:43:17.757513
229,229,1,455,56,2026-07-25 11:43:17.757522,2026-07-25 11:43:17.757522,2026-07-25 11:43:17.757522
230,230,1,126,57,2026-07-25 11:43:17.757531,2026-07-25 11:43:17.757531,2026-07-25 11:43:17.757531
231,231,1,304,22,2026-07-25 11:43:17.757539,2026-07-25 11:43:17.757539,2026-07-25 11:43:17.757539
232,232,1,317,25,2026-07-25 11:43:17.757548,2026-07-25 11:43:17.757548,2026-07-25 11:43:17.757548
233,233,1,214,62,2026-07-25 11:43:17.757557,2026-07-25 11:43:17.757557,2026-07-25 11:43:17.757557
234,234,1,298,56,2026-07-25 11:43:17.757566,2026-07-25 11:43:17.757566,2026-07-25 11:43:17.757566
235,235,1,267,40,2026-07-25 11:43:17.757575,2026-07-25 11:43:17.757575,2026-07-25 11:43:17.757575
236,236,1,478,36,2026-07-25 11:43:17.757584,2026-07-25 11:43:17.757584,2026-07-25 11:43:17.757584
237,237,1,104,62,2026-07-25 11:43:17.757593,2026-07-25 11:43:17.757593,2026-07-25 11:43:17.757593
238,238,1,366,40,2026-07-25 11:43:17.757602,2026-07-25 11:43:17.757602,2026-07-25 11:43:17.757602
239,239,1,122,36,2026-07-25 11:43:17.757610,2026-07-25 11:43:17.757610,2026-07-25 11:43:17.757610
240,240,1,202,28,2026-07-25 11:43:17.757619,2026-07-25 11:43:17.757619,2026-07-25 11:43:17.757619
241,241,1,343,61,2026-07-25 11:43:17.757628,2026-07-25 11:43:17.757628,2026-07-25 11:43:17.757628
242,242,1,153,49,2026-07-25 11:43:17.757637,2026-07-25 11:43:17.757637,2026-07-25 11:43:17.757637
243,243,1,161,79,2026-07-25 11:43:17.757646,2026-07-25 11:43:17.757646,2026-07-25 11:43:17.757646
244,244,1,384,79,2026-07-25 11:43:17.757656,2026-07-25 11:43:17.757656,2026-07-25 11:43:17.757656
245,245,1,37,20,2026-07-25 11:43:17.757665,2026-07-25 11:43:17.757665,2026-07-25 11:43:17.757665
246,246,1,234,59,2026-07-25 11:43:17.757674,2026-07-25 11:43:17.757674,2026-07-25 11:43:17.757674
247,247,1,288,26,2026-07-25 11:43:17.757683,2026-07-25 11:43:17.757683,2026-07-25 11:43:17.757683
248,248,1,37,54,2026-07-25 11:43:17.757692,2026-07-25 11:43:17.757692,2026-07-25 11:43:17.757692
249,249,1,109,52,2026-07-25 11:43:17.757700,2026-07-25 11:43:17.757700,2026-07-25 11:43:17.757700
250,250,1,135,28,2026-07-25 11:43:17.757713,2026-07-25 11:43:17.757713,2026-07-25 11:43:17.757713
251,251,1,477,42,2026-07-25 11:43:17.757722,2026-07-25 11:43:17.757722,2026-07-25 11:43:17.757722
252,252,1,451,24,2026-07-25 11:43:17.757731,2026-07-25 11:43:17.757731,2026-07-25 11:43:17.757731
253,253,1,450,35,2026-07-25 11:43:17.757740,2026-07-25 11:43:17.757740,2026-07-25 11:43:17.757740
254,254,1,189,38,2026-07-25 11:43:17.757749,2026-07-25 11:43:17.757749,2026-07-25 11:43:17.757749
255,255,1,80,48,2026-07-25 11:43:17.757758,2026-07-25 11:43:17.757758,2026-07-25 11:43:17.757758
256,256,1,426,54,2026-07-25 11:43:17.757769,2026-07-25 11:43:17.757769,2026-07-25 11:43:17.757769
257,257,1,360,39,2026-07-25 11:43:17.757778,2026-07-25 11:43:17.757778,2026-07-25 11:43:17.757778
258,258,1,313,71,2026-07-25 11:43:17.757787,2026-07-25 11:43:17.757787,2026-07-25 11:43:17.757787
259,259,1,334,53,2026-07-25 11:43:17.757796,2026-07-25 11:43:17.757796,2026-07-25 11:43:17.757796
260,260,1,4,62,2026-07-25 11:43:17.757805,2026-07-25 11:43:17.757805,2026-07-25 11:43:17.757805
261,261,1,418,55,2026-07-25 11:43:17.757814,2026-07-25 11:43:17.757814,2026-07-25 11:43:17.757814
262,262,1,153,79,2026-07-25 11:43:17.757824,2026-07-25 11:43:17.757824,2026-07-25 11:43:17.757824
263,263,1,339,26,2026-07-25 11:43:17.757834,2026-07-25 11:43:17.757834,2026-07-25 11:43:17.757834
264,264,1,480,76,2026-07-25 11:43:17.757843,2026-07-25 11:43:17.757843,2026-07-25 11:43:17.757843
265,265,1,68,36,2026-07-25 11:43:17.757853,2026-07-25 11:43:17.757853,2026-07-25 11:43:17.757853
266,266,1,59,76,2026-07-25 11:43:17.757863,2026-07-25 11:43:17.757863,2026-07-25 11:43:17.757863
267,267,1,54,67,2026-07-25 11:43:17.757873,2026-07-25 11:43:17.757873,2026-07-25 11:43:17.757873
268,268,1,283,29,2026-07-25 11:43:17.757882,2026-07-25 11:43:17.757882,2026-07-25 11:43:17.757882
269,269,1,139,38,2026-07-25 11:43:17.757892,2026-07-25 11:43:17.757892,2026-07-25 11:43:17.757892
270,270,1,309,33,2026-07-25 11:43:17.757902,2026-07-25 11:43:17.757902,2026-07-25 11:43:17.757902
271,271,1,367,41,2026-07-25 11:43:17.757912,2026-07-25 11:43:17.757912,2026-07-25 11:43:17.757912
272,272,1,104,63,2026-07-25 11:43:17.757921,2026-07-25 11:43:17.757921,2026-07-25 11:43:17.757921
273,273,1,324,74,2026-07-25 11:43:17.757931,2026-07-25 11:43:17.757931,2026-07-25 11:43:17.757931
274,274,1,135,52,2026-07-25 11:43:17.757940,2026-07-25 11:43:17.757940,2026-07-25 11:43:17.757940
275,275,1,250,36,2026-07-25 11:43:17.757949,2026-07-25 11:43:17.757949,2026-07-25 11:43:17.757949
276,276,1,463,78,2026-07-25 11:43:17.757958,2026-07-25 11:43:17.757958,2026-07-25 11:43:17.757958
277,277,1,433,23,2026-07-25 11:43:17.757966,2026-07-25 11:43:17.757966,2026-07-25 11:43:17.757966
278,278,1,47,60,2026-07-25 11:43:17.757975,2026-07-25 11:43:17.757975,2026-07-25 11:43:17.757975
279,279,1,216,73,2026-07-25 11:43:17.757984,2026-07-25 11:43:17.757984,2026-07-25 11:43:17.757984
280,280,1,141,22,2026-07-25 11:43:17.757993,2026-07-25 11:43:17.757993,2026-07-25 11:43:17.757993
281,281,1,1,41,2026-07-25 11:43:17.758002,2026-07-25 11:43:17.758002,2026-07-25 11:43:17.758002
282,282,1,394,28,2026-07-25 11:43:17.758011,2026-07-25 11:43:17.758011,2026-07-25 11:43:17.758011
283,283,1,326,36,2026-07-25 11:43:17.758020,2026-07-25 11:43:17.758020,2026-07-25 11:43:17.758020
284,284,1,82,67,2026-07-25 11:43:17.758029,2026-07-25 11:43:17.758029,2026-07-25 11:43:17.758029
285,285,1,226,55,2026-07-25 11:43:17.758038,2026-07-25 11:43:17.758038,2026-07-25 11:43:17.758038
286,286,1,361,47,2026-07-25 11:43:17.758046,2026-07-25 11:43:17.758046,2026-07-25 11:43:17.758046
287,287,1,287,20,2026-07-25 11:43:17.758055,2026-07-25 11:43:17.758055,2026-07-25 11:43:17.758055
288,288,1,57,24,2026-07-25 11:43:17.758064,2026-07-25 11:43:17.758064,2026-07-25 11:43:17.758064
289,289,1,483,76,2026-07-25 11:43:17.758073,2026-07-25 11:43:17.758073,2026-07-25 11:43:17.758073
290,290,1,353,77,2026-07-25 11:43:17.758082,2026-07-25 11:43:17.758082,2026-07-25 11:43:17.758082
291,291,1,76,54,2026-07-25 11:43:17.758091,2026-07-25 11:43:17.758091,2026-07-25 11:43:17.758091
292,292,1,18,73,2026-07-25 11:43:17.758100,2026-07-25 11:43:17.758100,2026-07-25 11:43:17.758100
293,293,1,189,57,2026-07-25 11:43:17.758109,2026-07-25 11:43:17.758109,2026-07-25 11:43:17.758109
294,294,1,282,29,2026-07-25 11:43:17.758118,2026-07-25 11:43:17.758118,2026-07-25 11:43:17.758118
295,295,1,220,28,2026-07-25 11:43:17.758127,2026-07-25 11:43:17.758127,2026-07-25 11:43:17.758127
296,296,1,21,39,2026-07-25 11:43:17.758136,2026-07-25 11:43:17.758136,2026-07-25 11:43:17.758136
297,297,1,186,77,2026-07-25 11:43:17.758145,2026-07-25 11:43:17.758145,2026-07-25 11:43:17.758145
298,298,1,477,70,2026-07-25 11:43:17.758153,2026-07-25 11:43:17.758153,2026-07-25 11:43:17.758153
299,299,1,497,75,2026-07-25 11:43:17.758162,2026-07-25 11:43:17.758162,2026-07-25 11:43:17.758162
300,300,1,20,77,2026-07-25 11:43:17.758171,2026-07-25 11:43:17.758171,2026-07-25 11:43:17.758171
301,301,1,183,33,2026-07-25 11:43:17.758180,2026-07-25 11:43:17.758180,2026-07-25 11:43:17.758180
302,302,1,349,35,2026-07-25 11:43:17.758189,2026-07-25 11:43:17.758189,2026-07-25 11:43:17.758189
303,303,1,341,26,2026-07-25 11:43:17.758198,2026-07-25 11:43:17.758198,2026-07-25 11:43:17.758198
304,304,1,181,69,2026-07-25 11:43:17.758207,2026-07-25 11:43:17.758207,2026-07-25 11:43:17.758207
305,305,1,286,76,2026-07-25 11:43:17.758216,2026-07-25 11:43:17.758216,2026-07-25 11:43:17.758216
306,306,1,447,46,2026-07-25 11:43:17.758225,2026-07-25 11:43:17.758225,2026-07-25 11:43:17.758225
307,307,1,498,59,2026-07-25 11:43:17.758233,2026-07-25 11:43:17.758233,2026-07-25 11:43:17.758233
308,308,1,383,29,2026-07-25 11:43:17.758243,2026-07-25 11:43:17.758243,2026-07-25 11:43:17.758243
309,309,1,473,79,2026-07-25 11:43:17.758252,2026-07-25 11:43:17.758252,2026-07-25 11:43:17.758252
310,310,1,121,75,2026-07-25 11:43:17.758263,2026-07-25 11:43:17.758263,2026-07-25 11:43:17.758263
311,311,1,83,71,2026-07-25 11:43:17.758273,2026-07-25 11:43:17.758273,2026-07-25 11:43:17.758273
312,312,1,415,31,2026-07-25 11:43:17.758282,2026-07-25 11:43:17.758282,2026-07-25 11:43:17.758282
313,313,1,451,46,2026-07-25 11:43:17.758292,2026-07-25 11:43:17.758292,2026-07-25 11:43:17.758292
314,314,1,12,31,2026-07-25 11:43:17.758302,2026-07-25 11:43:17.758302,2026-07-25 11:43:17.758302
315,315,1,377,79,2026-07-25 11:43:17.758311,2026-07-25 11:43:17.758311,2026-07-25 11:43:17.758311
316,316,1,170,70,2026-07-25 11:43:17.758321,2026-07-25 11:43:17.758321,2026-07-25 11:43:17.758321
317,317,1,476,46,2026-07-25 11:43:17.758331,2026-07-25 11:43:17.758331,2026-07-25 11:43:17.758331
318,318,1,410,62,2026-07-25 11:43:17.758341,2026-07-25 11:43:17.758341,2026-07-25 11:43:17.758341
319,319,1,442,67,2026-07-25 11:43:17.758350,2026-07-25 11:43:17.758350,2026-07-25 11:43:17.758350
320,320,1,415,35,2026-07-25 11:43:17.758360,2026-07-25 11:43:17.758360,2026-07-25 11:43:17.758360
321,321,1,136,30,2026-07-25 11:43:17.758370,2026-07-25 11:43:17.758370,2026-07-25 11:43:17.758370
322,322,1,403,64,2026-07-25 11:43:17.758380,2026-07-25 11:43:17.758380,2026-07-25 11:43:17.758380
323,323,1,55,44,2026-07-25 11:43:17.758389,2026-07-25 11:43:17.758389,2026-07-25 11:43:17.758389
324,324,1,446,22,2026-07-25 11:43:17.758399,2026-07-25 11:43:17.758399,2026-07-25 11:43:17.758399
325,325,1,439,50,2026-07-25 11:43:17.758409,2026-07-25 11:43:17.758409,2026-07-25 11:43:17.758409
326,326,1,113,32,2026-07-25 11:43:17.758419,2026-07-25 11:43:17.758419,2026-07-25 11:43:17.758419
327,327,1,418,78,2026-07-25 11:43:17.758428,2026-07-25 11:43:17.758428,2026-07-25 11:43:17.758428
328,328,1,235,42,2026-07-25 11:43:17.758437,2026-07-25 11:43:17.758437,2026-07-25 11:43:17.758437
329,329,1,156,72,2026-07-25 11:43:17.758446,2026-07-25 11:43:17.758446,2026-07-25 11:43:17.758446
330,330,1,407,75,2026-07-25 11:43:17.758455,2026-07-25 11:43:17.758455,2026-07-25 11:43:17.758455
331,331,1,116,34,2026-07-25 11:43:17.758464,2026-07-25 11:43:17.758464,2026-07-25 11:43:17.758464
332,332,1,12,62,2026-07-25 11:43:17.758472,2026-07-25 11:43:17.758472,2026-07-25 11:43:17.758472
333,333,1,98,45,2026-07-25 11:43:17.758481,2026-07-25 11:43:17.758481,2026-07-25 11:43:17.758481
334,334,1,168,37,2026-07-25 11:43:17.758491,2026-07-25 11:43:17.758491,2026-07-25 11:43:17.758491
335,335,1,442,24,2026-07-25 11:43:17.758500,2026-07-25 11:43:17.758500,2026-07-25 11:43:17.758500
336,336,1,495,69,2026-07-25 11:43:17.758509,2026-07-25 11:43:17.758509,2026-07-25 11:43:17.758509
337,337,1,142,42,2026-07-25 11:43:17.758518,2026-07-25 11:43:17.758518,2026-07-25 11:43:17.758518
338,338,1,328,52,2026-07-25 11:43:17.758527,2026-07-25 11:43:17.758527,2026-07-25 11:43:17.758527
339,339,1,204,63,2026-07-25 11:43:17.758535,2026-07-25 11:43:17.758535,2026-07-25 11:43:17.758535
340,340,1,431,54,2026-07-25 11:43:17.758544,2026-07-25 11:43:17.758544,2026-07-25 11:43:17.758544
341,341,1,169,80,2026-07-25 11:43:17.758554,2026-07-25 11:43:17.758554,2026-07-25 11:43:17.758554
342,342,1,14,27,2026-07-25 11:43:17.758564,2026-07-25 11:43:17.758564,2026-07-25 11:43:17.758564
343,343,1,449,36,2026-07-25 11:43:17.758573,2026-07-25 11:43:17.758573,2026-07-25 11:43:17.758573
344,344,1,91,57,2026-07-25 11:43:17.758582,2026-07-25 11:43:17.758582,2026-07-25 11:43:17.758582
345,345,1,492,36,2026-07-25 11:43:17.758592,2026-07-25 11:43:17.758592,2026-07-25 11:43:17.758592
346,346,1,19,26,2026-07-25 11:43:17.758601,2026-07-25 11:43:17.758601,2026-07-25 11:43:17.758601
347,347,1,305,47,2026-07-25 11:43:17.758610,2026-07-25 11:43:17.758610,2026-07-25 11:43:17.758610
348,348,1,176,66,2026-07-25 11:43:17.758619,2026-07-25 11:43:17.758619,2026-07-25 11:43:17.758619
349,349,1,402,40,2026-07-25 11:43:17.758628,2026-07-25 11:43:17.758628,2026-07-25 11:43:17.758628
350,350,1,223,58,2026-07-25 11:43:17.758637,2026-07-25 11:43:17.758637,2026-07-25 11:43:17.758637
351,351,1,261,27,2026-07-25 11:43:17.758645,2026-07-25 11:43:17.758645,2026-07-25 11:43:17.758645
352,352,1,197,77,2026-07-25 11:43:17.758654,2026-07-25 11:43:17.758654,2026-07-25 11:43:17.758654
353,353,1,295,32,2026-07-25 11:43:17.758663,2026-07-25 11:43:17.758663,2026-07-25 11:43:17.758663
354,354,1,130,22,2026-07-25 11:43:17.758672,2026-07-25 11:43:17.758672,2026-07-25 11:43:17.758672
355,355,1,362,47,2026-07-25 11:43:17.758681,2026-07-25 11:43:17.758681,2026-07-25 11:43:17.758681
356,356,1,0,53,2026-07-25 11:43:17.758690,2026-07-25 11:43:17.758690,2026-07-25 11:43:17.758690
357,357,1,473,71,2026-07-25 11:43:17.758699,2026-07-25 11:43:17.758699,2026-07-25 11:43:17.758699
358,358,1,275,63,2026-07-25 11:43:17.758708,2026-07-25 11:43:17.758708,2026-07-25 11:43:17.758708
359,359,1,368,80,2026-07-25 11:43:17.758717,2026-07-25 11:43:17.758717,2026-07-25 11:43:17.758717
360,360,1,379,67,2026-07-25 11:43:17.758726,2026-07-25 11:43:17.758726,2026-07-25 11:43:17.758726
361,361,1,343,32,2026-07-25 11:43:17.758735,2026-07-25 11:43:17.758735,2026-07-25 11:43:17.758735
362,362,1,186,47,2026-07-25 11:43:17.758744,2026-07-25 11:43:17.758744,2026-07-25 11:43:17.758744
363,363,1,35,80,2026-07-25 11:43:17.758753,2026-07-25 11:43:17.758753,2026-07-25 11:43:17.758753
364,364,1,340,78,2026-07-25 11:43:17.758762,2026-07-25 11:43:17.758762,2026-07-25 11:43:17.758762
365,365,1,169,59,2026-07-25 11:43:17.758772,2026-07-25 11:43:17.758772,2026-07-25 11:43:17.758772
366,366,1,160,62,2026-07-25 11:43:17.758781,2026-07-25 11:43:17.758781,2026-07-25 11:43:17.758781
367,367,1,434,27,2026-07-25 11:43:17.758791,2026-07-25 11:43:17.758791,2026-07-25 11:43:17.758791
368,368,1,368,77,2026-07-25 11:43:17.758801,2026-07-25 11:43:17.758801,2026-07-25 11:43:17.758801
369,369,1,153,52,2026-07-25 11:43:17.758811,2026-07-25 11:43:17.758811,2026-07-25 11:43:17.758811
370,370,1,158,62,2026-07-25 11:43:17.758820,2026-07-25 11:43:17.758820,2026-07-25 11:43:17.758820
371,371,1,209,40,2026-07-25 11:43:17.758830,2026-07-25 11:43:17.758830,2026-07-25 11:43:17.758830
372,372,1,206,64,2026-07-25 11:43:17.758840,2026-07-25 11:43:17.758840,2026-07-25 11:43:17.758840
373,373,1,151,55,2026-07-25 11:43:17.758849,2026-07-25 11:43:17.758849,2026-07-25 11:43:17.758849
374,374,1,65,32,2026-07-25 11:43:17.758859,2026-07-25 11:43:17.758859,2026-07-25 11:43:17.758859
375,375,1,215,62,2026-07-25 11:43:17.758869,2026-07-25 11:43:17.758869,2026-07-25 11:43:17.758869
376,376,1,481,44,2026-07-25 11:43:17.758879,2026-07-25 11:43:17.758879,2026-07-25 11:43:17.758879
377,377,1,346,67,2026-07-25 11:43:17.758890,2026-07-25 11:43:17.758890,2026-07-25 11:43:17.758890
378,378,1,462,31,2026-07-25 11:43:17.758900,2026-07-25 11:43:17.758900,2026-07-25 11:43:17.758900
379,379,1,315,56,2026-07-25 11:43:17.758910,2026-07-25 11:43:17.758910,2026-07-25 11:43:17.758910
380,380,1,154,45,2026-07-25 11:43:17.758919,2026-07-25 11:43:17.758919,2026-07-25 11:43:17.758919
381,381,1,280,73,2026-07-25 11:43:17.758929,2026-07-25 11:43:17.758929,2026-07-25 11:43:17.758929
382,382,1,0,39,2026-07-25 11:43:17.758938,2026-07-25 11:43:17.758938,2026-07-25 11:43:17.758938
383,383,1,146,33,2026-07-25 11:43:17.758947,2026-07-25 11:43:17.758947,2026-07-25 11:43:17.758947
384,384,1,220,70,2026-07-25 11:43:17.758956,2026-07-25 11:43:17.758956,2026-07-25 11:43:17.758956
385,385,1,296,58,2026-07-25 11:43:17.758965,2026-07-25 11:43:17.758965,2026-07-25 11:43:17.758965
386,386,1,335,40,2026-07-25 11:43:17.758974,2026-07-25 11:43:17.758974,2026-07-25 11:43:17.758974
387,387,1,238,48,2026-07-25 11:43:17.758982,2026-07-25 11:43:17.758982,2026-07-25 11:43:17.758982
388,388,1,226,63,2026-07-25 11:43:17.758991,2026-07-25 11:43:17.758991,2026-07-25 11:43:17.758991
389,389,1,109,52,2026-07-25 11:43:17.759000,2026-07-25 11:43:17.759000,2026-07-25 11:43:17.759000
390,390,1,242,70,2026-07-25 11:43:17.759009,2026-07-25 11:43:17.759009,2026-07-25 11:43:17.759009
391,391,1,461,70,2026-07-25 11:43:17.759018,2026-07-25 11:43:17.759018,2026-07-25 11:43:17.759018
392,392,1,376,30,2026-07-25 11:43:17.759026,2026-07-25 11:43:17.759026,2026-07-25 11:43:17.759026
393,393,1,337,25,2026-07-25 11:43:17.759036,2026-07-25 11:43:17.759036,2026-07-25 11:43:17.759036
394,394,1,145,52,2026-07-25 11:43:17.759045,2026-07-25 11:43:17.759045,2026-07-25 11:43:17.759045
395,395,1,339,60,2026-07-25 11:43:17.759055,2026-07-25 11:43:17.759055,2026-07-25 11:43:17.759055
396,396,1,317,41,2026-07-25 11:43:17.759065,2026-07-25 11:43:17.759065,2026-07-25 11:43:17.759065
397,397,1,47,72,2026-07-25 11:43:17.759074,2026-07-25 11:43:17.759074,2026-07-25 11:43:17.759074
398,398,1,487,68,2026-07-25 11:43:17.759084,2026-07-25 11:43:17.759084,2026-07-25 11:43:17.759084
399,399,1,120,63,2026-07-25 11:43:17.759094,2026-07-25 11:43:17.759094,2026-07-25 11:43:17.759094
400,400,1,158,34,2026-07-25 11:43:17.759103,2026-07-25 11:43:17.759103,2026-07-25 11:43:17.759103
401,401,1,412,32,2026-07-25 11:43:17.759113,2026-07-25 11:43:17.759113,2026-07-25 11:43:17.759113
402,402,1,75,21,2026-07-25 11:43:17.759123,2026-07-25 11:43:17.759123,2026-07-25 11:43:17.759123
403,403,1,23,35,2026-07-25 11:43:17.759133,2026-07-25 11:43:17.759133,2026-07-25 11:43:17.759133
404,404,1,243,59,2026-07-25 11:43:17.759147,2026-07-25 11:43:17.759147,2026-07-25 11:43:17.759147
405,405,1,435,69,2026-07-25 11:43:17.759157,2026-07-25 11:43:17.759157,2026-07-25 11:43:17.759157
406,406,1,37,49,2026-07-25 11:43:17.759167,2026-07-25 11:43:17.759167,2026-07-25 11:43:17.759167
407,407,1,212,76,2026-07-25 11:43:17.759176,2026-07-25 11:43:17.759176,2026-07-25 11:43:17.759176
408,408,1,322,56,2026-07-25 11:43:17.759186,2026-07-25 11:43:17.759186,2026-07-25 11:43:17.759186
409,409,1,99,65,2026-07-25 11:43:17.759195,2026-07-25 11:43:17.759195,2026-07-25 11:43:17.759195
410,410,1,356,44,2026-07-25 11:43:17.759205,2026-07-25 11:43:17.759205,2026-07-25 11:43:17.759205
411,411,1,253,45,2026-07-25 11:43:17.759215,2026-07-25 11:43:17.759215,2026-07-25 11:43:17.759215
412,412,1,124,29,2026-07-25 11:43:17.759226,2026-07-25 11:43:17.759226,2026-07-25 11:43:17.759226
413,413,1,335,64,2026-07-25 11:43:17.759236,2026-07-25 11:43:17.759236,2026-07-25 11:43:17.759236
414,414,1,2,77,2026-07-25 11:43:17.759245,2026-07-25 11:43:17.759245,2026-07-25 11:43:17.759245
415,415,1,384,75,2026-07-25 11:43:17.759255,2026-07-25 11:43:17.759255,2026-07-25 11:43:17.759255
416,416,1,394,76,2026-07-25 11:43:17.759265,2026-07-25 11:43:17.759265,2026-07-25 11:43:17.759265
417,417,1,54,69,2026-07-25 11:43:17.759274,2026-07-25 11:43:17.759274,2026-07-25 11:43:17.759274
418,418,1,217,34,2026-07-25 11:43:17.759284,2026-07-25 11:43:17.759284,2026-07-25 11:43:17.759284
419,419,1,90,71,2026-07-25 11:43:17.759294,2026-07-25 11:43:17.759294,2026-07-25 11:43:17.759294
420,420,1,490,64,2026-07-25 11:43:17.759303,2026-07-25 11:43:17.759303,2026-07-25 11:43:17.759303
421,421,1,265,49,2026-07-25 11:43:17.759313,2026-07-25 11:43:17.759313,2026-07-25 11:43:17.759313
422,422,1,25,55,2026-07-25 11:43:17.759323,2026-07-25 11:43:17.759323,2026-07-25 11:43:17.759323
423,423,1,127,78,2026-07-25 11:43:17.759332,2026-07-25 11:43:17.759332,2026-07-25 11:43:17.759332
424,424,1,434,27,2026-07-25 11:43:17.759341,2026-07-25 11:43:17.759341,2026-07-25 11:43:17.759341
425,425,1,233,28,2026-07-25 11:43:17.759350,2026-07-25 11:43:17.759350,2026-07-25 11:43:17.759350
426,426,1,410,49,2026-07-25 11:43:17.759359,2026-07-25 11:43:17.759359,2026-07-25 11:43:17.759359
427,427,1,341,53,2026-07-25 11:43:17.759368,2026-07-25 11:43:17.759368,2026-07-25 11:43:17.759368
428,428,1,286,58,2026-07-25 11:43:17.759377,2026-07-25 11:43:17.759377,2026-07-25 11:43:17.759377
429,429,1,162,80,2026-07-25 11:43:17.759386,2026-07-25 11:43:17.759386,2026-07-25 11:43:17.759386
430,430,1,386,77,2026-07-25 11:43:17.759395,2026-07-25 11:43:17.759395,2026-07-25 11:43:17.759395
431,431,1,226,59,2026-07-25 11:43:17.759404,2026-07-25 11:43:17.759404,2026-07-25 11:43:17.759404
432,432,1,417,66,2026-07-25 11:43:17.759413,2026-07-25 11:43:17.759413,2026-07-25 11:43:17.759413
433,433,1,456,52,2026-07-25 11:43:17.759422,2026-07-25 11:43:17.759422,2026-07-25 11:43:17.759422
434,434,1,218,73,2026-07-25 11:43:17.759431,2026-07-25 11:43:17.759431,2026-07-25 11:43:17.759431
435,435,1,464,55,2026-07-25 11:43:17.759439,2026-07-25 11:43:17.759439,2026-07-25 11:43:17.759439
436,436,1,228,77,2026-07-25 11:43:17.759448,2026-07-25 11:43:17.759448,2026-07-25 11:43:17.759448
437,437,1,81,67,2026-07-25 11:43:17.759457,2026-07-25 11:43:17.759457,2026-07-25 11:43:17.759457
438,438,1,441,50,2026-07-25 11:43:17.759466,2026-07-25 11:43:17.759466,2026-07-25 11:43:17.759466
439,439,1,230,36,2026-07-25 11:43:17.759475,2026-07-25 11:43:17.759475,2026-07-25 11:43:17.759475
440,440,1,384,35,2026-07-25 11:43:17.759484,2026-07-25 11:43:17.759484,2026-07-25 11:43:17.759484
441,441,1,430,60,2026-07-25 11:43:17.759493,2026-07-25 11:43:17.759493,2026-07-25 11:43:17.759493
442,442,1,141,69,2026-07-25 11:43:17.759502,2026-07-25 11:43:17.759502,2026-07-25 11:43:17.759502
443,443,1,398,53,2026-07-25 11:43:17.759510,2026-07-25 11:43:17.759510,2026-07-25 11:43:17.759510
444,444,1,248,60,2026-07-25 11:43:17.759519,2026-07-25 11:43:17.759519,2026-07-25 11:43:17.759519
445,445,1,122,37,2026-07-25 11:43:17.759528,2026-07-25 11:43:17.759528,2026-07-25 11:43:17.759528
446,446,1,225,24,2026-07-25 11:43:17.759537,2026-07-25 11:43:17.759537,2026-07-25 11:43:17.759537
447,447,1,365,38,2026-07-25 11:43:17.759546,2026-07-25 11:43:17.759546,2026-07-25 11:43:17.759546
448,448,1,120,37,2026-07-25 11:43:17.759555,2026-07-25 11:43:17.759555,2026-07-25 11:43:17.759555
449,449,1,171,40,2026-07-25 11:43:17.759564,2026-07-25 11:43:17.759564,2026-07-25 11:43:17.759564
450,450,1,457,54,2026-07-25 11:43:17.759572,2026-07-25 11:43:17.759572,2026-07-25 11:43:17.759572
451,451,1,41,28,2026-07-25 11:43:17.759581,2026-07-25 11:43:17.759581,2026-07-25 11:43:17.759581
452,452,1,77,34,2026-07-25 11:43:17.759590,2026-07-25 11:43:17.759590,2026-07-25 11:43:17.759590
453,453,1,196,64,2026-07-25 11:43:17.759599,2026-07-25 11:43:17.759599,2026-07-25 11:43:17.759599
454,454,1,78,65,2026-07-25 11:43:17.759608,2026-07-25 11:43:17.759608,2026-07-25 11:43:17.759608
455,455,1,109,24,2026-07-25 11:43:17.759616,2026-07-25 11:43:17.759616,2026-07-25 11:43:17.759616
456,456,1,212,46,2026-07-25 11:43:17.759625,2026-07-25 11:43:17.759625,2026-07-25 11:43:17.759625
457,457,1,169,54,2026-07-25 11:43:17.759634,2026-07-25 11:43:17.759634,2026-07-25 11:43:17.759634
458,458,1,238,46,2026-07-25 11:43:17.759643,2026-07-25 11:43:17.759643,2026-07-25 11:43:17.759643
459,459,1,31,33,2026-07-25 11:43:17.759652,2026-07-25 11:43:17.759652,2026-07-25 11:43:17.759652
460,460,1,426,46,2026-07-25 11:43:17.759661,2026-07-25 11:43:17.759661,2026-07-25 11:43:17.759661
461,461,1,199,77,2026-07-25 11:43:17.759670,2026-07-25 11:43:17.759670,2026-07-25 11:43:17.759670
462,462,1,394,57,2026-07-25 11:43:17.759693,2026-07-25 11:43:17.759693,2026-07-25 11:43:17.759693
463,463,1,484,64,2026-07-25 11:43:17.759703,2026-07-25 11:43:17.759703,2026-07-25 11:43:17.759703
464,464,1,10,74,2026-07-25 11:43:17.759712,2026-07-25 11:43:17.759712,2026-07-25 11:43:17.759712
465,465,1,450,68,2026-07-25 11:43:17.759721,2026-07-25 11:43:17.759721,2026-07-25 11:43:17.759721
466,466,1,294,44,2026-07-25 11:43:17.759730,2026-07-25 11:43:17.759730,2026-07-25 11:43:17.759730
467,467,1,244,20,2026-07-25 11:43:17.759739,2026-07-25 11:43:17.759739,2026-07-25 11:43:17.759739
468,468,1,482,42,2026-07-25 11:43:17.759749,2026-07-25 11:43:17.759749,2026-07-25 11:43:17.759749
469,469,1,152,68,2026-07-25 11:43:17.759759,2026-07-25 11:43:17.759759,2026-07-25 11:43:17.759759
470,470,1,199,74,2026-07-25 11:43:17.759768,2026-07-25 11:43:17.759768,2026-07-25 11:43:17.759768
471,471,1,456,73,2026-07-25 11:43:17.759778,2026-07-25 11:43:17.759778,2026-07-25 11:43:17.759778
472,472,1,214,54,2026-07-25 11:43:17.759788,2026-07-25 11:43:17.759788,2026-07-25 11:43:17.759788
473,473,1,382,67,2026-07-25 11:43:17.759797,2026-07-25 11:43:17.759797,2026-07-25 11:43:17.759797
474,474,1,279,71,2026-07-25 11:43:17.759807,2026-07-25 11:43:17.759807,2026-07-25 11:43:17.759807
475,475,1,308,77,2026-07-25 11:43:17.759816,2026-07-25 11:43:17.759816,2026-07-25 11:43:17.759816
476,476,1,112,51,2026-07-25 11:43:17.759826,2026-07-25 11:43:17.759826,2026-07-25 11:43:17.759826
477,477,1,112,37,2026-07-25 11:43:17.759836,2026-07-25 11:43:17.759836,2026-07-25 11:43:17.759836
478,478,1,223,51,2026-07-25 11:43:17.759845,2026-07-25 11:43:17.759845,2026-07-25 11:43:17.759845
479,479,1,14,44,2026-07-25 11:43:17.759855,2026-07-25 11:43:17.759855,2026-07-25 11:43:17.759855
480,480,1,172,62,2026-07-25 11:43:17.759865,2026-07-25 11:43:17.759865,2026-07-25 11:43:17.759865
481,481,1,347,71,2026-07-25 11:43:17.759875,2026-07-25 11:43:17.759875,2026-07-25 11:43:17.759875
482,482,1,207,66,2026-07-25 11:43:17.759884,2026-07-25 11:43:17.759884,2026-07-25 11:43:17.759884
483,483,1,84,73,2026-07-25 11:43:17.759894,2026-07-25 11:43:17.759894,2026-07-25 11:43:17.759894
484,484,1,239,78,2026-07-25 11:43:17.759904,2026-07-25 11:43:17.759904,2026-07-25 11:43:17.759904
485,485,1,65,59,2026-07-25 11:43:17.759914,2026-07-25 11:43:17.759914,2026-07-25 11:43:17.759914
486,486,1,273,21,2026-07-25 11:43:17.759924,2026-07-25 11:43:17.759924,2026-07-25 11:43:17.759924
487,487,1,464,45,2026-07-25 11:43:17.759933,2026-07-25 11:43:17.759933,2026-07-25 11:43:17.759933
488,488,1,303,56,2026-07-25 11:43:17.759942,2026-07-25 11:43:17.759942,2026-07-25 11:43:17.759942
489,489,1,339,21,2026-07-25 11:43:17.759951,2026-07-25 11:43:17.759951,2026-07-25 11:43:17.759951
490,490,1,42,61,2026-07-25 11:43:17.759961,2026-07-25 11:43:17.759961,2026-07-25 11:43:17.759961
491,491,1,219,28,2026-07-25 11:43:17.759970,2026-07-25 11:43:17.759970,2026-07-25 11:43:17.759970
492,492,1,443,49,2026-07-25 11:43:17.759979,2026-07-25 11:43:17.759979,2026-07-25 11:43:17.759979
493,493,1,93,23,2026-07-25 11:43:17.759988,2026-07-25 11:43:17.759988,2026-07-25 11:43:17.759988
494,494,1,133,44,2026-07-25 11:43:17.759997,2026-07-25 11:43:17.759997,2026-07-25 11:43:17.759997
495,495,1,167,33,2026-07-25 11:43:17.760005,2026-07-25 11:43:17.760005,2026-07-25 11:43:17.760005
496,496,1,232,40,2026-07-25 11:43:17.760014,2026-07-25 11:43:17.760014,2026-07-25 11:43:17.760014
497,497,1,172,68,2026-07-25 11:43:17.760023,2026-07-25 11:43:17.760023,2026-07-25 11:43:17.760023
498,498,1,450,44,2026-07-25 11:43:17.760032,2026-07-25 11:43:17.760032,2026-07-25 11:43:17.760032
499,499,1,142,68,2026-07-25 11:43:17.760042,2026-07-25 11:43:17.760042,2026-07-25 11:43:17.760042
500,500,1,487,73,2026-07-25 11:43:17.760052,2026-07-25 11:43:17.760052,2026-07-25 11:43:17.760052
501,1,2,215,36,2026-07-25 11:43:17.760251,2026-07-25 11:43:17.760251,2026-07-25 11:43:17.760251
502,2,2,427,25,2026-07-25 11:43:17.760265,2026-07-25 11:43:17.760265,2026-07-25 11:43:17.760265
503,3,2,240,21,2026-07-25 11:43:17.760276,2026-07-25 11:43:17.760276,2026-07-25 11:43:17.760276
504,4,2,383,54,2026-07-25 11:43:17.760288,2026-07-25 11:43:17.760288,2026-07-25 11:43:17.760288
505,5,2,26,80,2026-07-25 11:43:17.760299,2026-07-25 11:43:17.760299,2026-07-25 11:43:17.760299
506,6,2,179,34,2026-07-25 11:43:17.760309,2026-07-25 11:43:17.760309,2026-07-25 11:43:17.760309
507,7,2,332,24,2026-07-25 11:43:17.760319,2026-07-25 11:43:17.760319,2026-07-25 11:43:17.760319
508,8,2,399,61,2026-07-25 11:43:17.760329,2026-07-25 11:43:17.760329,2026-07-25 11:43:17.760329
509,9,2,20,68,2026-07-25 11:43:17.760339,2026-07-25 11:43:17.760339,2026-07-25 11:43:17.760339
510,10,2,15,80,2026-07-25 11:43:17.760348,2026-07-25 11:43:17.760348,2026-07-25 11:43:17.760348
511,11,2,126,32,2026-07-25 11:43:17.760357,2026-07-25 11:43:17.760357,2026-07-25 11:43:17.760357
512,12,2,429,21,2026-07-25 11:43:17.760366,2026-07-25 11:43:17.760366,2026-07-25 11:43:17.760366
513,13,2,318,29,2026-07-25 11:43:17.760383,2026-07-25 11:43:17.760383,2026-07-25 11:43:17.760383
514,14,2,122,28,2026-07-25 11:43:17.760392,2026-07-25 11:43:17.760392,2026-07-25 11:43:17.760392
515,15,2,242,62,2026-07-25 11:43:17.760401,2026-07-25 11:43:17.760401,2026-07-25 11:43:17.760401
516,16,2,58,56,2026-07-25 11:43:17.760410,2026-07-25 11:43:17.760410,2026-07-25 11:43:17.760410
517,17,2,485,33,2026-07-25 11:43:17.760419,2026-07-25 11:43:17.760419,2026-07-25 11:43:17.760419
518,18,2,238,64,2026-07-25 11:43:17.760428,2026-07-25 11:43:17.760428,2026-07-25 11:43:17.760428
519,19,2,131,69,2026-07-25 11:43:17.760437,2026-07-25 11:43:17.760437,2026-07-25 11:43:17.760437
520,20,2,188,30,2026-07-25 11:43:17.760446,2026-07-25 11:43:17.760446,2026-07-25 11:43:17.760446
521,21,2,310,58,2026-07-25 11:43:17.760455,2026-07-25 11:43:17.760455,2026-07-25 11:43:17.760455
522,22,2,493,67,2026-07-25 11:43:17.760464,2026-07-25 11:43:17.760464,2026-07-25 11:43:17.760464
523,23,2,367,27,2026-07-25 11:43:17.760473,2026-07-25 11:43:17.760473,2026-07-25 11:43:17.760473
524,24,2,398,72,2026-07-25 11:43:17.760482,2026-07-25 11:43:17.760482,2026-07-25 11:43:17.760482
525,25,2,83,39,2026-07-25 11:43:17.760491,2026-07-25 11:43:17.760491,2026-07-25 11:43:17.760491
526,26,2,55,57,2026-07-25 11:43:17.760500,2026-07-25 11:43:17.760500,2026-07-25 11:43:17.760500
527,27,2,13,79,2026-07-25 11:43:17.760508,2026-07-25 11:43:17.760508,2026-07-25 11:43:17.760508
528,28,2,159,56,2026-07-25 11:43:17.760517,2026-07-25 11:43:17.760517,2026-07-25 11:43:17.760517
529,29,2,346,78,2026-07-25 11:43:17.760526,2026-07-25 11:43:17.760526,2026-07-25 11:43:17.760526
530,30,2,490,44,2026-07-25 11:43:17.760535,2026-07-25 11:43:17.760535,2026-07-25 11:43:17.760535
531,31,2,203,80,2026-07-25 11:43:17.760544,2026-07-25 11:43:17.760544,2026-07-25 11:43:17.760544
532,32,2,366,32,2026-07-25 11:43:17.760553,2026-07-25 11:43:17.760553,2026-07-25 11:43:17.760553
533,33,2,38,57,2026-07-25 11:43:17.760562,2026-07-25 11:43:17.760562,2026-07-25 11:43:17.760562
534,34,2,353,73,2026-07-25 11:43:17.760571,2026-07-25 11:43:17.760571,2026-07-25 11:43:17.760571
535,35,2,321,35,2026-07-25 11:43:17.760580,2026-07-25 11:43:17.760580,2026-07-25 11:43:17.760580
536,36,2,52,64,2026-07-25 11:43:17.760589,2026-07-25 11:43:17.760589,2026-07-25 11:43:17.760589
537,37,2,395,39,2026-07-25 11:43:17.760597,2026-07-25 11:43:17.760597,2026-07-25 11:43:17.760597
538,38,2,435,63,2026-07-25 11:43:17.760606,2026-07-25 11:43:17.760606,2026-07-25 11:43:17.760606
539,39,2,307,71,2026-07-25 11:43:17.760615,2026-07-25 11:43:17.760615,2026-07-25 11:43:17.760615
540,40,2,61,70,2026-07-25 11:43:17.760624,2026-07-25 11:43:17.760624,2026-07-25 11:43:17.760624
541,41,2,289,70,2026-07-25 11:43:17.760633,2026-07-25 11:43:17.760633,2026-07-25 11:43:17.760633
542,42,2,21,42,2026-07-25 11:43:17.760642,2026-07-25 11:43:17.760642,2026-07-25 11:43:17.760642
543,43,2,272,47,2026-07-25 11:43:17.760651,2026-07-25 11:43:17.760651,2026-07-25 11:43:17.760651
544,44,2,338,43,2026-07-25 11:43:17.760660,2026-07-25 11:43:17.760660,2026-07-25 11:43:17.760660
545,45,2,35,52,2026-07-25 11:43:17.760669,2026-07-25 11:43:17.760669,2026-07-25 11:43:17.760669
546,46,2,331,41,2026-07-25 11:43:17.760677,2026-07-25 11:43:17.760677,2026-07-25 11:43:17.760677
547,47,2,6,74,2026-07-25 11:43:17.760686,2026-07-25 11:43:17.760686,2026-07-25 11:43:17.760686
548,48,2,215,72,2026-07-25 11:43:17.760695,2026-07-25 11:43:17.760695,2026-07-25 11:43:17.760695
549,49,2,250,26,2026-07-25 11:43:17.760705,2026-07-25 11:43:17.760705,2026-07-25 11:43:17.760705
550,50,2,221,43,2026-07-25 11:43:17.760715,2026-07-25 11:43:17.760715,2026-07-25 11:43:17.760715
551,51,2,325,77,2026-07-25 11:43:17.760724,2026-07-25 11:43:17.760724,2026-07-25 11:43:17.760724
552,52,2,424,49,2026-07-25 11:43:17.760734,2026-07-25 11:43:17.760734,2026-07-25 11:43:17.760734
553,53,2,362,29,2026-07-25 11:43:17.760744,2026-07-25 11:43:17.760744,2026-07-25 11:43:17.760744
554,54,2,222,31,2026-07-25 11:43:17.760753,2026-07-25 11:43:17.760753,2026-07-25 11:43:17.760753
555,55,2,375,53,2026-07-25 11:43:17.760763,2026-07-25 11:43:17.760763,2026-07-25 11:43:17.760763
556,56,2,494,61,2026-07-25 11:43:17.760773,2026-07-25 11:43:17.760773,2026-07-25 11:43:17.760773
557,57,2,138,59,2026-07-25 11:43:17.760783,2026-07-25 11:43:17.760783,2026-07-25 11:43:17.760783
558,58,2,413,78,2026-07-25 11:43:17.760792,2026-07-25 11:43:17.760792,2026-07-25 11:43:17.760792
559,59,2,275,69,2026-07-25 11:43:17.760802,2026-07-25 11:43:17.760802,2026-07-25 11:43:17.760802
560,60,2,247,49,2026-07-25 11:43:17.760812,2026-07-25 11:43:17.760812,2026-07-25 11:43:17.760812
561,61,2,223,72,2026-07-25 11:43:17.760821,2026-07-25 11:43:17.760821,2026-07-25 11:43:17.760821
562,62,2,374,57,2026-07-25 11:43:17.760831,2026-07-25 11:43:17.760831,2026-07-25 11:43:17.760831
563,63,2,137,40,2026-07-25 11:43:17.760840,2026-07-25 11:43:17.760840,2026-07-25 11:43:17.760840
564,64,2,436,35,2026-07-25 11:43:17.760850,2026-07-25 11:43:17.760850,2026-07-25 11:43:17.760850
565,65,2,425,79,2026-07-25 11:43:17.760860,2026-07-25 11:43:17.760860,2026-07-25 11:43:17.760860
566,66,2,44,37,2026-07-25 11:43:17.760870,2026-07-25 11:43:17.760870,2026-07-25 11:43:17.760870
567,67,2,451,48,2026-07-25 11:43:17.760880,2026-07-25 11:43:17.760880,2026-07-25 11:43:17.760880
568,68,2,124,68,2026-07-25 11:43:17.760893,2026-07-25 11:43:17.760893,2026-07-25 11:43:17.760893
569,69,2,237,56,2026-07-25 11:43:17.760903,2026-07-25 11:43:17.760903,2026-07-25 11:43:17.760903
570,70,2,312,62,2026-07-25 11:43:17.760913,2026-07-25 11:43:17.760913,2026-07-25 11:43:17.760913
571,71,2,194,41,2026-07-25 11:43:17.760923,2026-07-25 11:43:17.760923,2026-07-25 11:43:17.760923
572,72,2,14,51,2026-07-25 11:43:17.760932,2026-07-25 11:43:17.760932,2026-07-25 11:43:17.760932
573,73,2,435,40,2026-07-25 11:43:17.760941,2026-07-25 11:43:17.760941,2026-07-25 11:43:17.760941
574,74,2,93,51,2026-07-25 11:43:17.760950,2026-07-25 11:43:17.760950,2026-07-25 11:43:17.760950
575,75,2,108,42,2026-07-25 11:43:17.760959,2026-07-25 11:43:17.760959,2026-07-25 11:43:17.760959
576,76,2,408,36,2026-07-25 11:43:17.760967,2026-07-25 11:43:17.760967,2026-07-25 11:43:17.760967
577,77,2,174,37,2026-07-25 11:43:17.760976,2026-07-25 11:43:17.760976,2026-07-25 11:43:17.760976
578,78,2,450,58,2026-07-25 11:43:17.760985,2026-07-25 11:43:17.760985,2026-07-25 11:43:17.760985
579,79,2,359,76,2026-07-25 11:43:17.760994,2026-07-25 11:43:17.760994,2026-07-25 11:43:17.760994
580,80,2,141,55,2026-07-25 11:43:17.761003,2026-07-25 11:43:17.761003,2026-07-25 11:43:17.761003
581,81,2,5,53,2026-07-25 11:43:17.761011,2026-07-25 11:43:17.761011,2026-07-25 11:43:17.761011
582,82,2,485,32,2026-07-25 11:43:17.761020,2026-07-25 11:43:17.761020,2026-07-25 11:43:17.761020
583,83,2,43,35,2026-07-25 11:43:17.761029,2026-07-25 11:43:17.761029,2026-07-25 11:43:17.761029
584,84,2,368,46,2026-07-25 11:43:17.761039,2026-07-25 11:43:17.761039,2026-07-25 11:43:17.761039
585,85,2,250,55,2026-07-25 11:43:17.761050,2026-07-25 11:43:17.761050,2026-07-25 11:43:17.761050
586,86,2,388,35,2026-07-25 11:43:17.761060,2026-07-25 11:43:17.761060,2026-07-25 11:43:17.761060
587,87,2,353,50,2026-07-25 11:43:17.761072,2026-07-25 11:43:17.761072,2026-07-25 11:43:17.761072
588,88,2,330,65,2026-07-25 11:43:17.761082,2026-07-25 11:43:17.761082,2026-07-25 11:43:17.761082
589,89,2,251,48,2026-07-25 11:43:17.761092,2026-07-25 11:43:17.761092,2026-07-25 11:43:17.761092
590,90,2,405,21,2026-07-25 11:43:17.761102,2026-07-25 11:43:17.761102,2026-07-25 11:43:17.761102
591,91,2,47,38,2026-07-25 11:43:17.761111,2026-07-25 11:43:17.761111,2026-07-25 11:43:17.761111
592,92,2,113,45,2026-07-25 11:43:17.761121,2026-07-25 11:43:17.761121,2026-07-25 11:43:17.761121
593,93,2,354,35,2026-07-25 11:43:17.761131,2026-07-25 11:43:17.761131,2026-07-25 11:43:17.761131
594,94,2,156,62,2026-07-25 11:43:17.761141,2026-07-25 11:43:17.761141,2026-07-25 11:43:17.761141
595,95,2,297,43,2026-07-25 11:43:17.761151,2026-07-25 11:43:17.761151,2026-07-25 11:43:17.761151
596,96,2,242,55,2026-07-25 11:43:17.761160,2026-07-25 11:43:17.761160,2026-07-25 11:43:17.761160
597,97,2,271,42,2026-07-25 11:43:17.761170,2026-07-25 11:43:17.761170,2026-07-25 11:43:17.761170
598,98,2,217,67,2026-07-25 11:43:17.761180,2026-07-25 11:43:17.761180,2026-07-25 11:43:17.761180
599,99,2,281,41,2026-07-25 11:43:17.761189,2026-07-25 11:43:17.761189,2026-07-25 11:43:17.761189
600,100,2,180,64,2026-07-25 11:43:17.761199,2026-07-25 11:43:17.761199,2026-07-25 11:43:17.761199
601,101,2,232,37,2026-07-25 11:43:17.761209,2026-07-25 11:43:17.761209,2026-07-25 11:43:17.761209
602,102,2,156,36,2026-07-25 11:43:17.761218,2026-07-25 11:43:17.761218,2026-07-25 11:43:17.761218
603,103,2,118,27,2026-07-25 11:43:17.761228,2026-07-25 11:43:17.761228,2026-07-25 11:43:17.761228
604,104,2,369,32,2026-07-25 11:43:17.761238,2026-07-25 11:43:17.761238,2026-07-25 11:43:17.761238
605,105,2,161,27,2026-07-25 11:43:17.761247,2026-07-25 11:43:17.761247,2026-07-25 11:43:17.761247
606,106,2,380,54,2026-07-25 11:43:17.761257,2026-07-25 11:43:17.761257,2026-07-25 11:43:17.761257
607,107,2,486,68,2026-07-25 11:43:17.761267,2026-07-25 11:43:17.761267,2026-07-25 11:43:17.761267
608,108,2,353,31,2026-07-25 11:43:17.761277,2026-07-25 11:43:17.761277,2026-07-25 11:43:17.761277
609,109,2,98,33,2026-07-25 11:43:17.761287,2026-07-25 11:43:17.761287,2026-07-25 11:43:17.761287
610,110,2,378,50,2026-07-25 11:43:17.761297,2026-07-25 11:43:17.761297,2026-07-25 11:43:17.761297
611,111,2,141,66,2026-07-25 11:43:17.761306,2026-07-25 11:43:17.761306,2026-07-25 11:43:17.761306
612,112,2,301,68,2026-07-25 11:43:17.761316,2026-07-25 11:43:17.761316,2026-07-25 11:43:17.761316
613,113,2,268,58,2026-07-25 11:43:17.761326,2026-07-25 11:43:17.761326,2026-07-25 11:43:17.761326
614,114,2,144,26,2026-07-25 11:43:17.761336,2026-07-25 11:43:17.761336,2026-07-25 11:43:17.761336
615,115,2,426,32,2026-07-25 11:43:17.761346,2026-07-25 11:43:17.761346,2026-07-25 11:43:17.761346
616,116,2,151,34,2026-07-25 11:43:17.761355,2026-07-25 11:43:17.761355,2026-07-25 11:43:17.761355
617,117,2,184,31,2026-07-25 11:43:17.761365,2026-07-25 11:43:17.761365,2026-07-25 11:43:17.761365
618,118,2,154,20,2026-07-25 11:43:17.761375,2026-07-25 11:43:17.761375,2026-07-25 11:43:17.761375
619,119,2,362,54,2026-07-25 11:43:17.761384,2026-07-25 11:43:17.761384,2026-07-25 11:43:17.761384
620,120,2,64,37,2026-07-25 11:43:17.761394,2026-07-25 11:43:17.761394,2026-07-25 11:43:17.761394
621,121,2,23,23,2026-07-25 11:43:17.761404,2026-07-25 11:43:17.761404,2026-07-25 11:43:17.761404
622,122,2,283,38,2026-07-25 11:43:17.761413,2026-07-25 11:43:17.761413,2026-07-25 11:43:17.761413
623,123,2,357,80,2026-07-25 11:43:17.761423,2026-07-25 11:43:17.761423,2026-07-25 11:43:17.761423
624,124,2,64,60,2026-07-25 11:43:17.761433,2026-07-25 11:43:17.761433,2026-07-25 11:43:17.761433
625,125,2,444,68,2026-07-25 11:43:17.761442,2026-07-25 11:43:17.761442,2026-07-25 11:43:17.761442
626,126,2,251,26,2026-07-25 11:43:17.761451,2026-07-25 11:43:17.761451,2026-07-25 11:43:17.761451
627,127,2,446,20,2026-07-25 11:43:17.761459,2026-07-25 11:43:17.761459,2026-07-25 11:43:17.761459
628,128,2,293,38,2026-07-25 11:43:17.761468,2026-07-25 11:43:17.761468,2026-07-25 11:43:17.761468
629,129,2,240,50,2026-07-25 11:43:17.761477,2026-07-25 11:43:17.761477,2026-07-25 11:43:17.761477
630,130,2,225,41,2026-07-25 11:43:17.761486,2026-07-25 11:43:17.761486,2026-07-25 11:43:17.761486
631,131,2,94,23,2026-07-25 11:43:17.761496,2026-07-25 11:43:17.761496,2026-07-25 11:43:17.761496
632,132,2,129,80,2026-07-25 11:43:17.761505,2026-07-25 11:43:17.761505,2026-07-25 11:43:17.761505
633,133,2,441,50,2026-07-25 11:43:17.761514,2026-07-25 11:43:17.761514,2026-07-25 11:43:17.761514
634,134,2,58,72,2026-07-25 11:43:17.761523,2026-07-25 11:43:17.761523,2026-07-25 11:43:17.761523
635,135,2,33,45,2026-07-25 11:43:17.761532,2026-07-25 11:43:17.761532,2026-07-25 11:43:17.761532
636,136,2,251,24,2026-07-25 11:43:17.761541,2026-07-25 11:43:17.761541,2026-07-25 11:43:17.761541
637,137,2,295,60,2026-07-25 11:43:17.761549,2026-07-25 11:43:17.761549,2026-07-25 11:43:17.761549
638,138,2,351,23,2026-07-25 11:43:17.761558,2026-07-25 11:43:17.761558,2026-07-25 11:43:17.761558
639,139,2,77,29,2026-07-25 11:43:17.761567,2026-07-25 11:43:17.761567,2026-07-25 11:43:17.761567
640,140,2,415,56,2026-07-25 11:43:17.761576,2026-07-25 11:43:17.761576,2026-07-25 11:43:17.761576
641,141,2,485,39,2026-07-25 11:43:17.761585,2026-07-25 11:43:17.761585,2026-07-25 11:43:17.761585
642,142,2,43,35,2026-07-25 11:43:17.761593,2026-07-25 11:43:17.761593,2026-07-25 11:43:17.761593
643,143,2,60,55,2026-07-25 11:43:17.761603,2026-07-25 11:43:17.761603,2026-07-25 11:43:17.761603
644,144,2,391,46,2026-07-25 11:43:17.761613,2026-07-25 11:43:17.761613,2026-07-25 11:43:17.761613
645,145,2,310,58,2026-07-25 11:43:17.761622,2026-07-25 11:43:17.761622,2026-07-25 11:43:17.761622
646,146,2,404,59,2026-07-25 11:43:17.761634,2026-07-25 11:43:17.761634,2026-07-25 11:43:17.761634
647,147,2,115,69,2026-07-25 11:43:17.761643,2026-07-25 11:43:17.761643,2026-07-25 11:43:17.761643
648,148,2,267,44,2026-07-25 11:43:17.761653,2026-07-25 11:43:17.761653,2026-07-25 11:43:17.761653
649,149,2,230,78,2026-07-25 11:43:17.761663,2026-07-25 11:43:17.761663,2026-07-25 11:43:17.761663
650,150,2,226,39,2026-07-25 11:43:17.761672,2026-07-25 11:43:17.761672,2026-07-25 11:43:17.761672
651,151,2,440,57,2026-07-25 11:43:17.761682,2026-07-25 11:43:17.761682,2026-07-25 11:43:17.761682
652,152,2,219,39,2026-07-25 11:43:17.761692,2026-07-25 11:43:17.761692,2026-07-25 11:43:17.761692
653,153,2,291,59,2026-07-25 11:43:17.761702,2026-07-25 11:43:17.761702,2026-07-25 11:43:17.761702
654,154,2,30,59,2026-07-25 11:43:17.761711,2026-07-25 11:43:17.761711,2026-07-25 11:43:17.761711
655,155,2,491,67,2026-07-25 11:43:17.761721,2026-07-25 11:43:17.761721,2026-07-25 11:43:17.761721
656,156,2,50,80,2026-07-25 11:43:17.761730,2026-07-25 11:43:17.761730,2026-07-25 11:43:17.761730
657,157,2,390,33,2026-07-25 11:43:17.761740,2026-07-25 11:43:17.761740,2026-07-25 11:43:17.761740
658,158,2,320,33,2026-07-25 11:43:17.761750,2026-07-25 11:43:17.761750,2026-07-25 11:43:17.761750
659,159,2,135,62,2026-07-25 11:43:17.761760,2026-07-25 11:43:17.761760,2026-07-25 11:43:17.761760
660,160,2,41,30,2026-07-25 11:43:17.761769,2026-07-25 11:43:17.761769,2026-07-25 11:43:17.761769
661,161,2,122,31,2026-07-25 11:43:17.761779,2026-07-25 11:43:17.761779,2026-07-25 11:43:17.761779
662,162,2,282,24,2026-07-25 11:43:17.761788,2026-07-25 11:43:17.761788,2026-07-25 11:43:17.761788
663,163,2,80,20,2026-07-25 11:43:17.761798,2026-07-25 11:43:17.761798,2026-07-25 11:43:17.761798
664,164,2,209,48,2026-07-25 11:43:17.761808,2026-07-25 11:43:17.761808,2026-07-25 11:43:17.761808
665,165,2,352,58,2026-07-25 11:43:17.761817,2026-07-25 11:43:17.761817,2026-07-25 11:43:17.761817
666,166,2,240,38,2026-07-25 11:43:17.761827,2026-07-25 11:43:17.761827,2026-07-25 11:43:17.761827
667,167,2,16,34,2026-07-25 11:43:17.761837,2026-07-25 11:43:17.761837,2026-07-25 11:43:17.761837
668,168,2,147,65,2026-07-25 11:43:17.761846,2026-07-25 11:43:17.761846,2026-07-25 11:43:17.761846
669,169,2,144,64,2026-07-25 11:43:17.761856,2026-07-25 11:43:17.761856,2026-07-25 11:43:17.761856
670,170,2,440,49,2026-07-25 11:43:17.761866,2026-07-25 11:43:17.761866,2026-07-25 11:43:17.761866
671,171,2,36,63,2026-07-25 11:43:17.761875,2026-07-25 11:43:17.761875,2026-07-25 11:43:17.761875
672,172,2,119,79,2026-07-25 11:43:17.761885,2026-07-25 11:43:17.761885,2026-07-25 11:43:17.761885
673,173,2,135,70,2026-07-25 11:43:17.761895,2026-07-25 11:43:17.761895,2026-07-25 11:43:17.761895
674,174,2,405,60,2026-07-25 11:43:17.761904,2026-07-25 11:43:17.761904,2026-07-25 11:43:17.761904
675,175,2,301,62,2026-07-25 11:43:17.761914,2026-07-25 11:43:17.761914,2026-07-25 11:43:17.761914
676,176,2,411,79,2026-07-25 11:43:17.761924,2026-07-25 11:43:17.761924,2026-07-25 11:43:17.761924
677,177,2,101,47,2026-07-25 11:43:17.761933,2026-07-25 11:43:17.761933,2026-07-25 11:43:17.761933
678,178,2,58,54,2026-07-25 11:43:17.761942,2026-07-25 11:43:17.761942,2026-07-25 11:43:17.761942
679,179,2,115,61,2026-07-25 11:43:17.761951,2026-07-25 11:43:17.761951,2026-07-25 11:43:17.761951
680,180,2,76,78,2026-07-25 11:43:17.761960,2026-07-25 11:43:17.761960,2026-07-25 11:43:17.761960
681,181,2,136,72,2026-07-25 11:43:17.761969,2026-07-25 11:43:17.761969,2026-07-25 11:43:17.761969
682,182,2,72,24,2026-07-25 11:43:17.761977,2026-07-25 11:43:17.761977,2026-07-25 11:43:17.761977
683,183,2,30,30,2026-07-25 11:43:17.761986,2026-07-25 11:43:17.761986,2026-07-25 11:43:17.761986
684,184,2,405,39,2026-07-25 11:43:17.761995,2026-07-25 11:43:17.761995,2026-07-25 11:43:17.761995
685,185,2,304,67,2026-07-25 11:43:17.762004,2026-07-25 11:43:17.762004,2026-07-25 11:43:17.762004
686,186,2,422,56,2026-07-25 11:43:17.762013,2026-07-25 11:43:17.762013,2026-07-25 11:43:17.762013
687,187,2,471,38,2026-07-25 11:43:17.762022,2026-07-25 11:43:17.762022,2026-07-25 11:43:17.762022
688,188,2,224,27,2026-07-25 11:43:17.762031,2026-07-25 11:43:17.762031,2026-07-25 11:43:17.762031
689,189,2,239,64,2026-07-25 11:43:17.762040,2026-07-25 11:43:17.762040,2026-07-25 11:43:17.762040
690,190,2,155,64,2026-07-25 11:43:17.762049,2026-07-25 11:43:17.762049,2026-07-25 11:43:17.762049
691,191,2,206,80,2026-07-25 11:43:17.762057,2026-07-25 11:43:17.762057,2026-07-25 11:43:17.762057
692,192,2,139,52,2026-07-25 11:43:17.762066,2026-07-25 11:43:17.762066,2026-07-25 11:43:17.762066
693,193,2,276,51,2026-07-25 11:43:17.762075,2026-07-25 11:43:17.762075,2026-07-25 11:43:17.762075
694,194,2,224,25,2026-07-25 11:43:17.762084,2026-07-25 11:43:17.762084,2026-07-25 11:43:17.762084
695,195,2,306,22,2026-07-25 11:43:17.762093,2026-07-25 11:43:17.762093,2026-07-25 11:43:17.762093
696,196,2,455,47,2026-07-25 11:43:17.762102,2026-07-25 11:43:17.762102,2026-07-25 11:43:17.762102
697,197,2,376,40,2026-07-25 11:43:17.762112,2026-07-25 11:43:17.762112,2026-07-25 11:43:17.762112
698,198,2,309,36,2026-07-25 11:43:17.762122,2026-07-25 11:43:17.762122,2026-07-25 11:43:17.762122
699,199,2,13,25,2026-07-25 11:43:17.762131,2026-07-25 11:43:17.762131,2026-07-25 11:43:17.762131
700,200,2,117,63,2026-07-25 11:43:17.762141,2026-07-25 11:43:17.762141,2026-07-25 11:43:17.762141
701,201,2,428,75,2026-07-25 11:43:17.762151,2026-07-25 11:43:17.762151,2026-07-25 11:43:17.762151
702,202,2,294,57,2026-07-25 11:43:17.762160,2026-07-25 11:43:17.762160,2026-07-25 11:43:17.762160
703,203,2,486,21,2026-07-25 11:43:17.762170,2026-07-25 11:43:17.762170,2026-07-25 11:43:17.762170
704,204,2,391,63,2026-07-25 11:43:17.762180,2026-07-25 11:43:17.762180,2026-07-25 11:43:17.762180
705,205,2,420,37,2026-07-25 11:43:17.762190,2026-07-25 11:43:17.762190,2026-07-25 11:43:17.762190
706,206,2,295,22,2026-07-25 11:43:17.762199,2026-07-25 11:43:17.762199,2026-07-25 11:43:17.762199
707,207,2,390,68,2026-07-25 11:43:17.762209,2026-07-25 11:43:17.762209,2026-07-25 11:43:17.762209
708,208,2,89,50,2026-07-25 11:43:17.762219,2026-07-25 11:43:17.762219,2026-07-25 11:43:17.762219
709,209,2,265,61,2026-07-25 11:43:17.762228,2026-07-25 11:43:17.762228,2026-07-25 11:43:17.762228
710,210,2,226,78,2026-07-25 11:43:17.762238,2026-07-25 11:43:17.762238,2026-07-25 11:43:17.762238
711,211,2,142,31,2026-07-25 11:43:17.762248,2026-07-25 11:43:17.762248,2026-07-25 11:43:17.762248
712,212,2,299,47,2026-07-25 11:43:17.762257,2026-07-25 11:43:17.762257,2026-07-25 11:43:17.762257
713,213,2,325,72,2026-07-25 11:43:17.762267,2026-07-25 11:43:17.762267,2026-07-25 11:43:17.762267
714,214,2,251,25,2026-07-25 11:43:17.762277,2026-07-25 11:43:17.762277,2026-07-25 11:43:17.762277
715,215,2,240,42,2026-07-25 11:43:17.762287,2026-07-25 11:43:17.762287,2026-07-25 11:43:17.762287
716,216,2,209,41,2026-07-25 11:43:17.762296,2026-07-25 11:43:17.762296,2026-07-25 11:43:17.762296
717,217,2,164,62,2026-07-25 11:43:17.762306,2026-07-25 11:43:17.762306,2026-07-25 11:43:17.762306
718,218,2,53,74,2026-07-25 11:43:17.762316,2026-07-25 11:43:17.762316,2026-07-25 11:43:17.762316
719,219,2,82,41,2026-07-25 11:43:17.762325,2026-07-25 11:43:17.762325,2026-07-25 11:43:17.762325
720,220,2,210,64,2026-07-25 11:43:17.762335,2026-07-25 11:43:17.762335,2026-07-25 11:43:17.762335
721,221,2,253,38,2026-07-25 11:43:17.762345,2026-07-25 11:43:17.762345,2026-07-25 11:43:17.762345
722,222,2,339,80,2026-07-25 11:43:17.762354,2026-07-25 11:43:17.762354,2026-07-25 11:43:17.762354
723,223,2,205,72,2026-07-25 11:43:17.762364,2026-07-25 11:43:17.762364,2026-07-25 11:43:17.762364
724,224,2,389,55,2026-07-25 11:43:17.762375,2026-07-25 11:43:17.762375,2026-07-25 11:43:17.762375
725,225,2,18,49,2026-07-25 11:43:17.762384,2026-07-25 11:43:17.762384,2026-07-25 11:43:17.762384
726,226,2,45,40,2026-07-25 11:43:17.762394,2026-07-25 11:43:17.762394,2026-07-25 11:43:17.762394
727,227,2,129,40,2026-07-25 11:43:17.762404,2026-07-25 11:43:17.762404,2026-07-25 11:43:17.762404
728,228,2,59,69,2026-07-25 11:43:17.762413,2026-07-25 11:43:17.762413,2026-07-25 11:43:17.762413
729,229,2,206,75,2026-07-25 11:43:17.762423,2026-07-25 11:43:17.762423,2026-07-25 11:43:17.762423
730,230,2,263,72,2026-07-25 11:43:17.762432,2026-07-25 11:43:17.762432,2026-07-25 11:43:17.762432
731,231,2,0,62,2026-07-25 11:43:17.762441,2026-07-25 11:43:17.762441,2026-07-25 11:43:17.762441
732,232,2,445,54,2026-07-25 11:43:17.762450,2026-07-25 11:43:17.762450,2026-07-25 11:43:17.762450
733,233,2,236,46,2026-07-25 11:43:17.762459,2026-07-25 11:43:17.762459,2026-07-25 11:43:17.762459
734,234,2,27,32,2026-07-25 11:43:17.762468,2026-07-25 11:43:17.762468,2026-07-25 11:43:17.762468
735,235,2,265,43,2026-07-25 11:43:17.762476,2026-07-25 11:43:17.762476,2026-07-25 11:43:17.762476
736,236,2,318,68,2026-07-25 11:43:17.762485,2026-07-25 11:43:17.762485,2026-07-25 11:43:17.762485
737,237,2,255,60,2026-07-25 11:43:17.762494,2026-07-25 11:43:17.762494,2026-07-25 11:43:17.762494
738,238,2,226,68,2026-07-25 11:43:17.762503,2026-07-25 11:43:17.762503,2026-07-25 11:43:17.762503
739,239,2,26,33,2026-07-25 11:43:17.762512,2026-07-25 11:43:17.762512,2026-07-25 11:43:17.762512
740,240,2,136,55,2026-07-25 11:43:17.762521,2026-07-25 11:43:17.762521,2026-07-25 11:43:17.762521
741,241,2,67,79,2026-07-25 11:43:17.762529,2026-07-25 11:43:17.762529,2026-07-25 11:43:17.762529
742,242,2,147,48,2026-07-25 11:43:17.762538,2026-07-25 11:43:17.762538,2026-07-25 11:43:17.762538
743,243,2,450,64,2026-07-25 11:43:17.762547,2026-07-25 11:43:17.762547,2026-07-25 11:43:17.762547
744,244,2,248,27,2026-07-25 11:43:17.762556,2026-07-25 11:43:17.762556,2026-07-25 11:43:17.762556
745,245,2,14,60,2026-07-25 11:43:17.762564,2026-07-25 11:43:17.762564,2026-07-25 11:43:17.762564
746,246,2,311,71,2026-07-25 11:43:17.762573,2026-07-25 11:43:17.762573,2026-07-25 11:43:17.762573
747,247,2,122,65,2026-07-25 11:43:17.762582,2026-07-25 11:43:17.762582,2026-07-25 11:43:17.762582
748,248,2,81,39,2026-07-25 11:43:17.762591,2026-07-25 11:43:17.762591,2026-07-25 11:43:17.762591
749,249,2,282,20,2026-07-25 11:43:17.762601,2026-07-25 11:43:17.762601,2026-07-25 11:43:17.762601
750,250,2,282,46,2026-07-25 11:43:17.762610,2026-07-25 11:43:17.762610,2026-07-25 11:43:17.762610
751,251,2,47,34,2026-07-25 11:43:17.762620,2026-07-25 11:43:17.762620,2026-07-25 11:43:17.762620
752,252,2,430,78,2026-07-25 11:43:17.762629,2026-07-25 11:43:17.762629,2026-07-25 11:43:17.762629
753,253,2,58,49,2026-07-25 11:43:17.762639,2026-07-25 11:43:17.762639,2026-07-25 11:43:17.762639
754,254,2,484,27,2026-07-25 11:43:17.762649,2026-07-25 11:43:17.762649,2026-07-25 11:43:17.762649
755,255,2,331,73,2026-07-25 11:43:17.762659,2026-07-25 11:43:17.762659,2026-07-25 11:43:17.762659
756,256,2,78,51,2026-07-25 11:43:17.762669,2026-07-25 11:43:17.762669,2026-07-25 11:43:17.762669
757,257,2,477,65,2026-07-25 11:43:17.762678,2026-07-25 11:43:17.762678,2026-07-25 11:43:17.762678
758,258,2,149,52,2026-07-25 11:43:17.762689,2026-07-25 11:43:17.762689,2026-07-25 11:43:17.762689
759,259,2,361,37,2026-07-25 11:43:17.762699,2026-07-25 11:43:17.762699,2026-07-25 11:43:17.762699
760,260,2,212,73,2026-07-25 11:43:17.762709,2026-07-25 11:43:17.762709,2026-07-25 11:43:17.762709
761,261,2,247,50,2026-07-25 11:43:17.762718,2026-07-25 11:43:17.762718,2026-07-25 11:43:17.762718
762,262,2,124,49,2026-07-25 11:43:17.762728,2026-07-25 11:43:17.762728,2026-07-25 11:43:17.762728
763,263,2,282,29,2026-07-25 11:43:17.762738,2026-07-25 11:43:17.762738,2026-07-25 11:43:17.762738
764,264,2,196,32,2026-07-25 11:43:17.762748,2026-07-25 11:43:17.762748,2026-07-25 11:43:17.762748
765,265,2,471,58,2026-07-25 11:43:17.762757,2026-07-25 11:43:17.762757,2026-07-25 11:43:17.762757
766,266,2,260,67,2026-07-25 11:43:17.762767,2026-07-25 11:43:17.762767,2026-07-25 11:43:17.762767
767,267,2,450,28,2026-07-25 11:43:17.762776,2026-07-25 11:43:17.762776,2026-07-25 11:43:17.762776
768,268,2,442,24,2026-07-25 11:43:17.762786,2026-07-25 11:43:17.762786,2026-07-25 11:43:17.762786
769,269,2,141,69,2026-07-25 11:43:17.762796,2026-07-25 11:43:17.762796,2026-07-25 11:43:17.762796
770,270,2,404,74,2026-07-25 11:43:17.762805,2026-07-25 11:43:17.762805,2026-07-25 11:43:17.762805
771,271,2,212,41,2026-07-25 11:43:17.762815,2026-07-25 11:43:17.762815,2026-07-25 11:43:17.762815
772,272,2,478,70,2026-07-25 11:43:17.762825,2026-07-25 11:43:17.762825,2026-07-25 11:43:17.762825
773,273,2,259,37,2026-07-25 11:43:17.762835,2026-07-25 11:43:17.762835,2026-07-25 11:43:17.762835
774,274,2,420,20,2026-07-25 11:43:17.762844,2026-07-25 11:43:17.762844,2026-07-25 11:43:17.762844
775,275,2,144,66,2026-07-25 11:43:17.762854,2026-07-25 11:43:17.762854,2026-07-25 11:43:17.762854
776,276,2,152,73,2026-07-25 11:43:17.762863,2026-07-25 11:43:17.762863,2026-07-25 11:43:17.762863
777,277,2,300,57,2026-07-25 11:43:17.762873,2026-07-25 11:43:17.762873,2026-07-25 11:43:17.762873
778,278,2,337,51,2026-07-25 11:43:17.762883,2026-07-25 11:43:17.762883,2026-07-25 11:43:17.762883
779,279,2,443,29,2026-07-25 11:43:17.762893,2026-07-25 11:43:17.762893,2026-07-25 11:43:17.762893
780,280,2,228,54,2026-07-25 11:43:17.762902,2026-07-25 11:43:17.762902,2026-07-25 11:43:17.762902
781,281,2,247,42,2026-07-25 11:43:17.762912,2026-07-25 11:43:17.762912,2026-07-25 11:43:17.762912
782,282,2,170,55,2026-07-25 11:43:17.762922,2026-07-25 11:43:17.762922,2026-07-25 11:43:17.762922
783,283,2,390,54,2026-07-25 11:43:17.762931,2026-07-25 11:43:17.762931,2026-07-25 11:43:17.762931
784,284,2,193,49,2026-07-25 11:43:17.762940,2026-07-25 11:43:17.762940,2026-07-25 11:43:17.762940
785,285,2,477,40,2026-07-25 11:43:17.762949,2026-07-25 11:43:17.762949,2026-07-25 11:43:17.762949
786,286,2,445,32,2026-07-25 11:43:17.762958,2026-07-25 11:43:17.762958,2026-07-25 11:43:17.762958
787,287,2,357,35,2026-07-25 11:43:17.762967,2026-07-25 11:43:17.762967,2026-07-25 11:43:17.762967
788,288,2,292,44,2026-07-25 11:43:17.762976,2026-07-25 11:43:17.762976,2026-07-25 11:43:17.762976
789,289,2,119,74,2026-07-25 11:43:17.762985,2026-07-25 11:43:17.762985,2026-07-25 11:43:17.762985
790,290,2,397,46,2026-07-25 11:43:17.762993,2026-07-25 11:43:17.762993,2026-07-25 11:43:17.762993
791,291,2,22,40,2026-07-25 11:43:17.763002,2026-07-25 11:43:17.763002,2026-07-25 11:43:17.763002
792,292,2,381,50,2026-07-25 11:43:17.763011,2026-07-25 11:43:17.763011,2026-07-25 11:43:17.763011
793,293,2,361,78,2026-07-25 11:43:17.763020,2026-07-25 11:43:17.763020,2026-07-25 11:43:17.763020
794,294,2,415,44,2026-07-25 11:43:17.763029,2026-07-25 11:43:17.763029,2026-07-25 11:43:17.763029
795,295,2,197,62,2026-07-25 11:43:17.763038,2026-07-25 11:43:17.763038,2026-07-25 11:43:17.763038
796,296,2,405,72,2026-07-25 11:43:17.763048,2026-07-25 11:43:17.763048,2026-07-25 11:43:17.763048
797,297,2,333,29,2026-07-25 11:43:17.763058,2026-07-25 11:43:17.763058,2026-07-25 11:43:17.763058
798,298,2,253,22,2026-07-25 11:43:17.763067,2026-07-25 11:43:17.763067,2026-07-25 11:43:17.763067
799,299,2,64,52,2026-07-25 11:43:17.763077,2026-07-25 11:43:17.763077,2026-07-25 11:43:17.763077
800,300,2,494,57,2026-07-25 11:43:17.763104,2026-07-25 11:43:17.763104,2026-07-25 11:43:17.763104
801,301,2,169,75,2026-07-25 11:43:17.763114,2026-07-25 11:43:17.763114,2026-07-25 11:43:17.763114
802,302,2,51,75,2026-07-25 11:43:17.763128,2026-07-25 11:43:17.763128,2026-07-25 11:43:17.763128
803,303,2,432,48,2026-07-25 11:43:17.763138,2026-07-25 11:43:17.763138,2026-07-25 11:43:17.763138
804,304,2,51,53,2026-07-25 11:43:17.763148,2026-07-25 11:43:17.763148,2026-07-25 11:43:17.763148
805,305,2,466,49,2026-07-25 11:43:17.763158,2026-07-25 11:43:17.763158,2026-07-25 11:43:17.763158
806,306,2,7,66,2026-07-25 11:43:17.763168,2026-07-25 11:43:17.763168,2026-07-25 11:43:17.763168
807,307,2,73,46,2026-07-25 11:43:17.763177,2026-07-25 11:43:17.763177,2026-07-25 11:43:17.763177
808,308,2,445,61,2026-07-25 11:43:17.763187,2026-07-25 11:43:17.763187,2026-07-25 11:43:17.763187
809,309,2,496,29,2026-07-25 11:43:17.763197,2026-07-25 11:43:17.763197,2026-07-25 11:43:17.763197
810,310,2,38,50,2026-07-25 11:43:17.763206,2026-07-25 11:43:17.763206,2026-07-25 11:43:17.763206
811,311,2,400,36,2026-07-25 11:43:17.763216,2026-07-25 11:43:17.763216,2026-07-25 11:43:17.763216
812,312,2,173,59,2026-07-25 11:43:17.763226,2026-07-25 11:43:17.763226,2026-07-25 11:43:17.763226
813,313,2,354,45,2026-07-25 11:43:17.763235,2026-07-25 11:43:17.763235,2026-07-25 11:43:17.763235
814,314,2,332,25,2026-07-25 11:43:17.763245,2026-07-25 11:43:17.763245,2026-07-25 11:43:17.763245
815,315,2,436,41,2026-07-25 11:43:17.763255,2026-07-25 11:43:17.763255,2026-07-25 11:43:17.763255
816,316,2,436,63,2026-07-25 11:43:17.763264,2026-07-25 11:43:17.763264,2026-07-25 11:43:17.763264
817,317,2,439,54,2026-07-25 11:43:17.763274,2026-07-25 11:43:17.763274,2026-07-25 11:43:17.763274
818,318,2,194,40,2026-07-25 11:43:17.763284,2026-07-25 11:43:17.763284,2026-07-25 11:43:17.763284
819,319,2,320,65,2026-07-25 11:43:17.763293,2026-07-25 11:43:17.763293,2026-07-25 11:43:17.763293
820,320,2,454,68,2026-07-25 11:43:17.763303,2026-07-25 11:43:17.763303,2026-07-25 11:43:17.763303
821,321,2,249,75,2026-07-25 11:43:17.763313,2026-07-25 11:43:17.763313,2026-07-25 11:43:17.763313
822,322,2,277,22,2026-07-25 11:43:17.763322,2026-07-25 11:43:17.763322,2026-07-25 11:43:17.763322
823,323,2,316,24,2026-07-25 11:43:17.763332,2026-07-25 11:43:17.763332,2026-07-25 11:43:17.763332
824,324,2,120,60,2026-07-25 11:43:17.763342,2026-07-25 11:43:17.763342,2026-07-25 11:43:17.763342
825,325,2,350,78,2026-07-25 11:43:17.763351,2026-07-25 11:43:17.763351,2026-07-25 11:43:17.763351
826,326,2,147,34,2026-07-25 11:43:17.763361,2026-07-25 11:43:17.763361,2026-07-25 11:43:17.763361
827,327,2,382,25,2026-07-25 11:43:17.763371,2026-07-25 11:43:17.763371,2026-07-25 11:43:17.763371
828,328,2,222,26,2026-07-25 11:43:17.763381,2026-07-25 11:43:17.763381,2026-07-25 11:43:17.763381
829,329,2,389,60,2026-07-25 11:43:17.763390,2026-07-25 11:43:17.763390,2026-07-25 11:43:17.763390
830,330,2,360,75,2026-07-25 11:43:17.763400,2026-07-25 11:43:17.763400,2026-07-25 11:43:17.763400
831,331,2,51,48,2026-07-25 11:43:17.763409,2026-07-25 11:43:17.763409,2026-07-25 11:43:17.763409
832,332,2,85,64,2026-07-25 11:43:17.763419,2026-07-25 11:43:17.763419,2026-07-25 11:43:17.763419
833,333,2,153,77,2026-07-25 11:43:17.763429,2026-07-25 11:43:17.763429,2026-07-25 11:43:17.763429
834,334,2,14,22,2026-07-25 11:43:17.763438,2026-07-25 11:43:17.763438,2026-07-25 11:43:17.763438
835,335,2,166,70,2026-07-25 11:43:17.763447,2026-07-25 11:43:17.763447,2026-07-25 11:43:17.763447
836,336,2,28,38,2026-07-25 11:43:17.763456,2026-07-25 11:43:17.763456,2026-07-25 11:43:17.763456
837,337,2,183,43,2026-07-25 11:43:17.763464,2026-07-25 11:43:17.763464,2026-07-25 11:43:17.763464
838,338,2,220,29,2026-07-25 11:43:17.763473,2026-07-25 11:43:17.763473,2026-07-25 11:43:17.763473
839,339,2,125,53,2026-07-25 11:43:17.763482,2026-07-25 11:43:17.763482,2026-07-25 11:43:17.763482
840,340,2,210,56,2026-07-25 11:43:17.763492,2026-07-25 11:43:17.763492,2026-07-25 11:43:17.763492
841,341,2,349,70,2026-07-25 11:43:17.763501,2026-07-25 11:43:17.763501,2026-07-25 11:43:17.763501
842,342,2,92,30,2026-07-25 11:43:17.763510,2026-07-25 11:43:17.763510,2026-07-25 11:43:17.763510
843,343,2,89,25,2026-07-25 11:43:17.763520,2026-07-25 11:43:17.763520,2026-07-25 11:43:17.763520
844,344,2,312,75,2026-07-25 11:43:17.763528,2026-07-25 11:43:17.763528,2026-07-25 11:43:17.763528
845,345,2,195,59,2026-07-25 11:43:17.763537,2026-07-25 11:43:17.763537,2026-07-25 11:43:17.763537
846,346,2,349,35,2026-07-25 11:43:17.763546,2026-07-25 11:43:17.763546,2026-07-25 11:43:17.763546
847,347,2,254,78,2026-07-25 11:43:17.763555,2026-07-25 11:43:17.763555,2026-07-25 11:43:17.763555
848,348,2,298,29,2026-07-25 11:43:17.763564,2026-07-25 11:43:17.763564,2026-07-25 11:43:17.763564
849,349,2,118,49,2026-07-25 11:43:17.763573,2026-07-25 11:43:17.763573,2026-07-25 11:43:17.763573
850,350,2,326,36,2026-07-25 11:43:17.763581,2026-07-25 11:43:17.763581,2026-07-25 11:43:17.763581
851,351,2,235,36,2026-07-25 11:43:17.763590,2026-07-25 11:43:17.763590,2026-07-25 11:43:17.763590
852,352,2,341,20,2026-07-25 11:43:17.763600,2026-07-25 11:43:17.763600,2026-07-25 11:43:17.763600
853,353,2,460,71,2026-07-25 11:43:17.763609,2026-07-25 11:43:17.763609,2026-07-25 11:43:17.763609
854,354,2,238,77,2026-07-25 11:43:17.763619,2026-07-25 11:43:17.763619,2026-07-25 11:43:17.763619
855,355,2,147,63,2026-07-25 11:43:17.763628,2026-07-25 11:43:17.763628,2026-07-25 11:43:17.763628
856,356,2,279,30,2026-07-25 11:43:17.763638,2026-07-25 11:43:17.763638,2026-07-25 11:43:17.763638
857,357,2,37,48,2026-07-25 11:43:17.763648,2026-07-25 11:43:17.763648,2026-07-25 11:43:17.763648
858,358,2,483,42,2026-07-25 11:43:17.763657,2026-07-25 11:43:17.763657,2026-07-25 11:43:17.763657
859,359,2,300,39,2026-07-25 11:43:17.763667,2026-07-25 11:43:17.763667,2026-07-25 11:43:17.763667
860,360,2,327,47,2026-07-25 11:43:17.763677,2026-07-25 11:43:17.763677,2026-07-25 11:43:17.763677
861,361,2,353,36,2026-07-25 11:43:17.763687,2026-07-25 11:43:17.763687,2026-07-25 11:43:17.763687
862,362,2,233,74,2026-07-25 11:43:17.763696,2026-07-25 11:43:17.763696,2026-07-25 11:43:17.763696
863,363,2,154,32,2026-07-25 11:43:17.763706,2026-07-25 11:43:17.763706,2026-07-25 11:43:17.763706
864,364,2,196,74,2026-07-25 11:43:17.763716,2026-07-25 11:43:17.763716,2026-07-25 11:43:17.763716
865,365,2,247,26,2026-07-25 11:43:17.763725,2026-07-25 11:43:17.763725,2026-07-25 11:43:17.763725
866,366,2,121,44,2026-07-25 11:43:17.763735,2026-07-25 11:43:17.763735,2026-07-25 11:43:17.763735
867,367,2,292,42,2026-07-25 11:43:17.763745,2026-07-25 11:43:17.763745,2026-07-25 11:43:17.763745
868,368,2,294,38,2026-07-25 11:43:17.763754,2026-07-25 11:43:17.763754,2026-07-25 11:43:17.763754
869,369,2,358,38,2026-07-25 11:43:17.763764,2026-07-25 11:43:17.763764,2026-07-25 11:43:17.763764
870,370,2,11,73,2026-07-25 11:43:17.763773,2026-07-25 11:43:17.763773,2026-07-25 11:43:17.763773
871,371,2,337,45,2026-07-25 11:43:17.763783,2026-07-25 11:43:17.763783,2026-07-25 11:43:17.763783
872,372,2,140,20,2026-07-25 11:43:17.763793,2026-07-25 11:43:17.763793,2026-07-25 11:43:17.763793
873,373,2,289,75,2026-07-25 11:43:17.763803,2026-07-25 11:43:17.763803,2026-07-25 11:43:17.763803
874,374,2,351,69,2026-07-25 11:43:17.763812,2026-07-25 11:43:17.763812,2026-07-25 11:43:17.763812
875,375,2,381,23,2026-07-25 11:43:17.763822,2026-07-25 11:43:17.763822,2026-07-25 11:43:17.763822
876,376,2,466,58,2026-07-25 11:43:17.763832,2026-07-25 11:43:17.763832,2026-07-25 11:43:17.763832
877,377,2,381,51,2026-07-25 11:43:17.763842,2026-07-25 11:43:17.763842,2026-07-25 11:43:17.763842
878,378,2,426,77,2026-07-25 11:43:17.763851,2026-07-25 11:43:17.763851,2026-07-25 11:43:17.763851
879,379,2,462,38,2026-07-25 11:43:17.763861,2026-07-25 11:43:17.763861,2026-07-25 11:43:17.763861
880,380,2,397,71,2026-07-25 11:43:17.763872,2026-07-25 11:43:17.763872,2026-07-25 11:43:17.763872
881,381,2,117,58,2026-07-25 11:43:17.763882,2026-07-25 11:43:17.763882,2026-07-25 11:43:17.763882
882,382,2,410,42,2026-07-25 11:43:17.763891,2026-07-25 11:43:17.763891,2026-07-25 11:43:17.763891
883,383,2,112,60,2026-07-25 11:43:17.763901,2026-07-25 11:43:17.763901,2026-07-25 11:43:17.763901
884,384,2,97,59,2026-07-25 11:43:17.763910,2026-07-25 11:43:17.763910,2026-07-25 11:43:17.763910
885,385,2,128,63,2026-07-25 11:43:17.763921,2026-07-25 11:43:17.763921,2026-07-25 11:43:17.763921
886,386,2,386,66,2026-07-25 11:43:17.763931,2026-07-25 11:43:17.763931,2026-07-25 11:43:17.763931
887,387,2,392,62,2026-07-25 11:43:17.763940,2026-07-25 11:43:17.763940,2026-07-25 11:43:17.763940
888,388,2,348,73,2026-07-25 11:43:17.763949,2026-07-25 11:43:17.763949,2026-07-25 11:43:17.763949
889,389,2,70,60,2026-07-25 11:43:17.763958,2026-07-25 11:43:17.763958,2026-07-25 11:43:17.763958
890,390,2,49,77,2026-07-25 11:43:17.763967,2026-07-25 11:43:17.763967,2026-07-25 11:43:17.763967
891,391,2,321,61,2026-07-25 11:43:17.763976,2026-07-25 11:43:17.763976,2026-07-25 11:43:17.763976
892,392,2,20,39,2026-07-25 11:43:17.763984,2026-07-25 11:43:17.763984,2026-07-25 11:43:17.763984
893,393,2,403,48,2026-07-25 11:43:17.763993,2026-07-25 11:43:17.763993,2026-07-25 11:43:17.763993
894,394,2,17,57,2026-07-25 11:43:17.764002,2026-07-25 11:43:17.764002,2026-07-25 11:43:17.764002
895,395,2,186,66,2026-07-25 11:43:17.764011,2026-07-25 11:43:17.764011,2026-07-25 11:43:17.764011
896,396,2,67,25,2026-07-25 11:43:17.764020,2026-07-25 11:43:17.764020,2026-07-25 11:43:17.764020
897,397,2,465,38,2026-07-25 11:43:17.764028,2026-07-25 11:43:17.764028,2026-07-25 11:43:17.764028
898,398,2,167,67,2026-07-25 11:43:17.764038,2026-07-25 11:43:17.764038,2026-07-25 11:43:17.764038
899,399,2,212,31,2026-07-25 11:43:17.764048,2026-07-25 11:43:17.764048,2026-07-25 11:43:17.764048
900,400,2,102,28,2026-07-25 11:43:17.764057,2026-07-25 11:43:17.764057,2026-07-25 11:43:17.764057
901,401,2,402,54,2026-07-25 11:43:17.764067,2026-07-25 11:43:17.764067,2026-07-25 11:43:17.764067
902,402,2,448,43,2026-07-25 11:43:17.764077,2026-07-25 11:43:17.764077,2026-07-25 11:43:17.764077
903,403,2,271,52,2026-07-25 11:43:17.764087,2026-07-25 11:43:17.764087,2026-07-25 11:43:17.764087
904,404,2,467,37,2026-07-25 11:43:17.764096,2026-07-25 11:43:17.764096,2026-07-25 11:43:17.764096
905,405,2,425,30,2026-07-25 11:43:17.764106,2026-07-25 11:43:17.764106,2026-07-25 11:43:17.764106
906,406,2,131,78,2026-07-25 11:43:17.764116,2026-07-25 11:43:17.764116,2026-07-25 11:43:17.764116
907,407,2,422,80,2026-07-25 11:43:17.764126,2026-07-25 11:43:17.764126,2026-07-25 11:43:17.764126
908,408,2,246,71,2026-07-25 11:43:17.764135,2026-07-25 11:43:17.764135,2026-07-25 11:43:17.764135
909,409,2,151,67,2026-07-25 11:43:17.764145,2026-07-25 11:43:17.764145,2026-07-25 11:43:17.764145
910,410,2,445,41,2026-07-25 11:43:17.764155,2026-07-25 11:43:17.764155,2026-07-25 11:43:17.764155
911,411,2,411,27,2026-07-25 11:43:17.764164,2026-07-25 11:43:17.764164,2026-07-25 11:43:17.764164
912,412,2,239,24,2026-07-25 11:43:17.764174,2026-07-25 11:43:17.764174,2026-07-25 11:43:17.764174
913,413,2,72,68,2026-07-25 11:43:17.764184,2026-07-25 11:43:17.764184,2026-07-25 11:43:17.764184
914,414,2,494,34,2026-07-25 11:43:17.764193,2026-07-25 11:43:17.764193,2026-07-25 11:43:17.764193
915,415,2,440,63,2026-07-25 11:43:17.764203,2026-07-25 11:43:17.764203,2026-07-25 11:43:17.764203
916,416,2,370,63,2026-07-25 11:43:17.764213,2026-07-25 11:43:17.764213,2026-07-25 11:43:17.764213
917,417,2,203,74,2026-07-25 11:43:17.764222,2026-07-25 11:43:17.764222,2026-07-25 11:43:17.764222
918,418,2,411,55,2026-07-25 11:43:17.764232,2026-07-25 11:43:17.764232,2026-07-25 11:43:17.764232
919,419,2,187,25,2026-07-25 11:43:17.764241,2026-07-25 11:43:17.764241,2026-07-25 11:43:17.764241
920,420,2,404,45,2026-07-25 11:43:17.764251,2026-07-25 11:43:17.764251,2026-07-25 11:43:17.764251
921,421,2,7,36,2026-07-25 11:43:17.764261,2026-07-25 11:43:17.764261,2026-07-25 11:43:17.764261
922,422,2,274,27,2026-07-25 11:43:17.764270,2026-07-25 11:43:17.764270,2026-07-25 11:43:17.764270
923,423,2,232,43,2026-07-25 11:43:17.764280,2026-07-25 11:43:17.764280,2026-07-25 11:43:17.764280
924,424,2,344,67,2026-07-25 11:43:17.764290,2026-07-25 11:43:17.764290,2026-07-25 11:43:17.764290
925,425,2,344,36,2026-07-25 11:43:17.764299,2026-07-25 11:43:17.764299,2026-07-25 11:43:17.764299
926,426,2,299,44,2026-07-25 11:43:17.764309,2026-07-25 11:43:17.764309,2026-07-25 11:43:17.764309
927,427,2,421,60,2026-07-25 11:43:17.764318,2026-07-25 11:43:17.764318,2026-07-25 11:43:17.764318
928,428,2,481,43,2026-07-25 11:43:17.764329,2026-07-25 11:43:17.764329,2026-07-25 11:43:17.764329
929,429,2,55,63,2026-07-25 11:43:17.764339,2026-07-25 11:43:17.764339,2026-07-25 11:43:17.764339
930,430,2,119,50,2026-07-25 11:43:17.764349,2026-07-25 11:43:17.764349,2026-07-25 11:43:17.764349
931,431,2,12,59,2026-07-25 11:43:17.764358,2026-07-25 11:43:17.764358,2026-07-25 11:43:17.764358
932,432,2,452,80,2026-07-25 11:43:17.764368,2026-07-25 11:43:17.764368,2026-07-25 11:43:17.764368
933,433,2,287,40,2026-07-25 11:43:17.764378,2026-07-25 11:43:17.764378,2026-07-25 11:43:17.764378
934,434,2,468,59,2026-07-25 11:43:17.764388,2026-07-25 11:43:17.764388,2026-07-25 11:43:17.764388
935,435,2,113,61,2026-07-25 11:43:17.764397,2026-07-25 11:43:17.764397,2026-07-25 11:43:17.764397
936,436,2,32,60,2026-07-25 11:43:17.764407,2026-07-25 11:43:17.764407,2026-07-25 11:43:17.764407
937,437,2,421,49,2026-07-25 11:43:17.764416,2026-07-25 11:43:17.764416,2026-07-25 11:43:17.764416
938,438,2,465,64,2026-07-25 11:43:17.764426,2026-07-25 11:43:17.764426,2026-07-25 11:43:17.764426
939,439,2,154,61,2026-07-25 11:43:17.764436,2026-07-25 11:43:17.764436,2026-07-25 11:43:17.764436
940,440,2,209,27,2026-07-25 11:43:17.764445,2026-07-25 11:43:17.764445,2026-07-25 11:43:17.764445
941,441,2,71,22,2026-07-25 11:43:17.764454,2026-07-25 11:43:17.764454,2026-07-25 11:43:17.764454
942,442,2,484,22,2026-07-25 11:43:17.764462,2026-07-25 11:43:17.764462,2026-07-25 11:43:17.764462
943,443,2,155,51,2026-07-25 11:43:17.764471,2026-07-25 11:43:17.764471,2026-07-25 11:43:17.764471
944,444,2,59,26,2026-07-25 11:43:17.764480,2026-07-25 11:43:17.764480,2026-07-25 11:43:17.764480
945,445,2,120,76,2026-07-25 11:43:17.764489,2026-07-25 11:43:17.764489,2026-07-25 11:43:17.764489
946,446,2,275,28,2026-07-25 11:43:17.764498,2026-07-25 11:43:17.764498,2026-07-25 11:43:17.764498
947,447,2,198,49,2026-07-25 11:43:17.764506,2026-07-25 11:43:17.764506,2026-07-25 11:43:17.764506
948,448,2,189,62,2026-07-25 11:43:17.764515,2026-07-25 11:43:17.764515,2026-07-25 11:43:17.764515
949,449,2,486,67,2026-07-25 11:43:17.764524,2026-07-25 11:43:17.764524,2026-07-25 11:43:17.764524
950,450,2,356,80,2026-07-25 11:43:17.764533,2026-07-25 11:43:17.764533,2026-07-25 11:43:17.764533
951,451,2,276,46,2026-07-25 11:43:17.764542,2026-07-25 11:43:17.764542,2026-07-25 11:43:17.764542
952,452,2,300,67,2026-07-25 11:43:17.764552,2026-07-25 11:43:17.764552,2026-07-25 11:43:17.764552
953,453,2,372,29,2026-07-25 11:43:17.764562,2026-07-25 11:43:17.764562,2026-07-25 11:43:17.764562
954,454,2,453,46,2026-07-25 11:43:17.764571,2026-07-25 11:43:17.764571,2026-07-25 11:43:17.764571
955,455,2,335,26,2026-07-25 11:43:17.764581,2026-07-25 11:43:17.764581,2026-07-25 11:43:17.764581
956,456,2,426,51,2026-07-25 11:43:17.764591,2026-07-25 11:43:17.764591,2026-07-25 11:43:17.764591
957,457,2,315,46,2026-07-25 11:43:17.764601,2026-07-25 11:43:17.764601,2026-07-25 11:43:17.764601
958,458,2,480,80,2026-07-25 11:43:17.764611,2026-07-25 11:43:17.764611,2026-07-25 11:43:17.764611
959,459,2,143,22,2026-07-25 11:43:17.764621,2026-07-25 11:43:17.764621,2026-07-25 11:43:17.764621
960,460,2,353,43,2026-07-25 11:43:17.764631,2026-07-25 11:43:17.764631,2026-07-25 11:43:17.764631
961,461,2,111,48,2026-07-25 11:43:17.764640,2026-07-25 11:43:17.764640,2026-07-25 11:43:17.764640
962,462,2,227,80,2026-07-25 11:43:17.764650,2026-07-25 11:43:17.764650,2026-07-25 11:43:17.764650
963,463,2,120,74,2026-07-25 11:43:17.764660,2026-07-25 11:43:17.764660,2026-07-25 11:43:17.764660
964,464,2,185,26,2026-07-25 11:43:17.764669,2026-07-25 11:43:17.764669,2026-07-25 11:43:17.764669
965,465,2,351,43,2026-07-25 11:43:17.764679,2026-07-25 11:43:17.764679,2026-07-25 11:43:17.764679
966,466,2,278,77,2026-07-25 11:43:17.764689,2026-07-25 11:43:17.764689,2026-07-25 11:43:17.764689
967,467,2,500,61,2026-07-25 11:43:17.764698,2026-07-25 11:43:17.764698,2026-07-25 11:43:17.764698
968,468,2,183,23,2026-07-25 11:43:17.764708,2026-07-25 11:43:17.764708,2026-07-25 11:43:17.764708
969,469,2,203,37,2026-07-25 11:43:17.764717,2026-07-25 11:43:17.764717,2026-07-25 11:43:17.764717
970,470,2,97,27,2026-07-25 11:43:17.764727,2026-07-25 11:43:17.764727,2026-07-25 11:43:17.764727
971,471,2,485,74,2026-07-25 11:43:17.764737,2026-07-25 11:43:17.764737,2026-07-25 11:43:17.764737
972,472,2,421,49,2026-07-25 11:43:17.764746,2026-07-25 11:43:17.764746,2026-07-25 11:43:17.764746
973,473,2,46,62,2026-07-25 11:43:17.764756,2026-07-25 11:43:17.764756,2026-07-25 11:43:17.764756
974,474,2,108,61,2026-07-25 11:43:17.764766,2026-07-25 11:43:17.764766,2026-07-25 11:43:17.764766
975,475,2,327,58,2026-07-25 11:43:17.764775,2026-07-25 11:43:17.764775,2026-07-25 11:43:17.764775
976,476,2,497,21,2026-07-25 11:43:17.764785,2026-07-25 11:43:17.764785,2026-07-25 11:43:17.764785
977,477,2,25,70,2026-07-25 11:43:17.764795,2026-07-25 11:43:17.764795,2026-07-25 11:43:17.764795
978,478,2,170,35,2026-07-25 11:43:17.764804,2026-07-25 11:43:17.764804,2026-07-25 11:43:17.764804
979,479,2,64,70,2026-07-25 11:43:17.764814,2026-07-25 11:43:17.764814,2026-07-25 11:43:17.764814
980,480,2,289,33,2026-07-25 11:43:17.764824,2026-07-25 11:43:17.764824,2026-07-25 11:43:17.764824
981,481,2,35,73,2026-07-25 11:43:17.764833,2026-07-25 11:43:17.764833,2026-07-25 11:43:17.764833
982,482,2,391,55,2026-07-25 11:43:17.764843,2026-07-25 11:43:17.764843,2026-07-25 11:43:17.764843
983,483,2,106,57,2026-07-25 11:43:17.764853,2026-07-25 11:43:17.764853,2026-07-25 11:43:17.764853
984,484,2,110,72,2026-07-25 11:43:17.764862,2026-07-25 11:43:17.764862,2026-07-25 11:43:17.764862
985,485,2,445,34,2026-07-25 11:43:17.764872,2026-07-25 11:43:17.764872,2026-07-25 11:43:17.764872
986,486,2,168,69,2026-07-25 11:43:17.764882,2026-07-25 11:43:17.764882,2026-07-25 11:43:17.764882
987,487,2,75,70,2026-07-25 11:43:17.764891,2026-07-25 11:43:17.764891,2026-07-25 11:43:17.764891
988,488,2,461,58,2026-07-25 11:43:17.764901,2026-07-25 11:43:17.764901,2026-07-25 11:43:17.764901
989,489,2,1,37,2026-07-25 11:43:17.764910,2026-07-25 11:43:17.764910,2026-07-25 11:43:17.764910
990,490,2,439,29,2026-07-25 11:43:17.764920,2026-07-25 11:43:17.764920,2026-07-25 11:43:17.764920
991,491,2,66,54,2026-07-25 11:43:17.764930,2026-07-25 11:43:17.764930,2026-07-25 11:43:17.764930
992,492,2,128,71,2026-07-25 11:43:17.764939,2026-07-25 11:43:17.764939,2026-07-25 11:43:17.764939
993,493,2,89,27,2026-07-25 11:43:17.764948,2026-07-25 11:43:17.764948,2026-07-25 11:43:17.764948
994,494,2,338,75,2026-07-25 11:43:17.764957,2026-07-25 11:43:17.764957,2026-07-25 11:43:17.764957
995,495,2,13,28,2026-07-25 11:43:17.764966,2026-07-25 11:43:17.764966,2026-07-25 11:43:17.764966
996,496,2,7,42,2026-07-25 11:43:17.764975,2026-07-25 11:43:17.764975,2026-07-25 11:43:17.764975
997,497,2,404,70,2026-07-25 11:43:17.764983,2026-07-25 11:43:17.764983,2026-07-25 11:43:17.764983
998,498,2,121,57,2026-07-25 11:43:17.764992,2026-07-25 11:43:17.764992,2026-07-25 11:43:17.764992
999,499,2,165,21,2026-07-25 11:43:17.765001,2026-07-25 11:43:17.765001,2026-07-25 11:43:17.765001
1000,500,2,89,36,2026-07-25 11:43:17.765010,2026-07-25 11:43:17.765010,2026-07-25 11:43:17.765010
1001,1,3,26,28,2026-07-25 11:43:17.765187,2026-07-25 11:43:17.765187,2026-07-25 11:43:17.765187
1002,2,3,379,46,2026-07-25 11:43:17.765199,2026-07-25 11:43:17.765199,2026-07-25 11:43:17.765199
1003,3,3,269,27,2026-07-25 11:43:17.765210,2026-07-25 11:43:17.765210,2026-07-25 11:43:17.765210
1004,4,3,381,24,2026-07-25 11:43:17.765221,2026-07-25 11:43:17.765221,2026-07-25 11:43:17.765221
1005,5,3,243,48,2026-07-25 11:43:17.765231,2026-07-25 11:43:17.765231,2026-07-25 11:43:17.765231
1006,6,3,398,43,2026-07-25 11:43:17.765241,2026-07-25 11:43:17.765241,2026-07-25 11:43:17.765241
1007,7,3,262,57,2026-07-25 11:43:17.765254,2026-07-25 11:43:17.765254,2026-07-25 11:43:17.765254
1008,8,3,55,48,2026-07-25 11:43:17.765265,2026-07-25 11:43:17.765265,2026-07-25 11:43:17.765265
1009,9,3,257,34,2026-07-25 11:43:17.765274,2026-07-25 11:43:17.765274,2026-07-25 11:43:17.765274
1010,10,3,484,59,2026-07-25 11:43:17.765284,2026-07-25 11:43:17.765284,2026-07-25 11:43:17.765284
1011,11,3,22,66,2026-07-25 11:43:17.765294,2026-07-25 11:43:17.765294,2026-07-25 11:43:17.765294
1012,12,3,401,78,2026-07-25 11:43:17.765306,2026-07-25 11:43:17.765306,2026-07-25 11:43:17.765306
1013,13,3,443,62,2026-07-25 11:43:17.765315,2026-07-25 11:43:17.765315,2026-07-25 11:43:17.765315
1014,14,3,266,39,2026-07-25 11:43:17.765325,2026-07-25 11:43:17.765325,2026-07-25 11:43:17.765325
1015,15,3,234,61,2026-07-25 11:43:17.765335,2026-07-25 11:43:17.765335,2026-07-25 11:43:17.765335
1016,16,3,493,21,2026-07-25 11:43:17.765345,2026-07-25 11:43:17.765345,2026-07-25 11:43:17.765345
1017,17,3,31,50,2026-07-25 11:43:17.765355,2026-07-25 11:43:17.765355,2026-07-25 11:43:17.765355
1018,18,3,433,45,2026-07-25 11:43:17.765365,2026-07-25 11:43:17.765365,2026-07-25 11:43:17.765365
1019,19,3,218,63,2026-07-25 11:43:17.765375,2026-07-25 11:43:17.765375,2026-07-25 11:43:17.765375
1020,20,3,55,51,2026-07-25 11:43:17.765384,2026-07-25 11:43:17.765384,2026-07-25 11:43:17.765384
1021,21,3,364,78,2026-07-25 11:43:17.765394,2026-07-25 11:43:17.765394,2026-07-25 11:43:17.765394
1022,22,3,227,24,2026-07-25 11:43:17.765404,2026-07-25 11:43:17.765404,2026-07-25 11:43:17.765404
1023,23,3,460,25,2026-07-25 11:43:17.765414,2026-07-25 11:43:17.765414,2026-07-25 11:43:17.765414
1024,24,3,164,58,2026-07-25 11:43:17.765424,2026-07-25 11:43:17.765424,2026-07-25 11:43:17.765424
1025,25,3,75,24,2026-07-25 11:43:17.765434,2026-07-25 11:43:17.765434,2026-07-25 11:43:17.765434
1026,26,3,64,37,2026-07-25 11:43:17.765443,2026-07-25 11:43:17.765443,2026-07-25 11:43:17.765443
1027,27,3,319,60,2026-07-25 11:43:17.765452,2026-07-25 11:43:17.765452,2026-07-25 11:43:17.765452
1028,28,3,299,55,2026-07-25 11:43:17.765460,2026-07-25 11:43:17.765460,2026-07-25 11:43:17.765460
1029,29,3,364,40,2026-07-25 11:43:17.765469,2026-07-25 11:43:17.765469,2026-07-25 11:43:17.765469
1030,30,3,195,58,2026-07-25 11:43:17.765478,2026-07-25 11:43:17.765478,2026-07-25 11:43:17.765478
1031,31,3,271,38,2026-07-25 11:43:17.765487,2026-07-25 11:43:17.765487,2026-07-25 11:43:17.765487
1032,32,3,232,52,2026-07-25 11:43:17.765496,2026-07-25 11:43:17.765496,2026-07-25 11:43:17.765496
1033,33,3,309,47,2026-07-25 11:43:17.765505,2026-07-25 11:43:17.765505,2026-07-25 11:43:17.765505
1034,34,3,50,70,2026-07-25 11:43:17.765514,2026-07-25 11:43:17.765514,2026-07-25 11:43:17.765514
1035,35,3,359,27,2026-07-25 11:43:17.765523,2026-07-25 11:43:17.765523,2026-07-25 11:43:17.765523
1036,36,3,436,61,2026-07-25 11:43:17.765533,2026-07-25 11:43:17.765533,2026-07-25 11:43:17.765533
1037,37,3,333,76,2026-07-25 11:43:17.765542,2026-07-25 11:43:17.765542,2026-07-25 11:43:17.765542
1038,38,3,393,55,2026-07-25 11:43:17.765551,2026-07-25 11:43:17.765551,2026-07-25 11:43:17.765551
1039,39,3,369,75,2026-07-25 11:43:17.765560,2026-07-25 11:43:17.765560,2026-07-25 11:43:17.765560
1040,40,3,110,47,2026-07-25 11:43:17.765569,2026-07-25 11:43:17.765569,2026-07-25 11:43:17.765569
1041,41,3,231,76,2026-07-25 11:43:17.765577,2026-07-25 11:43:17.765577,2026-07-25 11:43:17.765577
1042,42,3,116,46,2026-07-25 11:43:17.765586,2026-07-25 11:43:17.765586,2026-07-25 11:43:17.765586
1043,43,3,173,72,2026-07-25 11:43:17.765595,2026-07-25 11:43:17.765595,2026-07-25 11:43:17.765595
1044,44,3,232,45,2026-07-25 11:43:17.765605,2026-07-25 11:43:17.765605,2026-07-25 11:43:17.765605
1045,45,3,212,66,2026-07-25 11:43:17.765615,2026-07-25 11:43:17.765615,2026-07-25 11:43:17.765615
1046,46,3,48,40,2026-07-25 11:43:17.765625,2026-07-25 11:43:17.765625,2026-07-25 11:43:17.765625
1047,47,3,218,40,2026-07-25 11:43:17.765635,2026-07-25 11:43:17.765635,2026-07-25 11:43:17.765635
1048,48,3,340,36,2026-07-25 11:43:17.765644,2026-07-25 11:43:17.765644,2026-07-25 11:43:17.765644
1049,49,3,191,29,2026-07-25 11:43:17.765654,2026-07-25 11:43:17.765654,2026-07-25 11:43:17.765654
1050,50,3,351,79,2026-07-25 11:43:17.765664,2026-07-25 11:43:17.765664,2026-07-25 11:43:17.765664
1051,51,3,242,24,2026-07-25 11:43:17.765673,2026-07-25 11:43:17.765673,2026-07-25 11:43:17.765673
1052,52,3,46,73,2026-07-25 11:43:17.765683,2026-07-25 11:43:17.765683,2026-07-25 11:43:17.765683
1053,53,3,43,25,2026-07-25 11:43:17.765693,2026-07-25 11:43:17.765693,2026-07-25 11:43:17.765693
1054,54,3,221,26,2026-07-25 11:43:17.765702,2026-07-25 11:43:17.765702,2026-07-25 11:43:17.765702
1055,55,3,381,67,2026-07-25 11:43:17.765712,2026-07-25 11:43:17.765712,2026-07-25 11:43:17.765712
1056,56,3,190,71,2026-07-25 11:43:17.765722,2026-07-25 11:43:17.765722,2026-07-25 11:43:17.765722
1057,57,3,66,55,2026-07-25 11:43:17.765732,2026-07-25 11:43:17.765732,2026-07-25 11:43:17.765732
1058,58,3,30,57,2026-07-25 11:43:17.765741,2026-07-25 11:43:17.765741,2026-07-25 11:43:17.765741
1059,59,3,489,55,2026-07-25 11:43:17.765751,2026-07-25 11:43:17.765751,2026-07-25 11:43:17.765751
1060,60,3,287,41,2026-07-25 11:43:17.765761,2026-07-25 11:43:17.765761,2026-07-25 11:43:17.765761
1061,61,3,343,27,2026-07-25 11:43:17.765770,2026-07-25 11:43:17.765770,2026-07-25 11:43:17.765770
1062,62,3,210,42,2026-07-25 11:43:17.765780,2026-07-25 11:43:17.765780,2026-07-25 11:43:17.765780
1063,63,3,447,62,2026-07-25 11:43:17.765790,2026-07-25 11:43:17.765790,2026-07-25 11:43:17.765790
1064,64,3,481,68,2026-07-25 11:43:17.765799,2026-07-25 11:43:17.765799,2026-07-25 11:43:17.765799
1065,65,3,216,75,2026-07-25 11:43:17.765809,2026-07-25 11:43:17.765809,2026-07-25 11:43:17.765809
1066,66,3,468,66,2026-07-25 11:43:17.765819,2026-07-25 11:43:17.765819,2026-07-25 11:43:17.765819
1067,67,3,26,38,2026-07-25 11:43:17.765828,2026-07-25 11:43:17.765828,2026-07-25 11:43:17.765828
1068,68,3,307,39,2026-07-25 11:43:17.765838,2026-07-25 11:43:17.765838,2026-07-25 11:43:17.765838
1069,69,3,180,26,2026-07-25 11:43:17.765848,2026-07-25 11:43:17.765848,2026-07-25 11:43:17.765848
1070,70,3,295,52,2026-07-25 11:43:17.765857,2026-07-25 11:43:17.765857,2026-07-25 11:43:17.765857
1071,71,3,108,29,2026-07-25 11:43:17.765867,2026-07-25 11:43:17.765867,2026-07-25 11:43:17.765867
1072,72,3,336,50,2026-07-25 11:43:17.765877,2026-07-25 11:43:17.765877,2026-07-25 11:43:17.765877
1073,73,3,114,74,2026-07-25 11:43:17.765887,2026-07-25 11:43:17.765887,2026-07-25 11:43:17.765887
1074,74,3,55,42,2026-07-25 11:43:17.765896,2026-07-25 11:43:17.765896,2026-07-25 11:43:17.765896
1075,75,3,432,55,2026-07-25 11:43:17.765906,2026-07-25 11:43:17.765906,2026-07-25 11:43:17.765906
1076,76,3,188,27,2026-07-25 11:43:17.765916,2026-07-25 11:43:17.765916,2026-07-25 11:43:17.765916
1077,77,3,390,37,2026-07-25 11:43:17.765925,2026-07-25 11:43:17.765925,2026-07-25 11:43:17.765925
1078,78,3,293,34,2026-07-25 11:43:17.765935,2026-07-25 11:43:17.765935,2026-07-25 11:43:17.765935
1079,79,3,413,47,2026-07-25 11:43:17.765944,2026-07-25 11:43:17.765944,2026-07-25 11:43:17.765944
1080,80,3,432,55,2026-07-25 11:43:17.765953,2026-07-25 11:43:17.765953,2026-07-25 11:43:17.765953
1081,81,3,498,69,2026-07-25 11:43:17.765961,2026-07-25 11:43:17.765961,2026-07-25 11:43:17.765961
1082,82,3,419,59,2026-07-25 11:43:17.765970,2026-07-25 11:43:17.765970,2026-07-25 11:43:17.765970
1083,83,3,314,63,2026-07-25 11:43:17.765979,2026-07-25 11:43:17.765979,2026-07-25 11:43:17.765979
1084,84,3,329,55,2026-07-25 11:43:17.765989,2026-07-25 11:43:17.765989,2026-07-25 11:43:17.765989
1085,85,3,13,58,2026-07-25 11:43:17.765998,2026-07-25 11:43:17.765998,2026-07-25 11:43:17.765998
1086,86,3,475,62,2026-07-25 11:43:17.766007,2026-07-25 11:43:17.766007,2026-07-25 11:43:17.766007
1087,87,3,424,64,2026-07-25 11:43:17.766016,2026-07-25 11:43:17.766016,2026-07-25 11:43:17.766016
1088,88,3,136,21,2026-07-25 11:43:17.766025,2026-07-25 11:43:17.766025,2026-07-25 11:43:17.766025
1089,89,3,92,37,2026-07-25 11:43:17.766034,2026-07-25 11:43:17.766034,2026-07-25 11:43:17.766034
1090,90,3,359,68,2026-07-25 11:43:17.766044,2026-07-25 11:43:17.766044,2026-07-25 11:43:17.766044
1091,91,3,158,78,2026-07-25 11:43:17.766054,2026-07-25 11:43:17.766054,2026-07-25 11:43:17.766054
1092,92,3,173,42,2026-07-25 11:43:17.766064,2026-07-25 11:43:17.766064,2026-07-25 11:43:17.766064
1093,93,3,3,31,2026-07-25 11:43:17.766074,2026-07-25 11:43:17.766074,2026-07-25 11:43:17.766074
1094,94,3,445,29,2026-07-25 11:43:17.766083,2026-07-25 11:43:17.766083,2026-07-25 11:43:17.766083
1095,95,3,289,62,2026-07-25 11:43:17.766093,2026-07-25 11:43:17.766093,2026-07-25 11:43:17.766093
1096,96,3,205,24,2026-07-25 11:43:17.766102,2026-07-25 11:43:17.766102,2026-07-25 11:43:17.766102
1097,97,3,72,67,2026-07-25 11:43:17.766112,2026-07-25 11:43:17.766112,2026-07-25 11:43:17.766112
1098,98,3,324,21,2026-07-25 11:43:17.766122,2026-07-25 11:43:17.766122,2026-07-25 11:43:17.766122
1099,99,3,46,67,2026-07-25 11:43:17.766132,2026-07-25 11:43:17.766132,2026-07-25 11:43:17.766132
1100,100,3,271,33,2026-07-25 11:43:17.766141,2026-07-25 11:43:17.766141,2026-07-25 11:43:17.766141
1101,101,3,192,46,2026-07-25 11:43:17.766151,2026-07-25 11:43:17.766151,2026-07-25 11:43:17.766151
1102,102,3,232,41,2026-07-25 11:43:17.766161,2026-07-25 11:43:17.766161,2026-07-25 11:43:17.766161
1103,103,3,80,43,2026-07-25 11:43:17.766170,2026-07-25 11:43:17.766170,2026-07-25 11:43:17.766170
1104,104,3,159,66,2026-07-25 11:43:17.766180,2026-07-25 11:43:17.766180,2026-07-25 11:43:17.766180
1105,105,3,166,69,2026-07-25 11:43:17.766190,2026-07-25 11:43:17.766190,2026-07-25 11:43:17.766190
1106,106,3,482,56,2026-07-25 11:43:17.766200,2026-07-25 11:43:17.766200,2026-07-25 11:43:17.766200
1107,107,3,305,25,2026-07-25 11:43:17.766209,2026-07-25 11:43:17.766209,2026-07-25 11:43:17.766209
1108,108,3,452,23,2026-07-25 11:43:17.766220,2026-07-25 11:43:17.766220,2026-07-25 11:43:17.766220
1109,109,3,79,30,2026-07-25 11:43:17.766230,2026-07-25 11:43:17.766230,2026-07-25 11:43:17.766230
1110,110,3,386,59,2026-07-25 11:43:17.766240,2026-07-25 11:43:17.766240,2026-07-25 11:43:17.766240
1111,111,3,25,63,2026-07-25 11:43:17.766249,2026-07-25 11:43:17.766249,2026-07-25 11:43:17.766249
1112,112,3,41,37,2026-07-25 11:43:17.766259,2026-07-25 11:43:17.766259,2026-07-25 11:43:17.766259
1113,113,3,226,62,2026-07-25 11:43:17.766269,2026-07-25 11:43:17.766269,2026-07-25 11:43:17.766269
1114,114,3,217,51,2026-07-25 11:43:17.766280,2026-07-25 11:43:17.766280,2026-07-25 11:43:17.766280
1115,115,3,310,48,2026-07-25 11:43:17.766290,2026-07-25 11:43:17.766290,2026-07-25 11:43:17.766290
1116,116,3,212,37,2026-07-25 11:43:17.766299,2026-07-25 11:43:17.766299,2026-07-25 11:43:17.766299
1117,117,3,110,68,2026-07-25 11:43:17.766309,2026-07-25 11:43:17.766309,2026-07-25 11:43:17.766309
1118,118,3,262,27,2026-07-25 11:43:17.766319,2026-07-25 11:43:17.766319,2026-07-25 11:43:17.766319
1119,119,3,176,47,2026-07-25 11:43:17.766334,2026-07-25 11:43:17.766334,2026-07-25 11:43:17.766334
1120,120,3,56,38,2026-07-25 11:43:17.766344,2026-07-25 11:43:17.766344,2026-07-25 11:43:17.766344
1121,121,3,347,63,2026-07-25 11:43:17.766354,2026-07-25 11:43:17.766354,2026-07-25 11:43:17.766354
1122,122,3,303,51,2026-07-25 11:43:17.766364,2026-07-25 11:43:17.766364,2026-07-25 11:43:17.766364
1123,123,3,269,62,2026-07-25 11:43:17.766374,2026-07-25 11:43:17.766374,2026-07-25 11:43:17.766374
1124,124,3,157,22,2026-07-25 11:43:17.766384,2026-07-25 11:43:17.766384,2026-07-25 11:43:17.766384
1125,125,3,112,45,2026-07-25 11:43:17.766393,2026-07-25 11:43:17.766393,2026-07-25 11:43:17.766393
1126,126,3,306,23,2026-07-25 11:43:17.766403,2026-07-25 11:43:17.766403,2026-07-25 11:43:17.766403
1127,127,3,3,33,2026-07-25 11:43:17.766413,2026-07-25 11:43:17.766413,2026-07-25 11:43:17.766413
1128,128,3,154,80,2026-07-25 11:43:17.766423,2026-07-25 11:43:17.766423,2026-07-25 11:43:17.766423
1129,129,3,108,69,2026-07-25 11:43:17.766432,2026-07-25 11:43:17.766432,2026-07-25 11:43:17.766432
1130,130,3,70,68,2026-07-25 11:43:17.766441,2026-07-25 11:43:17.766441,2026-07-25 11:43:17.766441
1131,131,3,130,38,2026-07-25 11:43:17.766450,2026-07-25 11:43:17.766450,2026-07-25 11:43:17.766450
1132,132,3,167,27,2026-07-25 11:43:17.766459,2026-07-25 11:43:17.766459,2026-07-25 11:43:17.766459
1133,133,3,3,51,2026-07-25 11:43:17.766468,2026-07-25 11:43:17.766468,2026-07-25 11:43:17.766468
1134,134,3,382,47,2026-07-25 11:43:17.766477,2026-07-25 11:43:17.766477,2026-07-25 11:43:17.766477
1135,135,3,89,28,2026-07-25 11:43:17.766486,2026-07-25 11:43:17.766486,2026-07-25 11:43:17.766486
1136,136,3,194,54,2026-07-25 11:43:17.766495,2026-07-25 11:43:17.766495,2026-07-25 11:43:17.766495
1137,137,3,360,34,2026-07-25 11:43:17.766503,2026-07-25 11:43:17.766503,2026-07-25 11:43:17.766503
1138,138,3,256,55,2026-07-25 11:43:17.766528,2026-07-25 11:43:17.766528,2026-07-25 11:43:17.766528
1139,139,3,426,62,2026-07-25 11:43:17.766539,2026-07-25 11:43:17.766539,2026-07-25 11:43:17.766539
1140,140,3,412,42,2026-07-25 11:43:17.766549,2026-07-25 11:43:17.766549,2026-07-25 11:43:17.766549
1141,141,3,36,45,2026-07-25 11:43:17.766559,2026-07-25 11:43:17.766559,2026-07-25 11:43:17.766559
1142,142,3,441,67,2026-07-25 11:43:17.766569,2026-07-25 11:43:17.766569,2026-07-25 11:43:17.766569
1143,143,3,21,47,2026-07-25 11:43:17.766579,2026-07-25 11:43:17.766579,2026-07-25 11:43:17.766579
1144,144,3,9,49,2026-07-25 11:43:17.766589,2026-07-25 11:43:17.766589,2026-07-25 11:43:17.766589
1145,145,3,471,24,2026-07-25 11:43:17.766598,2026-07-25 11:43:17.766598,2026-07-25 11:43:17.766598
1146,146,3,441,40,2026-07-25 11:43:17.766608,2026-07-25 11:43:17.766608,2026-07-25 11:43:17.766608
1147,147,3,294,47,2026-07-25 11:43:17.766618,2026-07-25 11:43:17.766618,2026-07-25 11:43:17.766618
1148,148,3,293,45,2026-07-25 11:43:17.766628,2026-07-25 11:43:17.766628,2026-07-25 11:43:17.766628
1149,149,3,363,60,2026-07-25 11:43:17.766637,2026-07-25 11:43:17.766637,2026-07-25 11:43:17.766637
1150,150,3,213,38,2026-07-25 11:43:17.766647,2026-07-25 11:43:17.766647,2026-07-25 11:43:17.766647
1151,151,3,58,45,2026-07-25 11:43:17.766657,2026-07-25 11:43:17.766657,2026-07-25 11:43:17.766657
1152,152,3,10,40,2026-07-25 11:43:17.766666,2026-07-25 11:43:17.766666,2026-07-25 11:43:17.766666
1153,153,3,87,71,2026-07-25 11:43:17.766676,2026-07-25 11:43:17.766676,2026-07-25 11:43:17.766676
1154,154,3,485,59,2026-07-25 11:43:17.766686,2026-07-25 11:43:17.766686,2026-07-25 11:43:17.766686
1155,155,3,235,73,2026-07-25 11:43:17.766696,2026-07-25 11:43:17.766696,2026-07-25 11:43:17.766696
1156,156,3,353,78,2026-07-25 11:43:17.766705,2026-07-25 11:43:17.766705,2026-07-25 11:43:17.766705
1157,157,3,185,25,2026-07-25 11:43:17.766715,2026-07-25 11:43:17.766715,2026-07-25 11:43:17.766715
1158,158,3,223,74,2026-07-25 11:43:17.766725,2026-07-25 11:43:17.766725,2026-07-25 11:43:17.766725
1159,159,3,54,35,2026-07-25 11:43:17.766734,2026-07-25 11:43:17.766734,2026-07-25 11:43:17.766734
1160,160,3,223,57,2026-07-25 11:43:17.766744,2026-07-25 11:43:17.766744,2026-07-25 11:43:17.766744
1161,161,3,205,53,2026-07-25 11:43:17.766754,2026-07-25 11:43:17.766754,2026-07-25 11:43:17.766754
1162,162,3,40,45,2026-07-25 11:43:17.766763,2026-07-25 11:43:17.766763,2026-07-25 11:43:17.766763
1163,163,3,445,39,2026-07-25 11:43:17.766773,2026-07-25 11:43:17.766773,2026-07-25 11:43:17.766773
1164,164,3,381,41,2026-07-25 11:43:17.766783,2026-07-25 11:43:17.766783,2026-07-25 11:43:17.766783
1165,165,3,113,41,2026-07-25 11:43:17.766793,2026-07-25 11:43:17.766793,2026-07-25 11:43:17.766793
1166,166,3,398,30,2026-07-25 11:43:17.766802,2026-07-25 11:43:17.766802,2026-07-25 11:43:17.766802
1167,167,3,39,52,2026-07-25 11:43:17.766812,2026-07-25 11:43:17.766812,2026-07-25 11:43:17.766812
1168,168,3,324,27,2026-07-25 11:43:17.766822,2026-07-25 11:43:17.766822,2026-07-25 11:43:17.766822
1169,169,3,271,52,2026-07-25 11:43:17.766831,2026-07-25 11:43:17.766831,2026-07-25 11:43:17.766831
1170,170,3,99,77,2026-07-25 11:43:17.766841,2026-07-25 11:43:17.766841,2026-07-25 11:43:17.766841
1171,171,3,397,42,2026-07-25 11:43:17.766851,2026-07-25 11:43:17.766851,2026-07-25 11:43:17.766851
1172,172,3,179,66,2026-07-25 11:43:17.766861,2026-07-25 11:43:17.766861,2026-07-25 11:43:17.766861
1173,173,3,490,72,2026-07-25 11:43:17.766870,2026-07-25 11:43:17.766870,2026-07-25 11:43:17.766870
1174,174,3,330,72,2026-07-25 11:43:17.766880,2026-07-25 11:43:17.766880,2026-07-25 11:43:17.766880
1175,175,3,75,35,2026-07-25 11:43:17.766890,2026-07-25 11:43:17.766890,2026-07-25 11:43:17.766890
1176,176,3,52,29,2026-07-25 11:43:17.766900,2026-07-25 11:43:17.766900,2026-07-25 11:43:17.766900
1177,177,3,131,32,2026-07-25 11:43:17.766909,2026-07-25 11:43:17.766909,2026-07-25 11:43:17.766909
1178,178,3,88,58,2026-07-25 11:43:17.766919,2026-07-25 11:43:17.766919,2026-07-25 11:43:17.766919
1179,179,3,78,68,2026-07-25 11:43:17.766929,2026-07-25 11:43:17.766929,2026-07-25 11:43:17.766929
1180,180,3,388,61,2026-07-25 11:43:17.766938,2026-07-25 11:43:17.766938,2026-07-25 11:43:17.766938
1181,181,3,38,31,2026-07-25 11:43:17.766947,2026-07-25 11:43:17.766947,2026-07-25 11:43:17.766947
1182,182,3,487,69,2026-07-25 11:43:17.766956,2026-07-25 11:43:17.766956,2026-07-25 11:43:17.766956
1183,183,3,321,51,2026-07-25 11:43:17.766965,2026-07-25 11:43:17.766965,2026-07-25 11:43:17.766965
1184,184,3,237,68,2026-07-25 11:43:17.766974,2026-07-25 11:43:17.766974,2026-07-25 11:43:17.766974
1185,185,3,288,68,2026-07-25 11:43:17.766982,2026-07-25 11:43:17.766982,2026-07-25 11:43:17.766982
1186,186,3,296,48,2026-07-25 11:43:17.766992,2026-07-25 11:43:17.766992,2026-07-25 11:43:17.766992
1187,187,3,348,79,2026-07-25 11:43:17.767000,2026-07-25 11:43:17.767000,2026-07-25 11:43:17.767000
1188,188,3,451,56,2026-07-25 11:43:17.767009,2026-07-25 11:43:17.767009,2026-07-25 11:43:17.767009
1189,189,3,329,60,2026-07-25 11:43:17.767018,2026-07-25 11:43:17.767018,2026-07-25 11:43:17.767018
1190,190,3,319,40,2026-07-25 11:43:17.767027,2026-07-25 11:43:17.767027,2026-07-25 11:43:17.767027
1191,191,3,442,60,2026-07-25 11:43:17.767036,2026-07-25 11:43:17.767036,2026-07-25 11:43:17.767036
1192,192,3,161,29,2026-07-25 11:43:17.767050,2026-07-25 11:43:17.767050,2026-07-25 11:43:17.767050
1193,193,3,225,24,2026-07-25 11:43:17.767060,2026-07-25 11:43:17.767060,2026-07-25 11:43:17.767060
1194,194,3,240,48,2026-07-25 11:43:17.767069,2026-07-25 11:43:17.767069,2026-07-25 11:43:17.767069
1195,195,3,323,39,2026-07-25 11:43:17.767079,2026-07-25 11:43:17.767079,2026-07-25 11:43:17.767079
1196,196,3,407,37,2026-07-25 11:43:17.767089,2026-07-25 11:43:17.767089,2026-07-25 11:43:17.767089
1197,197,3,302,23,2026-07-25 11:43:17.767098,2026-07-25 11:43:17.767098,2026-07-25 11:43:17.767098
1198,198,3,180,52,2026-07-25 11:43:17.767108,2026-07-25 11:43:17.767108,2026-07-25 11:43:17.767108
1199,199,3,37,39,2026-07-25 11:43:17.767118,2026-07-25 11:43:17.767118,2026-07-25 11:43:17.767118
1200,200,3,236,48,2026-07-25 11:43:17.767127,2026-07-25 11:43:17.767127,2026-07-25 11:43:17.767127
1201,201,3,19,23,2026-07-25 11:43:17.767137,2026-07-25 11:43:17.767137,2026-07-25 11:43:17.767137
1202,202,3,188,73,2026-07-25 11:43:17.767147,2026-07-25 11:43:17.767147,2026-07-25 11:43:17.767147
1203,203,3,146,24,2026-07-25 11:43:17.767157,2026-07-25 11:43:17.767157,2026-07-25 11:43:17.767157
1204,204,3,330,75,2026-07-25 11:43:17.767166,2026-07-25 11:43:17.767166,2026-07-25 11:43:17.767166
1205,205,3,500,74,2026-07-25 11:43:17.767176,2026-07-25 11:43:17.767176,2026-07-25 11:43:17.767176
1206,206,3,46,59,2026-07-25 11:43:17.767186,2026-07-25 11:43:17.767186,2026-07-25 11:43:17.767186
1207,207,3,304,52,2026-07-25 11:43:17.767195,2026-07-25 11:43:17.767195,2026-07-25 11:43:17.767195
1208,208,3,196,49,2026-07-25 11:43:17.767205,2026-07-25 11:43:17.767205,2026-07-25 11:43:17.767205
1209,209,3,297,55,2026-07-25 11:43:17.767215,2026-07-25 11:43:17.767215,2026-07-25 11:43:17.767215
1210,210,3,488,70,2026-07-25 11:43:17.767225,2026-07-25 11:43:17.767225,2026-07-25 11:43:17.767225
1211,211,3,378,77,2026-07-25 11:43:17.767234,2026-07-25 11:43:17.767234,2026-07-25 11:43:17.767234
1212,212,3,21,48,2026-07-25 11:43:17.767244,2026-07-25 11:43:17.767244,2026-07-25 11:43:17.767244
1213,213,3,465,71,2026-07-25 11:43:17.767254,2026-07-25 11:43:17.767254,2026-07-25 11:43:17.767254
1214,214,3,292,61,2026-07-25 11:43:17.767263,2026-07-25 11:43:17.767263,2026-07-25 11:43:17.767263
1215,215,3,96,40,2026-07-25 11:43:17.767273,2026-07-25 11:43:17.767273,2026-07-25 11:43:17.767273
1216,216,3,309,50,2026-07-25 11:43:17.767283,2026-07-25 11:43:17.767283,2026-07-25 11:43:17.767283
1217,217,3,256,29,2026-07-25 11:43:17.767292,2026-07-25 11:43:17.767292,2026-07-25 11:43:17.767292
1218,218,3,490,23,2026-07-25 11:43:17.767302,2026-07-25 11:43:17.767302,2026-07-25 11:43:17.767302
1219,219,3,230,26,2026-07-25 11:43:17.767312,2026-07-25 11:43:17.767312,2026-07-25 11:43:17.767312
1220,220,3,415,77,2026-07-25 11:43:17.767322,2026-07-25 11:43:17.767322,2026-07-25 11:43:17.767322
1221,221,3,428,41,2026-07-25 11:43:17.767331,2026-07-25 11:43:17.767331,2026-07-25 11:43:17.767331
1222,222,3,365,25,2026-07-25 11:43:17.767341,2026-07-25 11:43:17.767341,2026-07-25 11:43:17.767341
1223,223,3,258,61,2026-07-25 11:43:17.767351,2026-07-25 11:43:17.767351,2026-07-25 11:43:17.767351
1224,224,3,88,22,2026-07-25 11:43:17.767360,2026-07-25 11:43:17.767360,2026-07-25 11:43:17.767360
1225,225,3,126,65,2026-07-25 11:43:17.767370,2026-07-25 11:43:17.767370,2026-07-25 11:43:17.767370
1226,226,3,224,48,2026-07-25 11:43:17.767380,2026-07-25 11:43:17.767380,2026-07-25 11:43:17.767380
1227,227,3,268,53,2026-07-25 11:43:17.767389,2026-07-25 11:43:17.767389,2026-07-25 11:43:17.767389
1228,228,3,312,30,2026-07-25 11:43:17.767399,2026-07-25 11:43:17.767399,2026-07-25 11:43:17.767399
1229,229,3,186,43,2026-07-25 11:43:17.767409,2026-07-25 11:43:17.767409,2026-07-25 11:43:17.767409
1230,230,3,469,38,2026-07-25 11:43:17.767419,2026-07-25 11:43:17.767419,2026-07-25 11:43:17.767419
1231,231,3,198,46,2026-07-25 11:43:17.767428,2026-07-25 11:43:17.767428,2026-07-25 11:43:17.767428
1232,232,3,396,41,2026-07-25 11:43:17.767437,2026-07-25 11:43:17.767437,2026-07-25 11:43:17.767437
1233,233,3,347,58,2026-07-25 11:43:17.767446,2026-07-25 11:43:17.767446,2026-07-25 11:43:17.767446
1234,234,3,26,70,2026-07-25 11:43:17.767455,2026-07-25 11:43:17.767455,2026-07-25 11:43:17.767455
1235,235,3,323,61,2026-07-25 11:43:17.767464,2026-07-25 11:43:17.767464,2026-07-25 11:43:17.767464
1236,236,3,171,24,2026-07-25 11:43:17.767473,2026-07-25 11:43:17.767473,2026-07-25 11:43:17.767473
1237,237,3,168,26,2026-07-25 11:43:17.767481,2026-07-25 11:43:17.767481,2026-07-25 11:43:17.767481
1238,238,3,285,63,2026-07-25 11:43:17.767490,2026-07-25 11:43:17.767490,2026-07-25 11:43:17.767490
1239,239,3,197,38,2026-07-25 11:43:17.767499,2026-07-25 11:43:17.767499,2026-07-25 11:43:17.767499
1240,240,3,129,66,2026-07-25 11:43:17.767508,2026-07-25 11:43:17.767508,2026-07-25 11:43:17.767508
1241,241,3,436,62,2026-07-25 11:43:17.767517,2026-07-25 11:43:17.767517,2026-07-25 11:43:17.767517
1242,242,3,493,78,2026-07-25 11:43:17.767526,2026-07-25 11:43:17.767526,2026-07-25 11:43:17.767526
1243,243,3,308,75,2026-07-25 11:43:17.767535,2026-07-25 11:43:17.767535,2026-07-25 11:43:17.767535
1244,244,3,76,41,2026-07-25 11:43:17.767545,2026-07-25 11:43:17.767545,2026-07-25 11:43:17.767545
1245,245,3,41,57,2026-07-25 11:43:17.767554,2026-07-25 11:43:17.767554,2026-07-25 11:43:17.767554
1246,246,3,339,29,2026-07-25 11:43:17.767564,2026-07-25 11:43:17.767564,2026-07-25 11:43:17.767564
1247,247,3,469,42,2026-07-25 11:43:17.767574,2026-07-25 11:43:17.767574,2026-07-25 11:43:17.767574
1248,248,3,158,61,2026-07-25 11:43:17.767584,2026-07-25 11:43:17.767584,2026-07-25 11:43:17.767584
1249,249,3,357,62,2026-07-25 11:43:17.767594,2026-07-25 11:43:17.767594,2026-07-25 11:43:17.767594
1250,250,3,200,28,2026-07-25 11:43:17.767604,2026-07-25 11:43:17.767604,2026-07-25 11:43:17.767604
1251,251,3,304,65,2026-07-25 11:43:17.767613,2026-07-25 11:43:17.767613,2026-07-25 11:43:17.767613
1252,252,3,480,25,2026-07-25 11:43:17.767623,2026-07-25 11:43:17.767623,2026-07-25 11:43:17.767623
1253,253,3,158,55,2026-07-25 11:43:17.767633,2026-07-25 11:43:17.767633,2026-07-25 11:43:17.767633
1254,254,3,192,61,2026-07-25 11:43:17.767643,2026-07-25 11:43:17.767643,2026-07-25 11:43:17.767643
1255,255,3,405,41,2026-07-25 11:43:17.767652,2026-07-25 11:43:17.767652,2026-07-25 11:43:17.767652
1256,256,3,416,28,2026-07-25 11:43:17.767662,2026-07-25 11:43:17.767662,2026-07-25 11:43:17.767662
1257,257,3,343,64,2026-07-25 11:43:17.767672,2026-07-25 11:43:17.767672,2026-07-25 11:43:17.767672
1258,258,3,424,80,2026-07-25 11:43:17.767682,2026-07-25 11:43:17.767682,2026-07-25 11:43:17.767682
1259,259,3,378,63,2026-07-25 11:43:17.767691,2026-07-25 11:43:17.767691,2026-07-25 11:43:17.767691
1260,260,3,467,53,2026-07-25 11:43:17.767701,2026-07-25 11:43:17.767701,2026-07-25 11:43:17.767701
1261,261,3,47,61,2026-07-25 11:43:17.767711,2026-07-25 11:43:17.767711,2026-07-25 11:43:17.767711
1262,262,3,343,47,2026-07-25 11:43:17.767721,2026-07-25 11:43:17.767721,2026-07-25 11:43:17.767721
1263,263,3,260,43,2026-07-25 11:43:17.767730,2026-07-25 11:43:17.767730,2026-07-25 11:43:17.767730
1264,264,3,9,43,2026-07-25 11:43:17.767740,2026-07-25 11:43:17.767740,2026-07-25 11:43:17.767740
1265,265,3,158,31,2026-07-25 11:43:17.767750,2026-07-25 11:43:17.767750,2026-07-25 11:43:17.767750
1266,266,3,486,33,2026-07-25 11:43:17.767761,2026-07-25 11:43:17.767761,2026-07-25 11:43:17.767761
1267,267,3,174,80,2026-07-25 11:43:17.767770,2026-07-25 11:43:17.767770,2026-07-25 11:43:17.767770
1268,268,3,392,51,2026-07-25 11:43:17.767780,2026-07-25 11:43:17.767780,2026-07-25 11:43:17.767780
1269,269,3,98,34,2026-07-25 11:43:17.767790,2026-07-25 11:43:17.767790,2026-07-25 11:43:17.767790
1270,270,3,70,29,2026-07-25 11:43:17.767802,2026-07-25 11:43:17.767802,2026-07-25 11:43:17.767802
1271,271,3,39,38,2026-07-25 11:43:17.767811,2026-07-25 11:43:17.767811,2026-07-25 11:43:17.767811
1272,272,3,432,70,2026-07-25 11:43:17.767821,2026-07-25 11:43:17.767821,2026-07-25 11:43:17.767821
1273,273,3,51,52,2026-07-25 11:43:17.767831,2026-07-25 11:43:17.767831,2026-07-25 11:43:17.767831
1274,274,3,394,54,2026-07-25 11:43:17.767840,2026-07-25 11:43:17.767840,2026-07-25 11:43:17.767840
1275,275,3,427,67,2026-07-25 11:43:17.767850,2026-07-25 11:43:17.767850,2026-07-25 11:43:17.767850
1276,276,3,452,53,2026-07-25 11:43:17.767860,2026-07-25 11:43:17.767860,2026-07-25 11:43:17.767860
1277,277,3,19,62,2026-07-25 11:43:17.767869,2026-07-25 11:43:17.767869,2026-07-25 11:43:17.767869
1278,278,3,172,76,2026-07-25 11:43:17.767879,2026-07-25 11:43:17.767879,2026-07-25 11:43:17.767879
1279,279,3,392,59,2026-07-25 11:43:17.767889,2026-07-25 11:43:17.767889,2026-07-25 11:43:17.767889
1280,280,3,67,58,2026-07-25 11:43:17.767899,2026-07-25 11:43:17.767899,2026-07-25 11:43:17.767899
1281,281,3,192,29,2026-07-25 11:43:17.767908,2026-07-25 11:43:17.767908,2026-07-25 11:43:17.767908
1282,282,3,83,31,2026-07-25 11:43:17.767918,2026-07-25 11:43:17.767918,2026-07-25 11:43:17.767918
1283,283,3,425,64,2026-07-25 11:43:17.767928,2026-07-25 11:43:17.767928,2026-07-25 11:43:17.767928
1284,284,3,394,59,2026-07-25 11:43:17.767938,2026-07-25 11:43:17.767938,2026-07-25 11:43:17.767938
1285,285,3,414,77,2026-07-25 11:43:17.767947,2026-07-25 11:43:17.767947,2026-07-25 11:43:17.767947
1286,286,3,84,66,2026-07-25 11:43:17.767957,2026-07-25 11:43:17.767957,2026-07-25 11:43:17.767957
1287,287,3,224,22,2026-07-25 11:43:17.767967,2026-07-25 11:43:17.767967,2026-07-25 11:43:17.767967
1288,288,3,210,43,2026-07-25 11:43:17.767976,2026-07-25 11:43:17.767976,2026-07-25 11:43:17.767976
1289,289,3,346,66,2026-07-25 11:43:17.767986,2026-07-25 11:43:17.767986,2026-07-25 11:43:17.767986
1290,290,3,121,48,2026-07-25 11:43:17.767996,2026-07-25 11:43:17.767996,2026-07-25 11:43:17.767996
1291,291,3,312,38,2026-07-25 11:43:17.768006,2026-07-25 11:43:17.768006,2026-07-25 11:43:17.768006
1292,292,3,385,67,2026-07-25 11:43:17.768015,2026-07-25 11:43:17.768015,2026-07-25 11:43:17.768015
1293,293,3,401,48,2026-07-25 11:43:17.768025,2026-07-25 11:43:17.768025,2026-07-25 11:43:17.768025
1294,294,3,119,54,2026-07-25 11:43:17.768035,2026-07-25 11:43:17.768035,2026-07-25 11:43:17.768035
1295,295,3,122,39,2026-07-25 11:43:17.768044,2026-07-25 11:43:17.768044,2026-07-25 11:43:17.768044
1296,296,3,494,71,2026-07-25 11:43:17.768054,2026-07-25 11:43:17.768054,2026-07-25 11:43:17.768054
1297,297,3,401,50,2026-07-25 11:43:17.768064,2026-07-25 11:43:17.768064,2026-07-25 11:43:17.768064
1298,298,3,462,73,2026-07-25 11:43:17.768073,2026-07-25 11:43:17.768073,2026-07-25 11:43:17.768073
1299,299,3,99,43,2026-07-25 11:43:17.768083,2026-07-25 11:43:17.768083,2026-07-25 11:43:17.768083
1300,300,3,347,80,2026-07-25 11:43:17.768093,2026-07-25 11:43:17.768093,2026-07-25 11:43:17.768093
1301,301,3,292,48,2026-07-25 11:43:17.768103,2026-07-25 11:43:17.768103,2026-07-25 11:43:17.768103
1302,302,3,236,69,2026-07-25 11:43:17.768112,2026-07-25 11:43:17.768112,2026-07-25 11:43:17.768112
1303,303,3,144,69,2026-07-25 11:43:17.768122,2026-07-25 11:43:17.768122,2026-07-25 11:43:17.768122
1304,304,3,195,52,2026-07-25 11:43:17.768131,2026-07-25 11:43:17.768131,2026-07-25 11:43:17.768131
1305,305,3,270,46,2026-07-25 11:43:17.768141,2026-07-25 11:43:17.768141,2026-07-25 11:43:17.768141
1306,306,3,494,30,2026-07-25 11:43:17.768151,2026-07-25 11:43:17.768151,2026-07-25 11:43:17.768151
1307,307,3,418,32,2026-07-25 11:43:17.768160,2026-07-25 11:43:17.768160,2026-07-25 11:43:17.768160
1308,308,3,410,58,2026-07-25 11:43:17.768170,2026-07-25 11:43:17.768170,2026-07-25 11:43:17.768170
1309,309,3,70,75,2026-07-25 11:43:17.768180,2026-07-25 11:43:17.768180,2026-07-25 11:43:17.768180
1310,310,3,128,23,2026-07-25 11:43:17.768189,2026-07-25 11:43:17.768189,2026-07-25 11:43:17.768189
1311,311,3,328,50,2026-07-25 11:43:17.768199,2026-07-25 11:43:17.768199,2026-07-25 11:43:17.768199
1312,312,3,447,43,2026-07-25 11:43:17.768209,2026-07-25 11:43:17.768209,2026-07-25 11:43:17.768209
1313,313,3,283,79,2026-07-25 11:43:17.768219,2026-07-25 11:43:17.768219,2026-07-25 11:43:17.768219
1314,314,3,52,65,2026-07-25 11:43:17.768229,2026-07-25 11:43:17.768229,2026-07-25 11:43:17.768229
1315,315,3,433,53,2026-07-25 11:43:17.768238,2026-07-25 11:43:17.768238,2026-07-25 11:43:17.768238
1316,316,3,435,27,2026-07-25 11:43:17.768248,2026-07-25 11:43:17.768248,2026-07-25 11:43:17.768248
1317,317,3,145,25,2026-07-25 11:43:17.768257,2026-07-25 11:43:17.768257,2026-07-25 11:43:17.768257
1318,318,3,390,30,2026-07-25 11:43:17.768267,2026-07-25 11:43:17.768267,2026-07-25 11:43:17.768267
1319,319,3,139,48,2026-07-25 11:43:17.768277,2026-07-25 11:43:17.768277,2026-07-25 11:43:17.768277
1320,320,3,463,52,2026-07-25 11:43:17.768287,2026-07-25 11:43:17.768287,2026-07-25 11:43:17.768287
1321,321,3,75,73,2026-07-25 11:43:17.768296,2026-07-25 11:43:17.768296,2026-07-25 11:43:17.768296
1322,322,3,223,25,2026-07-25 11:43:17.768306,2026-07-25 11:43:17.768306,2026-07-25 11:43:17.768306
1323,323,3,484,78,2026-07-25 11:43:17.768316,2026-07-25 11:43:17.768316,2026-07-25 11:43:17.768316
1324,324,3,113,72,2026-07-25 11:43:17.768325,2026-07-25 11:43:17.768325,2026-07-25 11:43:17.768325
1325,325,3,230,76,2026-07-25 11:43:17.768335,2026-07-25 11:43:17.768335,2026-07-25 11:43:17.768335
1326,326,3,178,79,2026-07-25 11:43:17.768345,2026-07-25 11:43:17.768345,2026-07-25 11:43:17.768345
1327,327,3,13,46,2026-07-25 11:43:17.768355,2026-07-25 11:43:17.768355,2026-07-25 11:43:17.768355
1328,328,3,27,45,2026-07-25 11:43:17.768364,2026-07-25 11:43:17.768364,2026-07-25 11:43:17.768364
1329,329,3,257,43,2026-07-25 11:43:17.768374,2026-07-25 11:43:17.768374,2026-07-25 11:43:17.768374
1330,330,3,120,44,2026-07-25 11:43:17.768384,2026-07-25 11:43:17.768384,2026-07-25 11:43:17.768384
1331,331,3,41,43,2026-07-25 11:43:17.768394,2026-07-25 11:43:17.768394,2026-07-25 11:43:17.768394
1332,332,3,114,21,2026-07-25 11:43:17.768404,2026-07-25 11:43:17.768404,2026-07-25 11:43:17.768404
1333,333,3,163,79,2026-07-25 11:43:17.768413,2026-07-25 11:43:17.768413,2026-07-25 11:43:17.768413
1334,334,3,50,73,2026-07-25 11:43:17.768423,2026-07-25 11:43:17.768423,2026-07-25 11:43:17.768423
1335,335,3,365,61,2026-07-25 11:43:17.768433,2026-07-25 11:43:17.768433,2026-07-25 11:43:17.768433
1336,336,3,171,70,2026-07-25 11:43:17.768442,2026-07-25 11:43:17.768442,2026-07-25 11:43:17.768442
1337,337,3,74,28,2026-07-25 11:43:17.768451,2026-07-25 11:43:17.768451,2026-07-25 11:43:17.768451
1338,338,3,19,38,2026-07-25 11:43:17.768460,2026-07-25 11:43:17.768460,2026-07-25 11:43:17.768460
1339,339,3,469,73,2026-07-25 11:43:17.768470,2026-07-25 11:43:17.768470,2026-07-25 11:43:17.768470
1340,340,3,241,64,2026-07-25 11:43:17.768479,2026-07-25 11:43:17.768479,2026-07-25 11:43:17.768479
1341,341,3,425,28,2026-07-25 11:43:17.768488,2026-07-25 11:43:17.768488,2026-07-25 11:43:17.768488
1342,342,3,388,65,2026-07-25 11:43:17.768497,2026-07-25 11:43:17.768497,2026-07-25 11:43:17.768497
1343,343,3,240,48,2026-07-25 11:43:17.768506,2026-07-25 11:43:17.768506,2026-07-25 11:43:17.768506
1344,344,3,315,20,2026-07-25 11:43:17.768515,2026-07-25 11:43:17.768515,2026-07-25 11:43:17.768515
1345,345,3,463,25,2026-07-25 11:43:17.768524,2026-07-25 11:43:17.768524,2026-07-25 11:43:17.768524
1346,346,3,9,36,2026-07-25 11:43:17.768533,2026-07-25 11:43:17.768533,2026-07-25 11:43:17.768533
1347,347,3,110,73,2026-07-25 11:43:17.768543,2026-07-25 11:43:17.768543,2026-07-25 11:43:17.768543
1348,348,3,76,55,2026-07-25 11:43:17.768554,2026-07-25 11:43:17.768554,2026-07-25 11:43:17.768554
1349,349,3,481,66,2026-07-25 11:43:17.768563,2026-07-25 11:43:17.768563,2026-07-25 11:43:17.768563
1350,350,3,311,53,2026-07-25 11:43:17.768573,2026-07-25 11:43:17.768573,2026-07-25 11:43:17.768573
1351,351,3,216,27,2026-07-25 11:43:17.768583,2026-07-25 11:43:17.768583,2026-07-25 11:43:17.768583
1352,352,3,397,38,2026-07-25 11:43:17.768592,2026-07-25 11:43:17.768592,2026-07-25 11:43:17.768592
1353,353,3,121,39,2026-07-25 11:43:17.768602,2026-07-25 11:43:17.768602,2026-07-25 11:43:17.768602
1354,354,3,62,23,2026-07-25 11:43:17.768612,2026-07-25 11:43:17.768612,2026-07-25 11:43:17.768612
1355,355,3,122,46,2026-07-25 11:43:17.768621,2026-07-25 11:43:17.768621,2026-07-25 11:43:17.768621
1356,356,3,327,70,2026-07-25 11:43:17.768631,2026-07-25 11:43:17.768631,2026-07-25 11:43:17.768631
1357,357,3,318,49,2026-07-25 11:43:17.768640,2026-07-25 11:43:17.768640,2026-07-25 11:43:17.768640
1358,358,3,32,27,2026-07-25 11:43:17.768650,2026-07-25 11:43:17.768650,2026-07-25 11:43:17.768650
1359,359,3,428,77,2026-07-25 11:43:17.768660,2026-07-25 11:43:17.768660,2026-07-25 11:43:17.768660
1360,360,3,255,58,2026-07-25 11:43:17.768669,2026-07-25 11:43:17.768669,2026-07-25 11:43:17.768669
1361,361,3,274,21,2026-07-25 11:43:17.768679,2026-07-25 11:43:17.768679,2026-07-25 11:43:17.768679
1362,362,3,323,52,2026-07-25 11:43:17.768688,2026-07-25 11:43:17.768688,2026-07-25 11:43:17.768688
1363,363,3,294,35,2026-07-25 11:43:17.768698,2026-07-25 11:43:17.768698,2026-07-25 11:43:17.768698
1364,364,3,367,29,2026-07-25 11:43:17.768707,2026-07-25 11:43:17.768707,2026-07-25 11:43:17.768707
1365,365,3,149,47,2026-07-25 11:43:17.768717,2026-07-25 11:43:17.768717,2026-07-25 11:43:17.768717
1366,366,3,0,59,2026-07-25 11:43:17.768727,2026-07-25 11:43:17.768727,2026-07-25 11:43:17.768727
1367,367,3,180,35,2026-07-25 11:43:17.768736,2026-07-25 11:43:17.768736,2026-07-25 11:43:17.768736
1368,368,3,292,46,2026-07-25 11:43:17.768746,2026-07-25 11:43:17.768746,2026-07-25 11:43:17.768746
1369,369,3,95,62,2026-07-25 11:43:17.768756,2026-07-25 11:43:17.768756,2026-07-25 11:43:17.768756
1370,370,3,342,25,2026-07-25 11:43:17.768765,2026-07-25 11:43:17.768765,2026-07-25 11:43:17.768765
1371,371,3,268,43,2026-07-25 11:43:17.768775,2026-07-25 11:43:17.768775,2026-07-25 11:43:17.768775
1372,372,3,34,53,2026-07-25 11:43:17.768785,2026-07-25 11:43:17.768785,2026-07-25 11:43:17.768785
1373,373,3,278,52,2026-07-25 11:43:17.768794,2026-07-25 11:43:17.768794,2026-07-25 11:43:17.768794
1374,374,3,402,52,2026-07-25 11:43:17.768804,2026-07-25 11:43:17.768804,2026-07-25 11:43:17.768804
1375,375,3,283,21,2026-07-25 11:43:17.768814,2026-07-25 11:43:17.768814,2026-07-25 11:43:17.768814
1376,376,3,199,75,2026-07-25 11:43:17.768823,2026-07-25 11:43:17.768823,2026-07-25 11:43:17.768823
1377,377,3,240,22,2026-07-25 11:43:17.768833,2026-07-25 11:43:17.768833,2026-07-25 11:43:17.768833
1378,378,3,325,44,2026-07-25 11:43:17.768842,2026-07-25 11:43:17.768842,2026-07-25 11:43:17.768842
1379,379,3,191,36,2026-07-25 11:43:17.768852,2026-07-25 11:43:17.768852,2026-07-25 11:43:17.768852
1380,380,3,382,21,2026-07-25 11:43:17.768862,2026-07-25 11:43:17.768862,2026-07-25 11:43:17.768862
1381,381,3,182,70,2026-07-25 11:43:17.768872,2026-07-25 11:43:17.768872,2026-07-25 11:43:17.768872
1382,382,3,34,42,2026-07-25 11:43:17.768881,2026-07-25 11:43:17.768881,2026-07-25 11:43:17.768881
1383,383,3,123,66,2026-07-25 11:43:17.768891,2026-07-25 11:43:17.768891,2026-07-25 11:43:17.768891
1384,384,3,336,60,2026-07-25 11:43:17.768901,2026-07-25 11:43:17.768901,2026-07-25 11:43:17.768901
1385,385,3,53,69,2026-07-25 11:43:17.768910,2026-07-25 11:43:17.768910,2026-07-25 11:43:17.768910
1386,386,3,297,67,2026-07-25 11:43:17.768920,2026-07-25 11:43:17.768920,2026-07-25 11:43:17.768920
1387,387,3,387,41,2026-07-25 11:43:17.768930,2026-07-25 11:43:17.768930,2026-07-25 11:43:17.768930
1388,388,3,68,22,2026-07-25 11:43:17.768939,2026-07-25 11:43:17.768939,2026-07-25 11:43:17.768939
1389,389,3,180,54,2026-07-25 11:43:17.768948,2026-07-25 11:43:17.768948,2026-07-25 11:43:17.768948
1390,390,3,173,72,2026-07-25 11:43:17.768956,2026-07-25 11:43:17.768956,2026-07-25 11:43:17.768956
1391,391,3,329,31,2026-07-25 11:43:17.768965,2026-07-25 11:43:17.768965,2026-07-25 11:43:17.768965
1392,392,3,425,69,2026-07-25 11:43:17.768974,2026-07-25 11:43:17.768974,2026-07-25 11:43:17.768974
1393,393,3,350,49,2026-07-25 11:43:17.768984,2026-07-25 11:43:17.768984,2026-07-25 11:43:17.768984
1394,394,3,356,50,2026-07-25 11:43:17.768993,2026-07-25 11:43:17.768993,2026-07-25 11:43:17.768993
1395,395,3,323,31,2026-07-25 11:43:17.769002,2026-07-25 11:43:17.769002,2026-07-25 11:43:17.769002
1396,396,3,415,28,2026-07-25 11:43:17.769011,2026-07-25 11:43:17.769011,2026-07-25 11:43:17.769011
1397,397,3,32,65,2026-07-25 11:43:17.769019,2026-07-25 11:43:17.769019,2026-07-25 11:43:17.769019
1398,398,3,397,80,2026-07-25 11:43:17.769028,2026-07-25 11:43:17.769028,2026-07-25 11:43:17.769028
1399,399,3,234,22,2026-07-25 11:43:17.769038,2026-07-25 11:43:17.769038,2026-07-25 11:43:17.769038
1400,400,3,150,32,2026-07-25 11:43:17.769047,2026-07-25 11:43:17.769047,2026-07-25 11:43:17.769047
1401,401,3,22,70,2026-07-25 11:43:17.769057,2026-07-25 11:43:17.769057,2026-07-25 11:43:17.769057
1402,402,3,102,76,2026-07-25 11:43:17.769067,2026-07-25 11:43:17.769067,2026-07-25 11:43:17.769067
1403,403,3,21,40,2026-07-25 11:43:17.769077,2026-07-25 11:43:17.769077,2026-07-25 11:43:17.769077
1404,404,3,477,39,2026-07-25 11:43:17.769086,2026-07-25 11:43:17.769086,2026-07-25 11:43:17.769086
1405,405,3,263,45,2026-07-25 11:43:17.769096,2026-07-25 11:43:17.769096,2026-07-25 11:43:17.769096
1406,406,3,417,54,2026-07-25 11:43:17.769106,2026-07-25 11:43:17.769106,2026-07-25 11:43:17.769106
1407,407,3,242,36,2026-07-25 11:43:17.769116,2026-07-25 11:43:17.769116,2026-07-25 11:43:17.769116
1408,408,3,18,68,2026-07-25 11:43:17.769125,2026-07-25 11:43:17.769125,2026-07-25 11:43:17.769125
1409,409,3,331,32,2026-07-25 11:43:17.769135,2026-07-25 11:43:17.769135,2026-07-25 11:43:17.769135
1410,410,3,146,42,2026-07-25 11:43:17.769145,2026-07-25 11:43:17.769145,2026-07-25 11:43:17.769145
1411,411,3,441,69,2026-07-25 11:43:17.769154,2026-07-25 11:43:17.769154,2026-07-25 11:43:17.769154
1412,412,3,24,75,2026-07-25 11:43:17.769164,2026-07-25 11:43:17.769164,2026-07-25 11:43:17.769164
1413,413,3,335,41,2026-07-25 11:43:17.769174,2026-07-25 11:43:17.769174,2026-07-25 11:43:17.769174
1414,414,3,139,27,2026-07-25 11:43:17.769183,2026-07-25 11:43:17.769183,2026-07-25 11:43:17.769183
1415,415,3,409,43,2026-07-25 11:43:17.769193,2026-07-25 11:43:17.769193,2026-07-25 11:43:17.769193
1416,416,3,223,76,2026-07-25 11:43:17.769203,2026-07-25 11:43:17.769203,2026-07-25 11:43:17.769203
1417,417,3,204,67,2026-07-25 11:43:17.769212,2026-07-25 11:43:17.769212,2026-07-25 11:43:17.769212
1418,418,3,225,77,2026-07-25 11:43:17.769222,2026-07-25 11:43:17.769222,2026-07-25 11:43:17.769222
1419,419,3,489,44,2026-07-25 11:43:17.769232,2026-07-25 11:43:17.769232,2026-07-25 11:43:17.769232
1420,420,3,173,31,2026-07-25 11:43:17.769241,2026-07-25 11:43:17.769241,2026-07-25 11:43:17.769241
1421,421,3,254,64,2026-07-25 11:43:17.769251,2026-07-25 11:43:17.769251,2026-07-25 11:43:17.769251
1422,422,3,254,43,2026-07-25 11:43:17.769261,2026-07-25 11:43:17.769261,2026-07-25 11:43:17.769261
1423,423,3,473,71,2026-07-25 11:43:17.769270,2026-07-25 11:43:17.769270,2026-07-25 11:43:17.769270
1424,424,3,265,37,2026-07-25 11:43:17.769280,2026-07-25 11:43:17.769280,2026-07-25 11:43:17.769280
1425,425,3,410,25,2026-07-25 11:43:17.769289,2026-07-25 11:43:17.769289,2026-07-25 11:43:17.769289
1426,426,3,372,47,2026-07-25 11:43:17.769300,2026-07-25 11:43:17.769300,2026-07-25 11:43:17.769300
1427,427,3,40,47,2026-07-25 11:43:17.769310,2026-07-25 11:43:17.769310,2026-07-25 11:43:17.769310
1428,428,3,308,72,2026-07-25 11:43:17.769320,2026-07-25 11:43:17.769320,2026-07-25 11:43:17.769320
1429,429,3,92,54,2026-07-25 11:43:17.769329,2026-07-25 11:43:17.769329,2026-07-25 11:43:17.769329
1430,430,3,150,40,2026-07-25 11:43:17.769339,2026-07-25 11:43:17.769339,2026-07-25 11:43:17.769339
1431,431,3,52,25,2026-07-25 11:43:17.769348,2026-07-25 11:43:17.769348,2026-07-25 11:43:17.769348
1432,432,3,167,62,2026-07-25 11:43:17.769358,2026-07-25 11:43:17.769358,2026-07-25 11:43:17.769358
1433,433,3,151,39,2026-07-25 11:43:17.769368,2026-07-25 11:43:17.769368,2026-07-25 11:43:17.769368
1434,434,3,228,58,2026-07-25 11:43:17.769377,2026-07-25 11:43:17.769377,2026-07-25 11:43:17.769377
1435,435,3,367,47,2026-07-25 11:43:17.769387,2026-07-25 11:43:17.769387,2026-07-25 11:43:17.769387
1436,436,3,85,64,2026-07-25 11:43:17.769397,2026-07-25 11:43:17.769397,2026-07-25 11:43:17.769397
1437,437,3,227,42,2026-07-25 11:43:17.769406,2026-07-25 11:43:17.769406,2026-07-25 11:43:17.769406
1438,438,3,228,22,2026-07-25 11:43:17.769416,2026-07-25 11:43:17.769416,2026-07-25 11:43:17.769416
1439,439,3,372,75,2026-07-25 11:43:17.769426,2026-07-25 11:43:17.769426,2026-07-25 11:43:17.769426
1440,440,3,466,42,2026-07-25 11:43:17.769435,2026-07-25 11:43:17.769435,2026-07-25 11:43:17.769435
1441,441,3,314,47,2026-07-25 11:43:17.769444,2026-07-25 11:43:17.769444,2026-07-25 11:43:17.769444
1442,442,3,140,60,2026-07-25 11:43:17.769453,2026-07-25 11:43:17.769453,2026-07-25 11:43:17.769453
1443,443,3,405,80,2026-07-25 11:43:17.769462,2026-07-25 11:43:17.769462,2026-07-25 11:43:17.769462
1444,444,3,29,24,2026-07-25 11:43:17.769471,2026-07-25 11:43:17.769471,2026-07-25 11:43:17.769471
1445,445,3,343,60,2026-07-25 11:43:17.769479,2026-07-25 11:43:17.769479,2026-07-25 11:43:17.769479
1446,446,3,207,43,2026-07-25 11:43:17.769488,2026-07-25 11:43:17.769488,2026-07-25 11:43:17.769488
1447,447,3,262,71,2026-07-25 11:43:17.769497,2026-07-25 11:43:17.769497,2026-07-25 11:43:17.769497
1448,448,3,383,63,2026-07-25 11:43:17.769506,2026-07-25 11:43:17.769506,2026-07-25 11:43:17.769506
1449,449,3,81,80,2026-07-25 11:43:17.769515,2026-07-25 11:43:17.769515,2026-07-25 11:43:17.769515
1450,450,3,15,29,2026-07-25 11:43:17.769524,2026-07-25 11:43:17.769524,2026-07-25 11:43:17.769524
1451,451,3,434,58,2026-07-25 11:43:17.769533,2026-07-25 11:43:17.769533,2026-07-25 11:43:17.769533
1452,452,3,347,70,2026-07-25 11:43:17.769544,2026-07-25 11:43:17.769544,2026-07-25 11:43:17.769544
1453,453,3,224,22,2026-07-25 11:43:17.769554,2026-07-25 11:43:17.769554,2026-07-25 11:43:17.769554
1454,454,3,64,24,2026-07-25 11:43:17.769563,2026-07-25 11:43:17.769563,2026-07-25 11:43:17.769563
1455,455,3,120,69,2026-07-25 11:43:17.769573,2026-07-25 11:43:17.769573,2026-07-25 11:43:17.769573
1456,456,3,330,43,2026-07-25 11:43:17.769583,2026-07-25 11:43:17.769583,2026-07-25 11:43:17.769583
1457,457,3,185,44,2026-07-25 11:43:17.769592,2026-07-25 11:43:17.769592,2026-07-25 11:43:17.769592
1458,458,3,486,56,2026-07-25 11:43:17.769602,2026-07-25 11:43:17.769602,2026-07-25 11:43:17.769602
1459,459,3,16,58,2026-07-25 11:43:17.769611,2026-07-25 11:43:17.769611,2026-07-25 11:43:17.769611
1460,460,3,78,63,2026-07-25 11:43:17.769621,2026-07-25 11:43:17.769621,2026-07-25 11:43:17.769621
1461,461,3,230,80,2026-07-25 11:43:17.769630,2026-07-25 11:43:17.769630,2026-07-25 11:43:17.769630
1462,462,3,189,43,2026-07-25 11:43:17.769640,2026-07-25 11:43:17.769640,2026-07-25 11:43:17.769640
1463,463,3,227,68,2026-07-25 11:43:17.769650,2026-07-25 11:43:17.769650,2026-07-25 11:43:17.769650
1464,464,3,39,56,2026-07-25 11:43:17.769659,2026-07-25 11:43:17.769659,2026-07-25 11:43:17.769659
1465,465,3,70,53,2026-07-25 11:43:17.769669,2026-07-25 11:43:17.769669,2026-07-25 11:43:17.769669
1466,466,3,187,45,2026-07-25 11:43:17.769679,2026-07-25 11:43:17.769679,2026-07-25 11:43:17.769679
1467,467,3,160,61,2026-07-25 11:43:17.769688,2026-07-25 11:43:17.769688,2026-07-25 11:43:17.769688
1468,468,3,142,35,2026-07-25 11:43:17.769698,2026-07-25 11:43:17.769698,2026-07-25 11:43:17.769698
1469,469,3,491,27,2026-07-25 11:43:17.769708,2026-07-25 11:43:17.769708,2026-07-25 11:43:17.769708
1470,470,3,13,67,2026-07-25 11:43:17.769717,2026-07-25 11:43:17.769717,2026-07-25 11:43:17.769717
1471,471,3,95,51,2026-07-25 11:43:17.769727,2026-07-25 11:43:17.769727,2026-07-25 11:43:17.769727
1472,472,3,265,44,2026-07-25 11:43:17.769737,2026-07-25 11:43:17.769737,2026-07-25 11:43:17.769737
1473,473,3,467,55,2026-07-25 11:43:17.769746,2026-07-25 11:43:17.769746,2026-07-25 11:43:17.769746
1474,474,3,60,36,2026-07-25 11:43:17.769756,2026-07-25 11:43:17.769756,2026-07-25 11:43:17.769756
1475,475,3,396,36,2026-07-25 11:43:17.769765,2026-07-25 11:43:17.769765,2026-07-25 11:43:17.769765
1476,476,3,360,48,2026-07-25 11:43:17.769775,2026-07-25 11:43:17.769775,2026-07-25 11:43:17.769775
1477,477,3,109,59,2026-07-25 11:43:17.769785,2026-07-25 11:43:17.769785,2026-07-25 11:43:17.769785
1478,478,3,146,64,2026-07-25 11:43:17.769794,2026-07-25 11:43:17.769794,2026-07-25 11:43:17.769794
1479,479,3,469,51,2026-07-25 11:43:17.769804,2026-07-25 11:43:17.769804,2026-07-25 11:43:17.769804
1480,480,3,102,27,2026-07-25 11:43:17.769813,2026-07-25 11:43:17.769813,2026-07-25 11:43:17.769813
1481,481,3,69,74,2026-07-25 11:43:17.769838,2026-07-25 11:43:17.769838,2026-07-25 11:43:17.769838
1482,482,3,37,48,2026-07-25 11:43:17.769849,2026-07-25 11:43:17.769849,2026-07-25 11:43:17.769849
1483,483,3,88,77,2026-07-25 11:43:17.769859,2026-07-25 11:43:17.769859,2026-07-25 11:43:17.769859
1484,484,3,365,48,2026-07-25 11:43:17.769869,2026-07-25 11:43:17.769869,2026-07-25 11:43:17.769869
1485,485,3,44,71,2026-07-25 11:43:17.769878,2026-07-25 11:43:17.769878,2026-07-25 11:43:17.769878
1486,486,3,349,74,2026-07-25 11:43:17.769888,2026-07-25 11:43:17.769888,2026-07-25 11:43:17.769888
1487,487,3,163,62,2026-07-25 11:43:17.769898,2026-07-25 11:43:17.769898,2026-07-25 11:43:17.769898
1488,488,3,177,65,2026-07-25 11:43:17.769907,2026-07-25 11:43:17.769907,2026-07-25 11:43:17.769907
1489,489,3,33,55,2026-07-25 11:43:17.769917,2026-07-25 11:43:17.769917,2026-07-25 11:43:17.769917
1490,490,3,277,38,2026-07-25 11:43:17.769926,2026-07-25 11:43:17.769926,2026-07-25 11:43:17.769926
1491,491,3,456,39,2026-07-25 11:43:17.769936,2026-07-25 11:43:17.769936,2026-07-25 11:43:17.769936
1492,492,3,435,30,2026-07-25 11:43:17.769946,2026-07-25 11:43:17.769946,2026-07-25 11:43:17.769946
1493,493,3,364,65,2026-07-25 11:43:17.769956,2026-07-25 11:43:17.769956,2026-07-25 11:43:17.769956
1494,494,3,474,64,2026-07-25 11:43:17.769965,2026-07-25 11:43:17.769965,2026-07-25 11:43:17.769965
1495,495,3,326,31,2026-07-25 11:43:17.769975,2026-07-25 11:43:17.769975,2026-07-25 11:43:17.769975
1496,496,3,406,43,2026-07-25 11:43:17.769984,2026-07-25 11:43:17.769984,2026-07-25 11:43:17.769984
1497,497,3,260,34,2026-07-25 11:43:17.769994,2026-07-25 11:43:17.769994,2026-07-25 11:43:17.769994
1498,498,3,62,32,2026-07-25 11:43:17.770004,2026-07-25 11:43:17.770004,2026-07-25 11:43:17.770004
1499,499,3,405,28,2026-07-25 11:43:17.770013,2026-07-25 11:43:17.770013,2026-07-25 11:43:17.770013
1500,500,3,121,70,2026-07-25 11:43:17.770023,2026-07-25 11:43:17.770023,2026-07-25 11:43:17.770023
1501,1,4,252,21,2026-07-25 11:43:17.770197,2026-07-25 11:43:17.770197,2026-07-25 11:43:17.770197
1502,2,4,184,55,2026-07-25 11:43:17.770209,2026-07-25 11:43:17.770209,2026-07-25 11:43:17.770209
1503,3,4,293,43,2026-07-25 11:43:17.770220,2026-07-25 11:43:17.770220,2026-07-25 11:43:17.770220
1504,4,4,239,71,2026-07-25 11:43:17.770231,2026-07-25 11:43:17.770231,2026-07-25 11:43:17.770231
1505,5,4,282,28,2026-07-25 11:43:17.770242,2026-07-25 11:43:17.770242,2026-07-25 11:43:17.770242
1506,6,4,313,76,2026-07-25 11:43:17.770251,2026-07-25 11:43:17.770251,2026-07-25 11:43:17.770251
1507,7,4,44,24,2026-07-25 11:43:17.770261,2026-07-25 11:43:17.770261,2026-07-25 11:43:17.770261
1508,8,4,158,45,2026-07-25 11:43:17.770271,2026-07-25 11:43:17.770271,2026-07-25 11:43:17.770271
1509,9,4,367,66,2026-07-25 11:43:17.770281,2026-07-25 11:43:17.770281,2026-07-25 11:43:17.770281
1510,10,4,245,53,2026-07-25 11:43:17.770291,2026-07-25 11:43:17.770291,2026-07-25 11:43:17.770291
1511,11,4,210,69,2026-07-25 11:43:17.770301,2026-07-25 11:43:17.770301,2026-07-25 11:43:17.770301
1512,12,4,209,72,2026-07-25 11:43:17.770311,2026-07-25 11:43:17.770311,2026-07-25 11:43:17.770311
1513,13,4,294,24,2026-07-25 11:43:17.770320,2026-07-25 11:43:17.770320,2026-07-25 11:43:17.770320
1514,14,4,64,40,2026-07-25 11:43:17.770330,2026-07-25 11:43:17.770330,2026-07-25 11:43:17.770330
1515,15,4,328,24,2026-07-25 11:43:17.770340,2026-07-25 11:43:17.770340,2026-07-25 11:43:17.770340
1516,16,4,230,49,2026-07-25 11:43:17.770349,2026-07-25 11:43:17.770349,2026-07-25 11:43:17.770349
1517,17,4,348,53,2026-07-25 11:43:17.770359,2026-07-25 11:43:17.770359,2026-07-25 11:43:17.770359
1518,18,4,176,28,2026-07-25 11:43:17.770369,2026-07-25 11:43:17.770369,2026-07-25 11:43:17.770369
1519,19,4,449,73,2026-07-25 11:43:17.770378,2026-07-25 11:43:17.770378,2026-07-25 11:43:17.770378
1520,20,4,399,55,2026-07-25 11:43:17.770391,2026-07-25 11:43:17.770391,2026-07-25 11:43:17.770391
1521,21,4,327,57,2026-07-25 11:43:17.770401,2026-07-25 11:43:17.770401,2026-07-25 11:43:17.770401
1522,22,4,93,69,2026-07-25 11:43:17.770411,2026-07-25 11:43:17.770411,2026-07-25 11:43:17.770411
1523,23,4,494,28,2026-07-25 11:43:17.770421,2026-07-25 11:43:17.770421,2026-07-25 11:43:17.770421
1524,24,4,221,52,2026-07-25 11:43:17.770430,2026-07-25 11:43:17.770430,2026-07-25 11:43:17.770430
1525,25,4,466,75,2026-07-25 11:43:17.770440,2026-07-25 11:43:17.770440,2026-07-25 11:43:17.770440
1526,26,4,28,73,2026-07-25 11:43:17.770448,2026-07-25 11:43:17.770448,2026-07-25 11:43:17.770448
1527,27,4,63,53,2026-07-25 11:43:17.770457,2026-07-25 11:43:17.770457,2026-07-25 11:43:17.770457
1528,28,4,78,39,2026-07-25 11:43:17.770466,2026-07-25 11:43:17.770466,2026-07-25 11:43:17.770466
1529,29,4,84,30,2026-07-25 11:43:17.770475,2026-07-25 11:43:17.770475,2026-07-25 11:43:17.770475
1530,30,4,165,79,2026-07-25 11:43:17.770484,2026-07-25 11:43:17.770484,2026-07-25 11:43:17.770484
1531,31,4,363,34,2026-07-25 11:43:17.770493,2026-07-25 11:43:17.770493,2026-07-25 11:43:17.770493
1532,32,4,177,80,2026-07-25 11:43:17.770502,2026-07-25 11:43:17.770502,2026-07-25 11:43:17.770502
1533,33,4,481,53,2026-07-25 11:43:17.770510,2026-07-25 11:43:17.770510,2026-07-25 11:43:17.770510
1534,34,4,458,38,2026-07-25 11:43:17.770520,2026-07-25 11:43:17.770520,2026-07-25 11:43:17.770520
1535,35,4,433,25,2026-07-25 11:43:17.770529,2026-07-25 11:43:17.770529,2026-07-25 11:43:17.770529
1536,36,4,128,32,2026-07-25 11:43:17.770538,2026-07-25 11:43:17.770538,2026-07-25 11:43:17.770538
1537,37,4,325,55,2026-07-25 11:43:17.770546,2026-07-25 11:43:17.770546,2026-07-25 11:43:17.770546
1538,38,4,140,28,2026-07-25 11:43:17.770555,2026-07-25 11:43:17.770555,2026-07-25 11:43:17.770555
1539,39,4,320,39,2026-07-25 11:43:17.770564,2026-07-25 11:43:17.770564,2026-07-25 11:43:17.770564
1540,40,4,314,54,2026-07-25 11:43:17.770573,2026-07-25 11:43:17.770573,2026-07-25 11:43:17.770573
1541,41,4,47,52,2026-07-25 11:43:17.770582,2026-07-25 11:43:17.770582,2026-07-25 11:43:17.770582
1542,42,4,328,30,2026-07-25 11:43:17.770591,2026-07-25 11:43:17.770591,2026-07-25 11:43:17.770591
1543,43,4,303,80,2026-07-25 11:43:17.770600,2026-07-25 11:43:17.770600,2026-07-25 11:43:17.770600
1544,44,4,297,29,2026-07-25 11:43:17.770610,2026-07-25 11:43:17.770610,2026-07-25 11:43:17.770610
1545,45,4,87,62,2026-07-25 11:43:17.770620,2026-07-25 11:43:17.770620,2026-07-25 11:43:17.770620
1546,46,4,319,66,2026-07-25 11:43:17.770629,2026-07-25 11:43:17.770629,2026-07-25 11:43:17.770629
1547,47,4,461,58,2026-07-25 11:43:17.770639,2026-07-25 11:43:17.770639,2026-07-25 11:43:17.770639
1548,48,4,172,73,2026-07-25 11:43:17.770649,2026-07-25 11:43:17.770649,2026-07-25 11:43:17.770649
1549,49,4,473,56,2026-07-25 11:43:17.770658,2026-07-25 11:43:17.770658,2026-07-25 11:43:17.770658
1550,50,4,21,72,2026-07-25 11:43:17.770668,2026-07-25 11:43:17.770668,2026-07-25 11:43:17.770668
1551,51,4,442,21,2026-07-25 11:43:17.770678,2026-07-25 11:43:17.770678,2026-07-25 11:43:17.770678
1552,52,4,41,22,2026-07-25 11:43:17.770687,2026-07-25 11:43:17.770687,2026-07-25 11:43:17.770687
1553,53,4,485,61,2026-07-25 11:43:17.770697,2026-07-25 11:43:17.770697,2026-07-25 11:43:17.770697
1554,54,4,394,56,2026-07-25 11:43:17.770707,2026-07-25 11:43:17.770707,2026-07-25 11:43:17.770707
1555,55,4,135,61,2026-07-25 11:43:17.770716,2026-07-25 11:43:17.770716,2026-07-25 11:43:17.770716
1556,56,4,107,69,2026-07-25 11:43:17.770726,2026-07-25 11:43:17.770726,2026-07-25 11:43:17.770726
1557,57,4,292,46,2026-07-25 11:43:17.770736,2026-07-25 11:43:17.770736,2026-07-25 11:43:17.770736
1558,58,4,316,60,2026-07-25 11:43:17.770745,2026-07-25 11:43:17.770745,2026-07-25 11:43:17.770745
1559,59,4,15,51,2026-07-25 11:43:17.770755,2026-07-25 11:43:17.770755,2026-07-25 11:43:17.770755
1560,60,4,455,60,2026-07-25 11:43:17.770765,2026-07-25 11:43:17.770765,2026-07-25 11:43:17.770765
1561,61,4,279,38,2026-07-25 11:43:17.770774,2026-07-25 11:43:17.770774,2026-07-25 11:43:17.770774
1562,62,4,328,39,2026-07-25 11:43:17.770784,2026-07-25 11:43:17.770784,2026-07-25 11:43:17.770784
1563,63,4,247,35,2026-07-25 11:43:17.770794,2026-07-25 11:43:17.770794,2026-07-25 11:43:17.770794
1564,64,4,412,71,2026-07-25 11:43:17.770806,2026-07-25 11:43:17.770806,2026-07-25 11:43:17.770806
1565,65,4,350,45,2026-07-25 11:43:17.770817,2026-07-25 11:43:17.770817,2026-07-25 11:43:17.770817
1566,66,4,152,49,2026-07-25 11:43:17.770826,2026-07-25 11:43:17.770826,2026-07-25 11:43:17.770826
1567,67,4,37,64,2026-07-25 11:43:17.770836,2026-07-25 11:43:17.770836,2026-07-25 11:43:17.770836
1568,68,4,30,30,2026-07-25 11:43:17.770848,2026-07-25 11:43:17.770848,2026-07-25 11:43:17.770848
1569,69,4,225,46,2026-07-25 11:43:17.770859,2026-07-25 11:43:17.770859,2026-07-25 11:43:17.770859
1570,70,4,247,49,2026-07-25 11:43:17.770869,2026-07-25 11:43:17.770869,2026-07-25 11:43:17.770869
1571,71,4,104,41,2026-07-25 11:43:17.770878,2026-07-25 11:43:17.770878,2026-07-25 11:43:17.770878
1572,72,4,310,29,2026-07-25 11:43:17.770890,2026-07-25 11:43:17.770890,2026-07-25 11:43:17.770890
1573,73,4,160,75,2026-07-25 11:43:17.770901,2026-07-25 11:43:17.770901,2026-07-25 11:43:17.770901
1574,74,4,367,40,2026-07-25 11:43:17.770911,2026-07-25 11:43:17.770911,2026-07-25 11:43:17.770911
1575,75,4,375,75,2026-07-25 11:43:17.770921,2026-07-25 11:43:17.770921,2026-07-25 11:43:17.770921
1576,76,4,176,45,2026-07-25 11:43:17.770931,2026-07-25 11:43:17.770931,2026-07-25 11:43:17.770931
1577,77,4,66,68,2026-07-25 11:43:17.770940,2026-07-25 11:43:17.770940,2026-07-25 11:43:17.770940
1578,78,4,189,52,2026-07-25 11:43:17.770949,2026-07-25 11:43:17.770949,2026-07-25 11:43:17.770949
1579,79,4,287,26,2026-07-25 11:43:17.770958,2026-07-25 11:43:17.770958,2026-07-25 11:43:17.770958
1580,80,4,163,35,2026-07-25 11:43:17.770967,2026-07-25 11:43:17.770967,2026-07-25 11:43:17.770967
1581,81,4,238,27,2026-07-25 11:43:17.770976,2026-07-25 11:43:17.770976,2026-07-25 11:43:17.770976
1582,82,4,136,48,2026-07-25 11:43:17.770986,2026-07-25 11:43:17.770986,2026-07-25 11:43:17.770986
1583,83,4,126,29,2026-07-25 11:43:17.770996,2026-07-25 11:43:17.770996,2026-07-25 11:43:17.770996
1584,84,4,49,23,2026-07-25 11:43:17.771006,2026-07-25 11:43:17.771006,2026-07-25 11:43:17.771006
1585,85,4,148,80,2026-07-25 11:43:17.771017,2026-07-25 11:43:17.771017,2026-07-25 11:43:17.771017
1586,86,4,196,75,2026-07-25 11:43:17.771029,2026-07-25 11:43:17.771029,2026-07-25 11:43:17.771029
1587,87,4,315,46,2026-07-25 11:43:17.771041,2026-07-25 11:43:17.771041,2026-07-25 11:43:17.771041
1588,88,4,127,75,2026-07-25 11:43:17.771051,2026-07-25 11:43:17.771051,2026-07-25 11:43:17.771051
1589,89,4,461,30,2026-07-25 11:43:17.771060,2026-07-25 11:43:17.771060,2026-07-25 11:43:17.771060
1590,90,4,416,40,2026-07-25 11:43:17.771070,2026-07-25 11:43:17.771070,2026-07-25 11:43:17.771070
1591,91,4,478,56,2026-07-25 11:43:17.771079,2026-07-25 11:43:17.771079,2026-07-25 11:43:17.771079
1592,92,4,369,40,2026-07-25 11:43:17.771089,2026-07-25 11:43:17.771089,2026-07-25 11:43:17.771089
1593,93,4,97,68,2026-07-25 11:43:17.771099,2026-07-25 11:43:17.771099,2026-07-25 11:43:17.771099
1594,94,4,81,51,2026-07-25 11:43:17.771109,2026-07-25 11:43:17.771109,2026-07-25 11:43:17.771109
1595,95,4,263,49,2026-07-25 11:43:17.771119,2026-07-25 11:43:17.771119,2026-07-25 11:43:17.771119
1596,96,4,255,76,2026-07-25 11:43:17.771128,2026-07-25 11:43:17.771128,2026-07-25 11:43:17.771128
1597,97,4,157,51,2026-07-25 11:43:17.771138,2026-07-25 11:43:17.771138,2026-07-25 11:43:17.771138
1598,98,4,11,25,2026-07-25 11:43:17.771148,2026-07-25 11:43:17.771148,2026-07-25 11:43:17.771148
1599,99,4,483,45,2026-07-25 11:43:17.771157,2026-07-25 11:43:17.771157,2026-07-25 11:43:17.771157
1600,100,4,258,49,2026-07-25 11:43:17.771167,2026-07-25 11:43:17.771167,2026-07-25 11:43:17.771167
1601,101,4,494,35,2026-07-25 11:43:17.771177,2026-07-25 11:43:17.771177,2026-07-25 11:43:17.771177
1602,102,4,110,57,2026-07-25 11:43:17.771187,2026-07-25 11:43:17.771187,2026-07-25 11:43:17.771187
1603,103,4,180,23,2026-07-25 11:43:17.771196,2026-07-25 11:43:17.771196,2026-07-25 11:43:17.771196
1604,104,4,25,38,2026-07-25 11:43:17.771206,2026-07-25 11:43:17.771206,2026-07-25 11:43:17.771206
1605,105,4,253,58,2026-07-25 11:43:17.771216,2026-07-25 11:43:17.771216,2026-07-25 11:43:17.771216
1606,106,4,451,73,2026-07-25 11:43:17.771225,2026-07-25 11:43:17.771225,2026-07-25 11:43:17.771225
1607,107,4,334,63,2026-07-25 11:43:17.771235,2026-07-25 11:43:17.771235,2026-07-25 11:43:17.771235
1608,108,4,240,38,2026-07-25 11:43:17.771245,2026-07-25 11:43:17.771245,2026-07-25 11:43:17.771245
1609,109,4,274,20,2026-07-25 11:43:17.771254,2026-07-25 11:43:17.771254,2026-07-25 11:43:17.771254
1610,110,4,433,26,2026-07-25 11:43:17.771264,2026-07-25 11:43:17.771264,2026-07-25 11:43:17.771264
1611,111,4,220,28,2026-07-25 11:43:17.771274,2026-07-25 11:43:17.771274,2026-07-25 11:43:17.771274
1612,112,4,451,36,2026-07-25 11:43:17.771283,2026-07-25 11:43:17.771283,2026-07-25 11:43:17.771283
1613,113,4,372,43,2026-07-25 11:43:17.771293,2026-07-25 11:43:17.771293,2026-07-25 11:43:17.771293
1614,114,4,391,45,2026-07-25 11:43:17.771303,2026-07-25 11:43:17.771303,2026-07-25 11:43:17.771303
1615,115,4,187,22,2026-07-25 11:43:17.771312,2026-07-25 11:43:17.771312,2026-07-25 11:43:17.771312
1616,116,4,205,23,2026-07-25 11:43:17.771322,2026-07-25 11:43:17.771322,2026-07-25 11:43:17.771322
1617,117,4,291,55,2026-07-25 11:43:17.771332,2026-07-25 11:43:17.771332,2026-07-25 11:43:17.771332
1618,118,4,99,43,2026-07-25 11:43:17.771341,2026-07-25 11:43:17.771341,2026-07-25 11:43:17.771341
1619,119,4,283,38,2026-07-25 11:43:17.771351,2026-07-25 11:43:17.771351,2026-07-25 11:43:17.771351
1620,120,4,37,44,2026-07-25 11:43:17.771361,2026-07-25 11:43:17.771361,2026-07-25 11:43:17.771361
1621,121,4,258,48,2026-07-25 11:43:17.771370,2026-07-25 11:43:17.771370,2026-07-25 11:43:17.771370
1622,122,4,391,55,2026-07-25 11:43:17.771380,2026-07-25 11:43:17.771380,2026-07-25 11:43:17.771380
1623,123,4,143,72,2026-07-25 11:43:17.771389,2026-07-25 11:43:17.771389,2026-07-25 11:43:17.771389
1624,124,4,319,63,2026-07-25 11:43:17.771399,2026-07-25 11:43:17.771399,2026-07-25 11:43:17.771399
1625,125,4,312,27,2026-07-25 11:43:17.771409,2026-07-25 11:43:17.771409,2026-07-25 11:43:17.771409
1626,126,4,65,26,2026-07-25 11:43:17.771418,2026-07-25 11:43:17.771418,2026-07-25 11:43:17.771418
1627,127,4,201,43,2026-07-25 11:43:17.771428,2026-07-25 11:43:17.771428,2026-07-25 11:43:17.771428
1628,128,4,406,41,2026-07-25 11:43:17.771437,2026-07-25 11:43:17.771437,2026-07-25 11:43:17.771437
1629,129,4,285,80,2026-07-25 11:43:17.771446,2026-07-25 11:43:17.771446,2026-07-25 11:43:17.771446
1630,130,4,187,68,2026-07-25 11:43:17.771455,2026-07-25 11:43:17.771455,2026-07-25 11:43:17.771455
1631,131,4,73,32,2026-07-25 11:43:17.771464,2026-07-25 11:43:17.771464,2026-07-25 11:43:17.771464
1632,132,4,308,52,2026-07-25 11:43:17.771473,2026-07-25 11:43:17.771473,2026-07-25 11:43:17.771473
1633,133,4,205,52,2026-07-25 11:43:17.771482,2026-07-25 11:43:17.771482,2026-07-25 11:43:17.771482
1634,134,4,20,22,2026-07-25 11:43:17.771491,2026-07-25 11:43:17.771491,2026-07-25 11:43:17.771491
1635,135,4,19,28,2026-07-25 11:43:17.771500,2026-07-25 11:43:17.771500,2026-07-25 11:43:17.771500
1636,136,4,365,41,2026-07-25 11:43:17.771511,2026-07-25 11:43:17.771511,2026-07-25 11:43:17.771511
1637,137,4,411,50,2026-07-25 11:43:17.771520,2026-07-25 11:43:17.771520,2026-07-25 11:43:17.771520
1638,138,4,265,49,2026-07-25 11:43:17.771529,2026-07-25 11:43:17.771529,2026-07-25 11:43:17.771529
1639,139,4,76,58,2026-07-25 11:43:17.771539,2026-07-25 11:43:17.771539,2026-07-25 11:43:17.771539
1640,140,4,457,52,2026-07-25 11:43:17.771548,2026-07-25 11:43:17.771548,2026-07-25 11:43:17.771548
1641,141,4,71,40,2026-07-25 11:43:17.771558,2026-07-25 11:43:17.771558,2026-07-25 11:43:17.771558
1642,142,4,476,59,2026-07-25 11:43:17.771567,2026-07-25 11:43:17.771567,2026-07-25 11:43:17.771567
1643,143,4,163,30,2026-07-25 11:43:17.771577,2026-07-25 11:43:17.771577,2026-07-25 11:43:17.771577
1644,144,4,201,59,2026-07-25 11:43:17.771587,2026-07-25 11:43:17.771587,2026-07-25 11:43:17.771587
1645,145,4,378,73,2026-07-25 11:43:17.771596,2026-07-25 11:43:17.771596,2026-07-25 11:43:17.771596
1646,146,4,153,57,2026-07-25 11:43:17.771606,2026-07-25 11:43:17.771606,2026-07-25 11:43:17.771606
1647,147,4,172,52,2026-07-25 11:43:17.771620,2026-07-25 11:43:17.771620,2026-07-25 11:43:17.771620
1648,148,4,424,52,2026-07-25 11:43:17.771629,2026-07-25 11:43:17.771629,2026-07-25 11:43:17.771629
1649,149,4,272,51,2026-07-25 11:43:17.771639,2026-07-25 11:43:17.771639,2026-07-25 11:43:17.771639
1650,150,4,362,56,2026-07-25 11:43:17.771649,2026-07-25 11:43:17.771649,2026-07-25 11:43:17.771649
1651,151,4,153,50,2026-07-25 11:43:17.771659,2026-07-25 11:43:17.771659,2026-07-25 11:43:17.771659
1652,152,4,417,21,2026-07-25 11:43:17.771669,2026-07-25 11:43:17.771669,2026-07-25 11:43:17.771669
1653,153,4,188,41,2026-07-25 11:43:17.771678,2026-07-25 11:43:17.771678,2026-07-25 11:43:17.771678
1654,154,4,344,27,2026-07-25 11:43:17.771688,2026-07-25 11:43:17.771688,2026-07-25 11:43:17.771688
1655,155,4,213,57,2026-07-25 11:43:17.771698,2026-07-25 11:43:17.771698,2026-07-25 11:43:17.771698
1656,156,4,157,70,2026-07-25 11:43:17.771708,2026-07-25 11:43:17.771708,2026-07-25 11:43:17.771708
1657,157,4,460,66,2026-07-25 11:43:17.771717,2026-07-25 11:43:17.771717,2026-07-25 11:43:17.771717
1658,158,4,446,64,2026-07-25 11:43:17.771727,2026-07-25 11:43:17.771727,2026-07-25 11:43:17.771727
1659,159,4,322,21,2026-07-25 11:43:17.771736,2026-07-25 11:43:17.771736,2026-07-25 11:43:17.771736
1660,160,4,305,50,2026-07-25 11:43:17.771747,2026-07-25 11:43:17.771747,2026-07-25 11:43:17.771747
1661,161,4,135,61,2026-07-25 11:43:17.771757,2026-07-25 11:43:17.771757,2026-07-25 11:43:17.771757
1662,162,4,400,69,2026-07-25 11:43:17.771767,2026-07-25 11:43:17.771767,2026-07-25 11:43:17.771767
1663,163,4,296,56,2026-07-25 11:43:17.771776,2026-07-25 11:43:17.771776,2026-07-25 11:43:17.771776
1664,164,4,116,66,2026-07-25 11:43:17.771786,2026-07-25 11:43:17.771786,2026-07-25 11:43:17.771786
1665,165,4,26,57,2026-07-25 11:43:17.771796,2026-07-25 11:43:17.771796,2026-07-25 11:43:17.771796
1666,166,4,245,30,2026-07-25 11:43:17.771806,2026-07-25 11:43:17.771806,2026-07-25 11:43:17.771806
1667,167,4,268,60,2026-07-25 11:43:17.771815,2026-07-25 11:43:17.771815,2026-07-25 11:43:17.771815
1668,168,4,369,59,2026-07-25 11:43:17.771825,2026-07-25 11:43:17.771825,2026-07-25 11:43:17.771825
1669,169,4,396,73,2026-07-25 11:43:17.771835,2026-07-25 11:43:17.771835,2026-07-25 11:43:17.771835
1670,170,4,194,29,2026-07-25 11:43:17.771845,2026-07-25 11:43:17.771845,2026-07-25 11:43:17.771845
1671,171,4,420,63,2026-07-25 11:43:17.771855,2026-07-25 11:43:17.771855,2026-07-25 11:43:17.771855
1672,172,4,124,22,2026-07-25 11:43:17.771865,2026-07-25 11:43:17.771865,2026-07-25 11:43:17.771865
1673,173,4,293,80,2026-07-25 11:43:17.771874,2026-07-25 11:43:17.771874,2026-07-25 11:43:17.771874
1674,174,4,358,27,2026-07-25 11:43:17.771884,2026-07-25 11:43:17.771884,2026-07-25 11:43:17.771884
1675,175,4,97,21,2026-07-25 11:43:17.771894,2026-07-25 11:43:17.771894,2026-07-25 11:43:17.771894
1676,176,4,225,40,2026-07-25 11:43:17.771903,2026-07-25 11:43:17.771903,2026-07-25 11:43:17.771903
1677,177,4,214,29,2026-07-25 11:43:17.771913,2026-07-25 11:43:17.771913,2026-07-25 11:43:17.771913
1678,178,4,211,64,2026-07-25 11:43:17.771923,2026-07-25 11:43:17.771923,2026-07-25 11:43:17.771923
1679,179,4,104,46,2026-07-25 11:43:17.771932,2026-07-25 11:43:17.771932,2026-07-25 11:43:17.771932
1680,180,4,256,69,2026-07-25 11:43:17.771942,2026-07-25 11:43:17.771942,2026-07-25 11:43:17.771942
1681,181,4,313,78,2026-07-25 11:43:17.771952,2026-07-25 11:43:17.771952,2026-07-25 11:43:17.771952
1682,182,4,241,75,2026-07-25 11:43:17.771962,2026-07-25 11:43:17.771962,2026-07-25 11:43:17.771962
1683,183,4,434,67,2026-07-25 11:43:17.771972,2026-07-25 11:43:17.771972,2026-07-25 11:43:17.771972
1684,184,4,372,23,2026-07-25 11:43:17.771981,2026-07-25 11:43:17.771981,2026-07-25 11:43:17.771981
1685,185,4,361,28,2026-07-25 11:43:17.771991,2026-07-25 11:43:17.771991,2026-07-25 11:43:17.771991
1686,186,4,265,33,2026-07-25 11:43:17.772001,2026-07-25 11:43:17.772001,2026-07-25 11:43:17.772001
1687,187,4,287,40,2026-07-25 11:43:17.772011,2026-07-25 11:43:17.772011,2026-07-25 11:43:17.772011
1688,188,4,339,50,2026-07-25 11:43:17.772021,2026-07-25 11:43:17.772021,2026-07-25 11:43:17.772021
1689,189,4,269,44,2026-07-25 11:43:17.772030,2026-07-25 11:43:17.772030,2026-07-25 11:43:17.772030
1690,190,4,160,31,2026-07-25 11:43:17.772040,2026-07-25 11:43:17.772040,2026-07-25 11:43:17.772040
1691,191,4,235,78,2026-07-25 11:43:17.772050,2026-07-25 11:43:17.772050,2026-07-25 11:43:17.772050
1692,192,4,272,41,2026-07-25 11:43:17.772059,2026-07-25 11:43:17.772059,2026-07-25 11:43:17.772059
1693,193,4,279,42,2026-07-25 11:43:17.772069,2026-07-25 11:43:17.772069,2026-07-25 11:43:17.772069
1694,194,4,346,69,2026-07-25 11:43:17.772078,2026-07-25 11:43:17.772078,2026-07-25 11:43:17.772078
1695,195,4,444,66,2026-07-25 11:43:17.772088,2026-07-25 11:43:17.772088,2026-07-25 11:43:17.772088
1696,196,4,348,61,2026-07-25 11:43:17.772097,2026-07-25 11:43:17.772097,2026-07-25 11:43:17.772097
1697,197,4,411,64,2026-07-25 11:43:17.772107,2026-07-25 11:43:17.772107,2026-07-25 11:43:17.772107
1698,198,4,135,59,2026-07-25 11:43:17.772117,2026-07-25 11:43:17.772117,2026-07-25 11:43:17.772117
1699,199,4,247,32,2026-07-25 11:43:17.772127,2026-07-25 11:43:17.772127,2026-07-25 11:43:17.772127
1700,200,4,490,35,2026-07-25 11:43:17.772136,2026-07-25 11:43:17.772136,2026-07-25 11:43:17.772136
1701,201,4,142,55,2026-07-25 11:43:17.772146,2026-07-25 11:43:17.772146,2026-07-25 11:43:17.772146
1702,202,4,152,34,2026-07-25 11:43:17.772156,2026-07-25 11:43:17.772156,2026-07-25 11:43:17.772156
1703,203,4,482,39,2026-07-25 11:43:17.772165,2026-07-25 11:43:17.772165,2026-07-25 11:43:17.772165
1704,204,4,394,38,2026-07-25 11:43:17.772175,2026-07-25 11:43:17.772175,2026-07-25 11:43:17.772175
1705,205,4,360,33,2026-07-25 11:43:17.772185,2026-07-25 11:43:17.772185,2026-07-25 11:43:17.772185
1706,206,4,353,65,2026-07-25 11:43:17.772195,2026-07-25 11:43:17.772195,2026-07-25 11:43:17.772195
1707,207,4,250,40,2026-07-25 11:43:17.772204,2026-07-25 11:43:17.772204,2026-07-25 11:43:17.772204
1708,208,4,245,42,2026-07-25 11:43:17.772214,2026-07-25 11:43:17.772214,2026-07-25 11:43:17.772214
1709,209,4,286,79,2026-07-25 11:43:17.772224,2026-07-25 11:43:17.772224,2026-07-25 11:43:17.772224
1710,210,4,478,70,2026-07-25 11:43:17.772233,2026-07-25 11:43:17.772233,2026-07-25 11:43:17.772233
1711,211,4,369,37,2026-07-25 11:43:17.772243,2026-07-25 11:43:17.772243,2026-07-25 11:43:17.772243
1712,212,4,147,27,2026-07-25 11:43:17.772253,2026-07-25 11:43:17.772253,2026-07-25 11:43:17.772253
1713,213,4,293,63,2026-07-25 11:43:17.772262,2026-07-25 11:43:17.772262,2026-07-25 11:43:17.772262
1714,214,4,278,44,2026-07-25 11:43:17.772272,2026-07-25 11:43:17.772272,2026-07-25 11:43:17.772272
1715,215,4,458,45,2026-07-25 11:43:17.772282,2026-07-25 11:43:17.772282,2026-07-25 11:43:17.772282
1716,216,4,419,42,2026-07-25 11:43:17.772292,2026-07-25 11:43:17.772292,2026-07-25 11:43:17.772292
1717,217,4,488,69,2026-07-25 11:43:17.772301,2026-07-25 11:43:17.772301,2026-07-25 11:43:17.772301
1718,218,4,411,29,2026-07-25 11:43:17.772311,2026-07-25 11:43:17.772311,2026-07-25 11:43:17.772311
1719,219,4,148,22,2026-07-25 11:43:17.772320,2026-07-25 11:43:17.772320,2026-07-25 11:43:17.772320
1720,220,4,147,65,2026-07-25 11:43:17.772330,2026-07-25 11:43:17.772330,2026-07-25 11:43:17.772330
1721,221,4,40,42,2026-07-25 11:43:17.772340,2026-07-25 11:43:17.772340,2026-07-25 11:43:17.772340
1722,222,4,473,48,2026-07-25 11:43:17.772349,2026-07-25 11:43:17.772349,2026-07-25 11:43:17.772349
1723,223,4,335,36,2026-07-25 11:43:17.772359,2026-07-25 11:43:17.772359,2026-07-25 11:43:17.772359
1724,224,4,382,50,2026-07-25 11:43:17.772369,2026-07-25 11:43:17.772369,2026-07-25 11:43:17.772369
1725,225,4,109,32,2026-07-25 11:43:17.772378,2026-07-25 11:43:17.772378,2026-07-25 11:43:17.772378
1726,226,4,423,54,2026-07-25 11:43:17.772388,2026-07-25 11:43:17.772388,2026-07-25 11:43:17.772388
1727,227,4,138,79,2026-07-25 11:43:17.772398,2026-07-25 11:43:17.772398,2026-07-25 11:43:17.772398
1728,228,4,287,64,2026-07-25 11:43:17.772408,2026-07-25 11:43:17.772408,2026-07-25 11:43:17.772408
1729,229,4,139,28,2026-07-25 11:43:17.772417,2026-07-25 11:43:17.772417,2026-07-25 11:43:17.772417
1730,230,4,55,59,2026-07-25 11:43:17.772427,2026-07-25 11:43:17.772427,2026-07-25 11:43:17.772427
1731,231,4,379,57,2026-07-25 11:43:17.772436,2026-07-25 11:43:17.772436,2026-07-25 11:43:17.772436
1732,232,4,122,35,2026-07-25 11:43:17.772445,2026-07-25 11:43:17.772445,2026-07-25 11:43:17.772445
1733,233,4,25,62,2026-07-25 11:43:17.772454,2026-07-25 11:43:17.772454,2026-07-25 11:43:17.772454
1734,234,4,463,53,2026-07-25 11:43:17.772463,2026-07-25 11:43:17.772463,2026-07-25 11:43:17.772463
1735,235,4,115,60,2026-07-25 11:43:17.772472,2026-07-25 11:43:17.772472,2026-07-25 11:43:17.772472
1736,236,4,119,23,2026-07-25 11:43:17.772481,2026-07-25 11:43:17.772481,2026-07-25 11:43:17.772481
1737,237,4,51,46,2026-07-25 11:43:17.772490,2026-07-25 11:43:17.772490,2026-07-25 11:43:17.772490
1738,238,4,169,65,2026-07-25 11:43:17.772500,2026-07-25 11:43:17.772500,2026-07-25 11:43:17.772500
1739,239,4,241,26,2026-07-25 11:43:17.772509,2026-07-25 11:43:17.772509,2026-07-25 11:43:17.772509
1740,240,4,348,69,2026-07-25 11:43:17.772518,2026-07-25 11:43:17.772518,2026-07-25 11:43:17.772518
1741,241,4,70,20,2026-07-25 11:43:17.772527,2026-07-25 11:43:17.772527,2026-07-25 11:43:17.772527
1742,242,4,493,55,2026-07-25 11:43:17.772536,2026-07-25 11:43:17.772536,2026-07-25 11:43:17.772536
1743,243,4,500,79,2026-07-25 11:43:17.772546,2026-07-25 11:43:17.772546,2026-07-25 11:43:17.772546
1744,244,4,80,46,2026-07-25 11:43:17.772555,2026-07-25 11:43:17.772555,2026-07-25 11:43:17.772555
1745,245,4,334,79,2026-07-25 11:43:17.772565,2026-07-25 11:43:17.772565,2026-07-25 11:43:17.772565
1746,246,4,450,76,2026-07-25 11:43:17.772575,2026-07-25 11:43:17.772575,2026-07-25 11:43:17.772575
1747,247,4,243,50,2026-07-25 11:43:17.772584,2026-07-25 11:43:17.772584,2026-07-25 11:43:17.772584
1748,248,4,333,32,2026-07-25 11:43:17.772594,2026-07-25 11:43:17.772594,2026-07-25 11:43:17.772594
1749,249,4,387,38,2026-07-25 11:43:17.772603,2026-07-25 11:43:17.772603,2026-07-25 11:43:17.772603
1750,250,4,164,38,2026-07-25 11:43:17.772613,2026-07-25 11:43:17.772613,2026-07-25 11:43:17.772613
1751,251,4,330,23,2026-07-25 11:43:17.772623,2026-07-25 11:43:17.772623,2026-07-25 11:43:17.772623
1752,252,4,464,69,2026-07-25 11:43:17.772633,2026-07-25 11:43:17.772633,2026-07-25 11:43:17.772633
1753,253,4,45,61,2026-07-25 11:43:17.772642,2026-07-25 11:43:17.772642,2026-07-25 11:43:17.772642
1754,254,4,293,34,2026-07-25 11:43:17.772652,2026-07-25 11:43:17.772652,2026-07-25 11:43:17.772652
1755,255,4,273,67,2026-07-25 11:43:17.772662,2026-07-25 11:43:17.772662,2026-07-25 11:43:17.772662
1756,256,4,370,74,2026-07-25 11:43:17.772672,2026-07-25 11:43:17.772672,2026-07-25 11:43:17.772672
1757,257,4,479,22,2026-07-25 11:43:17.772682,2026-07-25 11:43:17.772682,2026-07-25 11:43:17.772682
1758,258,4,467,78,2026-07-25 11:43:17.772691,2026-07-25 11:43:17.772691,2026-07-25 11:43:17.772691
1759,259,4,89,46,2026-07-25 11:43:17.772701,2026-07-25 11:43:17.772701,2026-07-25 11:43:17.772701
1760,260,4,451,73,2026-07-25 11:43:17.772711,2026-07-25 11:43:17.772711,2026-07-25 11:43:17.772711
1761,261,4,90,79,2026-07-25 11:43:17.772721,2026-07-25 11:43:17.772721,2026-07-25 11:43:17.772721
1762,262,4,470,22,2026-07-25 11:43:17.772730,2026-07-25 11:43:17.772730,2026-07-25 11:43:17.772730
1763,263,4,428,45,2026-07-25 11:43:17.772740,2026-07-25 11:43:17.772740,2026-07-25 11:43:17.772740
1764,264,4,403,51,2026-07-25 11:43:17.772749,2026-07-25 11:43:17.772749,2026-07-25 11:43:17.772749
1765,265,4,95,79,2026-07-25 11:43:17.772759,2026-07-25 11:43:17.772759,2026-07-25 11:43:17.772759
1766,266,4,383,75,2026-07-25 11:43:17.772769,2026-07-25 11:43:17.772769,2026-07-25 11:43:17.772769
1767,267,4,474,38,2026-07-25 11:43:17.772778,2026-07-25 11:43:17.772778,2026-07-25 11:43:17.772778
1768,268,4,448,22,2026-07-25 11:43:17.772788,2026-07-25 11:43:17.772788,2026-07-25 11:43:17.772788
1769,269,4,4,39,2026-07-25 11:43:17.772798,2026-07-25 11:43:17.772798,2026-07-25 11:43:17.772798
1770,270,4,290,58,2026-07-25 11:43:17.772807,2026-07-25 11:43:17.772807,2026-07-25 11:43:17.772807
1771,271,4,54,79,2026-07-25 11:43:17.772817,2026-07-25 11:43:17.772817,2026-07-25 11:43:17.772817
1772,272,4,171,38,2026-07-25 11:43:17.772827,2026-07-25 11:43:17.772827,2026-07-25 11:43:17.772827
1773,273,4,232,61,2026-07-25 11:43:17.772837,2026-07-25 11:43:17.772837,2026-07-25 11:43:17.772837
1774,274,4,278,53,2026-07-25 11:43:17.772850,2026-07-25 11:43:17.772850,2026-07-25 11:43:17.772850
1775,275,4,252,76,2026-07-25 11:43:17.772860,2026-07-25 11:43:17.772860,2026-07-25 11:43:17.772860
1776,276,4,480,28,2026-07-25 11:43:17.772870,2026-07-25 11:43:17.772870,2026-07-25 11:43:17.772870
1777,277,4,435,52,2026-07-25 11:43:17.772879,2026-07-25 11:43:17.772879,2026-07-25 11:43:17.772879
1778,278,4,239,37,2026-07-25 11:43:17.772889,2026-07-25 11:43:17.772889,2026-07-25 11:43:17.772889
1779,279,4,98,71,2026-07-25 11:43:17.772899,2026-07-25 11:43:17.772899,2026-07-25 11:43:17.772899
1780,280,4,57,41,2026-07-25 11:43:17.772909,2026-07-25 11:43:17.772909,2026-07-25 11:43:17.772909
1781,281,4,83,66,2026-07-25 11:43:17.772918,2026-07-25 11:43:17.772918,2026-07-25 11:43:17.772918
1782,282,4,234,61,2026-07-25 11:43:17.772928,2026-07-25 11:43:17.772928,2026-07-25 11:43:17.772928
1783,283,4,131,65,2026-07-25 11:43:17.772938,2026-07-25 11:43:17.772938,2026-07-25 11:43:17.772938
1784,284,4,95,20,2026-07-25 11:43:17.772947,2026-07-25 11:43:17.772947,2026-07-25 11:43:17.772947
1785,285,4,377,41,2026-07-25 11:43:17.772957,2026-07-25 11:43:17.772957,2026-07-25 11:43:17.772957
1786,286,4,404,38,2026-07-25 11:43:17.772966,2026-07-25 11:43:17.772966,2026-07-25 11:43:17.772966
1787,287,4,290,63,2026-07-25 11:43:17.772976,2026-07-25 11:43:17.772976,2026-07-25 11:43:17.772976
1788,288,4,387,32,2026-07-25 11:43:17.772986,2026-07-25 11:43:17.772986,2026-07-25 11:43:17.772986
1789,289,4,89,59,2026-07-25 11:43:17.772996,2026-07-25 11:43:17.772996,2026-07-25 11:43:17.772996
1790,290,4,438,60,2026-07-25 11:43:17.773007,2026-07-25 11:43:17.773007,2026-07-25 11:43:17.773007
1791,291,4,459,45,2026-07-25 11:43:17.773016,2026-07-25 11:43:17.773016,2026-07-25 11:43:17.773016
1792,292,4,423,47,2026-07-25 11:43:17.773026,2026-07-25 11:43:17.773026,2026-07-25 11:43:17.773026
1793,293,4,263,40,2026-07-25 11:43:17.773036,2026-07-25 11:43:17.773036,2026-07-25 11:43:17.773036
1794,294,4,44,45,2026-07-25 11:43:17.773045,2026-07-25 11:43:17.773045,2026-07-25 11:43:17.773045
1795,295,4,342,26,2026-07-25 11:43:17.773055,2026-07-25 11:43:17.773055,2026-07-25 11:43:17.773055
1796,296,4,94,28,2026-07-25 11:43:17.773065,2026-07-25 11:43:17.773065,2026-07-25 11:43:17.773065
1797,297,4,244,40,2026-07-25 11:43:17.773074,2026-07-25 11:43:17.773074,2026-07-25 11:43:17.773074
1798,298,4,479,35,2026-07-25 11:43:17.773084,2026-07-25 11:43:17.773084,2026-07-25 11:43:17.773084
1799,299,4,3,36,2026-07-25 11:43:17.773094,2026-07-25 11:43:17.773094,2026-07-25 11:43:17.773094
1800,300,4,196,35,2026-07-25 11:43:17.773103,2026-07-25 11:43:17.773103,2026-07-25 11:43:17.773103
1801,301,4,228,68,2026-07-25 11:43:17.773113,2026-07-25 11:43:17.773113,2026-07-25 11:43:17.773113
1802,302,4,136,41,2026-07-25 11:43:17.773123,2026-07-25 11:43:17.773123,2026-07-25 11:43:17.773123
1803,303,4,154,57,2026-07-25 11:43:17.773133,2026-07-25 11:43:17.773133,2026-07-25 11:43:17.773133
1804,304,4,370,56,2026-07-25 11:43:17.773143,2026-07-25 11:43:17.773143,2026-07-25 11:43:17.773143
1805,305,4,5,36,2026-07-25 11:43:17.773153,2026-07-25 11:43:17.773153,2026-07-25 11:43:17.773153
1806,306,4,334,43,2026-07-25 11:43:17.773162,2026-07-25 11:43:17.773162,2026-07-25 11:43:17.773162
1807,307,4,354,35,2026-07-25 11:43:17.773172,2026-07-25 11:43:17.773172,2026-07-25 11:43:17.773172
1808,308,4,31,62,2026-07-25 11:43:17.773182,2026-07-25 11:43:17.773182,2026-07-25 11:43:17.773182
1809,309,4,60,49,2026-07-25 11:43:17.773191,2026-07-25 11:43:17.773191,2026-07-25 11:43:17.773191
1810,310,4,157,30,2026-07-25 11:43:17.773201,2026-07-25 11:43:17.773201,2026-07-25 11:43:17.773201
1811,311,4,207,63,2026-07-25 11:43:17.773211,2026-07-25 11:43:17.773211,2026-07-25 11:43:17.773211
1812,312,4,257,79,2026-07-25 11:43:17.773221,2026-07-25 11:43:17.773221,2026-07-25 11:43:17.773221
1813,313,4,458,76,2026-07-25 11:43:17.773230,2026-07-25 11:43:17.773230,2026-07-25 11:43:17.773230
1814,314,4,360,69,2026-07-25 11:43:17.773240,2026-07-25 11:43:17.773240,2026-07-25 11:43:17.773240
1815,315,4,159,64,2026-07-25 11:43:17.773250,2026-07-25 11:43:17.773250,2026-07-25 11:43:17.773250
1816,316,4,60,60,2026-07-25 11:43:17.773261,2026-07-25 11:43:17.773261,2026-07-25 11:43:17.773261
1817,317,4,469,80,2026-07-25 11:43:17.773271,2026-07-25 11:43:17.773271,2026-07-25 11:43:17.773271
1818,318,4,151,43,2026-07-25 11:43:17.773280,2026-07-25 11:43:17.773280,2026-07-25 11:43:17.773280
1819,319,4,314,34,2026-07-25 11:43:17.773307,2026-07-25 11:43:17.773307,2026-07-25 11:43:17.773307
1820,320,4,112,28,2026-07-25 11:43:17.773317,2026-07-25 11:43:17.773317,2026-07-25 11:43:17.773317
1821,321,4,244,29,2026-07-25 11:43:17.773327,2026-07-25 11:43:17.773327,2026-07-25 11:43:17.773327
1822,322,4,232,67,2026-07-25 11:43:17.773337,2026-07-25 11:43:17.773337,2026-07-25 11:43:17.773337
1823,323,4,310,43,2026-07-25 11:43:17.773347,2026-07-25 11:43:17.773347,2026-07-25 11:43:17.773347
1824,324,4,212,64,2026-07-25 11:43:17.773357,2026-07-25 11:43:17.773357,2026-07-25 11:43:17.773357
1825,325,4,281,78,2026-07-25 11:43:17.773366,2026-07-25 11:43:17.773366,2026-07-25 11:43:17.773366
1826,326,4,241,68,2026-07-25 11:43:17.773376,2026-07-25 11:43:17.773376,2026-07-25 11:43:17.773376
1827,327,4,275,71,2026-07-25 11:43:17.773386,2026-07-25 11:43:17.773386,2026-07-25 11:43:17.773386
1828,328,4,340,72,2026-07-25 11:43:17.773395,2026-07-25 11:43:17.773395,2026-07-25 11:43:17.773395
1829,329,4,111,68,2026-07-25 11:43:17.773405,2026-07-25 11:43:17.773405,2026-07-25 11:43:17.773405
1830,330,4,126,63,2026-07-25 11:43:17.773415,2026-07-25 11:43:17.773415,2026-07-25 11:43:17.773415
1831,331,4,386,58,2026-07-25 11:43:17.773425,2026-07-25 11:43:17.773425,2026-07-25 11:43:17.773425
1832,332,4,447,70,2026-07-25 11:43:17.773435,2026-07-25 11:43:17.773435,2026-07-25 11:43:17.773435
1833,333,4,41,53,2026-07-25 11:43:17.773444,2026-07-25 11:43:17.773444,2026-07-25 11:43:17.773444
1834,334,4,228,53,2026-07-25 11:43:17.773453,2026-07-25 11:43:17.773453,2026-07-25 11:43:17.773453
1835,335,4,360,43,2026-07-25 11:43:17.773462,2026-07-25 11:43:17.773462,2026-07-25 11:43:17.773462
1836,336,4,39,78,2026-07-25 11:43:17.773471,2026-07-25 11:43:17.773471,2026-07-25 11:43:17.773471
1837,337,4,288,27,2026-07-25 11:43:17.773480,2026-07-25 11:43:17.773480,2026-07-25 11:43:17.773480
1838,338,4,31,73,2026-07-25 11:43:17.773490,2026-07-25 11:43:17.773490,2026-07-25 11:43:17.773490
1839,339,4,280,77,2026-07-25 11:43:17.773499,2026-07-25 11:43:17.773499,2026-07-25 11:43:17.773499
1840,340,4,258,32,2026-07-25 11:43:17.773508,2026-07-25 11:43:17.773508,2026-07-25 11:43:17.773508
1841,341,4,293,54,2026-07-25 11:43:17.773517,2026-07-25 11:43:17.773517,2026-07-25 11:43:17.773517
1842,342,4,76,30,2026-07-25 11:43:17.773526,2026-07-25 11:43:17.773526,2026-07-25 11:43:17.773526
1843,343,4,167,74,2026-07-25 11:43:17.773535,2026-07-25 11:43:17.773535,2026-07-25 11:43:17.773535
1844,344,4,266,48,2026-07-25 11:43:17.773545,2026-07-25 11:43:17.773545,2026-07-25 11:43:17.773545
1845,345,4,59,63,2026-07-25 11:43:17.773555,2026-07-25 11:43:17.773555,2026-07-25 11:43:17.773555
1846,346,4,105,65,2026-07-25 11:43:17.773565,2026-07-25 11:43:17.773565,2026-07-25 11:43:17.773565
1847,347,4,298,51,2026-07-25 11:43:17.773575,2026-07-25 11:43:17.773575,2026-07-25 11:43:17.773575
1848,348,4,46,77,2026-07-25 11:43:17.773584,2026-07-25 11:43:17.773584,2026-07-25 11:43:17.773584
1849,349,4,261,48,2026-07-25 11:43:17.773594,2026-07-25 11:43:17.773594,2026-07-25 11:43:17.773594
1850,350,4,414,23,2026-07-25 11:43:17.773604,2026-07-25 11:43:17.773604,2026-07-25 11:43:17.773604
1851,351,4,232,28,2026-07-25 11:43:17.773613,2026-07-25 11:43:17.773613,2026-07-25 11:43:17.773613
1852,352,4,262,46,2026-07-25 11:43:17.773623,2026-07-25 11:43:17.773623,2026-07-25 11:43:17.773623
1853,353,4,233,56,2026-07-25 11:43:17.773632,2026-07-25 11:43:17.773632,2026-07-25 11:43:17.773632
1854,354,4,29,55,2026-07-25 11:43:17.773642,2026-07-25 11:43:17.773642,2026-07-25 11:43:17.773642
1855,355,4,236,63,2026-07-25 11:43:17.773652,2026-07-25 11:43:17.773652,2026-07-25 11:43:17.773652
1856,356,4,413,39,2026-07-25 11:43:17.773662,2026-07-25 11:43:17.773662,2026-07-25 11:43:17.773662
1857,357,4,370,21,2026-07-25 11:43:17.773672,2026-07-25 11:43:17.773672,2026-07-25 11:43:17.773672
1858,358,4,202,36,2026-07-25 11:43:17.773681,2026-07-25 11:43:17.773681,2026-07-25 11:43:17.773681
1859,359,4,418,20,2026-07-25 11:43:17.773691,2026-07-25 11:43:17.773691,2026-07-25 11:43:17.773691
1860,360,4,381,33,2026-07-25 11:43:17.773701,2026-07-25 11:43:17.773701,2026-07-25 11:43:17.773701
1861,361,4,296,24,2026-07-25 11:43:17.773710,2026-07-25 11:43:17.773710,2026-07-25 11:43:17.773710
1862,362,4,23,47,2026-07-25 11:43:17.773720,2026-07-25 11:43:17.773720,2026-07-25 11:43:17.773720
1863,363,4,176,64,2026-07-25 11:43:17.773730,2026-07-25 11:43:17.773730,2026-07-25 11:43:17.773730
1864,364,4,32,54,2026-07-25 11:43:17.773740,2026-07-25 11:43:17.773740,2026-07-25 11:43:17.773740
1865,365,4,30,79,2026-07-25 11:43:17.773750,2026-07-25 11:43:17.773750,2026-07-25 11:43:17.773750
1866,366,4,457,24,2026-07-25 11:43:17.773759,2026-07-25 11:43:17.773759,2026-07-25 11:43:17.773759
1867,367,4,478,50,2026-07-25 11:43:17.773769,2026-07-25 11:43:17.773769,2026-07-25 11:43:17.773769
1868,368,4,16,38,2026-07-25 11:43:17.773779,2026-07-25 11:43:17.773779,2026-07-25 11:43:17.773779
1869,369,4,209,31,2026-07-25 11:43:17.773789,2026-07-25 11:43:17.773789,2026-07-25 11:43:17.773789
1870,370,4,393,28,2026-07-25 11:43:17.773798,2026-07-25 11:43:17.773798,2026-07-25 11:43:17.773798
1871,371,4,392,61,2026-07-25 11:43:17.773808,2026-07-25 11:43:17.773808,2026-07-25 11:43:17.773808
1872,372,4,500,66,2026-07-25 11:43:17.773818,2026-07-25 11:43:17.773818,2026-07-25 11:43:17.773818
1873,373,4,330,46,2026-07-25 11:43:17.773827,2026-07-25 11:43:17.773827,2026-07-25 11:43:17.773827
1874,374,4,191,77,2026-07-25 11:43:17.773837,2026-07-25 11:43:17.773837,2026-07-25 11:43:17.773837
1875,375,4,195,48,2026-07-25 11:43:17.773847,2026-07-25 11:43:17.773847,2026-07-25 11:43:17.773847
1876,376,4,445,78,2026-07-25 11:43:17.773857,2026-07-25 11:43:17.773857,2026-07-25 11:43:17.773857
1877,377,4,464,44,2026-07-25 11:43:17.773867,2026-07-25 11:43:17.773867,2026-07-25 11:43:17.773867
1878,378,4,192,25,2026-07-25 11:43:17.773876,2026-07-25 11:43:17.773876,2026-07-25 11:43:17.773876
1879,379,4,349,62,2026-07-25 11:43:17.773886,2026-07-25 11:43:17.773886,2026-07-25 11:43:17.773886
1880,380,4,447,54,2026-07-25 11:43:17.773896,2026-07-25 11:43:17.773896,2026-07-25 11:43:17.773896
1881,381,4,68,61,2026-07-25 11:43:17.773905,2026-07-25 11:43:17.773905,2026-07-25 11:43:17.773905
1882,382,4,440,42,2026-07-25 11:43:17.773915,2026-07-25 11:43:17.773915,2026-07-25 11:43:17.773915
1883,383,4,60,31,2026-07-25 11:43:17.773925,2026-07-25 11:43:17.773925,2026-07-25 11:43:17.773925
1884,384,4,275,45,2026-07-25 11:43:17.773934,2026-07-25 11:43:17.773934,2026-07-25 11:43:17.773934
1885,385,4,270,28,2026-07-25 11:43:17.773944,2026-07-25 11:43:17.773944,2026-07-25 11:43:17.773944
1886,386,4,372,34,2026-07-25 11:43:17.773953,2026-07-25 11:43:17.773953,2026-07-25 11:43:17.773953
1887,387,4,427,20,2026-07-25 11:43:17.773963,2026-07-25 11:43:17.773963,2026-07-25 11:43:17.773963
1888,388,4,387,21,2026-07-25 11:43:17.773973,2026-07-25 11:43:17.773973,2026-07-25 11:43:17.773973
1889,389,4,500,39,2026-07-25 11:43:17.773982,2026-07-25 11:43:17.773982,2026-07-25 11:43:17.773982
1890,390,4,237,63,2026-07-25 11:43:17.773992,2026-07-25 11:43:17.773992,2026-07-25 11:43:17.773992
1891,391,4,368,54,2026-07-25 11:43:17.774002,2026-07-25 11:43:17.774002,2026-07-25 11:43:17.774002
1892,392,4,217,54,2026-07-25 11:43:17.774012,2026-07-25 11:43:17.774012,2026-07-25 11:43:17.774012
1893,393,4,194,72,2026-07-25 11:43:17.774021,2026-07-25 11:43:17.774021,2026-07-25 11:43:17.774021
1894,394,4,117,35,2026-07-25 11:43:17.774032,2026-07-25 11:43:17.774032,2026-07-25 11:43:17.774032
1895,395,4,235,42,2026-07-25 11:43:17.774042,2026-07-25 11:43:17.774042,2026-07-25 11:43:17.774042
1896,396,4,79,37,2026-07-25 11:43:17.774052,2026-07-25 11:43:17.774052,2026-07-25 11:43:17.774052
1897,397,4,96,79,2026-07-25 11:43:17.774062,2026-07-25 11:43:17.774062,2026-07-25 11:43:17.774062
1898,398,4,448,66,2026-07-25 11:43:17.774071,2026-07-25 11:43:17.774071,2026-07-25 11:43:17.774071
1899,399,4,391,27,2026-07-25 11:43:17.774081,2026-07-25 11:43:17.774081,2026-07-25 11:43:17.774081
1900,400,4,16,71,2026-07-25 11:43:17.774090,2026-07-25 11:43:17.774090,2026-07-25 11:43:17.774090
1901,401,4,338,46,2026-07-25 11:43:17.774102,2026-07-25 11:43:17.774102,2026-07-25 11:43:17.774102
1902,402,4,314,69,2026-07-25 11:43:17.774112,2026-07-25 11:43:17.774112,2026-07-25 11:43:17.774112
1903,403,4,479,76,2026-07-25 11:43:17.774121,2026-07-25 11:43:17.774121,2026-07-25 11:43:17.774121
1904,404,4,455,21,2026-07-25 11:43:17.774131,2026-07-25 11:43:17.774131,2026-07-25 11:43:17.774131
1905,405,4,123,33,2026-07-25 11:43:17.774141,2026-07-25 11:43:17.774141,2026-07-25 11:43:17.774141
1906,406,4,34,26,2026-07-25 11:43:17.774150,2026-07-25 11:43:17.774150,2026-07-25 11:43:17.774150
1907,407,4,304,22,2026-07-25 11:43:17.774160,2026-07-25 11:43:17.774160,2026-07-25 11:43:17.774160
1908,408,4,228,58,2026-07-25 11:43:17.774170,2026-07-25 11:43:17.774170,2026-07-25 11:43:17.774170
1909,409,4,344,65,2026-07-25 11:43:17.774179,2026-07-25 11:43:17.774179,2026-07-25 11:43:17.774179
1910,410,4,446,23,2026-07-25 11:43:17.774189,2026-07-25 11:43:17.774189,2026-07-25 11:43:17.774189
1911,411,4,125,67,2026-07-25 11:43:17.774199,2026-07-25 11:43:17.774199,2026-07-25 11:43:17.774199
1912,412,4,22,45,2026-07-25 11:43:17.774209,2026-07-25 11:43:17.774209,2026-07-25 11:43:17.774209
1913,413,4,224,34,2026-07-25 11:43:17.774218,2026-07-25 11:43:17.774218,2026-07-25 11:43:17.774218
1914,414,4,276,33,2026-07-25 11:43:17.774228,2026-07-25 11:43:17.774228,2026-07-25 11:43:17.774228
1915,415,4,386,75,2026-07-25 11:43:17.774237,2026-07-25 11:43:17.774237,2026-07-25 11:43:17.774237
1916,416,4,397,23,2026-07-25 11:43:17.774247,2026-07-25 11:43:17.774247,2026-07-25 11:43:17.774247
1917,417,4,71,52,2026-07-25 11:43:17.774257,2026-07-25 11:43:17.774257,2026-07-25 11:43:17.774257
1918,418,4,148,34,2026-07-25 11:43:17.774266,2026-07-25 11:43:17.774266,2026-07-25 11:43:17.774266
1919,419,4,417,78,2026-07-25 11:43:17.774276,2026-07-25 11:43:17.774276,2026-07-25 11:43:17.774276
1920,420,4,374,56,2026-07-25 11:43:17.774286,2026-07-25 11:43:17.774286,2026-07-25 11:43:17.774286
1921,421,4,163,56,2026-07-25 11:43:17.774296,2026-07-25 11:43:17.774296,2026-07-25 11:43:17.774296
1922,422,4,306,69,2026-07-25 11:43:17.774305,2026-07-25 11:43:17.774305,2026-07-25 11:43:17.774305
1923,423,4,344,72,2026-07-25 11:43:17.774315,2026-07-25 11:43:17.774315,2026-07-25 11:43:17.774315
1924,424,4,164,35,2026-07-25 11:43:17.774325,2026-07-25 11:43:17.774325,2026-07-25 11:43:17.774325
1925,425,4,154,76,2026-07-25 11:43:17.774334,2026-07-25 11:43:17.774334,2026-07-25 11:43:17.774334
1926,426,4,73,62,2026-07-25 11:43:17.774344,2026-07-25 11:43:17.774344,2026-07-25 11:43:17.774344
1927,427,4,266,34,2026-07-25 11:43:17.774354,2026-07-25 11:43:17.774354,2026-07-25 11:43:17.774354
1928,428,4,211,39,2026-07-25 11:43:17.774363,2026-07-25 11:43:17.774363,2026-07-25 11:43:17.774363
1929,429,4,140,23,2026-07-25 11:43:17.774373,2026-07-25 11:43:17.774373,2026-07-25 11:43:17.774373
1930,430,4,285,80,2026-07-25 11:43:17.774383,2026-07-25 11:43:17.774383,2026-07-25 11:43:17.774383
1931,431,4,302,76,2026-07-25 11:43:17.774392,2026-07-25 11:43:17.774392,2026-07-25 11:43:17.774392
1932,432,4,376,78,2026-07-25 11:43:17.774402,2026-07-25 11:43:17.774402,2026-07-25 11:43:17.774402
1933,433,4,89,60,2026-07-25 11:43:17.774412,2026-07-25 11:43:17.774412,2026-07-25 11:43:17.774412
1934,434,4,347,47,2026-07-25 11:43:17.774421,2026-07-25 11:43:17.774421,2026-07-25 11:43:17.774421
1935,435,4,284,51,2026-07-25 11:43:17.774431,2026-07-25 11:43:17.774431,2026-07-25 11:43:17.774431
1936,436,4,24,42,2026-07-25 11:43:17.774440,2026-07-25 11:43:17.774440,2026-07-25 11:43:17.774440
1937,437,4,482,61,2026-07-25 11:43:17.774449,2026-07-25 11:43:17.774449,2026-07-25 11:43:17.774449
1938,438,4,343,44,2026-07-25 11:43:17.774458,2026-07-25 11:43:17.774458,2026-07-25 11:43:17.774458
1939,439,4,402,53,2026-07-25 11:43:17.774467,2026-07-25 11:43:17.774467,2026-07-25 11:43:17.774467
1940,440,4,163,64,2026-07-25 11:43:17.774476,2026-07-25 11:43:17.774476,2026-07-25 11:43:17.774476
1941,441,4,213,46,2026-07-25 11:43:17.774485,2026-07-25 11:43:17.774485,2026-07-25 11:43:17.774485
1942,442,4,76,39,2026-07-25 11:43:17.774494,2026-07-25 11:43:17.774494,2026-07-25 11:43:17.774494
1943,443,4,192,31,2026-07-25 11:43:17.774503,2026-07-25 11:43:17.774503,2026-07-25 11:43:17.774503
1944,444,4,386,54,2026-07-25 11:43:17.774511,2026-07-25 11:43:17.774511,2026-07-25 11:43:17.774511
1945,445,4,242,35,2026-07-25 11:43:17.774520,2026-07-25 11:43:17.774520,2026-07-25 11:43:17.774520
1946,446,4,434,34,2026-07-25 11:43:17.774529,2026-07-25 11:43:17.774529,2026-07-25 11:43:17.774529
1947,447,4,153,74,2026-07-25 11:43:17.774539,2026-07-25 11:43:17.774539,2026-07-25 11:43:17.774539
1948,448,4,362,29,2026-07-25 11:43:17.774548,2026-07-25 11:43:17.774548,2026-07-25 11:43:17.774548
1949,449,4,412,49,2026-07-25 11:43:17.774558,2026-07-25 11:43:17.774558,2026-07-25 11:43:17.774558
1950,450,4,468,23,2026-07-25 11:43:17.774568,2026-07-25 11:43:17.774568,2026-07-25 11:43:17.774568
1951,451,4,287,46,2026-07-25 11:43:17.774578,2026-07-25 11:43:17.774578,2026-07-25 11:43:17.774578
1952,452,4,495,46,2026-07-25 11:43:17.774587,2026-07-25 11:43:17.774587,2026-07-25 11:43:17.774587
1953,453,4,285,53,2026-07-25 11:43:17.774597,2026-07-25 11:43:17.774597,2026-07-25 11:43:17.774597
1954,454,4,68,44,2026-07-25 11:43:17.774607,2026-07-25 11:43:17.774607,2026-07-25 11:43:17.774607
1955,455,4,124,36,2026-07-25 11:43:17.774616,2026-07-25 11:43:17.774616,2026-07-25 11:43:17.774616
1956,456,4,104,41,2026-07-25 11:43:17.774626,2026-07-25 11:43:17.774626,2026-07-25 11:43:17.774626
1957,457,4,331,25,2026-07-25 11:43:17.774635,2026-07-25 11:43:17.774635,2026-07-25 11:43:17.774635
1958,458,4,472,48,2026-07-25 11:43:17.774645,2026-07-25 11:43:17.774645,2026-07-25 11:43:17.774645
1959,459,4,433,43,2026-07-25 11:43:17.774655,2026-07-25 11:43:17.774655,2026-07-25 11:43:17.774655
1960,460,4,47,54,2026-07-25 11:43:17.774664,2026-07-25 11:43:17.774664,2026-07-25 11:43:17.774664
1961,461,4,370,73,2026-07-25 11:43:17.774674,2026-07-25 11:43:17.774674,2026-07-25 11:43:17.774674
1962,462,4,97,23,2026-07-25 11:43:17.774684,2026-07-25 11:43:17.774684,2026-07-25 11:43:17.774684
1963,463,4,137,44,2026-07-25 11:43:17.774693,2026-07-25 11:43:17.774693,2026-07-25 11:43:17.774693
1964,464,4,344,58,2026-07-25 11:43:17.774703,2026-07-25 11:43:17.774703,2026-07-25 11:43:17.774703
1965,465,4,308,22,2026-07-25 11:43:17.774714,2026-07-25 11:43:17.774714,2026-07-25 11:43:17.774714
1966,466,4,447,24,2026-07-25 11:43:17.774724,2026-07-25 11:43:17.774724,2026-07-25 11:43:17.774724
1967,467,4,96,71,2026-07-25 11:43:17.774734,2026-07-25 11:43:17.774734,2026-07-25 11:43:17.774734
1968,468,4,389,57,2026-07-25 11:43:17.774743,2026-07-25 11:43:17.774743,2026-07-25 11:43:17.774743
1969,469,4,370,62,2026-07-25 11:43:17.774753,2026-07-25 11:43:17.774753,2026-07-25 11:43:17.774753
1970,470,4,286,33,2026-07-25 11:43:17.774763,2026-07-25 11:43:17.774763,2026-07-25 11:43:17.774763
1971,471,4,245,33,2026-07-25 11:43:17.774772,2026-07-25 11:43:17.774772,2026-07-25 11:43:17.774772
1972,472,4,445,78,2026-07-25 11:43:17.774786,2026-07-25 11:43:17.774786,2026-07-25 11:43:17.774786
1973,473,4,170,39,2026-07-25 11:43:17.774796,2026-07-25 11:43:17.774796,2026-07-25 11:43:17.774796
1974,474,4,489,78,2026-07-25 11:43:17.774806,2026-07-25 11:43:17.774806,2026-07-25 11:43:17.774806
1975,475,4,7,33,2026-07-25 11:43:17.774816,2026-07-25 11:43:17.774816,2026-07-25 11:43:17.774816
1976,476,4,479,32,2026-07-25 11:43:17.774825,2026-07-25 11:43:17.774825,2026-07-25 11:43:17.774825
1977,477,4,492,67,2026-07-25 11:43:17.774835,2026-07-25 11:43:17.774835,2026-07-25 11:43:17.774835
1978,478,4,60,67,2026-07-25 11:43:17.774844,2026-07-25 11:43:17.774844,2026-07-25 11:43:17.774844
1979,479,4,386,50,2026-07-25 11:43:17.774854,2026-07-25 11:43:17.774854,2026-07-25 11:43:17.774854
1980,480,4,468,35,2026-07-25 11:43:17.774864,2026-07-25 11:43:17.774864,2026-07-25 11:43:17.774864
1981,481,4,356,58,2026-07-25 11:43:17.774873,2026-07-25 11:43:17.774873,2026-07-25 11:43:17.774873
1982,482,4,360,33,2026-07-25 11:43:17.774883,2026-07-25 11:43:17.774883,2026-07-25 11:43:17.774883
1983,483,4,203,78,2026-07-25 11:43:17.774892,2026-07-25 11:43:17.774892,2026-07-25 11:43:17.774892
1984,484,4,122,55,2026-07-25 11:43:17.774902,2026-07-25 11:43:17.774902,2026-07-25 11:43:17.774902
1985,485,4,164,69,2026-07-25 11:43:17.774912,2026-07-25 11:43:17.774912,2026-07-25 11:43:17.774912
1986,486,4,144,44,2026-07-25 11:43:17.774922,2026-07-25 11:43:17.774922,2026-07-25 11:43:17.774922
1987,487,4,238,54,2026-07-25 11:43:17.774931,2026-07-25 11:43:17.774931,2026-07-25 11:43:17.774931
1988,488,4,332,42,2026-07-25 11:43:17.774941,2026-07-25 11:43:17.774941,2026-07-25 11:43:17.774941
1989,489,4,157,36,2026-07-25 11:43:17.774950,2026-07-25 11:43:17.774950,2026-07-25 11:43:17.774950
1990,490,4,184,52,2026-07-25 11:43:17.774960,2026-07-25 11:43:17.774960,2026-07-25 11:43:17.774960
1991,491,4,451,51,2026-07-25 11:43:17.774969,2026-07-25 11:43:17.774969,2026-07-25 11:43:17.774969
1992,492,4,238,26,2026-07-25 11:43:17.774979,2026-07-25 11:43:17.774979,2026-07-25 11:43:17.774979
1993,493,4,411,66,2026-07-25 11:43:17.774989,2026-07-25 11:43:17.774989,2026-07-25 11:43:17.774989
1994,494,4,240,68,2026-07-25 11:43:17.774998,2026-07-25 11:43:17.774998,2026-07-25 11:43:17.774998
1995,495,4,429,40,2026-07-25 11:43:17.775008,2026-07-25 11:43:17.775008,2026-07-25 11:43:17.775008
1996,496,4,468,33,2026-07-25 11:43:17.775018,2026-07-25 11:43:17.775018,2026-07-25 11:43:17.775018
1997,497,4,189,40,2026-07-25 11:43:17.775027,2026-07-25 11:43:17.775027,2026-07-25 11:43:17.775027
1998,498,4,211,22,2026-07-25 11:43:17.775037,2026-07-25 11:43:17.775037,2026-07-25 11:43:17.775037
1999,499,4,288,75,2026-07-25 11:43:17.775047,2026-07-25 11:43:17.775047,2026-07-25 11:43:17.775047
2000,500,4,113,67,2026-07-25 11:43:17.775056,2026-07-25 11:43:17.775056,2026-07-25 11:43:17.775056
2001,1,5,74,21,2026-07-25 11:43:17.775235,2026-07-25 11:43:17.775235,2026-07-25 11:43:17.775235
2002,2,5,133,55,2026-07-25 11:43:17.775248,2026-07-25 11:43:17.775248,2026-07-25 11:43:17.775248
2003,3,5,478,57,2026-07-25 11:43:17.775264,2026-07-25 11:43:17.775264,2026-07-25 11:43:17.775264
2004,4,5,296,66,2026-07-25 11:43:17.775275,2026-07-25 11:43:17.775275,2026-07-25 11:43:17.775275
2005,5,5,213,38,2026-07-25 11:43:17.775285,2026-07-25 11:43:17.775285,2026-07-25 11:43:17.775285
2006,6,5,78,32,2026-07-25 11:43:17.775295,2026-07-25 11:43:17.775295,2026-07-25 11:43:17.775295
2007,7,5,168,34,2026-07-25 11:43:17.775305,2026-07-25 11:43:17.775305,2026-07-25 11:43:17.775305
2008,8,5,194,56,2026-07-25 11:43:17.775315,2026-07-25 11:43:17.775315,2026-07-25 11:43:17.775315
2009,9,5,426,35,2026-07-25 11:43:17.775325,2026-07-25 11:43:17.775325,2026-07-25 11:43:17.775325
2010,10,5,255,55,2026-07-25 11:43:17.775335,2026-07-25 11:43:17.775335,2026-07-25 11:43:17.775335
2011,11,5,335,80,2026-07-25 11:43:17.775344,2026-07-25 11:43:17.775344,2026-07-25 11:43:17.775344
2012,12,5,350,41,2026-07-25 11:43:17.775353,2026-07-25 11:43:17.775353,2026-07-25 11:43:17.775353
2013,13,5,131,68,2026-07-25 11:43:17.775362,2026-07-25 11:43:17.775362,2026-07-25 11:43:17.775362
2014,14,5,420,51,2026-07-25 11:43:17.775371,2026-07-25 11:43:17.775371,2026-07-25 11:43:17.775371
2015,15,5,494,66,2026-07-25 11:43:17.775380,2026-07-25 11:43:17.775380,2026-07-25 11:43:17.775380
2016,16,5,328,67,2026-07-25 11:43:17.775389,2026-07-25 11:43:17.775389,2026-07-25 11:43:17.775389
2017,17,5,251,49,2026-07-25 11:43:17.775398,2026-07-25 11:43:17.775398,2026-07-25 11:43:17.775398
2018,18,5,86,66,2026-07-25 11:43:17.775407,2026-07-25 11:43:17.775407,2026-07-25 11:43:17.775407
2019,19,5,407,42,2026-07-25 11:43:17.775416,2026-07-25 11:43:17.775416,2026-07-25 11:43:17.775416
2020,20,5,86,28,2026-07-25 11:43:17.775425,2026-07-25 11:43:17.775425,2026-07-25 11:43:17.775425
2021,21,5,368,54,2026-07-25 11:43:17.775434,2026-07-25 11:43:17.775434,2026-07-25 11:43:17.775434
2022,22,5,250,31,2026-07-25 11:43:17.775443,2026-07-25 11:43:17.775443,2026-07-25 11:43:17.775443
2023,23,5,469,76,2026-07-25 11:43:17.775452,2026-07-25 11:43:17.775452,2026-07-25 11:43:17.775452
2024,24,5,277,61,2026-07-25 11:43:17.775461,2026-07-25 11:43:17.775461,2026-07-25 11:43:17.775461
2025,25,5,490,23,2026-07-25 11:43:17.775469,2026-07-25 11:43:17.775469,2026-07-25 11:43:17.775469
2026,26,5,268,22,2026-07-25 11:43:17.775478,2026-07-25 11:43:17.775478,2026-07-25 11:43:17.775478
2027,27,5,429,74,2026-07-25 11:43:17.775487,2026-07-25 11:43:17.775487,2026-07-25 11:43:17.775487
2028,28,5,38,80,2026-07-25 11:43:17.775498,2026-07-25 11:43:17.775498,2026-07-25 11:43:17.775498
2029,29,5,418,62,2026-07-25 11:43:17.775507,2026-07-25 11:43:17.775507,2026-07-25 11:43:17.775507
2030,30,5,24,68,2026-07-25 11:43:17.775516,2026-07-25 11:43:17.775516,2026-07-25 11:43:17.775516
2031,31,5,3,46,2026-07-25 11:43:17.775525,2026-07-25 11:43:17.775525,2026-07-25 11:43:17.775525
2032,32,5,70,73,2026-07-25 11:43:17.775534,2026-07-25 11:43:17.775534,2026-07-25 11:43:17.775534
2033,33,5,322,34,2026-07-25 11:43:17.775543,2026-07-25 11:43:17.775543,2026-07-25 11:43:17.775543
2034,34,5,34,65,2026-07-25 11:43:17.775552,2026-07-25 11:43:17.775552,2026-07-25 11:43:17.775552
2035,35,5,77,20,2026-07-25 11:43:17.775562,2026-07-25 11:43:17.775562,2026-07-25 11:43:17.775562
2036,36,5,111,52,2026-07-25 11:43:17.775572,2026-07-25 11:43:17.775572,2026-07-25 11:43:17.775572
2037,37,5,233,43,2026-07-25 11:43:17.775581,2026-07-25 11:43:17.775581,2026-07-25 11:43:17.775581
2038,38,5,30,59,2026-07-25 11:43:17.775591,2026-07-25 11:43:17.775591,2026-07-25 11:43:17.775591
2039,39,5,326,62,2026-07-25 11:43:17.775601,2026-07-25 11:43:17.775601,2026-07-25 11:43:17.775601
2040,40,5,478,59,2026-07-25 11:43:17.775611,2026-07-25 11:43:17.775611,2026-07-25 11:43:17.775611
2041,41,5,467,50,2026-07-25 11:43:17.775621,2026-07-25 11:43:17.775621,2026-07-25 11:43:17.775621
2042,42,5,337,51,2026-07-25 11:43:17.775630,2026-07-25 11:43:17.775630,2026-07-25 11:43:17.775630
2043,43,5,8,20,2026-07-25 11:43:17.775640,2026-07-25 11:43:17.775640,2026-07-25 11:43:17.775640
2044,44,5,272,55,2026-07-25 11:43:17.775650,2026-07-25 11:43:17.775650,2026-07-25 11:43:17.775650
2045,45,5,210,20,2026-07-25 11:43:17.775660,2026-07-25 11:43:17.775660,2026-07-25 11:43:17.775660
2046,46,5,8,53,2026-07-25 11:43:17.775669,2026-07-25 11:43:17.775669,2026-07-25 11:43:17.775669
2047,47,5,369,37,2026-07-25 11:43:17.775679,2026-07-25 11:43:17.775679,2026-07-25 11:43:17.775679
2048,48,5,274,38,2026-07-25 11:43:17.775689,2026-07-25 11:43:17.775689,2026-07-25 11:43:17.775689
2049,49,5,8,52,2026-07-25 11:43:17.775699,2026-07-25 11:43:17.775699,2026-07-25 11:43:17.775699
2050,50,5,416,64,2026-07-25 11:43:17.775710,2026-07-25 11:43:17.775710,2026-07-25 11:43:17.775710
2051,51,5,345,47,2026-07-25 11:43:17.775720,2026-07-25 11:43:17.775720,2026-07-25 11:43:17.775720
2052,52,5,412,80,2026-07-25 11:43:17.775730,2026-07-25 11:43:17.775730,2026-07-25 11:43:17.775730
2053,53,5,465,31,2026-07-25 11:43:17.775740,2026-07-25 11:43:17.775740,2026-07-25 11:43:17.775740
2054,54,5,54,78,2026-07-25 11:43:17.775750,2026-07-25 11:43:17.775750,2026-07-25 11:43:17.775750
2055,55,5,49,53,2026-07-25 11:43:17.775759,2026-07-25 11:43:17.775759,2026-07-25 11:43:17.775759
2056,56,5,76,35,2026-07-25 11:43:17.775769,2026-07-25 11:43:17.775769,2026-07-25 11:43:17.775769
2057,57,5,98,59,2026-07-25 11:43:17.775779,2026-07-25 11:43:17.775779,2026-07-25 11:43:17.775779
2058,58,5,269,36,2026-07-25 11:43:17.775789,2026-07-25 11:43:17.775789,2026-07-25 11:43:17.775789
2059,59,5,417,42,2026-07-25 11:43:17.775798,2026-07-25 11:43:17.775798,2026-07-25 11:43:17.775798
2060,60,5,136,70,2026-07-25 11:43:17.775808,2026-07-25 11:43:17.775808,2026-07-25 11:43:17.775808
2061,61,5,203,25,2026-07-25 11:43:17.775818,2026-07-25 11:43:17.775818,2026-07-25 11:43:17.775818
2062,62,5,191,45,2026-07-25 11:43:17.775827,2026-07-25 11:43:17.775827,2026-07-25 11:43:17.775827
2063,63,5,235,56,2026-07-25 11:43:17.775837,2026-07-25 11:43:17.775837,2026-07-25 11:43:17.775837
2064,64,5,124,64,2026-07-25 11:43:17.775847,2026-07-25 11:43:17.775847,2026-07-25 11:43:17.775847
2065,65,5,115,39,2026-07-25 11:43:17.775857,2026-07-25 11:43:17.775857,2026-07-25 11:43:17.775857
2066,66,5,350,72,2026-07-25 11:43:17.775866,2026-07-25 11:43:17.775866,2026-07-25 11:43:17.775866
2067,67,5,434,25,2026-07-25 11:43:17.775876,2026-07-25 11:43:17.775876,2026-07-25 11:43:17.775876
2068,68,5,334,74,2026-07-25 11:43:17.775886,2026-07-25 11:43:17.775886,2026-07-25 11:43:17.775886
2069,69,5,332,68,2026-07-25 11:43:17.775895,2026-07-25 11:43:17.775895,2026-07-25 11:43:17.775895
2070,70,5,16,25,2026-07-25 11:43:17.775905,2026-07-25 11:43:17.775905,2026-07-25 11:43:17.775905
2071,71,5,207,44,2026-07-25 11:43:17.775915,2026-07-25 11:43:17.775915,2026-07-25 11:43:17.775915
2072,72,5,193,55,2026-07-25 11:43:17.775925,2026-07-25 11:43:17.775925,2026-07-25 11:43:17.775925
2073,73,5,243,23,2026-07-25 11:43:17.775934,2026-07-25 11:43:17.775934,2026-07-25 11:43:17.775934
2074,74,5,326,20,2026-07-25 11:43:17.775944,2026-07-25 11:43:17.775944,2026-07-25 11:43:17.775944
2075,75,5,359,30,2026-07-25 11:43:17.775954,2026-07-25 11:43:17.775954,2026-07-25 11:43:17.775954
2076,76,5,42,51,2026-07-25 11:43:17.775964,2026-07-25 11:43:17.775964,2026-07-25 11:43:17.775964
2077,77,5,432,47,2026-07-25 11:43:17.775973,2026-07-25 11:43:17.775973,2026-07-25 11:43:17.775973
2078,78,5,330,70,2026-07-25 11:43:17.775983,2026-07-25 11:43:17.775983,2026-07-25 11:43:17.775983
2079,79,5,169,56,2026-07-25 11:43:17.775993,2026-07-25 11:43:17.775993,2026-07-25 11:43:17.775993
2080,80,5,500,74,2026-07-25 11:43:17.776002,2026-07-25 11:43:17.776002,2026-07-25 11:43:17.776002
2081,81,5,498,26,2026-07-25 11:43:17.776012,2026-07-25 11:43:17.776012,2026-07-25 11:43:17.776012
2082,82,5,458,53,2026-07-25 11:43:17.776023,2026-07-25 11:43:17.776023,2026-07-25 11:43:17.776023
2083,83,5,470,22,2026-07-25 11:43:17.776033,2026-07-25 11:43:17.776033,2026-07-25 11:43:17.776033
2084,84,5,117,33,2026-07-25 11:43:17.776043,2026-07-25 11:43:17.776043,2026-07-25 11:43:17.776043
2085,85,5,461,75,2026-07-25 11:43:17.776053,2026-07-25 11:43:17.776053,2026-07-25 11:43:17.776053
2086,86,5,354,76,2026-07-25 11:43:17.776062,2026-07-25 11:43:17.776062,2026-07-25 11:43:17.776062
2087,87,5,290,50,2026-07-25 11:43:17.776072,2026-07-25 11:43:17.776072,2026-07-25 11:43:17.776072
2088,88,5,138,22,2026-07-25 11:43:17.776082,2026-07-25 11:43:17.776082,2026-07-25 11:43:17.776082
2089,89,5,473,24,2026-07-25 11:43:17.776091,2026-07-25 11:43:17.776091,2026-07-25 11:43:17.776091
2090,90,5,350,79,2026-07-25 11:43:17.776101,2026-07-25 11:43:17.776101,2026-07-25 11:43:17.776101
2091,91,5,143,77,2026-07-25 11:43:17.776111,2026-07-25 11:43:17.776111,2026-07-25 11:43:17.776111
2092,92,5,278,56,2026-07-25 11:43:17.776120,2026-07-25 11:43:17.776120,2026-07-25 11:43:17.776120
2093,93,5,336,22,2026-07-25 11:43:17.776130,2026-07-25 11:43:17.776130,2026-07-25 11:43:17.776130
2094,94,5,91,79,2026-07-25 11:43:17.776140,2026-07-25 11:43:17.776140,2026-07-25 11:43:17.776140
2095,95,5,435,40,2026-07-25 11:43:17.776149,2026-07-25 11:43:17.776149,2026-07-25 11:43:17.776149
2096,96,5,8,33,2026-07-25 11:43:17.776159,2026-07-25 11:43:17.776159,2026-07-25 11:43:17.776159
2097,97,5,300,29,2026-07-25 11:43:17.776169,2026-07-25 11:43:17.776169,2026-07-25 11:43:17.776169
2098,98,5,385,72,2026-07-25 11:43:17.776178,2026-07-25 11:43:17.776178,2026-07-25 11:43:17.776178
2099,99,5,364,72,2026-07-25 11:43:17.776188,2026-07-25 11:43:17.776188,2026-07-25 11:43:17.776188
2100,100,5,203,79,2026-07-25 11:43:17.776198,2026-07-25 11:43:17.776198,2026-07-25 11:43:17.776198
2101,101,5,39,39,2026-07-25 11:43:17.776207,2026-07-25 11:43:17.776207,2026-07-25 11:43:17.776207
2102,102,5,83,56,2026-07-25 11:43:17.776217,2026-07-25 11:43:17.776217,2026-07-25 11:43:17.776217
2103,103,5,123,56,2026-07-25 11:43:17.776227,2026-07-25 11:43:17.776227,2026-07-25 11:43:17.776227
2104,104,5,427,74,2026-07-25 11:43:17.776237,2026-07-25 11:43:17.776237,2026-07-25 11:43:17.776237
2105,105,5,199,63,2026-07-25 11:43:17.776247,2026-07-25 11:43:17.776247,2026-07-25 11:43:17.776247
2106,106,5,459,54,2026-07-25 11:43:17.776256,2026-07-25 11:43:17.776256,2026-07-25 11:43:17.776256
2107,107,5,169,44,2026-07-25 11:43:17.776266,2026-07-25 11:43:17.776266,2026-07-25 11:43:17.776266
2108,108,5,386,67,2026-07-25 11:43:17.776276,2026-07-25 11:43:17.776276,2026-07-25 11:43:17.776276
2109,109,5,71,70,2026-07-25 11:43:17.776285,2026-07-25 11:43:17.776285,2026-07-25 11:43:17.776285
2110,110,5,352,66,2026-07-25 11:43:17.776295,2026-07-25 11:43:17.776295,2026-07-25 11:43:17.776295
2111,111,5,40,52,2026-07-25 11:43:17.776305,2026-07-25 11:43:17.776305,2026-07-25 11:43:17.776305
2112,112,5,381,42,2026-07-25 11:43:17.776315,2026-07-25 11:43:17.776315,2026-07-25 11:43:17.776315
2113,113,5,27,26,2026-07-25 11:43:17.776324,2026-07-25 11:43:17.776324,2026-07-25 11:43:17.776324
2114,114,5,223,34,2026-07-25 11:43:17.776334,2026-07-25 11:43:17.776334,2026-07-25 11:43:17.776334
2115,115,5,429,24,2026-07-25 11:43:17.776343,2026-07-25 11:43:17.776343,2026-07-25 11:43:17.776343
2116,116,5,174,58,2026-07-25 11:43:17.776353,2026-07-25 11:43:17.776353,2026-07-25 11:43:17.776353
2117,117,5,393,59,2026-07-25 11:43:17.776363,2026-07-25 11:43:17.776363,2026-07-25 11:43:17.776363
2118,118,5,488,58,2026-07-25 11:43:17.776372,2026-07-25 11:43:17.776372,2026-07-25 11:43:17.776372
2119,119,5,203,69,2026-07-25 11:43:17.776382,2026-07-25 11:43:17.776382,2026-07-25 11:43:17.776382
2120,120,5,167,21,2026-07-25 11:43:17.776392,2026-07-25 11:43:17.776392,2026-07-25 11:43:17.776392
2121,121,5,324,37,2026-07-25 11:43:17.776401,2026-07-25 11:43:17.776401,2026-07-25 11:43:17.776401
2122,122,5,401,48,2026-07-25 11:43:17.776411,2026-07-25 11:43:17.776411,2026-07-25 11:43:17.776411
2123,123,5,251,34,2026-07-25 11:43:17.776421,2026-07-25 11:43:17.776421,2026-07-25 11:43:17.776421
2124,124,5,182,55,2026-07-25 11:43:17.776430,2026-07-25 11:43:17.776430,2026-07-25 11:43:17.776430
2125,125,5,481,44,2026-07-25 11:43:17.776439,2026-07-25 11:43:17.776439,2026-07-25 11:43:17.776439
2126,126,5,221,31,2026-07-25 11:43:17.776448,2026-07-25 11:43:17.776448,2026-07-25 11:43:17.776448
2127,127,5,348,57,2026-07-25 11:43:17.776457,2026-07-25 11:43:17.776457,2026-07-25 11:43:17.776457
2128,128,5,338,44,2026-07-25 11:43:17.776467,2026-07-25 11:43:17.776467,2026-07-25 11:43:17.776467
2129,129,5,43,69,2026-07-25 11:43:17.776476,2026-07-25 11:43:17.776476,2026-07-25 11:43:17.776476
2130,130,5,316,38,2026-07-25 11:43:17.776485,2026-07-25 11:43:17.776485,2026-07-25 11:43:17.776485
2131,131,5,408,35,2026-07-25 11:43:17.776494,2026-07-25 11:43:17.776494,2026-07-25 11:43:17.776494
2132,132,5,365,24,2026-07-25 11:43:17.776509,2026-07-25 11:43:17.776509,2026-07-25 11:43:17.776509
2133,133,5,42,37,2026-07-25 11:43:17.776518,2026-07-25 11:43:17.776518,2026-07-25 11:43:17.776518
2134,134,5,78,44,2026-07-25 11:43:17.776526,2026-07-25 11:43:17.776526,2026-07-25 11:43:17.776526
2135,135,5,364,70,2026-07-25 11:43:17.776536,2026-07-25 11:43:17.776536,2026-07-25 11:43:17.776536
2136,136,5,324,29,2026-07-25 11:43:17.776545,2026-07-25 11:43:17.776545,2026-07-25 11:43:17.776545
2137,137,5,378,44,2026-07-25 11:43:17.776555,2026-07-25 11:43:17.776555,2026-07-25 11:43:17.776555
2138,138,5,162,43,2026-07-25 11:43:17.776565,2026-07-25 11:43:17.776565,2026-07-25 11:43:17.776565
2139,139,5,54,25,2026-07-25 11:43:17.776574,2026-07-25 11:43:17.776574,2026-07-25 11:43:17.776574
2140,140,5,2,80,2026-07-25 11:43:17.776584,2026-07-25 11:43:17.776584,2026-07-25 11:43:17.776584
2141,141,5,157,48,2026-07-25 11:43:17.776594,2026-07-25 11:43:17.776594,2026-07-25 11:43:17.776594
2142,142,5,184,68,2026-07-25 11:43:17.776604,2026-07-25 11:43:17.776604,2026-07-25 11:43:17.776604
2143,143,5,138,26,2026-07-25 11:43:17.776614,2026-07-25 11:43:17.776614,2026-07-25 11:43:17.776614
2144,144,5,67,25,2026-07-25 11:43:17.776624,2026-07-25 11:43:17.776624,2026-07-25 11:43:17.776624
2145,145,5,95,47,2026-07-25 11:43:17.776634,2026-07-25 11:43:17.776634,2026-07-25 11:43:17.776634
2146,146,5,229,55,2026-07-25 11:43:17.776644,2026-07-25 11:43:17.776644,2026-07-25 11:43:17.776644
2147,147,5,284,52,2026-07-25 11:43:17.776653,2026-07-25 11:43:17.776653,2026-07-25 11:43:17.776653
2148,148,5,208,26,2026-07-25 11:43:17.776663,2026-07-25 11:43:17.776663,2026-07-25 11:43:17.776663
2149,149,5,13,25,2026-07-25 11:43:17.776673,2026-07-25 11:43:17.776673,2026-07-25 11:43:17.776673
2150,150,5,181,55,2026-07-25 11:43:17.776682,2026-07-25 11:43:17.776682,2026-07-25 11:43:17.776682
2151,151,5,47,58,2026-07-25 11:43:17.776692,2026-07-25 11:43:17.776692,2026-07-25 11:43:17.776692
2152,152,5,306,70,2026-07-25 11:43:17.776701,2026-07-25 11:43:17.776701,2026-07-25 11:43:17.776701
2153,153,5,166,75,2026-07-25 11:43:17.776711,2026-07-25 11:43:17.776711,2026-07-25 11:43:17.776711
2154,154,5,197,20,2026-07-25 11:43:17.776721,2026-07-25 11:43:17.776721,2026-07-25 11:43:17.776721
2155,155,5,149,46,2026-07-25 11:43:17.776732,2026-07-25 11:43:17.776732,2026-07-25 11:43:17.776732
2156,156,5,198,69,2026-07-25 11:43:17.776741,2026-07-25 11:43:17.776741,2026-07-25 11:43:17.776741
2157,157,5,43,66,2026-07-25 11:43:17.777013,2026-07-25 11:43:17.777013,2026-07-25 11:43:17.777013
2158,158,5,461,55,2026-07-25 11:43:17.777027,2026-07-25 11:43:17.777027,2026-07-25 11:43:17.777027
2159,159,5,463,35,2026-07-25 11:43:17.777037,2026-07-25 11:43:17.777037,2026-07-25 11:43:17.777037
2160,160,5,292,53,2026-07-25 11:43:17.777047,2026-07-25 11:43:17.777047,2026-07-25 11:43:17.777047
2161,161,5,86,63,2026-07-25 11:43:17.777056,2026-07-25 11:43:17.777056,2026-07-25 11:43:17.777056
2162,162,5,194,30,2026-07-25 11:43:17.777065,2026-07-25 11:43:17.777065,2026-07-25 11:43:17.777065
2163,163,5,71,37,2026-07-25 11:43:17.777075,2026-07-25 11:43:17.777075,2026-07-25 11:43:17.777075
2164,164,5,154,37,2026-07-25 11:43:17.777084,2026-07-25 11:43:17.777084,2026-07-25 11:43:17.777084
2165,165,5,252,29,2026-07-25 11:43:17.777093,2026-07-25 11:43:17.777093,2026-07-25 11:43:17.777093
2166,166,5,32,30,2026-07-25 11:43:17.777102,2026-07-25 11:43:17.777102,2026-07-25 11:43:17.777102
2167,167,5,222,37,2026-07-25 11:43:17.777111,2026-07-25 11:43:17.777111,2026-07-25 11:43:17.777111
2168,168,5,215,39,2026-07-25 11:43:17.777121,2026-07-25 11:43:17.777121,2026-07-25 11:43:17.777121
2169,169,5,247,70,2026-07-25 11:43:17.777131,2026-07-25 11:43:17.777131,2026-07-25 11:43:17.777131
2170,170,5,39,43,2026-07-25 11:43:17.777141,2026-07-25 11:43:17.777141,2026-07-25 11:43:17.777141
2171,171,5,128,80,2026-07-25 11:43:17.777152,2026-07-25 11:43:17.777152,2026-07-25 11:43:17.777152
2172,172,5,126,66,2026-07-25 11:43:17.777163,2026-07-25 11:43:17.777163,2026-07-25 11:43:17.777163
2173,173,5,320,51,2026-07-25 11:43:17.777173,2026-07-25 11:43:17.777173,2026-07-25 11:43:17.777173
2174,174,5,304,59,2026-07-25 11:43:17.777185,2026-07-25 11:43:17.777185,2026-07-25 11:43:17.777185
2175,175,5,100,49,2026-07-25 11:43:17.777198,2026-07-25 11:43:17.777198,2026-07-25 11:43:17.777198
2176,176,5,54,28,2026-07-25 11:43:17.777210,2026-07-25 11:43:17.777210,2026-07-25 11:43:17.777210
2177,177,5,155,20,2026-07-25 11:43:17.777219,2026-07-25 11:43:17.777219,2026-07-25 11:43:17.777219
2178,178,5,485,45,2026-07-25 11:43:17.777230,2026-07-25 11:43:17.777230,2026-07-25 11:43:17.777230
2179,179,5,170,73,2026-07-25 11:43:17.777242,2026-07-25 11:43:17.777242,2026-07-25 11:43:17.777242
2180,180,5,317,44,2026-07-25 11:43:17.777255,2026-07-25 11:43:17.777255,2026-07-25 11:43:17.777255
2181,181,5,411,75,2026-07-25 11:43:17.777265,2026-07-25 11:43:17.777265,2026-07-25 11:43:17.777265
2182,182,5,168,48,2026-07-25 11:43:17.777275,2026-07-25 11:43:17.777275,2026-07-25 11:43:17.777275
2183,183,5,171,47,2026-07-25 11:43:17.777285,2026-07-25 11:43:17.777285,2026-07-25 11:43:17.777285
2184,184,5,417,72,2026-07-25 11:43:17.777295,2026-07-25 11:43:17.777295,2026-07-25 11:43:17.777295
2185,185,5,440,61,2026-07-25 11:43:17.777304,2026-07-25 11:43:17.777304,2026-07-25 11:43:17.777304
2186,186,5,498,58,2026-07-25 11:43:17.777314,2026-07-25 11:43:17.777314,2026-07-25 11:43:17.777314
2187,187,5,69,39,2026-07-25 11:43:17.777324,2026-07-25 11:43:17.777324,2026-07-25 11:43:17.777324
2188,188,5,164,58,2026-07-25 11:43:17.777334,2026-07-25 11:43:17.777334,2026-07-25 11:43:17.777334
2189,189,5,485,64,2026-07-25 11:43:17.777343,2026-07-25 11:43:17.777343,2026-07-25 11:43:17.777343
2190,190,5,102,50,2026-07-25 11:43:17.777353,2026-07-25 11:43:17.777353,2026-07-25 11:43:17.777353
2191,191,5,160,31,2026-07-25 11:43:17.777363,2026-07-25 11:43:17.777363,2026-07-25 11:43:17.777363
2192,192,5,493,45,2026-07-25 11:43:17.777373,2026-07-25 11:43:17.777373,2026-07-25 11:43:17.777373
2193,193,5,495,40,2026-07-25 11:43:17.777383,2026-07-25 11:43:17.777383,2026-07-25 11:43:17.777383
2194,194,5,149,67,2026-07-25 11:43:17.777392,2026-07-25 11:43:17.777392,2026-07-25 11:43:17.777392
2195,195,5,355,60,2026-07-25 11:43:17.777402,2026-07-25 11:43:17.777402,2026-07-25 11:43:17.777402
2196,196,5,251,56,2026-07-25 11:43:17.777412,2026-07-25 11:43:17.777412,2026-07-25 11:43:17.777412
2197,197,5,400,35,2026-07-25 11:43:17.777421,2026-07-25 11:43:17.777421,2026-07-25 11:43:17.777421
2198,198,5,166,44,2026-07-25 11:43:17.777431,2026-07-25 11:43:17.777431,2026-07-25 11:43:17.777431
2199,199,5,143,72,2026-07-25 11:43:17.777440,2026-07-25 11:43:17.777440,2026-07-25 11:43:17.777440
2200,200,5,402,45,2026-07-25 11:43:17.777449,2026-07-25 11:43:17.777449,2026-07-25 11:43:17.777449
2201,201,5,186,27,2026-07-25 11:43:17.777458,2026-07-25 11:43:17.777458,2026-07-25 11:43:17.777458
2202,202,5,477,56,2026-07-25 11:43:17.777467,2026-07-25 11:43:17.777467,2026-07-25 11:43:17.777467
2203,203,5,102,57,2026-07-25 11:43:17.777476,2026-07-25 11:43:17.777476,2026-07-25 11:43:17.777476
2204,204,5,279,31,2026-07-25 11:43:17.777485,2026-07-25 11:43:17.777485,2026-07-25 11:43:17.777485
2205,205,5,349,69,2026-07-25 11:43:17.777494,2026-07-25 11:43:17.777494,2026-07-25 11:43:17.777494
2206,206,5,281,21,2026-07-25 11:43:17.777506,2026-07-25 11:43:17.777506,2026-07-25 11:43:17.777506
2207,207,5,487,66,2026-07-25 11:43:17.777516,2026-07-25 11:43:17.777516,2026-07-25 11:43:17.777516
2208,208,5,236,80,2026-07-25 11:43:17.777524,2026-07-25 11:43:17.777524,2026-07-25 11:43:17.777524
2209,209,5,362,33,2026-07-25 11:43:17.777534,2026-07-25 11:43:17.777534,2026-07-25 11:43:17.777534
2210,210,5,224,71,2026-07-25 11:43:17.777543,2026-07-25 11:43:17.777543,2026-07-25 11:43:17.777543
2211,211,5,149,73,2026-07-25 11:43:17.777553,2026-07-25 11:43:17.777553,2026-07-25 11:43:17.777553
2212,212,5,354,24,2026-07-25 11:43:17.777563,2026-07-25 11:43:17.777563,2026-07-25 11:43:17.777563
2213,213,5,419,74,2026-07-25 11:43:17.777572,2026-07-25 11:43:17.777572,2026-07-25 11:43:17.777572
2214,214,5,407,70,2026-07-25 11:43:17.777582,2026-07-25 11:43:17.777582,2026-07-25 11:43:17.777582
2215,215,5,209,63,2026-07-25 11:43:17.777592,2026-07-25 11:43:17.777592,2026-07-25 11:43:17.777592
2216,216,5,255,28,2026-07-25 11:43:17.777602,2026-07-25 11:43:17.777602,2026-07-25 11:43:17.777602
2217,217,5,324,39,2026-07-25 11:43:17.777612,2026-07-25 11:43:17.777612,2026-07-25 11:43:17.777612
2218,218,5,123,36,2026-07-25 11:43:17.777621,2026-07-25 11:43:17.777621,2026-07-25 11:43:17.777621
2219,219,5,337,29,2026-07-25 11:43:17.777631,2026-07-25 11:43:17.777631,2026-07-25 11:43:17.777631
2220,220,5,366,47,2026-07-25 11:43:17.777641,2026-07-25 11:43:17.777641,2026-07-25 11:43:17.777641
2221,221,5,404,44,2026-07-25 11:43:17.777650,2026-07-25 11:43:17.777650,2026-07-25 11:43:17.777650
2222,222,5,37,48,2026-07-25 11:43:17.777660,2026-07-25 11:43:17.777660,2026-07-25 11:43:17.777660
2223,223,5,306,50,2026-07-25 11:43:17.777670,2026-07-25 11:43:17.777670,2026-07-25 11:43:17.777670
2224,224,5,298,45,2026-07-25 11:43:17.777679,2026-07-25 11:43:17.777679,2026-07-25 11:43:17.777679
2225,225,5,273,52,2026-07-25 11:43:17.777689,2026-07-25 11:43:17.777689,2026-07-25 11:43:17.777689
2226,226,5,472,78,2026-07-25 11:43:17.777699,2026-07-25 11:43:17.777699,2026-07-25 11:43:17.777699
2227,227,5,445,64,2026-07-25 11:43:17.777708,2026-07-25 11:43:17.777708,2026-07-25 11:43:17.777708
2228,228,5,214,54,2026-07-25 11:43:17.777718,2026-07-25 11:43:17.777718,2026-07-25 11:43:17.777718
2229,229,5,18,70,2026-07-25 11:43:17.777728,2026-07-25 11:43:17.777728,2026-07-25 11:43:17.777728
2230,230,5,495,43,2026-07-25 11:43:17.777738,2026-07-25 11:43:17.777738,2026-07-25 11:43:17.777738
2231,231,5,359,77,2026-07-25 11:43:17.777747,2026-07-25 11:43:17.777747,2026-07-25 11:43:17.777747
2232,232,5,415,54,2026-07-25 11:43:17.777757,2026-07-25 11:43:17.777757,2026-07-25 11:43:17.777757
2233,233,5,304,60,2026-07-25 11:43:17.777767,2026-07-25 11:43:17.777767,2026-07-25 11:43:17.777767
2234,234,5,468,25,2026-07-25 11:43:17.777777,2026-07-25 11:43:17.777777,2026-07-25 11:43:17.777777
2235,235,5,55,69,2026-07-25 11:43:17.777786,2026-07-25 11:43:17.777786,2026-07-25 11:43:17.777786
2236,236,5,127,62,2026-07-25 11:43:17.777796,2026-07-25 11:43:17.777796,2026-07-25 11:43:17.777796
2237,237,5,340,42,2026-07-25 11:43:17.777806,2026-07-25 11:43:17.777806,2026-07-25 11:43:17.777806
2238,238,5,85,61,2026-07-25 11:43:17.777815,2026-07-25 11:43:17.777815,2026-07-25 11:43:17.777815
2239,239,5,313,22,2026-07-25 11:43:17.777825,2026-07-25 11:43:17.777825,2026-07-25 11:43:17.777825
2240,240,5,288,61,2026-07-25 11:43:17.777835,2026-07-25 11:43:17.777835,2026-07-25 11:43:17.777835
2241,241,5,346,61,2026-07-25 11:43:17.777845,2026-07-25 11:43:17.777845,2026-07-25 11:43:17.777845
2242,242,5,204,68,2026-07-25 11:43:17.777854,2026-07-25 11:43:17.777854,2026-07-25 11:43:17.777854
2243,243,5,169,70,2026-07-25 11:43:17.777864,2026-07-25 11:43:17.777864,2026-07-25 11:43:17.777864
2244,244,5,220,26,2026-07-25 11:43:17.777874,2026-07-25 11:43:17.777874,2026-07-25 11:43:17.777874
2245,245,5,5,26,2026-07-25 11:43:17.777883,2026-07-25 11:43:17.777883,2026-07-25 11:43:17.777883
2246,246,5,132,34,2026-07-25 11:43:17.777893,2026-07-25 11:43:17.777893,2026-07-25 11:43:17.777893
2247,247,5,261,67,2026-07-25 11:43:17.777903,2026-07-25 11:43:17.777903,2026-07-25 11:43:17.777903
2248,248,5,265,55,2026-07-25 11:43:17.777912,2026-07-25 11:43:17.777912,2026-07-25 11:43:17.777912
2249,249,5,297,64,2026-07-25 11:43:17.777922,2026-07-25 11:43:17.777922,2026-07-25 11:43:17.777922
2250,250,5,294,34,2026-07-25 11:43:17.777932,2026-07-25 11:43:17.777932,2026-07-25 11:43:17.777932
2251,251,5,228,43,2026-07-25 11:43:17.777941,2026-07-25 11:43:17.777941,2026-07-25 11:43:17.777941
2252,252,5,200,49,2026-07-25 11:43:17.777951,2026-07-25 11:43:17.777951,2026-07-25 11:43:17.777951
2253,253,5,395,63,2026-07-25 11:43:17.777961,2026-07-25 11:43:17.777961,2026-07-25 11:43:17.777961
2254,254,5,301,64,2026-07-25 11:43:17.777970,2026-07-25 11:43:17.777970,2026-07-25 11:43:17.777970
2255,255,5,256,29,2026-07-25 11:43:17.777980,2026-07-25 11:43:17.777980,2026-07-25 11:43:17.777980
2256,256,5,176,21,2026-07-25 11:43:17.777989,2026-07-25 11:43:17.777989,2026-07-25 11:43:17.777989
2257,257,5,247,26,2026-07-25 11:43:17.777999,2026-07-25 11:43:17.777999,2026-07-25 11:43:17.777999
2258,258,5,151,46,2026-07-25 11:43:17.778009,2026-07-25 11:43:17.778009,2026-07-25 11:43:17.778009
2259,259,5,471,25,2026-07-25 11:43:17.778019,2026-07-25 11:43:17.778019,2026-07-25 11:43:17.778019
2260,260,5,59,73,2026-07-25 11:43:17.778028,2026-07-25 11:43:17.778028,2026-07-25 11:43:17.778028
2261,261,5,481,66,2026-07-25 11:43:17.778038,2026-07-25 11:43:17.778038,2026-07-25 11:43:17.778038
2262,262,5,72,42,2026-07-25 11:43:17.778048,2026-07-25 11:43:17.778048,2026-07-25 11:43:17.778048
2263,263,5,159,41,2026-07-25 11:43:17.778058,2026-07-25 11:43:17.778058,2026-07-25 11:43:17.778058
2264,264,5,233,70,2026-07-25 11:43:17.778068,2026-07-25 11:43:17.778068,2026-07-25 11:43:17.778068
2265,265,5,105,53,2026-07-25 11:43:17.778077,2026-07-25 11:43:17.778077,2026-07-25 11:43:17.778077
2266,266,5,247,42,2026-07-25 11:43:17.778087,2026-07-25 11:43:17.778087,2026-07-25 11:43:17.778087
2267,267,5,243,26,2026-07-25 11:43:17.778097,2026-07-25 11:43:17.778097,2026-07-25 11:43:17.778097
2268,268,5,224,66,2026-07-25 11:43:17.778107,2026-07-25 11:43:17.778107,2026-07-25 11:43:17.778107
2269,269,5,356,48,2026-07-25 11:43:17.778116,2026-07-25 11:43:17.778116,2026-07-25 11:43:17.778116
2270,270,5,163,24,2026-07-25 11:43:17.778126,2026-07-25 11:43:17.778126,2026-07-25 11:43:17.778126
2271,271,5,153,22,2026-07-25 11:43:17.778136,2026-07-25 11:43:17.778136,2026-07-25 11:43:17.778136
2272,272,5,414,65,2026-07-25 11:43:17.778145,2026-07-25 11:43:17.778145,2026-07-25 11:43:17.778145
2273,273,5,58,21,2026-07-25 11:43:17.778155,2026-07-25 11:43:17.778155,2026-07-25 11:43:17.778155
2274,274,5,434,41,2026-07-25 11:43:17.778165,2026-07-25 11:43:17.778165,2026-07-25 11:43:17.778165
2275,275,5,331,26,2026-07-25 11:43:17.778175,2026-07-25 11:43:17.778175,2026-07-25 11:43:17.778175
2276,276,5,346,71,2026-07-25 11:43:17.778184,2026-07-25 11:43:17.778184,2026-07-25 11:43:17.778184
2277,277,5,84,79,2026-07-25 11:43:17.778194,2026-07-25 11:43:17.778194,2026-07-25 11:43:17.778194
2278,278,5,379,35,2026-07-25 11:43:17.778204,2026-07-25 11:43:17.778204,2026-07-25 11:43:17.778204
2279,279,5,264,31,2026-07-25 11:43:17.778214,2026-07-25 11:43:17.778214,2026-07-25 11:43:17.778214
2280,280,5,282,30,2026-07-25 11:43:17.778223,2026-07-25 11:43:17.778223,2026-07-25 11:43:17.778223
2281,281,5,169,55,2026-07-25 11:43:17.778233,2026-07-25 11:43:17.778233,2026-07-25 11:43:17.778233
2282,282,5,218,49,2026-07-25 11:43:17.778269,2026-07-25 11:43:17.778269,2026-07-25 11:43:17.778269
2283,283,5,118,71,2026-07-25 11:43:17.778279,2026-07-25 11:43:17.778279,2026-07-25 11:43:17.778279
2284,284,5,207,60,2026-07-25 11:43:17.778290,2026-07-25 11:43:17.778290,2026-07-25 11:43:17.778290
2285,285,5,94,31,2026-07-25 11:43:17.778300,2026-07-25 11:43:17.778300,2026-07-25 11:43:17.778300
2286,286,5,327,62,2026-07-25 11:43:17.778310,2026-07-25 11:43:17.778310,2026-07-25 11:43:17.778310
2287,287,5,221,45,2026-07-25 11:43:17.778319,2026-07-25 11:43:17.778319,2026-07-25 11:43:17.778319
2288,288,5,14,67,2026-07-25 11:43:17.778329,2026-07-25 11:43:17.778329,2026-07-25 11:43:17.778329
2289,289,5,314,76,2026-07-25 11:43:17.778338,2026-07-25 11:43:17.778338,2026-07-25 11:43:17.778338
2290,290,5,101,48,2026-07-25 11:43:17.778348,2026-07-25 11:43:17.778348,2026-07-25 11:43:17.778348
2291,291,5,303,47,2026-07-25 11:43:17.778358,2026-07-25 11:43:17.778358,2026-07-25 11:43:17.778358
2292,292,5,199,20,2026-07-25 11:43:17.778368,2026-07-25 11:43:17.778368,2026-07-25 11:43:17.778368
2293,293,5,360,33,2026-07-25 11:43:17.778377,2026-07-25 11:43:17.778377,2026-07-25 11:43:17.778377
2294,294,5,105,37,2026-07-25 11:43:17.778387,2026-07-25 11:43:17.778387,2026-07-25 11:43:17.778387
2295,295,5,385,65,2026-07-25 11:43:17.778396,2026-07-25 11:43:17.778396,2026-07-25 11:43:17.778396
2296,296,5,414,70,2026-07-25 11:43:17.778406,2026-07-25 11:43:17.778406,2026-07-25 11:43:17.778406
2297,297,5,32,56,2026-07-25 11:43:17.778416,2026-07-25 11:43:17.778416,2026-07-25 11:43:17.778416
2298,298,5,52,71,2026-07-25 11:43:17.778426,2026-07-25 11:43:17.778426,2026-07-25 11:43:17.778426
2299,299,5,446,54,2026-07-25 11:43:17.778435,2026-07-25 11:43:17.778435,2026-07-25 11:43:17.778435
2300,300,5,95,43,2026-07-25 11:43:17.778444,2026-07-25 11:43:17.778444,2026-07-25 11:43:17.778444
2301,301,5,166,32,2026-07-25 11:43:17.778453,2026-07-25 11:43:17.778453,2026-07-25 11:43:17.778453
2302,302,5,234,27,2026-07-25 11:43:17.778462,2026-07-25 11:43:17.778462,2026-07-25 11:43:17.778462
2303,303,5,134,62,2026-07-25 11:43:17.778471,2026-07-25 11:43:17.778471,2026-07-25 11:43:17.778471
2304,304,5,441,51,2026-07-25 11:43:17.778480,2026-07-25 11:43:17.778480,2026-07-25 11:43:17.778480
2305,305,5,270,60,2026-07-25 11:43:17.778489,2026-07-25 11:43:17.778489,2026-07-25 11:43:17.778489
2306,306,5,160,58,2026-07-25 11:43:17.778498,2026-07-25 11:43:17.778498,2026-07-25 11:43:17.778498
2307,307,5,198,59,2026-07-25 11:43:17.778507,2026-07-25 11:43:17.778507,2026-07-25 11:43:17.778507
2308,308,5,200,57,2026-07-25 11:43:17.778516,2026-07-25 11:43:17.778516,2026-07-25 11:43:17.778516
2309,309,5,58,42,2026-07-25 11:43:17.778524,2026-07-25 11:43:17.778524,2026-07-25 11:43:17.778524
2310,310,5,180,74,2026-07-25 11:43:17.778533,2026-07-25 11:43:17.778533,2026-07-25 11:43:17.778533
2311,311,5,234,59,2026-07-25 11:43:17.778543,2026-07-25 11:43:17.778543,2026-07-25 11:43:17.778543
2312,312,5,88,72,2026-07-25 11:43:17.778552,2026-07-25 11:43:17.778552,2026-07-25 11:43:17.778552
2313,313,5,344,65,2026-07-25 11:43:17.778562,2026-07-25 11:43:17.778562,2026-07-25 11:43:17.778562
2314,314,5,409,39,2026-07-25 11:43:17.778572,2026-07-25 11:43:17.778572,2026-07-25 11:43:17.778572
2315,315,5,470,59,2026-07-25 11:43:17.778581,2026-07-25 11:43:17.778581,2026-07-25 11:43:17.778581
2316,316,5,302,25,2026-07-25 11:43:17.778591,2026-07-25 11:43:17.778591,2026-07-25 11:43:17.778591
2317,317,5,344,28,2026-07-25 11:43:17.778601,2026-07-25 11:43:17.778601,2026-07-25 11:43:17.778601
2318,318,5,160,27,2026-07-25 11:43:17.778611,2026-07-25 11:43:17.778611,2026-07-25 11:43:17.778611
2319,319,5,122,39,2026-07-25 11:43:17.778620,2026-07-25 11:43:17.778620,2026-07-25 11:43:17.778620
2320,320,5,59,31,2026-07-25 11:43:17.778630,2026-07-25 11:43:17.778630,2026-07-25 11:43:17.778630
2321,321,5,191,64,2026-07-25 11:43:17.778640,2026-07-25 11:43:17.778640,2026-07-25 11:43:17.778640
2322,322,5,72,52,2026-07-25 11:43:17.778649,2026-07-25 11:43:17.778649,2026-07-25 11:43:17.778649
2323,323,5,198,46,2026-07-25 11:43:17.778659,2026-07-25 11:43:17.778659,2026-07-25 11:43:17.778659
2324,324,5,305,28,2026-07-25 11:43:17.778668,2026-07-25 11:43:17.778668,2026-07-25 11:43:17.778668
2325,325,5,294,44,2026-07-25 11:43:17.778678,2026-07-25 11:43:17.778678,2026-07-25 11:43:17.778678
2326,326,5,216,31,2026-07-25 11:43:17.778687,2026-07-25 11:43:17.778687,2026-07-25 11:43:17.778687
2327,327,5,249,60,2026-07-25 11:43:17.778697,2026-07-25 11:43:17.778697,2026-07-25 11:43:17.778697
2328,328,5,275,64,2026-07-25 11:43:17.778707,2026-07-25 11:43:17.778707,2026-07-25 11:43:17.778707
2329,329,5,470,61,2026-07-25 11:43:17.778717,2026-07-25 11:43:17.778717,2026-07-25 11:43:17.778717
2330,330,5,476,31,2026-07-25 11:43:17.778727,2026-07-25 11:43:17.778727,2026-07-25 11:43:17.778727
2331,331,5,284,30,2026-07-25 11:43:17.778736,2026-07-25 11:43:17.778736,2026-07-25 11:43:17.778736
2332,332,5,250,38,2026-07-25 11:43:17.778746,2026-07-25 11:43:17.778746,2026-07-25 11:43:17.778746
2333,333,5,71,31,2026-07-25 11:43:17.778756,2026-07-25 11:43:17.778756,2026-07-25 11:43:17.778756
2334,334,5,161,73,2026-07-25 11:43:17.778765,2026-07-25 11:43:17.778765,2026-07-25 11:43:17.778765
2335,335,5,230,59,2026-07-25 11:43:17.778775,2026-07-25 11:43:17.778775,2026-07-25 11:43:17.778775
2336,336,5,27,75,2026-07-25 11:43:17.778785,2026-07-25 11:43:17.778785,2026-07-25 11:43:17.778785
2337,337,5,183,80,2026-07-25 11:43:17.778798,2026-07-25 11:43:17.778798,2026-07-25 11:43:17.778798
2338,338,5,4,51,2026-07-25 11:43:17.778808,2026-07-25 11:43:17.778808,2026-07-25 11:43:17.778808
2339,339,5,69,32,2026-07-25 11:43:17.778818,2026-07-25 11:43:17.778818,2026-07-25 11:43:17.778818
2340,340,5,417,44,2026-07-25 11:43:17.778827,2026-07-25 11:43:17.778827,2026-07-25 11:43:17.778827
2341,341,5,493,55,2026-07-25 11:43:17.778837,2026-07-25 11:43:17.778837,2026-07-25 11:43:17.778837
2342,342,5,258,61,2026-07-25 11:43:17.778847,2026-07-25 11:43:17.778847,2026-07-25 11:43:17.778847
2343,343,5,253,46,2026-07-25 11:43:17.778857,2026-07-25 11:43:17.778857,2026-07-25 11:43:17.778857
2344,344,5,350,51,2026-07-25 11:43:17.778867,2026-07-25 11:43:17.778867,2026-07-25 11:43:17.778867
2345,345,5,212,65,2026-07-25 11:43:17.778876,2026-07-25 11:43:17.778876,2026-07-25 11:43:17.778876
2346,346,5,430,48,2026-07-25 11:43:17.778886,2026-07-25 11:43:17.778886,2026-07-25 11:43:17.778886
2347,347,5,250,30,2026-07-25 11:43:17.778896,2026-07-25 11:43:17.778896,2026-07-25 11:43:17.778896
2348,348,5,42,56,2026-07-25 11:43:17.778905,2026-07-25 11:43:17.778905,2026-07-25 11:43:17.778905
2349,349,5,15,70,2026-07-25 11:43:17.778915,2026-07-25 11:43:17.778915,2026-07-25 11:43:17.778915
2350,350,5,389,34,2026-07-25 11:43:17.778925,2026-07-25 11:43:17.778925,2026-07-25 11:43:17.778925
2351,351,5,149,22,2026-07-25 11:43:17.778934,2026-07-25 11:43:17.778934,2026-07-25 11:43:17.778934
2352,352,5,140,34,2026-07-25 11:43:17.778944,2026-07-25 11:43:17.778944,2026-07-25 11:43:17.778944
2353,353,5,275,38,2026-07-25 11:43:17.778954,2026-07-25 11:43:17.778954,2026-07-25 11:43:17.778954
2354,354,5,86,69,2026-07-25 11:43:17.778964,2026-07-25 11:43:17.778964,2026-07-25 11:43:17.778964
2355,355,5,234,56,2026-07-25 11:43:17.778973,2026-07-25 11:43:17.778973,2026-07-25 11:43:17.778973
2356,356,5,380,69,2026-07-25 11:43:17.778983,2026-07-25 11:43:17.778983,2026-07-25 11:43:17.778983
2357,357,5,392,51,2026-07-25 11:43:17.778993,2026-07-25 11:43:17.778993,2026-07-25 11:43:17.778993
2358,358,5,281,52,2026-07-25 11:43:17.779003,2026-07-25 11:43:17.779003,2026-07-25 11:43:17.779003
2359,359,5,57,56,2026-07-25 11:43:17.779012,2026-07-25 11:43:17.779012,2026-07-25 11:43:17.779012
2360,360,5,58,37,2026-07-25 11:43:17.779022,2026-07-25 11:43:17.779022,2026-07-25 11:43:17.779022
2361,361,5,396,54,2026-07-25 11:43:17.779032,2026-07-25 11:43:17.779032,2026-07-25 11:43:17.779032
2362,362,5,421,43,2026-07-25 11:43:17.779043,2026-07-25 11:43:17.779043,2026-07-25 11:43:17.779043
2363,363,5,277,72,2026-07-25 11:43:17.779052,2026-07-25 11:43:17.779052,2026-07-25 11:43:17.779052
2364,364,5,387,22,2026-07-25 11:43:17.779062,2026-07-25 11:43:17.779062,2026-07-25 11:43:17.779062
2365,365,5,389,66,2026-07-25 11:43:17.779072,2026-07-25 11:43:17.779072,2026-07-25 11:43:17.779072
2366,366,5,225,54,2026-07-25 11:43:17.779082,2026-07-25 11:43:17.779082,2026-07-25 11:43:17.779082
2367,367,5,111,47,2026-07-25 11:43:17.779091,2026-07-25 11:43:17.779091,2026-07-25 11:43:17.779091
2368,368,5,52,67,2026-07-25 11:43:17.779101,2026-07-25 11:43:17.779101,2026-07-25 11:43:17.779101
2369,369,5,424,61,2026-07-25 11:43:17.779111,2026-07-25 11:43:17.779111,2026-07-25 11:43:17.779111
2370,370,5,384,35,2026-07-25 11:43:17.779120,2026-07-25 11:43:17.779120,2026-07-25 11:43:17.779120
2371,371,5,152,75,2026-07-25 11:43:17.779130,2026-07-25 11:43:17.779130,2026-07-25 11:43:17.779130
2372,372,5,16,48,2026-07-25 11:43:17.779140,2026-07-25 11:43:17.779140,2026-07-25 11:43:17.779140
2373,373,5,134,42,2026-07-25 11:43:17.779150,2026-07-25 11:43:17.779150,2026-07-25 11:43:17.779150
2374,374,5,441,72,2026-07-25 11:43:17.779160,2026-07-25 11:43:17.779160,2026-07-25 11:43:17.779160
2375,375,5,44,48,2026-07-25 11:43:17.779170,2026-07-25 11:43:17.779170,2026-07-25 11:43:17.779170
2376,376,5,443,27,2026-07-25 11:43:17.779179,2026-07-25 11:43:17.779179,2026-07-25 11:43:17.779179
2377,377,5,397,71,2026-07-25 11:43:17.779189,2026-07-25 11:43:17.779189,2026-07-25 11:43:17.779189
2378,378,5,121,33,2026-07-25 11:43:17.779199,2026-07-25 11:43:17.779199,2026-07-25 11:43:17.779199
2379,379,5,415,67,2026-07-25 11:43:17.779209,2026-07-25 11:43:17.779209,2026-07-25 11:43:17.779209
2380,380,5,301,64,2026-07-25 11:43:17.779218,2026-07-25 11:43:17.779218,2026-07-25 11:43:17.779218
2381,381,5,179,75,2026-07-25 11:43:17.779228,2026-07-25 11:43:17.779228,2026-07-25 11:43:17.779228
2382,382,5,363,59,2026-07-25 11:43:17.779238,2026-07-25 11:43:17.779238,2026-07-25 11:43:17.779238
2383,383,5,323,47,2026-07-25 11:43:17.779247,2026-07-25 11:43:17.779247,2026-07-25 11:43:17.779247
2384,384,5,84,59,2026-07-25 11:43:17.779257,2026-07-25 11:43:17.779257,2026-07-25 11:43:17.779257
2385,385,5,71,70,2026-07-25 11:43:17.779267,2026-07-25 11:43:17.779267,2026-07-25 11:43:17.779267
2386,386,5,105,72,2026-07-25 11:43:17.779277,2026-07-25 11:43:17.779277,2026-07-25 11:43:17.779277
2387,387,5,105,71,2026-07-25 11:43:17.779286,2026-07-25 11:43:17.779286,2026-07-25 11:43:17.779286
2388,388,5,30,56,2026-07-25 11:43:17.779296,2026-07-25 11:43:17.779296,2026-07-25 11:43:17.779296
2389,389,5,179,54,2026-07-25 11:43:17.779306,2026-07-25 11:43:17.779306,2026-07-25 11:43:17.779306
2390,390,5,143,58,2026-07-25 11:43:17.779316,2026-07-25 11:43:17.779316,2026-07-25 11:43:17.779316
2391,391,5,275,30,2026-07-25 11:43:17.779325,2026-07-25 11:43:17.779325,2026-07-25 11:43:17.779325
2392,392,5,165,65,2026-07-25 11:43:17.779335,2026-07-25 11:43:17.779335,2026-07-25 11:43:17.779335
2393,393,5,149,38,2026-07-25 11:43:17.779345,2026-07-25 11:43:17.779345,2026-07-25 11:43:17.779345
2394,394,5,293,37,2026-07-25 11:43:17.779354,2026-07-25 11:43:17.779354,2026-07-25 11:43:17.779354
2395,395,5,487,74,2026-07-25 11:43:17.779364,2026-07-25 11:43:17.779364,2026-07-25 11:43:17.779364
2396,396,5,263,77,2026-07-25 11:43:17.779374,2026-07-25 11:43:17.779374,2026-07-25 11:43:17.779374
2397,397,5,347,72,2026-07-25 11:43:17.779384,2026-07-25 11:43:17.779384,2026-07-25 11:43:17.779384
2398,398,5,48,28,2026-07-25 11:43:17.779394,2026-07-25 11:43:17.779394,2026-07-25 11:43:17.779394
2399,399,5,492,68,2026-07-25 11:43:17.779404,2026-07-25 11:43:17.779404,2026-07-25 11:43:17.779404
2400,400,5,402,46,2026-07-25 11:43:17.779413,2026-07-25 11:43:17.779413,2026-07-25 11:43:17.779413
2401,401,5,470,23,2026-07-25 11:43:17.779423,2026-07-25 11:43:17.779423,2026-07-25 11:43:17.779423
2402,402,5,141,75,2026-07-25 11:43:17.779433,2026-07-25 11:43:17.779433,2026-07-25 11:43:17.779433
2403,403,5,335,28,2026-07-25 11:43:17.779442,2026-07-25 11:43:17.779442,2026-07-25 11:43:17.779442
2404,404,5,359,75,2026-07-25 11:43:17.779451,2026-07-25 11:43:17.779451,2026-07-25 11:43:17.779451
2405,405,5,67,35,2026-07-25 11:43:17.779460,2026-07-25 11:43:17.779460,2026-07-25 11:43:17.779460
2406,406,5,74,65,2026-07-25 11:43:17.779469,2026-07-25 11:43:17.779469,2026-07-25 11:43:17.779469
2407,407,5,164,73,2026-07-25 11:43:17.779478,2026-07-25 11:43:17.779478,2026-07-25 11:43:17.779478
2408,408,5,126,68,2026-07-25 11:43:17.779487,2026-07-25 11:43:17.779487,2026-07-25 11:43:17.779487
2409,409,5,431,63,2026-07-25 11:43:17.779498,2026-07-25 11:43:17.779498,2026-07-25 11:43:17.779498
2410,410,5,201,51,2026-07-25 11:43:17.779507,2026-07-25 11:43:17.779507,2026-07-25 11:43:17.779507
2411,411,5,72,56,2026-07-25 11:43:17.779515,2026-07-25 11:43:17.779515,2026-07-25 11:43:17.779515
2412,412,5,323,37,2026-07-25 11:43:17.779524,2026-07-25 11:43:17.779524,2026-07-25 11:43:17.779524
2413,413,5,321,46,2026-07-25 11:43:17.779533,2026-07-25 11:43:17.779533,2026-07-25 11:43:17.779533
2414,414,5,192,48,2026-07-25 11:43:17.779543,2026-07-25 11:43:17.779543,2026-07-25 11:43:17.779543
2415,415,5,38,60,2026-07-25 11:43:17.779553,2026-07-25 11:43:17.779553,2026-07-25 11:43:17.779553
2416,416,5,406,76,2026-07-25 11:43:17.779562,2026-07-25 11:43:17.779562,2026-07-25 11:43:17.779562
2417,417,5,393,25,2026-07-25 11:43:17.779572,2026-07-25 11:43:17.779572,2026-07-25 11:43:17.779572
2418,418,5,206,52,2026-07-25 11:43:17.779582,2026-07-25 11:43:17.779582,2026-07-25 11:43:17.779582
2419,419,5,383,37,2026-07-25 11:43:17.779592,2026-07-25 11:43:17.779592,2026-07-25 11:43:17.779592
2420,420,5,355,79,2026-07-25 11:43:17.779601,2026-07-25 11:43:17.779601,2026-07-25 11:43:17.779601
2421,421,5,449,43,2026-07-25 11:43:17.779611,2026-07-25 11:43:17.779611,2026-07-25 11:43:17.779611
2422,422,5,232,80,2026-07-25 11:43:17.779621,2026-07-25 11:43:17.779621,2026-07-25 11:43:17.779621
2423,423,5,249,40,2026-07-25 11:43:17.779630,2026-07-25 11:43:17.779630,2026-07-25 11:43:17.779630
2424,424,5,297,20,2026-07-25 11:43:17.779640,2026-07-25 11:43:17.779640,2026-07-25 11:43:17.779640
2425,425,5,444,69,2026-07-25 11:43:17.779650,2026-07-25 11:43:17.779650,2026-07-25 11:43:17.779650
2426,426,5,433,66,2026-07-25 11:43:17.779660,2026-07-25 11:43:17.779660,2026-07-25 11:43:17.779660
2427,427,5,47,66,2026-07-25 11:43:17.779670,2026-07-25 11:43:17.779670,2026-07-25 11:43:17.779670
2428,428,5,497,49,2026-07-25 11:43:17.779679,2026-07-25 11:43:17.779679,2026-07-25 11:43:17.779679
2429,429,5,325,62,2026-07-25 11:43:17.779689,2026-07-25 11:43:17.779689,2026-07-25 11:43:17.779689
2430,430,5,357,42,2026-07-25 11:43:17.779699,2026-07-25 11:43:17.779699,2026-07-25 11:43:17.779699
2431,431,5,435,24,2026-07-25 11:43:17.779708,2026-07-25 11:43:17.779708,2026-07-25 11:43:17.779708
2432,432,5,407,54,2026-07-25 11:43:17.779718,2026-07-25 11:43:17.779718,2026-07-25 11:43:17.779718
2433,433,5,203,33,2026-07-25 11:43:17.779728,2026-07-25 11:43:17.779728,2026-07-25 11:43:17.779728
2434,434,5,495,47,2026-07-25 11:43:17.779737,2026-07-25 11:43:17.779737,2026-07-25 11:43:17.779737
2435,435,5,422,33,2026-07-25 11:43:17.779747,2026-07-25 11:43:17.779747,2026-07-25 11:43:17.779747
2436,436,5,253,37,2026-07-25 11:43:17.779757,2026-07-25 11:43:17.779757,2026-07-25 11:43:17.779757
2437,437,5,165,73,2026-07-25 11:43:17.779766,2026-07-25 11:43:17.779766,2026-07-25 11:43:17.779766
2438,438,5,145,41,2026-07-25 11:43:17.779776,2026-07-25 11:43:17.779776,2026-07-25 11:43:17.779776
2439,439,5,280,56,2026-07-25 11:43:17.779786,2026-07-25 11:43:17.779786,2026-07-25 11:43:17.779786
2440,440,5,66,56,2026-07-25 11:43:17.779797,2026-07-25 11:43:17.779797,2026-07-25 11:43:17.779797
2441,441,5,436,51,2026-07-25 11:43:17.779807,2026-07-25 11:43:17.779807,2026-07-25 11:43:17.779807
2442,442,5,403,41,2026-07-25 11:43:17.779817,2026-07-25 11:43:17.779817,2026-07-25 11:43:17.779817
2443,443,5,457,63,2026-07-25 11:43:17.779826,2026-07-25 11:43:17.779826,2026-07-25 11:43:17.779826
2444,444,5,390,23,2026-07-25 11:43:17.779836,2026-07-25 11:43:17.779836,2026-07-25 11:43:17.779836
2445,445,5,23,26,2026-07-25 11:43:17.779846,2026-07-25 11:43:17.779846,2026-07-25 11:43:17.779846
2446,446,5,320,70,2026-07-25 11:43:17.779855,2026-07-25 11:43:17.779855,2026-07-25 11:43:17.779855
2447,447,5,428,49,2026-07-25 11:43:17.779865,2026-07-25 11:43:17.779865,2026-07-25 11:43:17.779865
2448,448,5,8,27,2026-07-25 11:43:17.779875,2026-07-25 11:43:17.779875,2026-07-25 11:43:17.779875
2449,449,5,475,74,2026-07-25 11:43:17.779884,2026-07-25 11:43:17.779884,2026-07-25 11:43:17.779884
2450,450,5,80,48,2026-07-25 11:43:17.779894,2026-07-25 11:43:17.779894,2026-07-25 11:43:17.779894
2451,451,5,233,20,2026-07-25 11:43:17.779904,2026-07-25 11:43:17.779904,2026-07-25 11:43:17.779904
2452,452,5,490,47,2026-07-25 11:43:17.779914,2026-07-25 11:43:17.779914,2026-07-25 11:43:17.779914
2453,453,5,103,64,2026-07-25 11:43:17.779924,2026-07-25 11:43:17.779924,2026-07-25 11:43:17.779924
2454,454,5,465,28,2026-07-25 11:43:17.779933,2026-07-25 11:43:17.779933,2026-07-25 11:43:17.779933
2455,455,5,451,61,2026-07-25 11:43:17.779943,2026-07-25 11:43:17.779943,2026-07-25 11:43:17.779943
2456,456,5,154,30,2026-07-25 11:43:17.779953,2026-07-25 11:43:17.779953,2026-07-25 11:43:17.779953
2457,457,5,447,79,2026-07-25 11:43:17.779962,2026-07-25 11:43:17.779962,2026-07-25 11:43:17.779962
2458,458,5,448,37,2026-07-25 11:43:17.779972,2026-07-25 11:43:17.779972,2026-07-25 11:43:17.779972
2459,459,5,47,61,2026-07-25 11:43:17.779982,2026-07-25 11:43:17.779982,2026-07-25 11:43:17.779982
2460,460,5,184,36,2026-07-25 11:43:17.779991,2026-07-25 11:43:17.779991,2026-07-25 11:43:17.779991
2461,461,5,42,43,2026-07-25 11:43:17.780001,2026-07-25 11:43:17.780001,2026-07-25 11:43:17.780001
2462,462,5,340,77,2026-07-25 11:43:17.780011,2026-07-25 11:43:17.780011,2026-07-25 11:43:17.780011
2463,463,5,332,30,2026-07-25 11:43:17.780020,2026-07-25 11:43:17.780020,2026-07-25 11:43:17.780020
2464,464,5,26,45,2026-07-25 11:43:17.780030,2026-07-25 11:43:17.780030,2026-07-25 11:43:17.780030
2465,465,5,320,39,2026-07-25 11:43:17.780040,2026-07-25 11:43:17.780040,2026-07-25 11:43:17.780040
2466,466,5,371,64,2026-07-25 11:43:17.780049,2026-07-25 11:43:17.780049,2026-07-25 11:43:17.780049
2467,467,5,386,34,2026-07-25 11:43:17.780059,2026-07-25 11:43:17.780059,2026-07-25 11:43:17.780059
2468,468,5,219,61,2026-07-25 11:43:17.780069,2026-07-25 11:43:17.780069,2026-07-25 11:43:17.780069
2469,469,5,46,65,2026-07-25 11:43:17.780079,2026-07-25 11:43:17.780079,2026-07-25 11:43:17.780079
2470,470,5,48,20,2026-07-25 11:43:17.780088,2026-07-25 11:43:17.780088,2026-07-25 11:43:17.780088
2471,471,5,109,50,2026-07-25 11:43:17.780098,2026-07-25 11:43:17.780098,2026-07-25 11:43:17.780098
2472,472,5,39,28,2026-07-25 11:43:17.780107,2026-07-25 11:43:17.780107,2026-07-25 11:43:17.780107
2473,473,5,303,34,2026-07-25 11:43:17.780117,2026-07-25 11:43:17.780117,2026-07-25 11:43:17.780117
2474,474,5,265,63,2026-07-25 11:43:17.780127,2026-07-25 11:43:17.780127,2026-07-25 11:43:17.780127
2475,475,5,227,20,2026-07-25 11:43:17.780136,2026-07-25 11:43:17.780136,2026-07-25 11:43:17.780136
2476,476,5,4,64,2026-07-25 11:43:17.780146,2026-07-25 11:43:17.780146,2026-07-25 11:43:17.780146
2477,477,5,175,72,2026-07-25 11:43:17.780156,2026-07-25 11:43:17.780156,2026-07-25 11:43:17.780156
2478,478,5,61,75,2026-07-25 11:43:17.780165,2026-07-25 11:43:17.780165,2026-07-25 11:43:17.780165
2479,479,5,216,64,2026-07-25 11:43:17.780175,2026-07-25 11:43:17.780175,2026-07-25 11:43:17.780175
2480,480,5,67,50,2026-07-25 11:43:17.780185,2026-07-25 11:43:17.780185,2026-07-25 11:43:17.780185
2481,481,5,36,34,2026-07-25 11:43:17.780194,2026-07-25 11:43:17.780194,2026-07-25 11:43:17.780194
2482,482,5,196,25,2026-07-25 11:43:17.780204,2026-07-25 11:43:17.780204,2026-07-25 11:43:17.780204
2483,483,5,374,71,2026-07-25 11:43:17.780214,2026-07-25 11:43:17.780214,2026-07-25 11:43:17.780214
2484,484,5,52,26,2026-07-25 11:43:17.780223,2026-07-25 11:43:17.780223,2026-07-25 11:43:17.780223
2485,485,5,160,43,2026-07-25 11:43:17.780233,2026-07-25 11:43:17.780233,2026-07-25 11:43:17.780233
2486,486,5,451,39,2026-07-25 11:43:17.780243,2026-07-25 11:43:17.780243,2026-07-25 11:43:17.780243
2487,487,5,70,44,2026-07-25 11:43:17.780253,2026-07-25 11:43:17.780253,2026-07-25 11:43:17.780253
2488,488,5,396,72,2026-07-25 11:43:17.780262,2026-07-25 11:43:17.780262,2026-07-25 11:43:17.780262
2489,489,5,385,75,2026-07-25 11:43:17.780272,2026-07-25 11:43:17.780272,2026-07-25 11:43:17.780272
2490,490,5,68,61,2026-07-25 11:43:17.780282,2026-07-25 11:43:17.780282,2026-07-25 11:43:17.780282
2491,491,5,346,29,2026-07-25 11:43:17.780291,2026-07-25 11:43:17.780291,2026-07-25 11:43:17.780291
2492,492,5,35,53,2026-07-25 11:43:17.780305,2026-07-25 11:43:17.780305,2026-07-25 11:43:17.780305
2493,493,5,288,20,2026-07-25 11:43:17.780315,2026-07-25 11:43:17.780315,2026-07-25 11:43:17.780315
2494,494,5,312,61,2026-07-25 11:43:17.780325,2026-07-25 11:43:17.780325,2026-07-25 11:43:17.780325
2495,495,5,84,48,2026-07-25 11:43:17.780334,2026-07-25 11:43:17.780334,2026-07-25 11:43:17.780334
2496,496,5,179,66,2026-07-25 11:43:17.780344,2026-07-25 11:43:17.780344,2026-07-25 11:43:17.780344
2497,497,5,109,60,2026-07-25 11:43:17.780354,2026-07-25 11:43:17.780354,2026-07-25 11:43:17.780354
2498,498,5,383,29,2026-07-25 11:43:17.780363,2026-07-25 11:43:17.780363,2026-07-25 11:43:17.780363
2499,499,5,470,46,2026-07-25 11:43:17.780373,2026-07-25 11:43:17.780373,2026-07-25 11:43:17.780373
2500,500,5,315,63,2026-07-25 11:43:17.780398,2026-07-25 11:43:17.780398,2026-07-25 11:43:17.780398
2501,1,6,226,75,2026-07-25 11:43:17.780576,2026-07-25 11:43:17.780576,2026-07-25 11:43:17.780576
2502,2,6,111,25,2026-07-25 11:43:17.780591,2026-07-25 11:43:17.780591,2026-07-25 11:43:17.780591
2503,3,6,459,26,2026-07-25 11:43:17.780602,2026-07-25 11:43:17.780602,2026-07-25 11:43:17.780602
2504,4,6,71,68,2026-07-25 11:43:17.780612,2026-07-25 11:43:17.780612,2026-07-25 11:43:17.780612
2505,5,6,63,57,2026-07-25 11:43:17.780623,2026-07-25 11:43:17.780623,2026-07-25 11:43:17.780623
2506,6,6,373,44,2026-07-25 11:43:17.780632,2026-07-25 11:43:17.780632,2026-07-25 11:43:17.780632
2507,7,6,179,47,2026-07-25 11:43:17.780642,2026-07-25 11:43:17.780642,2026-07-25 11:43:17.780642
2508,8,6,161,70,2026-07-25 11:43:17.780652,2026-07-25 11:43:17.780652,2026-07-25 11:43:17.780652
2509,9,6,71,35,2026-07-25 11:43:17.780662,2026-07-25 11:43:17.780662,2026-07-25 11:43:17.780662
2510,10,6,141,61,2026-07-25 11:43:17.780672,2026-07-25 11:43:17.780672,2026-07-25 11:43:17.780672
2511,11,6,43,35,2026-07-25 11:43:17.780682,2026-07-25 11:43:17.780682,2026-07-25 11:43:17.780682
2512,12,6,283,58,2026-07-25 11:43:17.780691,2026-07-25 11:43:17.780691,2026-07-25 11:43:17.780691
2513,13,6,307,66,2026-07-25 11:43:17.780701,2026-07-25 11:43:17.780701,2026-07-25 11:43:17.780701
2514,14,6,311,38,2026-07-25 11:43:17.780711,2026-07-25 11:43:17.780711,2026-07-25 11:43:17.780711
2515,15,6,398,80,2026-07-25 11:43:17.780721,2026-07-25 11:43:17.780721,2026-07-25 11:43:17.780721
2516,16,6,353,21,2026-07-25 11:43:17.780731,2026-07-25 11:43:17.780731,2026-07-25 11:43:17.780731
2517,17,6,434,74,2026-07-25 11:43:17.780740,2026-07-25 11:43:17.780740,2026-07-25 11:43:17.780740
2518,18,6,337,76,2026-07-25 11:43:17.780752,2026-07-25 11:43:17.780752,2026-07-25 11:43:17.780752
2519,19,6,154,33,2026-07-25 11:43:17.780762,2026-07-25 11:43:17.780762,2026-07-25 11:43:17.780762
2520,20,6,265,58,2026-07-25 11:43:17.780771,2026-07-25 11:43:17.780771,2026-07-25 11:43:17.780771
2521,21,6,260,32,2026-07-25 11:43:17.780781,2026-07-25 11:43:17.780781,2026-07-25 11:43:17.780781
2522,22,6,382,45,2026-07-25 11:43:17.780791,2026-07-25 11:43:17.780791,2026-07-25 11:43:17.780791
2523,23,6,151,61,2026-07-25 11:43:17.780800,2026-07-25 11:43:17.780800,2026-07-25 11:43:17.780800
2524,24,6,27,70,2026-07-25 11:43:17.780810,2026-07-25 11:43:17.780810,2026-07-25 11:43:17.780810
2525,25,6,459,70,2026-07-25 11:43:17.780820,2026-07-25 11:43:17.780820,2026-07-25 11:43:17.780820
2526,26,6,488,35,2026-07-25 11:43:17.780830,2026-07-25 11:43:17.780830,2026-07-25 11:43:17.780830
2527,27,6,253,44,2026-07-25 11:43:17.780839,2026-07-25 11:43:17.780839,2026-07-25 11:43:17.780839
2528,28,6,57,35,2026-07-25 11:43:17.780849,2026-07-25 11:43:17.780849,2026-07-25 11:43:17.780849
2529,29,6,255,60,2026-07-25 11:43:17.780859,2026-07-25 11:43:17.780859,2026-07-25 11:43:17.780859
2530,30,6,304,24,2026-07-25 11:43:17.780868,2026-07-25 11:43:17.780868,2026-07-25 11:43:17.780868
2531,31,6,270,76,2026-07-25 11:43:17.780878,2026-07-25 11:43:17.780878,2026-07-25 11:43:17.780878
2532,32,6,500,20,2026-07-25 11:43:17.780888,2026-07-25 11:43:17.780888,2026-07-25 11:43:17.780888
2533,33,6,184,79,2026-07-25 11:43:17.780898,2026-07-25 11:43:17.780898,2026-07-25 11:43:17.780898
2534,34,6,162,28,2026-07-25 11:43:17.780908,2026-07-25 11:43:17.780908,2026-07-25 11:43:17.780908
2535,35,6,198,75,2026-07-25 11:43:17.780917,2026-07-25 11:43:17.780917,2026-07-25 11:43:17.780917
2536,36,6,429,56,2026-07-25 11:43:17.780928,2026-07-25 11:43:17.780928,2026-07-25 11:43:17.780928
2537,37,6,215,43,2026-07-25 11:43:17.780938,2026-07-25 11:43:17.780938,2026-07-25 11:43:17.780938
2538,38,6,279,63,2026-07-25 11:43:17.780947,2026-07-25 11:43:17.780947,2026-07-25 11:43:17.780947
2539,39,6,88,68,2026-07-25 11:43:17.780956,2026-07-25 11:43:17.780956,2026-07-25 11:43:17.780956
2540,40,6,241,69,2026-07-25 11:43:17.780965,2026-07-25 11:43:17.780965,2026-07-25 11:43:17.780965
2541,41,6,37,21,2026-07-25 11:43:17.780974,2026-07-25 11:43:17.780974,2026-07-25 11:43:17.780974
2542,42,6,300,24,2026-07-25 11:43:17.780983,2026-07-25 11:43:17.780983,2026-07-25 11:43:17.780983
2543,43,6,7,36,2026-07-25 11:43:17.780992,2026-07-25 11:43:17.780992,2026-07-25 11:43:17.780992
2544,44,6,110,22,2026-07-25 11:43:17.781001,2026-07-25 11:43:17.781001,2026-07-25 11:43:17.781001
2545,45,6,472,23,2026-07-25 11:43:17.781010,2026-07-25 11:43:17.781010,2026-07-25 11:43:17.781010
2546,46,6,485,70,2026-07-25 11:43:17.781019,2026-07-25 11:43:17.781019,2026-07-25 11:43:17.781019
2547,47,6,203,52,2026-07-25 11:43:17.781028,2026-07-25 11:43:17.781028,2026-07-25 11:43:17.781028
2548,48,6,146,60,2026-07-25 11:43:17.781037,2026-07-25 11:43:17.781037,2026-07-25 11:43:17.781037
2549,49,6,364,52,2026-07-25 11:43:17.781047,2026-07-25 11:43:17.781047,2026-07-25 11:43:17.781047
2550,50,6,392,46,2026-07-25 11:43:17.781056,2026-07-25 11:43:17.781056,2026-07-25 11:43:17.781056
2551,51,6,216,64,2026-07-25 11:43:17.781066,2026-07-25 11:43:17.781066,2026-07-25 11:43:17.781066
2552,52,6,205,25,2026-07-25 11:43:17.781076,2026-07-25 11:43:17.781076,2026-07-25 11:43:17.781076
2553,53,6,327,54,2026-07-25 11:43:17.781086,2026-07-25 11:43:17.781086,2026-07-25 11:43:17.781086
2554,54,6,275,59,2026-07-25 11:43:17.781096,2026-07-25 11:43:17.781096,2026-07-25 11:43:17.781096
2555,55,6,78,37,2026-07-25 11:43:17.781105,2026-07-25 11:43:17.781105,2026-07-25 11:43:17.781105
2556,56,6,42,39,2026-07-25 11:43:17.781115,2026-07-25 11:43:17.781115,2026-07-25 11:43:17.781115
2557,57,6,40,52,2026-07-25 11:43:17.781125,2026-07-25 11:43:17.781125,2026-07-25 11:43:17.781125
2558,58,6,471,33,2026-07-25 11:43:17.781134,2026-07-25 11:43:17.781134,2026-07-25 11:43:17.781134
2559,59,6,498,71,2026-07-25 11:43:17.781144,2026-07-25 11:43:17.781144,2026-07-25 11:43:17.781144
2560,60,6,79,54,2026-07-25 11:43:17.781154,2026-07-25 11:43:17.781154,2026-07-25 11:43:17.781154
2561,61,6,167,45,2026-07-25 11:43:17.781163,2026-07-25 11:43:17.781163,2026-07-25 11:43:17.781163
2562,62,6,300,60,2026-07-25 11:43:17.781174,2026-07-25 11:43:17.781174,2026-07-25 11:43:17.781174
2563,63,6,390,73,2026-07-25 11:43:17.781184,2026-07-25 11:43:17.781184,2026-07-25 11:43:17.781184
2564,64,6,332,63,2026-07-25 11:43:17.781194,2026-07-25 11:43:17.781194,2026-07-25 11:43:17.781194
2565,65,6,329,24,2026-07-25 11:43:17.781203,2026-07-25 11:43:17.781203,2026-07-25 11:43:17.781203
2566,66,6,158,64,2026-07-25 11:43:17.781213,2026-07-25 11:43:17.781213,2026-07-25 11:43:17.781213
2567,67,6,223,66,2026-07-25 11:43:17.781223,2026-07-25 11:43:17.781223,2026-07-25 11:43:17.781223
2568,68,6,488,74,2026-07-25 11:43:17.781232,2026-07-25 11:43:17.781232,2026-07-25 11:43:17.781232
2569,69,6,122,23,2026-07-25 11:43:17.781242,2026-07-25 11:43:17.781242,2026-07-25 11:43:17.781242
2570,70,6,125,25,2026-07-25 11:43:17.781252,2026-07-25 11:43:17.781252,2026-07-25 11:43:17.781252
2571,71,6,473,47,2026-07-25 11:43:17.781262,2026-07-25 11:43:17.781262,2026-07-25 11:43:17.781262
2572,72,6,59,49,2026-07-25 11:43:17.781271,2026-07-25 11:43:17.781271,2026-07-25 11:43:17.781271
2573,73,6,313,58,2026-07-25 11:43:17.781281,2026-07-25 11:43:17.781281,2026-07-25 11:43:17.781281
2574,74,6,28,39,2026-07-25 11:43:17.781291,2026-07-25 11:43:17.781291,2026-07-25 11:43:17.781291
2575,75,6,341,67,2026-07-25 11:43:17.781301,2026-07-25 11:43:17.781301,2026-07-25 11:43:17.781301
2576,76,6,336,67,2026-07-25 11:43:17.781310,2026-07-25 11:43:17.781310,2026-07-25 11:43:17.781310
2577,77,6,89,27,2026-07-25 11:43:17.781320,2026-07-25 11:43:17.781320,2026-07-25 11:43:17.781320
2578,78,6,6,65,2026-07-25 11:43:17.781330,2026-07-25 11:43:17.781330,2026-07-25 11:43:17.781330
2579,79,6,70,64,2026-07-25 11:43:17.781340,2026-07-25 11:43:17.781340,2026-07-25 11:43:17.781340
2580,80,6,5,30,2026-07-25 11:43:17.781349,2026-07-25 11:43:17.781349,2026-07-25 11:43:17.781349
2581,81,6,254,80,2026-07-25 11:43:17.781359,2026-07-25 11:43:17.781359,2026-07-25 11:43:17.781359
2582,82,6,177,53,2026-07-25 11:43:17.781369,2026-07-25 11:43:17.781369,2026-07-25 11:43:17.781369
2583,83,6,264,70,2026-07-25 11:43:17.781380,2026-07-25 11:43:17.781380,2026-07-25 11:43:17.781380
2584,84,6,421,66,2026-07-25 11:43:17.781390,2026-07-25 11:43:17.781390,2026-07-25 11:43:17.781390
2585,85,6,132,30,2026-07-25 11:43:17.781400,2026-07-25 11:43:17.781400,2026-07-25 11:43:17.781400
2586,86,6,190,28,2026-07-25 11:43:17.781410,2026-07-25 11:43:17.781410,2026-07-25 11:43:17.781410
2587,87,6,383,69,2026-07-25 11:43:17.781419,2026-07-25 11:43:17.781419,2026-07-25 11:43:17.781419
2588,88,6,447,37,2026-07-25 11:43:17.781429,2026-07-25 11:43:17.781429,2026-07-25 11:43:17.781429
2589,89,6,375,76,2026-07-25 11:43:17.781439,2026-07-25 11:43:17.781439,2026-07-25 11:43:17.781439
2590,90,6,60,69,2026-07-25 11:43:17.781449,2026-07-25 11:43:17.781449,2026-07-25 11:43:17.781449
2591,91,6,460,21,2026-07-25 11:43:17.781458,2026-07-25 11:43:17.781458,2026-07-25 11:43:17.781458
2592,92,6,171,71,2026-07-25 11:43:17.781468,2026-07-25 11:43:17.781468,2026-07-25 11:43:17.781468
2593,93,6,219,37,2026-07-25 11:43:17.781477,2026-07-25 11:43:17.781477,2026-07-25 11:43:17.781477
2594,94,6,268,24,2026-07-25 11:43:17.781487,2026-07-25 11:43:17.781487,2026-07-25 11:43:17.781487
2595,95,6,134,65,2026-07-25 11:43:17.781497,2026-07-25 11:43:17.781497,2026-07-25 11:43:17.781497
2596,96,6,499,56,2026-07-25 11:43:17.781508,2026-07-25 11:43:17.781508,2026-07-25 11:43:17.781508
2597,97,6,321,24,2026-07-25 11:43:17.781518,2026-07-25 11:43:17.781518,2026-07-25 11:43:17.781518
2598,98,6,254,49,2026-07-25 11:43:17.781527,2026-07-25 11:43:17.781527,2026-07-25 11:43:17.781527
2599,99,6,261,43,2026-07-25 11:43:17.781537,2026-07-25 11:43:17.781537,2026-07-25 11:43:17.781537
2600,100,6,28,51,2026-07-25 11:43:17.781547,2026-07-25 11:43:17.781547,2026-07-25 11:43:17.781547
2601,101,6,439,56,2026-07-25 11:43:17.781556,2026-07-25 11:43:17.781556,2026-07-25 11:43:17.781556
2602,102,6,85,43,2026-07-25 11:43:17.781566,2026-07-25 11:43:17.781566,2026-07-25 11:43:17.781566
2603,103,6,80,36,2026-07-25 11:43:17.781576,2026-07-25 11:43:17.781576,2026-07-25 11:43:17.781576
2604,104,6,395,26,2026-07-25 11:43:17.781585,2026-07-25 11:43:17.781585,2026-07-25 11:43:17.781585
2605,105,6,457,56,2026-07-25 11:43:17.781595,2026-07-25 11:43:17.781595,2026-07-25 11:43:17.781595
2606,106,6,345,66,2026-07-25 11:43:17.781605,2026-07-25 11:43:17.781605,2026-07-25 11:43:17.781605
2607,107,6,59,34,2026-07-25 11:43:17.781615,2026-07-25 11:43:17.781615,2026-07-25 11:43:17.781615
2608,108,6,379,52,2026-07-25 11:43:17.781625,2026-07-25 11:43:17.781625,2026-07-25 11:43:17.781625
2609,109,6,1,22,2026-07-25 11:43:17.781634,2026-07-25 11:43:17.781634,2026-07-25 11:43:17.781634
2610,110,6,439,75,2026-07-25 11:43:17.781644,2026-07-25 11:43:17.781644,2026-07-25 11:43:17.781644
2611,111,6,6,35,2026-07-25 11:43:17.781653,2026-07-25 11:43:17.781653,2026-07-25 11:43:17.781653
2612,112,6,23,50,2026-07-25 11:43:17.781663,2026-07-25 11:43:17.781663,2026-07-25 11:43:17.781663
2613,113,6,186,44,2026-07-25 11:43:17.781673,2026-07-25 11:43:17.781673,2026-07-25 11:43:17.781673
2614,114,6,471,29,2026-07-25 11:43:17.781683,2026-07-25 11:43:17.781683,2026-07-25 11:43:17.781683
2615,115,6,91,79,2026-07-25 11:43:17.781692,2026-07-25 11:43:17.781692,2026-07-25 11:43:17.781692
2616,116,6,491,74,2026-07-25 11:43:17.781702,2026-07-25 11:43:17.781702,2026-07-25 11:43:17.781702
2617,117,6,18,55,2026-07-25 11:43:17.781712,2026-07-25 11:43:17.781712,2026-07-25 11:43:17.781712
2618,118,6,411,78,2026-07-25 11:43:17.781722,2026-07-25 11:43:17.781722,2026-07-25 11:43:17.781722
2619,119,6,365,67,2026-07-25 11:43:17.781731,2026-07-25 11:43:17.781731,2026-07-25 11:43:17.781731
2620,120,6,335,46,2026-07-25 11:43:17.781741,2026-07-25 11:43:17.781741,2026-07-25 11:43:17.781741
2621,121,6,114,40,2026-07-25 11:43:17.781751,2026-07-25 11:43:17.781751,2026-07-25 11:43:17.781751
2622,122,6,127,46,2026-07-25 11:43:17.781761,2026-07-25 11:43:17.781761,2026-07-25 11:43:17.781761
2623,123,6,468,66,2026-07-25 11:43:17.781770,2026-07-25 11:43:17.781770,2026-07-25 11:43:17.781770
2624,124,6,163,37,2026-07-25 11:43:17.781780,2026-07-25 11:43:17.781780,2026-07-25 11:43:17.781780
2625,125,6,422,24,2026-07-25 11:43:17.781790,2026-07-25 11:43:17.781790,2026-07-25 11:43:17.781790
2626,126,6,292,43,2026-07-25 11:43:17.781800,2026-07-25 11:43:17.781800,2026-07-25 11:43:17.781800
2627,127,6,61,52,2026-07-25 11:43:17.781809,2026-07-25 11:43:17.781809,2026-07-25 11:43:17.781809
2628,128,6,344,77,2026-07-25 11:43:17.781819,2026-07-25 11:43:17.781819,2026-07-25 11:43:17.781819
2629,129,6,26,31,2026-07-25 11:43:17.781829,2026-07-25 11:43:17.781829,2026-07-25 11:43:17.781829
2630,130,6,114,71,2026-07-25 11:43:17.781839,2026-07-25 11:43:17.781839,2026-07-25 11:43:17.781839
2631,131,6,264,22,2026-07-25 11:43:17.781848,2026-07-25 11:43:17.781848,2026-07-25 11:43:17.781848
2632,132,6,488,45,2026-07-25 11:43:17.781858,2026-07-25 11:43:17.781858,2026-07-25 11:43:17.781858
2633,133,6,35,76,2026-07-25 11:43:17.781868,2026-07-25 11:43:17.781868,2026-07-25 11:43:17.781868
2634,134,6,238,75,2026-07-25 11:43:17.781878,2026-07-25 11:43:17.781878,2026-07-25 11:43:17.781878
2635,135,6,144,69,2026-07-25 11:43:17.781887,2026-07-25 11:43:17.781887,2026-07-25 11:43:17.781887
2636,136,6,432,39,2026-07-25 11:43:17.781897,2026-07-25 11:43:17.781897,2026-07-25 11:43:17.781897
2637,137,6,167,25,2026-07-25 11:43:17.781907,2026-07-25 11:43:17.781907,2026-07-25 11:43:17.781907
2638,138,6,283,49,2026-07-25 11:43:17.781917,2026-07-25 11:43:17.781917,2026-07-25 11:43:17.781917
2639,139,6,4,43,2026-07-25 11:43:17.781927,2026-07-25 11:43:17.781927,2026-07-25 11:43:17.781927
2640,140,6,102,38,2026-07-25 11:43:17.781936,2026-07-25 11:43:17.781936,2026-07-25 11:43:17.781936
2641,141,6,288,70,2026-07-25 11:43:17.781945,2026-07-25 11:43:17.781945,2026-07-25 11:43:17.781945
2642,142,6,155,67,2026-07-25 11:43:17.781954,2026-07-25 11:43:17.781954,2026-07-25 11:43:17.781954
2643,143,6,318,35,2026-07-25 11:43:17.781963,2026-07-25 11:43:17.781963,2026-07-25 11:43:17.781963
2644,144,6,237,43,2026-07-25 11:43:17.781972,2026-07-25 11:43:17.781972,2026-07-25 11:43:17.781972
2645,145,6,302,51,2026-07-25 11:43:17.781981,2026-07-25 11:43:17.781981,2026-07-25 11:43:17.781981
2646,146,6,395,69,2026-07-25 11:43:17.781990,2026-07-25 11:43:17.781990,2026-07-25 11:43:17.781990
2647,147,6,100,66,2026-07-25 11:43:17.781999,2026-07-25 11:43:17.781999,2026-07-25 11:43:17.781999
2648,148,6,461,54,2026-07-25 11:43:17.782007,2026-07-25 11:43:17.782007,2026-07-25 11:43:17.782007
2649,149,6,389,70,2026-07-25 11:43:17.782016,2026-07-25 11:43:17.782016,2026-07-25 11:43:17.782016
2650,150,6,125,29,2026-07-25 11:43:17.782025,2026-07-25 11:43:17.782025,2026-07-25 11:43:17.782025
2651,151,6,3,79,2026-07-25 11:43:17.782034,2026-07-25 11:43:17.782034,2026-07-25 11:43:17.782034
2652,152,6,209,21,2026-07-25 11:43:17.782044,2026-07-25 11:43:17.782044,2026-07-25 11:43:17.782044
2653,153,6,119,54,2026-07-25 11:43:17.782054,2026-07-25 11:43:17.782054,2026-07-25 11:43:17.782054
2654,154,6,177,60,2026-07-25 11:43:17.782063,2026-07-25 11:43:17.782063,2026-07-25 11:43:17.782063
2655,155,6,429,64,2026-07-25 11:43:17.782073,2026-07-25 11:43:17.782073,2026-07-25 11:43:17.782073
2656,156,6,449,20,2026-07-25 11:43:17.782083,2026-07-25 11:43:17.782083,2026-07-25 11:43:17.782083
2657,157,6,486,41,2026-07-25 11:43:17.782093,2026-07-25 11:43:17.782093,2026-07-25 11:43:17.782093
2658,158,6,0,68,2026-07-25 11:43:17.782102,2026-07-25 11:43:17.782102,2026-07-25 11:43:17.782102
2659,159,6,336,44,2026-07-25 11:43:17.782112,2026-07-25 11:43:17.782112,2026-07-25 11:43:17.782112
2660,160,6,434,67,2026-07-25 11:43:17.782122,2026-07-25 11:43:17.782122,2026-07-25 11:43:17.782122
2661,161,6,372,39,2026-07-25 11:43:17.782131,2026-07-25 11:43:17.782131,2026-07-25 11:43:17.782131
2662,162,6,53,33,2026-07-25 11:43:17.782141,2026-07-25 11:43:17.782141,2026-07-25 11:43:17.782141
2663,163,6,271,35,2026-07-25 11:43:17.782152,2026-07-25 11:43:17.782152,2026-07-25 11:43:17.782152
2664,164,6,214,51,2026-07-25 11:43:17.782162,2026-07-25 11:43:17.782162,2026-07-25 11:43:17.782162
2665,165,6,492,23,2026-07-25 11:43:17.782171,2026-07-25 11:43:17.782171,2026-07-25 11:43:17.782171
2666,166,6,497,29,2026-07-25 11:43:17.782181,2026-07-25 11:43:17.782181,2026-07-25 11:43:17.782181
2667,167,6,364,37,2026-07-25 11:43:17.782191,2026-07-25 11:43:17.782191,2026-07-25 11:43:17.782191
2668,168,6,47,22,2026-07-25 11:43:17.782201,2026-07-25 11:43:17.782201,2026-07-25 11:43:17.782201
2669,169,6,471,34,2026-07-25 11:43:17.782210,2026-07-25 11:43:17.782210,2026-07-25 11:43:17.782210
2670,170,6,459,74,2026-07-25 11:43:17.782221,2026-07-25 11:43:17.782221,2026-07-25 11:43:17.782221
2671,171,6,266,46,2026-07-25 11:43:17.782231,2026-07-25 11:43:17.782231,2026-07-25 11:43:17.782231
2672,172,6,358,77,2026-07-25 11:43:17.782241,2026-07-25 11:43:17.782241,2026-07-25 11:43:17.782241
2673,173,6,190,49,2026-07-25 11:43:17.782250,2026-07-25 11:43:17.782250,2026-07-25 11:43:17.782250
2674,174,6,498,67,2026-07-25 11:43:17.782262,2026-07-25 11:43:17.782262,2026-07-25 11:43:17.782262
2675,175,6,43,57,2026-07-25 11:43:17.782272,2026-07-25 11:43:17.782272,2026-07-25 11:43:17.782272
2676,176,6,48,52,2026-07-25 11:43:17.782281,2026-07-25 11:43:17.782281,2026-07-25 11:43:17.782281
2677,177,6,68,60,2026-07-25 11:43:17.782291,2026-07-25 11:43:17.782291,2026-07-25 11:43:17.782291
2678,178,6,419,45,2026-07-25 11:43:17.782301,2026-07-25 11:43:17.782301,2026-07-25 11:43:17.782301
2679,179,6,38,57,2026-07-25 11:43:17.782310,2026-07-25 11:43:17.782310,2026-07-25 11:43:17.782310
2680,180,6,290,23,2026-07-25 11:43:17.782320,2026-07-25 11:43:17.782320,2026-07-25 11:43:17.782320
2681,181,6,222,62,2026-07-25 11:43:17.782330,2026-07-25 11:43:17.782330,2026-07-25 11:43:17.782330
2682,182,6,493,28,2026-07-25 11:43:17.782340,2026-07-25 11:43:17.782340,2026-07-25 11:43:17.782340
2683,183,6,121,38,2026-07-25 11:43:17.782350,2026-07-25 11:43:17.782350,2026-07-25 11:43:17.782350
2684,184,6,133,74,2026-07-25 11:43:17.782359,2026-07-25 11:43:17.782359,2026-07-25 11:43:17.782359
2685,185,6,161,79,2026-07-25 11:43:17.782369,2026-07-25 11:43:17.782369,2026-07-25 11:43:17.782369
2686,186,6,410,45,2026-07-25 11:43:17.782378,2026-07-25 11:43:17.782378,2026-07-25 11:43:17.782378
2687,187,6,358,73,2026-07-25 11:43:17.782388,2026-07-25 11:43:17.782388,2026-07-25 11:43:17.782388
2688,188,6,376,40,2026-07-25 11:43:17.782398,2026-07-25 11:43:17.782398,2026-07-25 11:43:17.782398
2689,189,6,162,48,2026-07-25 11:43:17.782407,2026-07-25 11:43:17.782407,2026-07-25 11:43:17.782407
2690,190,6,139,34,2026-07-25 11:43:17.782417,2026-07-25 11:43:17.782417,2026-07-25 11:43:17.782417
2691,191,6,38,80,2026-07-25 11:43:17.782427,2026-07-25 11:43:17.782427,2026-07-25 11:43:17.782427
2692,192,6,103,28,2026-07-25 11:43:17.782436,2026-07-25 11:43:17.782436,2026-07-25 11:43:17.782436
2693,193,6,399,69,2026-07-25 11:43:17.782446,2026-07-25 11:43:17.782446,2026-07-25 11:43:17.782446
2694,194,6,299,26,2026-07-25 11:43:17.782455,2026-07-25 11:43:17.782455,2026-07-25 11:43:17.782455
2695,195,6,79,26,2026-07-25 11:43:17.782465,2026-07-25 11:43:17.782465,2026-07-25 11:43:17.782465
2696,196,6,84,48,2026-07-25 11:43:17.782475,2026-07-25 11:43:17.782475,2026-07-25 11:43:17.782475
2697,197,6,238,40,2026-07-25 11:43:17.782484,2026-07-25 11:43:17.782484,2026-07-25 11:43:17.782484
2698,198,6,208,27,2026-07-25 11:43:17.782494,2026-07-25 11:43:17.782494,2026-07-25 11:43:17.782494
2699,199,6,274,42,2026-07-25 11:43:17.782504,2026-07-25 11:43:17.782504,2026-07-25 11:43:17.782504
2700,200,6,493,69,2026-07-25 11:43:17.782514,2026-07-25 11:43:17.782514,2026-07-25 11:43:17.782514
2701,201,6,106,48,2026-07-25 11:43:17.782523,2026-07-25 11:43:17.782523,2026-07-25 11:43:17.782523
2702,202,6,157,49,2026-07-25 11:43:17.782533,2026-07-25 11:43:17.782533,2026-07-25 11:43:17.782533
2703,203,6,135,74,2026-07-25 11:43:17.782543,2026-07-25 11:43:17.782543,2026-07-25 11:43:17.782543
2704,204,6,61,25,2026-07-25 11:43:17.782552,2026-07-25 11:43:17.782552,2026-07-25 11:43:17.782552
2705,205,6,80,71,2026-07-25 11:43:17.782562,2026-07-25 11:43:17.782562,2026-07-25 11:43:17.782562
2706,206,6,351,39,2026-07-25 11:43:17.782572,2026-07-25 11:43:17.782572,2026-07-25 11:43:17.782572
2707,207,6,423,65,2026-07-25 11:43:17.782582,2026-07-25 11:43:17.782582,2026-07-25 11:43:17.782582
2708,208,6,356,58,2026-07-25 11:43:17.782591,2026-07-25 11:43:17.782591,2026-07-25 11:43:17.782591
2709,209,6,20,33,2026-07-25 11:43:17.782601,2026-07-25 11:43:17.782601,2026-07-25 11:43:17.782601
2710,210,6,427,74,2026-07-25 11:43:17.782611,2026-07-25 11:43:17.782611,2026-07-25 11:43:17.782611
2711,211,6,167,29,2026-07-25 11:43:17.782621,2026-07-25 11:43:17.782621,2026-07-25 11:43:17.782621
2712,212,6,46,65,2026-07-25 11:43:17.782630,2026-07-25 11:43:17.782630,2026-07-25 11:43:17.782630
2713,213,6,127,42,2026-07-25 11:43:17.782640,2026-07-25 11:43:17.782640,2026-07-25 11:43:17.782640
2714,214,6,202,52,2026-07-25 11:43:17.782650,2026-07-25 11:43:17.782650,2026-07-25 11:43:17.782650
2715,215,6,25,63,2026-07-25 11:43:17.782659,2026-07-25 11:43:17.782659,2026-07-25 11:43:17.782659
2716,216,6,153,36,2026-07-25 11:43:17.782669,2026-07-25 11:43:17.782669,2026-07-25 11:43:17.782669
2717,217,6,419,31,2026-07-25 11:43:17.782679,2026-07-25 11:43:17.782679,2026-07-25 11:43:17.782679
2718,218,6,15,80,2026-07-25 11:43:17.782688,2026-07-25 11:43:17.782688,2026-07-25 11:43:17.782688
2719,219,6,207,74,2026-07-25 11:43:17.782698,2026-07-25 11:43:17.782698,2026-07-25 11:43:17.782698
2720,220,6,231,55,2026-07-25 11:43:17.782708,2026-07-25 11:43:17.782708,2026-07-25 11:43:17.782708
2721,221,6,383,55,2026-07-25 11:43:17.782717,2026-07-25 11:43:17.782717,2026-07-25 11:43:17.782717
2722,222,6,127,26,2026-07-25 11:43:17.782727,2026-07-25 11:43:17.782727,2026-07-25 11:43:17.782727
2723,223,6,236,26,2026-07-25 11:43:17.782737,2026-07-25 11:43:17.782737,2026-07-25 11:43:17.782737
2724,224,6,411,70,2026-07-25 11:43:17.782746,2026-07-25 11:43:17.782746,2026-07-25 11:43:17.782746
2725,225,6,71,27,2026-07-25 11:43:17.782756,2026-07-25 11:43:17.782756,2026-07-25 11:43:17.782756
2726,226,6,6,23,2026-07-25 11:43:17.782766,2026-07-25 11:43:17.782766,2026-07-25 11:43:17.782766
2727,227,6,425,69,2026-07-25 11:43:17.782776,2026-07-25 11:43:17.782776,2026-07-25 11:43:17.782776
2728,228,6,113,28,2026-07-25 11:43:17.782785,2026-07-25 11:43:17.782785,2026-07-25 11:43:17.782785
2729,229,6,101,72,2026-07-25 11:43:17.782795,2026-07-25 11:43:17.782795,2026-07-25 11:43:17.782795
2730,230,6,205,43,2026-07-25 11:43:17.782805,2026-07-25 11:43:17.782805,2026-07-25 11:43:17.782805
2731,231,6,351,60,2026-07-25 11:43:17.782815,2026-07-25 11:43:17.782815,2026-07-25 11:43:17.782815
2732,232,6,480,61,2026-07-25 11:43:17.782824,2026-07-25 11:43:17.782824,2026-07-25 11:43:17.782824
2733,233,6,43,57,2026-07-25 11:43:17.782834,2026-07-25 11:43:17.782834,2026-07-25 11:43:17.782834
2734,234,6,300,36,2026-07-25 11:43:17.782844,2026-07-25 11:43:17.782844,2026-07-25 11:43:17.782844
2735,235,6,469,72,2026-07-25 11:43:17.782853,2026-07-25 11:43:17.782853,2026-07-25 11:43:17.782853
2736,236,6,38,21,2026-07-25 11:43:17.782863,2026-07-25 11:43:17.782863,2026-07-25 11:43:17.782863
2737,237,6,33,32,2026-07-25 11:43:17.782873,2026-07-25 11:43:17.782873,2026-07-25 11:43:17.782873
2738,238,6,462,61,2026-07-25 11:43:17.782882,2026-07-25 11:43:17.782882,2026-07-25 11:43:17.782882
2739,239,6,227,71,2026-07-25 11:43:17.782897,2026-07-25 11:43:17.782897,2026-07-25 11:43:17.782897
2740,240,6,65,25,2026-07-25 11:43:17.782907,2026-07-25 11:43:17.782907,2026-07-25 11:43:17.782907
2741,241,6,463,74,2026-07-25 11:43:17.782917,2026-07-25 11:43:17.782917,2026-07-25 11:43:17.782917
2742,242,6,424,71,2026-07-25 11:43:17.782927,2026-07-25 11:43:17.782927,2026-07-25 11:43:17.782927
2743,243,6,169,27,2026-07-25 11:43:17.782936,2026-07-25 11:43:17.782936,2026-07-25 11:43:17.782936
2744,244,6,21,80,2026-07-25 11:43:17.782946,2026-07-25 11:43:17.782946,2026-07-25 11:43:17.782946
2745,245,6,236,23,2026-07-25 11:43:17.782956,2026-07-25 11:43:17.782956,2026-07-25 11:43:17.782956
2746,246,6,86,79,2026-07-25 11:43:17.782966,2026-07-25 11:43:17.782966,2026-07-25 11:43:17.782966
2747,247,6,293,47,2026-07-25 11:43:17.782975,2026-07-25 11:43:17.782975,2026-07-25 11:43:17.782975
2748,248,6,420,66,2026-07-25 11:43:17.782985,2026-07-25 11:43:17.782985,2026-07-25 11:43:17.782985
2749,249,6,202,51,2026-07-25 11:43:17.782995,2026-07-25 11:43:17.782995,2026-07-25 11:43:17.782995
2750,250,6,15,44,2026-07-25 11:43:17.783004,2026-07-25 11:43:17.783004,2026-07-25 11:43:17.783004
2751,251,6,349,47,2026-07-25 11:43:17.783014,2026-07-25 11:43:17.783014,2026-07-25 11:43:17.783014
2752,252,6,88,42,2026-07-25 11:43:17.783025,2026-07-25 11:43:17.783025,2026-07-25 11:43:17.783025
2753,253,6,109,78,2026-07-25 11:43:17.783035,2026-07-25 11:43:17.783035,2026-07-25 11:43:17.783035
2754,254,6,95,37,2026-07-25 11:43:17.783044,2026-07-25 11:43:17.783044,2026-07-25 11:43:17.783044
2755,255,6,143,48,2026-07-25 11:43:17.783054,2026-07-25 11:43:17.783054,2026-07-25 11:43:17.783054
2756,256,6,452,29,2026-07-25 11:43:17.783064,2026-07-25 11:43:17.783064,2026-07-25 11:43:17.783064
2757,257,6,17,59,2026-07-25 11:43:17.783073,2026-07-25 11:43:17.783073,2026-07-25 11:43:17.783073
2758,258,6,317,59,2026-07-25 11:43:17.783083,2026-07-25 11:43:17.783083,2026-07-25 11:43:17.783083
2759,259,6,125,61,2026-07-25 11:43:17.783093,2026-07-25 11:43:17.783093,2026-07-25 11:43:17.783093
2760,260,6,151,51,2026-07-25 11:43:17.783102,2026-07-25 11:43:17.783102,2026-07-25 11:43:17.783102
2761,261,6,210,76,2026-07-25 11:43:17.783112,2026-07-25 11:43:17.783112,2026-07-25 11:43:17.783112
2762,262,6,281,50,2026-07-25 11:43:17.783121,2026-07-25 11:43:17.783121,2026-07-25 11:43:17.783121
2763,263,6,31,25,2026-07-25 11:43:17.783131,2026-07-25 11:43:17.783131,2026-07-25 11:43:17.783131
2764,264,6,143,44,2026-07-25 11:43:17.783141,2026-07-25 11:43:17.783141,2026-07-25 11:43:17.783141
2765,265,6,70,46,2026-07-25 11:43:17.783151,2026-07-25 11:43:17.783151,2026-07-25 11:43:17.783151
2766,266,6,102,61,2026-07-25 11:43:17.783160,2026-07-25 11:43:17.783160,2026-07-25 11:43:17.783160
2767,267,6,452,71,2026-07-25 11:43:17.783170,2026-07-25 11:43:17.783170,2026-07-25 11:43:17.783170
2768,268,6,269,35,2026-07-25 11:43:17.783180,2026-07-25 11:43:17.783180,2026-07-25 11:43:17.783180
2769,269,6,322,71,2026-07-25 11:43:17.783189,2026-07-25 11:43:17.783189,2026-07-25 11:43:17.783189
2770,270,6,278,70,2026-07-25 11:43:17.783199,2026-07-25 11:43:17.783199,2026-07-25 11:43:17.783199
2771,271,6,9,44,2026-07-25 11:43:17.783209,2026-07-25 11:43:17.783209,2026-07-25 11:43:17.783209
2772,272,6,400,65,2026-07-25 11:43:17.783219,2026-07-25 11:43:17.783219,2026-07-25 11:43:17.783219
2773,273,6,183,50,2026-07-25 11:43:17.783228,2026-07-25 11:43:17.783228,2026-07-25 11:43:17.783228
2774,274,6,278,70,2026-07-25 11:43:17.783238,2026-07-25 11:43:17.783238,2026-07-25 11:43:17.783238
2775,275,6,248,42,2026-07-25 11:43:17.783247,2026-07-25 11:43:17.783247,2026-07-25 11:43:17.783247
2776,276,6,467,56,2026-07-25 11:43:17.783257,2026-07-25 11:43:17.783257,2026-07-25 11:43:17.783257
2777,277,6,257,40,2026-07-25 11:43:17.783267,2026-07-25 11:43:17.783267,2026-07-25 11:43:17.783267
2778,278,6,198,37,2026-07-25 11:43:17.783277,2026-07-25 11:43:17.783277,2026-07-25 11:43:17.783277
2779,279,6,92,21,2026-07-25 11:43:17.783286,2026-07-25 11:43:17.783286,2026-07-25 11:43:17.783286
2780,280,6,163,58,2026-07-25 11:43:17.783296,2026-07-25 11:43:17.783296,2026-07-25 11:43:17.783296
2781,281,6,112,21,2026-07-25 11:43:17.783306,2026-07-25 11:43:17.783306,2026-07-25 11:43:17.783306
2782,282,6,458,71,2026-07-25 11:43:17.783315,2026-07-25 11:43:17.783315,2026-07-25 11:43:17.783315
2783,283,6,398,37,2026-07-25 11:43:17.783325,2026-07-25 11:43:17.783325,2026-07-25 11:43:17.783325
2784,284,6,29,71,2026-07-25 11:43:17.783334,2026-07-25 11:43:17.783334,2026-07-25 11:43:17.783334
2785,285,6,241,53,2026-07-25 11:43:17.783344,2026-07-25 11:43:17.783344,2026-07-25 11:43:17.783344
2786,286,6,183,69,2026-07-25 11:43:17.783354,2026-07-25 11:43:17.783354,2026-07-25 11:43:17.783354
2787,287,6,299,34,2026-07-25 11:43:17.783364,2026-07-25 11:43:17.783364,2026-07-25 11:43:17.783364
2788,288,6,498,30,2026-07-25 11:43:17.783373,2026-07-25 11:43:17.783373,2026-07-25 11:43:17.783373
2789,289,6,51,35,2026-07-25 11:43:17.783383,2026-07-25 11:43:17.783383,2026-07-25 11:43:17.783383
2790,290,6,336,35,2026-07-25 11:43:17.783394,2026-07-25 11:43:17.783394,2026-07-25 11:43:17.783394
2791,291,6,136,54,2026-07-25 11:43:17.783404,2026-07-25 11:43:17.783404,2026-07-25 11:43:17.783404
2792,292,6,417,70,2026-07-25 11:43:17.783414,2026-07-25 11:43:17.783414,2026-07-25 11:43:17.783414
2793,293,6,469,67,2026-07-25 11:43:17.783423,2026-07-25 11:43:17.783423,2026-07-25 11:43:17.783423
2794,294,6,28,68,2026-07-25 11:43:17.783433,2026-07-25 11:43:17.783433,2026-07-25 11:43:17.783433
2795,295,6,485,34,2026-07-25 11:43:17.783443,2026-07-25 11:43:17.783443,2026-07-25 11:43:17.783443
2796,296,6,294,74,2026-07-25 11:43:17.783453,2026-07-25 11:43:17.783453,2026-07-25 11:43:17.783453
2797,297,6,408,44,2026-07-25 11:43:17.783462,2026-07-25 11:43:17.783462,2026-07-25 11:43:17.783462
2798,298,6,181,79,2026-07-25 11:43:17.783472,2026-07-25 11:43:17.783472,2026-07-25 11:43:17.783472
2799,299,6,429,74,2026-07-25 11:43:17.783482,2026-07-25 11:43:17.783482,2026-07-25 11:43:17.783482
2800,300,6,88,31,2026-07-25 11:43:17.783492,2026-07-25 11:43:17.783492,2026-07-25 11:43:17.783492
2801,301,6,121,57,2026-07-25 11:43:17.783501,2026-07-25 11:43:17.783501,2026-07-25 11:43:17.783501
2802,302,6,162,71,2026-07-25 11:43:17.783511,2026-07-25 11:43:17.783511,2026-07-25 11:43:17.783511
2803,303,6,377,64,2026-07-25 11:43:17.783521,2026-07-25 11:43:17.783521,2026-07-25 11:43:17.783521
2804,304,6,183,78,2026-07-25 11:43:17.783530,2026-07-25 11:43:17.783530,2026-07-25 11:43:17.783530
2805,305,6,302,21,2026-07-25 11:43:17.783540,2026-07-25 11:43:17.783540,2026-07-25 11:43:17.783540
2806,306,6,360,64,2026-07-25 11:43:17.783550,2026-07-25 11:43:17.783550,2026-07-25 11:43:17.783550
2807,307,6,180,80,2026-07-25 11:43:17.783560,2026-07-25 11:43:17.783560,2026-07-25 11:43:17.783560
2808,308,6,290,56,2026-07-25 11:43:17.783569,2026-07-25 11:43:17.783569,2026-07-25 11:43:17.783569
2809,309,6,72,56,2026-07-25 11:43:17.783579,2026-07-25 11:43:17.783579,2026-07-25 11:43:17.783579
2810,310,6,485,32,2026-07-25 11:43:17.783588,2026-07-25 11:43:17.783588,2026-07-25 11:43:17.783588
2811,311,6,428,71,2026-07-25 11:43:17.783598,2026-07-25 11:43:17.783598,2026-07-25 11:43:17.783598
2812,312,6,451,51,2026-07-25 11:43:17.783608,2026-07-25 11:43:17.783608,2026-07-25 11:43:17.783608
2813,313,6,277,39,2026-07-25 11:43:17.783618,2026-07-25 11:43:17.783618,2026-07-25 11:43:17.783618
2814,314,6,89,51,2026-07-25 11:43:17.783627,2026-07-25 11:43:17.783627,2026-07-25 11:43:17.783627
2815,315,6,19,25,2026-07-25 11:43:17.783637,2026-07-25 11:43:17.783637,2026-07-25 11:43:17.783637
2816,316,6,28,34,2026-07-25 11:43:17.783647,2026-07-25 11:43:17.783647,2026-07-25 11:43:17.783647
2817,317,6,308,34,2026-07-25 11:43:17.783656,2026-07-25 11:43:17.783656,2026-07-25 11:43:17.783656
2818,318,6,10,53,2026-07-25 11:43:17.783666,2026-07-25 11:43:17.783666,2026-07-25 11:43:17.783666
2819,319,6,244,20,2026-07-25 11:43:17.783676,2026-07-25 11:43:17.783676,2026-07-25 11:43:17.783676
2820,320,6,169,78,2026-07-25 11:43:17.783686,2026-07-25 11:43:17.783686,2026-07-25 11:43:17.783686
2821,321,6,314,32,2026-07-25 11:43:17.783695,2026-07-25 11:43:17.783695,2026-07-25 11:43:17.783695
2822,322,6,412,28,2026-07-25 11:43:17.783705,2026-07-25 11:43:17.783705,2026-07-25 11:43:17.783705
2823,323,6,174,65,2026-07-25 11:43:17.783715,2026-07-25 11:43:17.783715,2026-07-25 11:43:17.783715
2824,324,6,90,78,2026-07-25 11:43:17.783725,2026-07-25 11:43:17.783725,2026-07-25 11:43:17.783725
2825,325,6,410,74,2026-07-25 11:43:17.783734,2026-07-25 11:43:17.783734,2026-07-25 11:43:17.783734
2826,326,6,444,40,2026-07-25 11:43:17.783744,2026-07-25 11:43:17.783744,2026-07-25 11:43:17.783744
2827,327,6,30,21,2026-07-25 11:43:17.783754,2026-07-25 11:43:17.783754,2026-07-25 11:43:17.783754
2828,328,6,75,57,2026-07-25 11:43:17.783764,2026-07-25 11:43:17.783764,2026-07-25 11:43:17.783764
2829,329,6,360,78,2026-07-25 11:43:17.783774,2026-07-25 11:43:17.783774,2026-07-25 11:43:17.783774
2830,330,6,72,69,2026-07-25 11:43:17.783785,2026-07-25 11:43:17.783785,2026-07-25 11:43:17.783785
2831,331,6,56,74,2026-07-25 11:43:17.783794,2026-07-25 11:43:17.783794,2026-07-25 11:43:17.783794
2832,332,6,269,75,2026-07-25 11:43:17.783804,2026-07-25 11:43:17.783804,2026-07-25 11:43:17.783804
2833,333,6,186,24,2026-07-25 11:43:17.783814,2026-07-25 11:43:17.783814,2026-07-25 11:43:17.783814
2834,334,6,191,65,2026-07-25 11:43:17.783831,2026-07-25 11:43:17.783831,2026-07-25 11:43:17.783831
2835,335,6,482,62,2026-07-25 11:43:17.783841,2026-07-25 11:43:17.783841,2026-07-25 11:43:17.783841
2836,336,6,202,57,2026-07-25 11:43:17.783850,2026-07-25 11:43:17.783850,2026-07-25 11:43:17.783850
2837,337,6,51,41,2026-07-25 11:43:17.783876,2026-07-25 11:43:17.783876,2026-07-25 11:43:17.783876
2838,338,6,154,40,2026-07-25 11:43:17.783895,2026-07-25 11:43:17.783895,2026-07-25 11:43:17.783895
2839,339,6,69,30,2026-07-25 11:43:17.783905,2026-07-25 11:43:17.783905,2026-07-25 11:43:17.783905
2840,340,6,374,80,2026-07-25 11:43:17.783915,2026-07-25 11:43:17.783915,2026-07-25 11:43:17.783915
2841,341,6,223,70,2026-07-25 11:43:17.783925,2026-07-25 11:43:17.783925,2026-07-25 11:43:17.783925
2842,342,6,327,51,2026-07-25 11:43:17.783935,2026-07-25 11:43:17.783935,2026-07-25 11:43:17.783935
2843,343,6,332,40,2026-07-25 11:43:17.783944,2026-07-25 11:43:17.783944,2026-07-25 11:43:17.783944
2844,344,6,89,65,2026-07-25 11:43:17.783953,2026-07-25 11:43:17.783953,2026-07-25 11:43:17.783953
2845,345,6,495,55,2026-07-25 11:43:17.783962,2026-07-25 11:43:17.783962,2026-07-25 11:43:17.783962
2846,346,6,355,76,2026-07-25 11:43:17.783970,2026-07-25 11:43:17.783970,2026-07-25 11:43:17.783970
2847,347,6,475,59,2026-07-25 11:43:17.783979,2026-07-25 11:43:17.783979,2026-07-25 11:43:17.783979
2848,348,6,402,42,2026-07-25 11:43:17.783988,2026-07-25 11:43:17.783988,2026-07-25 11:43:17.783988
2849,349,6,114,62,2026-07-25 11:43:17.783997,2026-07-25 11:43:17.783997,2026-07-25 11:43:17.783997
2850,350,6,301,72,2026-07-25 11:43:17.784006,2026-07-25 11:43:17.784006,2026-07-25 11:43:17.784006
2851,351,6,89,44,2026-07-25 11:43:17.784015,2026-07-25 11:43:17.784015,2026-07-25 11:43:17.784015
2852,352,6,157,66,2026-07-25 11:43:17.784024,2026-07-25 11:43:17.784024,2026-07-25 11:43:17.784024
2853,353,6,352,38,2026-07-25 11:43:17.784033,2026-07-25 11:43:17.784033,2026-07-25 11:43:17.784033
2854,354,6,65,31,2026-07-25 11:43:17.784042,2026-07-25 11:43:17.784042,2026-07-25 11:43:17.784042
2855,355,6,373,20,2026-07-25 11:43:17.784052,2026-07-25 11:43:17.784052,2026-07-25 11:43:17.784052
2856,356,6,485,64,2026-07-25 11:43:17.784062,2026-07-25 11:43:17.784062,2026-07-25 11:43:17.784062
2857,357,6,485,56,2026-07-25 11:43:17.784071,2026-07-25 11:43:17.784071,2026-07-25 11:43:17.784071
2858,358,6,200,74,2026-07-25 11:43:17.784081,2026-07-25 11:43:17.784081,2026-07-25 11:43:17.784081
2859,359,6,394,56,2026-07-25 11:43:17.784091,2026-07-25 11:43:17.784091,2026-07-25 11:43:17.784091
2860,360,6,16,31,2026-07-25 11:43:17.784110,2026-07-25 11:43:17.784110,2026-07-25 11:43:17.784110
2861,361,6,308,40,2026-07-25 11:43:17.784120,2026-07-25 11:43:17.784120,2026-07-25 11:43:17.784120
2862,362,6,471,71,2026-07-25 11:43:17.784129,2026-07-25 11:43:17.784129,2026-07-25 11:43:17.784129
2863,363,6,495,59,2026-07-25 11:43:17.784139,2026-07-25 11:43:17.784139,2026-07-25 11:43:17.784139
2864,364,6,113,60,2026-07-25 11:43:17.784149,2026-07-25 11:43:17.784149,2026-07-25 11:43:17.784149
2865,365,6,289,26,2026-07-25 11:43:17.784158,2026-07-25 11:43:17.784158,2026-07-25 11:43:17.784158
2866,366,6,479,51,2026-07-25 11:43:17.784168,2026-07-25 11:43:17.784168,2026-07-25 11:43:17.784168
2867,367,6,72,41,2026-07-25 11:43:17.784178,2026-07-25 11:43:17.784178,2026-07-25 11:43:17.784178
2868,368,6,381,24,2026-07-25 11:43:17.784187,2026-07-25 11:43:17.784187,2026-07-25 11:43:17.784187
2869,369,6,121,42,2026-07-25 11:43:17.784197,2026-07-25 11:43:17.784197,2026-07-25 11:43:17.784197
2870,370,6,163,30,2026-07-25 11:43:17.784207,2026-07-25 11:43:17.784207,2026-07-25 11:43:17.784207
2871,371,6,325,76,2026-07-25 11:43:17.784216,2026-07-25 11:43:17.784216,2026-07-25 11:43:17.784216
2872,372,6,493,25,2026-07-25 11:43:17.784226,2026-07-25 11:43:17.784226,2026-07-25 11:43:17.784226
2873,373,6,420,65,2026-07-25 11:43:17.784236,2026-07-25 11:43:17.784236,2026-07-25 11:43:17.784236
2874,374,6,343,60,2026-07-25 11:43:17.784246,2026-07-25 11:43:17.784246,2026-07-25 11:43:17.784246
2875,375,6,373,76,2026-07-25 11:43:17.784255,2026-07-25 11:43:17.784255,2026-07-25 11:43:17.784255
2876,376,6,171,48,2026-07-25 11:43:17.784265,2026-07-25 11:43:17.784265,2026-07-25 11:43:17.784265
2877,377,6,5,36,2026-07-25 11:43:17.784275,2026-07-25 11:43:17.784275,2026-07-25 11:43:17.784275
2878,378,6,107,35,2026-07-25 11:43:17.784285,2026-07-25 11:43:17.784285,2026-07-25 11:43:17.784285
2879,379,6,354,24,2026-07-25 11:43:17.784294,2026-07-25 11:43:17.784294,2026-07-25 11:43:17.784294
2880,380,6,179,36,2026-07-25 11:43:17.784304,2026-07-25 11:43:17.784304,2026-07-25 11:43:17.784304
2881,381,6,402,26,2026-07-25 11:43:17.784314,2026-07-25 11:43:17.784314,2026-07-25 11:43:17.784314
2882,382,6,368,20,2026-07-25 11:43:17.784323,2026-07-25 11:43:17.784323,2026-07-25 11:43:17.784323
2883,383,6,24,44,2026-07-25 11:43:17.784333,2026-07-25 11:43:17.784333,2026-07-25 11:43:17.784333
2884,384,6,224,66,2026-07-25 11:43:17.784343,2026-07-25 11:43:17.784343,2026-07-25 11:43:17.784343
2885,385,6,214,30,2026-07-25 11:43:17.784352,2026-07-25 11:43:17.784352,2026-07-25 11:43:17.784352
2886,386,6,452,46,2026-07-25 11:43:17.784362,2026-07-25 11:43:17.784362,2026-07-25 11:43:17.784362
2887,387,6,252,76,2026-07-25 11:43:17.784372,2026-07-25 11:43:17.784372,2026-07-25 11:43:17.784372
2888,388,6,193,42,2026-07-25 11:43:17.784382,2026-07-25 11:43:17.784382,2026-07-25 11:43:17.784382
2889,389,6,279,44,2026-07-25 11:43:17.784391,2026-07-25 11:43:17.784391,2026-07-25 11:43:17.784391
2890,390,6,51,73,2026-07-25 11:43:17.784401,2026-07-25 11:43:17.784401,2026-07-25 11:43:17.784401
2891,391,6,245,70,2026-07-25 11:43:17.784411,2026-07-25 11:43:17.784411,2026-07-25 11:43:17.784411
2892,392,6,442,56,2026-07-25 11:43:17.784421,2026-07-25 11:43:17.784421,2026-07-25 11:43:17.784421
2893,393,6,333,68,2026-07-25 11:43:17.784430,2026-07-25 11:43:17.784430,2026-07-25 11:43:17.784430
2894,394,6,351,34,2026-07-25 11:43:17.784440,2026-07-25 11:43:17.784440,2026-07-25 11:43:17.784440
2895,395,6,83,48,2026-07-25 11:43:17.784450,2026-07-25 11:43:17.784450,2026-07-25 11:43:17.784450
2896,396,6,37,71,2026-07-25 11:43:17.784459,2026-07-25 11:43:17.784459,2026-07-25 11:43:17.784459
2897,397,6,433,22,2026-07-25 11:43:17.784469,2026-07-25 11:43:17.784469,2026-07-25 11:43:17.784469
2898,398,6,150,21,2026-07-25 11:43:17.784478,2026-07-25 11:43:17.784478,2026-07-25 11:43:17.784478
2899,399,6,163,36,2026-07-25 11:43:17.784488,2026-07-25 11:43:17.784488,2026-07-25 11:43:17.784488
2900,400,6,487,26,2026-07-25 11:43:17.784498,2026-07-25 11:43:17.784498,2026-07-25 11:43:17.784498
2901,401,6,37,41,2026-07-25 11:43:17.784508,2026-07-25 11:43:17.784508,2026-07-25 11:43:17.784508
2902,402,6,87,76,2026-07-25 11:43:17.784517,2026-07-25 11:43:17.784517,2026-07-25 11:43:17.784517
2903,403,6,192,30,2026-07-25 11:43:17.784527,2026-07-25 11:43:17.784527,2026-07-25 11:43:17.784527
2904,404,6,374,24,2026-07-25 11:43:17.784537,2026-07-25 11:43:17.784537,2026-07-25 11:43:17.784537
2905,405,6,280,80,2026-07-25 11:43:17.784546,2026-07-25 11:43:17.784546,2026-07-25 11:43:17.784546
2906,406,6,459,25,2026-07-25 11:43:17.784556,2026-07-25 11:43:17.784556,2026-07-25 11:43:17.784556
2907,407,6,173,58,2026-07-25 11:43:17.784566,2026-07-25 11:43:17.784566,2026-07-25 11:43:17.784566
2908,408,6,314,77,2026-07-25 11:43:17.784577,2026-07-25 11:43:17.784577,2026-07-25 11:43:17.784577
2909,409,6,247,65,2026-07-25 11:43:17.784587,2026-07-25 11:43:17.784587,2026-07-25 11:43:17.784587
2910,410,6,15,47,2026-07-25 11:43:17.784596,2026-07-25 11:43:17.784596,2026-07-25 11:43:17.784596
2911,411,6,482,61,2026-07-25 11:43:17.784606,2026-07-25 11:43:17.784606,2026-07-25 11:43:17.784606
2912,412,6,84,58,2026-07-25 11:43:17.784615,2026-07-25 11:43:17.784615,2026-07-25 11:43:17.784615
2913,413,6,455,47,2026-07-25 11:43:17.784625,2026-07-25 11:43:17.784625,2026-07-25 11:43:17.784625
2914,414,6,80,23,2026-07-25 11:43:17.784635,2026-07-25 11:43:17.784635,2026-07-25 11:43:17.784635
2915,415,6,51,41,2026-07-25 11:43:17.784644,2026-07-25 11:43:17.784644,2026-07-25 11:43:17.784644
2916,416,6,105,32,2026-07-25 11:43:17.784654,2026-07-25 11:43:17.784654,2026-07-25 11:43:17.784654
2917,417,6,209,64,2026-07-25 11:43:17.784665,2026-07-25 11:43:17.784665,2026-07-25 11:43:17.784665
2918,418,6,283,66,2026-07-25 11:43:17.784675,2026-07-25 11:43:17.784675,2026-07-25 11:43:17.784675
2919,419,6,473,66,2026-07-25 11:43:17.784685,2026-07-25 11:43:17.784685,2026-07-25 11:43:17.784685
2920,420,6,276,36,2026-07-25 11:43:17.784694,2026-07-25 11:43:17.784694,2026-07-25 11:43:17.784694
2921,421,6,338,38,2026-07-25 11:43:17.784704,2026-07-25 11:43:17.784704,2026-07-25 11:43:17.784704
2922,422,6,152,35,2026-07-25 11:43:17.784714,2026-07-25 11:43:17.784714,2026-07-25 11:43:17.784714
2923,423,6,49,23,2026-07-25 11:43:17.784723,2026-07-25 11:43:17.784723,2026-07-25 11:43:17.784723
2924,424,6,201,56,2026-07-25 11:43:17.784733,2026-07-25 11:43:17.784733,2026-07-25 11:43:17.784733
2925,425,6,281,73,2026-07-25 11:43:17.784743,2026-07-25 11:43:17.784743,2026-07-25 11:43:17.784743
2926,426,6,251,29,2026-07-25 11:43:17.784752,2026-07-25 11:43:17.784752,2026-07-25 11:43:17.784752
2927,427,6,27,43,2026-07-25 11:43:17.784762,2026-07-25 11:43:17.784762,2026-07-25 11:43:17.784762
2928,428,6,1,47,2026-07-25 11:43:17.784772,2026-07-25 11:43:17.784772,2026-07-25 11:43:17.784772
2929,429,6,44,38,2026-07-25 11:43:17.784781,2026-07-25 11:43:17.784781,2026-07-25 11:43:17.784781
2930,430,6,421,62,2026-07-25 11:43:17.784791,2026-07-25 11:43:17.784791,2026-07-25 11:43:17.784791
2931,431,6,320,58,2026-07-25 11:43:17.784801,2026-07-25 11:43:17.784801,2026-07-25 11:43:17.784801
2932,432,6,245,32,2026-07-25 11:43:17.784810,2026-07-25 11:43:17.784810,2026-07-25 11:43:17.784810
2933,433,6,49,21,2026-07-25 11:43:17.784820,2026-07-25 11:43:17.784820,2026-07-25 11:43:17.784820
2934,434,6,105,30,2026-07-25 11:43:17.784830,2026-07-25 11:43:17.784830,2026-07-25 11:43:17.784830
2935,435,6,326,38,2026-07-25 11:43:17.784839,2026-07-25 11:43:17.784839,2026-07-25 11:43:17.784839
2936,436,6,500,25,2026-07-25 11:43:17.784849,2026-07-25 11:43:17.784849,2026-07-25 11:43:17.784849
2937,437,6,242,74,2026-07-25 11:43:17.784859,2026-07-25 11:43:17.784859,2026-07-25 11:43:17.784859
2938,438,6,59,39,2026-07-25 11:43:17.784869,2026-07-25 11:43:17.784869,2026-07-25 11:43:17.784869
2939,439,6,401,45,2026-07-25 11:43:17.784878,2026-07-25 11:43:17.784878,2026-07-25 11:43:17.784878
2940,440,6,241,51,2026-07-25 11:43:17.784888,2026-07-25 11:43:17.784888,2026-07-25 11:43:17.784888
2941,441,6,458,62,2026-07-25 11:43:17.784898,2026-07-25 11:43:17.784898,2026-07-25 11:43:17.784898
2942,442,6,135,25,2026-07-25 11:43:17.784907,2026-07-25 11:43:17.784907,2026-07-25 11:43:17.784907
2943,443,6,328,54,2026-07-25 11:43:17.784917,2026-07-25 11:43:17.784917,2026-07-25 11:43:17.784917
2944,444,6,198,31,2026-07-25 11:43:17.784927,2026-07-25 11:43:17.784927,2026-07-25 11:43:17.784927
2945,445,6,189,76,2026-07-25 11:43:17.784936,2026-07-25 11:43:17.784936,2026-07-25 11:43:17.784936
2946,446,6,195,43,2026-07-25 11:43:17.784946,2026-07-25 11:43:17.784946,2026-07-25 11:43:17.784946
2947,447,6,95,48,2026-07-25 11:43:17.784956,2026-07-25 11:43:17.784956,2026-07-25 11:43:17.784956
2948,448,6,22,36,2026-07-25 11:43:17.784965,2026-07-25 11:43:17.784965,2026-07-25 11:43:17.784965
2949,449,6,225,49,2026-07-25 11:43:17.784975,2026-07-25 11:43:17.784975,2026-07-25 11:43:17.784975
2950,450,6,134,34,2026-07-25 11:43:17.784985,2026-07-25 11:43:17.784985,2026-07-25 11:43:17.784985
2951,451,6,428,37,2026-07-25 11:43:17.784995,2026-07-25 11:43:17.784995,2026-07-25 11:43:17.784995
2952,452,6,288,23,2026-07-25 11:43:17.785004,2026-07-25 11:43:17.785004,2026-07-25 11:43:17.785004
2953,453,6,77,68,2026-07-25 11:43:17.785014,2026-07-25 11:43:17.785014,2026-07-25 11:43:17.785014
2954,454,6,356,62,2026-07-25 11:43:17.785024,2026-07-25 11:43:17.785024,2026-07-25 11:43:17.785024
2955,455,6,49,25,2026-07-25 11:43:17.785033,2026-07-25 11:43:17.785033,2026-07-25 11:43:17.785033
2956,456,6,342,42,2026-07-25 11:43:17.785043,2026-07-25 11:43:17.785043,2026-07-25 11:43:17.785043
2957,457,6,413,54,2026-07-25 11:43:17.785053,2026-07-25 11:43:17.785053,2026-07-25 11:43:17.785053
2958,458,6,211,68,2026-07-25 11:43:17.785062,2026-07-25 11:43:17.785062,2026-07-25 11:43:17.785062
2959,459,6,301,34,2026-07-25 11:43:17.785072,2026-07-25 11:43:17.785072,2026-07-25 11:43:17.785072
2960,460,6,283,23,2026-07-25 11:43:17.785082,2026-07-25 11:43:17.785082,2026-07-25 11:43:17.785082
2961,461,6,430,44,2026-07-25 11:43:17.785091,2026-07-25 11:43:17.785091,2026-07-25 11:43:17.785091
2962,462,6,419,53,2026-07-25 11:43:17.785101,2026-07-25 11:43:17.785101,2026-07-25 11:43:17.785101
2963,463,6,214,54,2026-07-25 11:43:17.785111,2026-07-25 11:43:17.785111,2026-07-25 11:43:17.785111
2964,464,6,351,75,2026-07-25 11:43:17.785120,2026-07-25 11:43:17.785120,2026-07-25 11:43:17.785120
2965,465,6,479,50,2026-07-25 11:43:17.785130,2026-07-25 11:43:17.785130,2026-07-25 11:43:17.785130
2966,466,6,293,76,2026-07-25 11:43:17.785140,2026-07-25 11:43:17.785140,2026-07-25 11:43:17.785140
2967,467,6,120,50,2026-07-25 11:43:17.785149,2026-07-25 11:43:17.785149,2026-07-25 11:43:17.785149
2968,468,6,153,25,2026-07-25 11:43:17.785159,2026-07-25 11:43:17.785159,2026-07-25 11:43:17.785159
2969,469,6,202,77,2026-07-25 11:43:17.785169,2026-07-25 11:43:17.785169,2026-07-25 11:43:17.785169
2970,470,6,437,65,2026-07-25 11:43:17.785178,2026-07-25 11:43:17.785178,2026-07-25 11:43:17.785178
2971,471,6,17,52,2026-07-25 11:43:17.785188,2026-07-25 11:43:17.785188,2026-07-25 11:43:17.785188
2972,472,6,292,77,2026-07-25 11:43:17.785198,2026-07-25 11:43:17.785198,2026-07-25 11:43:17.785198
2973,473,6,264,71,2026-07-25 11:43:17.785207,2026-07-25 11:43:17.785207,2026-07-25 11:43:17.785207
2974,474,6,292,63,2026-07-25 11:43:17.785217,2026-07-25 11:43:17.785217,2026-07-25 11:43:17.785217
2975,475,6,317,29,2026-07-25 11:43:17.785226,2026-07-25 11:43:17.785226,2026-07-25 11:43:17.785226
2976,476,6,61,80,2026-07-25 11:43:17.785236,2026-07-25 11:43:17.785236,2026-07-25 11:43:17.785236
2977,477,6,387,48,2026-07-25 11:43:17.785246,2026-07-25 11:43:17.785246,2026-07-25 11:43:17.785246
2978,478,6,88,80,2026-07-25 11:43:17.785257,2026-07-25 11:43:17.785257,2026-07-25 11:43:17.785257
2979,479,6,85,33,2026-07-25 11:43:17.785267,2026-07-25 11:43:17.785267,2026-07-25 11:43:17.785267
2980,480,6,413,32,2026-07-25 11:43:17.785277,2026-07-25 11:43:17.785277,2026-07-25 11:43:17.785277
2981,481,6,64,22,2026-07-25 11:43:17.785287,2026-07-25 11:43:17.785287,2026-07-25 11:43:17.785287
2982,482,6,216,25,2026-07-25 11:43:17.785296,2026-07-25 11:43:17.785296,2026-07-25 11:43:17.785296
2983,483,6,349,47,2026-07-25 11:43:17.785306,2026-07-25 11:43:17.785306,2026-07-25 11:43:17.785306
2984,484,6,103,72,2026-07-25 11:43:17.785316,2026-07-25 11:43:17.785316,2026-07-25 11:43:17.785316
2985,485,6,321,29,2026-07-25 11:43:17.785325,2026-07-25 11:43:17.785325,2026-07-25 11:43:17.785325
2986,486,6,427,58,2026-07-25 11:43:17.785336,2026-07-25 11:43:17.785336,2026-07-25 11:43:17.785336
2987,487,6,132,40,2026-07-25 11:43:17.785346,2026-07-25 11:43:17.785346,2026-07-25 11:43:17.785346
2988,488,6,466,66,2026-07-25 11:43:17.785356,2026-07-25 11:43:17.785356,2026-07-25 11:43:17.785356
2989,489,6,468,71,2026-07-25 11:43:17.785365,2026-07-25 11:43:17.785365,2026-07-25 11:43:17.785365
2990,490,6,34,25,2026-07-25 11:43:17.785375,2026-07-25 11:43:17.785375,2026-07-25 11:43:17.785375
2991,491,6,198,55,2026-07-25 11:43:17.785385,2026-07-25 11:43:17.785385,2026-07-25 11:43:17.785385
2992,492,6,203,55,2026-07-25 11:43:17.785394,2026-07-25 11:43:17.785394,2026-07-25 11:43:17.785394
2993,493,6,166,74,2026-07-25 11:43:17.785404,2026-07-25 11:43:17.785404,2026-07-25 11:43:17.785404
2994,494,6,141,53,2026-07-25 11:43:17.785414,2026-07-25 11:43:17.785414,2026-07-25 11:43:17.785414
2995,495,6,234,78,2026-07-25 11:43:17.785423,2026-07-25 11:43:17.785423,2026-07-25 11:43:17.785423
2996,496,6,447,20,2026-07-25 11:43:17.785433,2026-07-25 11:43:17.785433,2026-07-25 11:43:17.785433
2997,497,6,402,64,2026-07-25 11:43:17.785443,2026-07-25 11:43:17.785443,2026-07-25 11:43:17.785443
2998,498,6,319,57,2026-07-25 11:43:17.785452,2026-07-25 11:43:17.785452,2026-07-25 11:43:17.785452
2999,499,6,267,70,2026-07-25 11:43:17.785462,2026-07-25 11:43:17.785462,2026-07-25 11:43:17.785462
3000,500,6,214,27,2026-07-25 11:43:17.785471,2026-07-25 11:43:17.785471,2026-07-25 11:43:17.785471
3001,1,7,212,29,2026-07-25 11:43:17.785644,2026-07-25 11:43:17.785644,2026-07-25 11:43:17.785644
3002,2,7,75,56,2026-07-25 11:43:17.785656,2026-07-25 11:43:17.785656,2026-07-25 11:43:17.785656
3003,3,7,301,57,2026-07-25 11:43:17.785667,2026-07-25 11:43:17.785667,2026-07-25 11:43:17.785667
3004,4,7,388,80,2026-07-25 11:43:17.785677,2026-07-25 11:43:17.785677,2026-07-25 11:43:17.785677
3005,5,7,51,79,2026-07-25 11:43:17.785687,2026-07-25 11:43:17.785687,2026-07-25 11:43:17.785687
3006,6,7,54,56,2026-07-25 11:43:17.785698,2026-07-25 11:43:17.785698,2026-07-25 11:43:17.785698
3007,7,7,399,26,2026-07-25 11:43:17.785708,2026-07-25 11:43:17.785708,2026-07-25 11:43:17.785708
3008,8,7,402,38,2026-07-25 11:43:17.785718,2026-07-25 11:43:17.785718,2026-07-25 11:43:17.785718
3009,9,7,444,54,2026-07-25 11:43:17.785727,2026-07-25 11:43:17.785727,2026-07-25 11:43:17.785727
3010,10,7,450,42,2026-07-25 11:43:17.785737,2026-07-25 11:43:17.785737,2026-07-25 11:43:17.785737
3011,11,7,449,46,2026-07-25 11:43:17.785747,2026-07-25 11:43:17.785747,2026-07-25 11:43:17.785747
3012,12,7,135,44,2026-07-25 11:43:17.785757,2026-07-25 11:43:17.785757,2026-07-25 11:43:17.785757
3013,13,7,335,51,2026-07-25 11:43:17.785766,2026-07-25 11:43:17.785766,2026-07-25 11:43:17.785766
3014,14,7,292,58,2026-07-25 11:43:17.785776,2026-07-25 11:43:17.785776,2026-07-25 11:43:17.785776
3015,15,7,242,22,2026-07-25 11:43:17.785786,2026-07-25 11:43:17.785786,2026-07-25 11:43:17.785786
3016,16,7,88,37,2026-07-25 11:43:17.785796,2026-07-25 11:43:17.785796,2026-07-25 11:43:17.785796
3017,17,7,206,29,2026-07-25 11:43:17.785805,2026-07-25 11:43:17.785805,2026-07-25 11:43:17.785805
3018,18,7,316,58,2026-07-25 11:43:17.785815,2026-07-25 11:43:17.785815,2026-07-25 11:43:17.785815
3019,19,7,348,64,2026-07-25 11:43:17.785825,2026-07-25 11:43:17.785825,2026-07-25 11:43:17.785825
3020,20,7,205,22,2026-07-25 11:43:17.785835,2026-07-25 11:43:17.785835,2026-07-25 11:43:17.785835
3021,21,7,202,76,2026-07-25 11:43:17.785845,2026-07-25 11:43:17.785845,2026-07-25 11:43:17.785845
3022,22,7,450,41,2026-07-25 11:43:17.785854,2026-07-25 11:43:17.785854,2026-07-25 11:43:17.785854
3023,23,7,353,35,2026-07-25 11:43:17.785864,2026-07-25 11:43:17.785864,2026-07-25 11:43:17.785864
3024,24,7,25,67,2026-07-25 11:43:17.785874,2026-07-25 11:43:17.785874,2026-07-25 11:43:17.785874
3025,25,7,243,78,2026-07-25 11:43:17.785884,2026-07-25 11:43:17.785884,2026-07-25 11:43:17.785884
3026,26,7,137,77,2026-07-25 11:43:17.785893,2026-07-25 11:43:17.785893,2026-07-25 11:43:17.785893
3027,27,7,190,21,2026-07-25 11:43:17.785903,2026-07-25 11:43:17.785903,2026-07-25 11:43:17.785903
3028,28,7,172,72,2026-07-25 11:43:17.785913,2026-07-25 11:43:17.785913,2026-07-25 11:43:17.785913
3029,29,7,406,39,2026-07-25 11:43:17.785923,2026-07-25 11:43:17.785923,2026-07-25 11:43:17.785923
3030,30,7,159,37,2026-07-25 11:43:17.785932,2026-07-25 11:43:17.785932,2026-07-25 11:43:17.785932
3031,31,7,431,51,2026-07-25 11:43:17.785941,2026-07-25 11:43:17.785941,2026-07-25 11:43:17.785941
3032,32,7,439,64,2026-07-25 11:43:17.785950,2026-07-25 11:43:17.785950,2026-07-25 11:43:17.785950
3033,33,7,350,26,2026-07-25 11:43:17.785959,2026-07-25 11:43:17.785959,2026-07-25 11:43:17.785959
3034,34,7,497,75,2026-07-25 11:43:17.785968,2026-07-25 11:43:17.785968,2026-07-25 11:43:17.785968
3035,35,7,116,28,2026-07-25 11:43:17.785977,2026-07-25 11:43:17.785977,2026-07-25 11:43:17.785977
3036,36,7,153,67,2026-07-25 11:43:17.785986,2026-07-25 11:43:17.785986,2026-07-25 11:43:17.785986
3037,37,7,226,69,2026-07-25 11:43:17.785995,2026-07-25 11:43:17.785995,2026-07-25 11:43:17.785995
3038,38,7,422,40,2026-07-25 11:43:17.786003,2026-07-25 11:43:17.786003,2026-07-25 11:43:17.786003
3039,39,7,137,66,2026-07-25 11:43:17.786012,2026-07-25 11:43:17.786012,2026-07-25 11:43:17.786012
3040,40,7,213,58,2026-07-25 11:43:17.786021,2026-07-25 11:43:17.786021,2026-07-25 11:43:17.786021
3041,41,7,330,25,2026-07-25 11:43:17.786030,2026-07-25 11:43:17.786030,2026-07-25 11:43:17.786030
3042,42,7,96,48,2026-07-25 11:43:17.786040,2026-07-25 11:43:17.786040,2026-07-25 11:43:17.786040
3043,43,7,108,78,2026-07-25 11:43:17.786049,2026-07-25 11:43:17.786049,2026-07-25 11:43:17.786049
3044,44,7,421,46,2026-07-25 11:43:17.786061,2026-07-25 11:43:17.786061,2026-07-25 11:43:17.786061
3045,45,7,379,51,2026-07-25 11:43:17.786071,2026-07-25 11:43:17.786071,2026-07-25 11:43:17.786071
3046,46,7,388,53,2026-07-25 11:43:17.786080,2026-07-25 11:43:17.786080,2026-07-25 11:43:17.786080
3047,47,7,444,43,2026-07-25 11:43:17.786090,2026-07-25 11:43:17.786090,2026-07-25 11:43:17.786090
3048,48,7,420,23,2026-07-25 11:43:17.786100,2026-07-25 11:43:17.786100,2026-07-25 11:43:17.786100
3049,49,7,263,70,2026-07-25 11:43:17.786110,2026-07-25 11:43:17.786110,2026-07-25 11:43:17.786110
3050,50,7,81,24,2026-07-25 11:43:17.786119,2026-07-25 11:43:17.786119,2026-07-25 11:43:17.786119
3051,51,7,159,65,2026-07-25 11:43:17.786129,2026-07-25 11:43:17.786129,2026-07-25 11:43:17.786129
3052,52,7,259,45,2026-07-25 11:43:17.786139,2026-07-25 11:43:17.786139,2026-07-25 11:43:17.786139
3053,53,7,69,69,2026-07-25 11:43:17.786148,2026-07-25 11:43:17.786148,2026-07-25 11:43:17.786148
3054,54,7,435,53,2026-07-25 11:43:17.786158,2026-07-25 11:43:17.786158,2026-07-25 11:43:17.786158
3055,55,7,450,56,2026-07-25 11:43:17.786168,2026-07-25 11:43:17.786168,2026-07-25 11:43:17.786168
3056,56,7,14,31,2026-07-25 11:43:17.786178,2026-07-25 11:43:17.786178,2026-07-25 11:43:17.786178
3057,57,7,98,76,2026-07-25 11:43:17.786187,2026-07-25 11:43:17.786187,2026-07-25 11:43:17.786187
3058,58,7,426,32,2026-07-25 11:43:17.786197,2026-07-25 11:43:17.786197,2026-07-25 11:43:17.786197
3059,59,7,428,23,2026-07-25 11:43:17.786207,2026-07-25 11:43:17.786207,2026-07-25 11:43:17.786207
3060,60,7,127,22,2026-07-25 11:43:17.786216,2026-07-25 11:43:17.786216,2026-07-25 11:43:17.786216
3061,61,7,233,23,2026-07-25 11:43:17.786226,2026-07-25 11:43:17.786226,2026-07-25 11:43:17.786226
3062,62,7,470,43,2026-07-25 11:43:17.786236,2026-07-25 11:43:17.786236,2026-07-25 11:43:17.786236
3063,63,7,360,32,2026-07-25 11:43:17.786245,2026-07-25 11:43:17.786245,2026-07-25 11:43:17.786245
3064,64,7,140,43,2026-07-25 11:43:17.786256,2026-07-25 11:43:17.786256,2026-07-25 11:43:17.786256
3065,65,7,421,49,2026-07-25 11:43:17.786266,2026-07-25 11:43:17.786266,2026-07-25 11:43:17.786266
3066,66,7,258,45,2026-07-25 11:43:17.786276,2026-07-25 11:43:17.786276,2026-07-25 11:43:17.786276
3067,67,7,325,79,2026-07-25 11:43:17.786286,2026-07-25 11:43:17.786286,2026-07-25 11:43:17.786286
3068,68,7,63,63,2026-07-25 11:43:17.786295,2026-07-25 11:43:17.786295,2026-07-25 11:43:17.786295
3069,69,7,15,35,2026-07-25 11:43:17.786305,2026-07-25 11:43:17.786305,2026-07-25 11:43:17.786305
3070,70,7,190,51,2026-07-25 11:43:17.786315,2026-07-25 11:43:17.786315,2026-07-25 11:43:17.786315
3071,71,7,304,48,2026-07-25 11:43:17.786325,2026-07-25 11:43:17.786325,2026-07-25 11:43:17.786325
3072,72,7,90,75,2026-07-25 11:43:17.786334,2026-07-25 11:43:17.786334,2026-07-25 11:43:17.786334
3073,73,7,242,57,2026-07-25 11:43:17.786344,2026-07-25 11:43:17.786344,2026-07-25 11:43:17.786344
3074,74,7,282,42,2026-07-25 11:43:17.786354,2026-07-25 11:43:17.786354,2026-07-25 11:43:17.786354
3075,75,7,176,30,2026-07-25 11:43:17.786364,2026-07-25 11:43:17.786364,2026-07-25 11:43:17.786364
3076,76,7,428,77,2026-07-25 11:43:17.786373,2026-07-25 11:43:17.786373,2026-07-25 11:43:17.786373
3077,77,7,132,67,2026-07-25 11:43:17.786383,2026-07-25 11:43:17.786383,2026-07-25 11:43:17.786383
3078,78,7,425,64,2026-07-25 11:43:17.786393,2026-07-25 11:43:17.786393,2026-07-25 11:43:17.786393
3079,79,7,46,38,2026-07-25 11:43:17.786402,2026-07-25 11:43:17.786402,2026-07-25 11:43:17.786402
3080,80,7,14,44,2026-07-25 11:43:17.786412,2026-07-25 11:43:17.786412,2026-07-25 11:43:17.786412
3081,81,7,25,30,2026-07-25 11:43:17.786422,2026-07-25 11:43:17.786422,2026-07-25 11:43:17.786422
3082,82,7,437,56,2026-07-25 11:43:17.786432,2026-07-25 11:43:17.786432,2026-07-25 11:43:17.786432
3083,83,7,399,33,2026-07-25 11:43:17.786441,2026-07-25 11:43:17.786441,2026-07-25 11:43:17.786441
3084,84,7,438,34,2026-07-25 11:43:17.786452,2026-07-25 11:43:17.786452,2026-07-25 11:43:17.786452
3085,85,7,331,34,2026-07-25 11:43:17.786462,2026-07-25 11:43:17.786462,2026-07-25 11:43:17.786462
3086,86,7,346,33,2026-07-25 11:43:17.786472,2026-07-25 11:43:17.786472,2026-07-25 11:43:17.786472
3087,87,7,137,61,2026-07-25 11:43:17.786482,2026-07-25 11:43:17.786482,2026-07-25 11:43:17.786482
3088,88,7,209,52,2026-07-25 11:43:17.786492,2026-07-25 11:43:17.786492,2026-07-25 11:43:17.786492
3089,89,7,10,75,2026-07-25 11:43:17.786502,2026-07-25 11:43:17.786502,2026-07-25 11:43:17.786502
3090,90,7,399,69,2026-07-25 11:43:17.786511,2026-07-25 11:43:17.786511,2026-07-25 11:43:17.786511
3091,91,7,349,20,2026-07-25 11:43:17.786521,2026-07-25 11:43:17.786521,2026-07-25 11:43:17.786521
3092,92,7,242,78,2026-07-25 11:43:17.786531,2026-07-25 11:43:17.786531,2026-07-25 11:43:17.786531
3093,93,7,67,61,2026-07-25 11:43:17.786541,2026-07-25 11:43:17.786541,2026-07-25 11:43:17.786541
3094,94,7,88,58,2026-07-25 11:43:17.786551,2026-07-25 11:43:17.786551,2026-07-25 11:43:17.786551
3095,95,7,410,20,2026-07-25 11:43:17.786560,2026-07-25 11:43:17.786560,2026-07-25 11:43:17.786560
3096,96,7,114,36,2026-07-25 11:43:17.786570,2026-07-25 11:43:17.786570,2026-07-25 11:43:17.786570
3097,97,7,311,71,2026-07-25 11:43:17.786580,2026-07-25 11:43:17.786580,2026-07-25 11:43:17.786580
3098,98,7,482,39,2026-07-25 11:43:17.786589,2026-07-25 11:43:17.786589,2026-07-25 11:43:17.786589
3099,99,7,364,65,2026-07-25 11:43:17.786599,2026-07-25 11:43:17.786599,2026-07-25 11:43:17.786599
3100,100,7,329,37,2026-07-25 11:43:17.786609,2026-07-25 11:43:17.786609,2026-07-25 11:43:17.786609
3101,101,7,216,77,2026-07-25 11:43:17.786618,2026-07-25 11:43:17.786618,2026-07-25 11:43:17.786618
3102,102,7,192,74,2026-07-25 11:43:17.786628,2026-07-25 11:43:17.786628,2026-07-25 11:43:17.786628
3103,103,7,178,49,2026-07-25 11:43:17.786638,2026-07-25 11:43:17.786638,2026-07-25 11:43:17.786638
3104,104,7,129,33,2026-07-25 11:43:17.786648,2026-07-25 11:43:17.786648,2026-07-25 11:43:17.786648
3105,105,7,238,39,2026-07-25 11:43:17.786657,2026-07-25 11:43:17.786657,2026-07-25 11:43:17.786657
3106,106,7,346,53,2026-07-25 11:43:17.786667,2026-07-25 11:43:17.786667,2026-07-25 11:43:17.786667
3107,107,7,422,59,2026-07-25 11:43:17.786677,2026-07-25 11:43:17.786677,2026-07-25 11:43:17.786677
3108,108,7,203,57,2026-07-25 11:43:17.786686,2026-07-25 11:43:17.786686,2026-07-25 11:43:17.786686
3109,109,7,52,20,2026-07-25 11:43:17.786696,2026-07-25 11:43:17.786696,2026-07-25 11:43:17.786696
3110,110,7,261,62,2026-07-25 11:43:17.786705,2026-07-25 11:43:17.786705,2026-07-25 11:43:17.786705
3111,111,7,494,73,2026-07-25 11:43:17.786715,2026-07-25 11:43:17.786715,2026-07-25 11:43:17.786715
3112,112,7,429,43,2026-07-25 11:43:17.786725,2026-07-25 11:43:17.786725,2026-07-25 11:43:17.786725
3113,113,7,287,61,2026-07-25 11:43:17.786735,2026-07-25 11:43:17.786735,2026-07-25 11:43:17.786735
3114,114,7,304,58,2026-07-25 11:43:17.786744,2026-07-25 11:43:17.786744,2026-07-25 11:43:17.786744
3115,115,7,144,39,2026-07-25 11:43:17.786754,2026-07-25 11:43:17.786754,2026-07-25 11:43:17.786754
3116,116,7,350,26,2026-07-25 11:43:17.786764,2026-07-25 11:43:17.786764,2026-07-25 11:43:17.786764
3117,117,7,246,24,2026-07-25 11:43:17.786773,2026-07-25 11:43:17.786773,2026-07-25 11:43:17.786773
3118,118,7,172,37,2026-07-25 11:43:17.786783,2026-07-25 11:43:17.786783,2026-07-25 11:43:17.786783
3119,119,7,327,40,2026-07-25 11:43:17.786793,2026-07-25 11:43:17.786793,2026-07-25 11:43:17.786793
3120,120,7,441,37,2026-07-25 11:43:17.786802,2026-07-25 11:43:17.786802,2026-07-25 11:43:17.786802
3121,121,7,133,61,2026-07-25 11:43:17.786812,2026-07-25 11:43:17.786812,2026-07-25 11:43:17.786812
3122,122,7,364,80,2026-07-25 11:43:17.786822,2026-07-25 11:43:17.786822,2026-07-25 11:43:17.786822
3123,123,7,456,61,2026-07-25 11:43:17.786831,2026-07-25 11:43:17.786831,2026-07-25 11:43:17.786831
3124,124,7,152,32,2026-07-25 11:43:17.786841,2026-07-25 11:43:17.786841,2026-07-25 11:43:17.786841
3125,125,7,76,53,2026-07-25 11:43:17.786850,2026-07-25 11:43:17.786850,2026-07-25 11:43:17.786850
3126,126,7,391,35,2026-07-25 11:43:17.786860,2026-07-25 11:43:17.786860,2026-07-25 11:43:17.786860
3127,127,7,460,23,2026-07-25 11:43:17.786870,2026-07-25 11:43:17.786870,2026-07-25 11:43:17.786870
3128,128,7,412,74,2026-07-25 11:43:17.786880,2026-07-25 11:43:17.786880,2026-07-25 11:43:17.786880
3129,129,7,410,71,2026-07-25 11:43:17.786889,2026-07-25 11:43:17.786889,2026-07-25 11:43:17.786889
3130,130,7,307,45,2026-07-25 11:43:17.786899,2026-07-25 11:43:17.786899,2026-07-25 11:43:17.786899
3131,131,7,338,40,2026-07-25 11:43:17.786909,2026-07-25 11:43:17.786909,2026-07-25 11:43:17.786909
3132,132,7,348,28,2026-07-25 11:43:17.786919,2026-07-25 11:43:17.786919,2026-07-25 11:43:17.786919
3133,133,7,369,21,2026-07-25 11:43:17.786928,2026-07-25 11:43:17.786928,2026-07-25 11:43:17.786928
3134,134,7,335,51,2026-07-25 11:43:17.786938,2026-07-25 11:43:17.786938,2026-07-25 11:43:17.786938
3135,135,7,151,36,2026-07-25 11:43:17.786948,2026-07-25 11:43:17.786948,2026-07-25 11:43:17.786948
3136,136,7,464,46,2026-07-25 11:43:17.786957,2026-07-25 11:43:17.786957,2026-07-25 11:43:17.786957
3137,137,7,207,44,2026-07-25 11:43:17.786967,2026-07-25 11:43:17.786967,2026-07-25 11:43:17.786967
3138,138,7,377,22,2026-07-25 11:43:17.786977,2026-07-25 11:43:17.786977,2026-07-25 11:43:17.786977
3139,139,7,298,65,2026-07-25 11:43:17.786987,2026-07-25 11:43:17.786987,2026-07-25 11:43:17.786987
3140,140,7,292,72,2026-07-25 11:43:17.786997,2026-07-25 11:43:17.786997,2026-07-25 11:43:17.786997
3141,141,7,97,41,2026-07-25 11:43:17.787006,2026-07-25 11:43:17.787006,2026-07-25 11:43:17.787006
3142,142,7,371,65,2026-07-25 11:43:17.787017,2026-07-25 11:43:17.787017,2026-07-25 11:43:17.787017
3143,143,7,113,63,2026-07-25 11:43:17.787027,2026-07-25 11:43:17.787027,2026-07-25 11:43:17.787027
3144,144,7,273,60,2026-07-25 11:43:17.787036,2026-07-25 11:43:17.787036,2026-07-25 11:43:17.787036
3145,145,7,401,50,2026-07-25 11:43:17.787046,2026-07-25 11:43:17.787046,2026-07-25 11:43:17.787046
3146,146,7,464,80,2026-07-25 11:43:17.787056,2026-07-25 11:43:17.787056,2026-07-25 11:43:17.787056
3147,147,7,343,42,2026-07-25 11:43:17.787065,2026-07-25 11:43:17.787065,2026-07-25 11:43:17.787065
3148,148,7,259,39,2026-07-25 11:43:17.787075,2026-07-25 11:43:17.787075,2026-07-25 11:43:17.787075
3149,149,7,432,30,2026-07-25 11:43:17.787085,2026-07-25 11:43:17.787085,2026-07-25 11:43:17.787085
3150,150,7,430,62,2026-07-25 11:43:17.787095,2026-07-25 11:43:17.787095,2026-07-25 11:43:17.787095
3151,151,7,448,55,2026-07-25 11:43:17.787104,2026-07-25 11:43:17.787104,2026-07-25 11:43:17.787104
3152,152,7,92,38,2026-07-25 11:43:17.787114,2026-07-25 11:43:17.787114,2026-07-25 11:43:17.787114
3153,153,7,49,50,2026-07-25 11:43:17.787123,2026-07-25 11:43:17.787123,2026-07-25 11:43:17.787123
3154,154,7,65,67,2026-07-25 11:43:17.787133,2026-07-25 11:43:17.787133,2026-07-25 11:43:17.787133
3155,155,7,132,66,2026-07-25 11:43:17.787143,2026-07-25 11:43:17.787143,2026-07-25 11:43:17.787143
3156,156,7,413,55,2026-07-25 11:43:17.787153,2026-07-25 11:43:17.787153,2026-07-25 11:43:17.787153
3157,157,7,390,78,2026-07-25 11:43:17.787162,2026-07-25 11:43:17.787162,2026-07-25 11:43:17.787162
3158,158,7,93,80,2026-07-25 11:43:17.787172,2026-07-25 11:43:17.787172,2026-07-25 11:43:17.787172
3159,159,7,348,77,2026-07-25 11:43:17.787182,2026-07-25 11:43:17.787182,2026-07-25 11:43:17.787182
3160,160,7,171,61,2026-07-25 11:43:17.787191,2026-07-25 11:43:17.787191,2026-07-25 11:43:17.787191
3161,161,7,45,34,2026-07-25 11:43:17.787201,2026-07-25 11:43:17.787201,2026-07-25 11:43:17.787201
3162,162,7,181,34,2026-07-25 11:43:17.787211,2026-07-25 11:43:17.787211,2026-07-25 11:43:17.787211
3163,163,7,381,75,2026-07-25 11:43:17.787220,2026-07-25 11:43:17.787220,2026-07-25 11:43:17.787220
3164,164,7,157,46,2026-07-25 11:43:17.787230,2026-07-25 11:43:17.787230,2026-07-25 11:43:17.787230
3165,165,7,403,76,2026-07-25 11:43:17.787240,2026-07-25 11:43:17.787240,2026-07-25 11:43:17.787240
3166,166,7,169,43,2026-07-25 11:43:17.787249,2026-07-25 11:43:17.787249,2026-07-25 11:43:17.787249
3167,167,7,133,57,2026-07-25 11:43:17.787259,2026-07-25 11:43:17.787259,2026-07-25 11:43:17.787259
3168,168,7,150,49,2026-07-25 11:43:17.787268,2026-07-25 11:43:17.787268,2026-07-25 11:43:17.787268
3169,169,7,435,27,2026-07-25 11:43:17.787278,2026-07-25 11:43:17.787278,2026-07-25 11:43:17.787278
3170,170,7,240,23,2026-07-25 11:43:17.787288,2026-07-25 11:43:17.787288,2026-07-25 11:43:17.787288
3171,171,7,443,60,2026-07-25 11:43:17.787299,2026-07-25 11:43:17.787299,2026-07-25 11:43:17.787299
3172,172,7,298,57,2026-07-25 11:43:17.787309,2026-07-25 11:43:17.787309,2026-07-25 11:43:17.787309
3173,173,7,483,59,2026-07-25 11:43:17.787319,2026-07-25 11:43:17.787319,2026-07-25 11:43:17.787319
3174,174,7,36,50,2026-07-25 11:43:17.787328,2026-07-25 11:43:17.787328,2026-07-25 11:43:17.787328
3175,175,7,455,32,2026-07-25 11:43:17.787338,2026-07-25 11:43:17.787338,2026-07-25 11:43:17.787338
3176,176,7,256,27,2026-07-25 11:43:17.787364,2026-07-25 11:43:17.787364,2026-07-25 11:43:17.787364
3177,177,7,444,63,2026-07-25 11:43:17.787375,2026-07-25 11:43:17.787375,2026-07-25 11:43:17.787375
3178,178,7,195,53,2026-07-25 11:43:17.787385,2026-07-25 11:43:17.787385,2026-07-25 11:43:17.787385
3179,179,7,152,46,2026-07-25 11:43:17.787394,2026-07-25 11:43:17.787394,2026-07-25 11:43:17.787394
3180,180,7,27,75,2026-07-25 11:43:17.787404,2026-07-25 11:43:17.787404,2026-07-25 11:43:17.787404
3181,181,7,437,29,2026-07-25 11:43:17.787414,2026-07-25 11:43:17.787414,2026-07-25 11:43:17.787414
3182,182,7,70,32,2026-07-25 11:43:17.787424,2026-07-25 11:43:17.787424,2026-07-25 11:43:17.787424
3183,183,7,175,46,2026-07-25 11:43:17.787433,2026-07-25 11:43:17.787433,2026-07-25 11:43:17.787433
3184,184,7,291,77,2026-07-25 11:43:17.787442,2026-07-25 11:43:17.787442,2026-07-25 11:43:17.787442
3185,185,7,464,49,2026-07-25 11:43:17.787451,2026-07-25 11:43:17.787451,2026-07-25 11:43:17.787451
3186,186,7,73,40,2026-07-25 11:43:17.787460,2026-07-25 11:43:17.787460,2026-07-25 11:43:17.787460
3187,187,7,441,65,2026-07-25 11:43:17.787469,2026-07-25 11:43:17.787469,2026-07-25 11:43:17.787469
3188,188,7,92,69,2026-07-25 11:43:17.787478,2026-07-25 11:43:17.787478,2026-07-25 11:43:17.787478
3189,189,7,41,51,2026-07-25 11:43:17.787487,2026-07-25 11:43:17.787487,2026-07-25 11:43:17.787487
3190,190,7,170,60,2026-07-25 11:43:17.787496,2026-07-25 11:43:17.787496,2026-07-25 11:43:17.787496
3191,191,7,90,40,2026-07-25 11:43:17.787505,2026-07-25 11:43:17.787505,2026-07-25 11:43:17.787505
3192,192,7,324,23,2026-07-25 11:43:17.787514,2026-07-25 11:43:17.787514,2026-07-25 11:43:17.787514
3193,193,7,2,48,2026-07-25 11:43:17.787523,2026-07-25 11:43:17.787523,2026-07-25 11:43:17.787523
3194,194,7,140,33,2026-07-25 11:43:17.787532,2026-07-25 11:43:17.787532,2026-07-25 11:43:17.787532
3195,195,7,389,69,2026-07-25 11:43:17.787542,2026-07-25 11:43:17.787542,2026-07-25 11:43:17.787542
3196,196,7,86,56,2026-07-25 11:43:17.787552,2026-07-25 11:43:17.787552,2026-07-25 11:43:17.787552
3197,197,7,391,30,2026-07-25 11:43:17.787562,2026-07-25 11:43:17.787562,2026-07-25 11:43:17.787562
3198,198,7,250,70,2026-07-25 11:43:17.787572,2026-07-25 11:43:17.787572,2026-07-25 11:43:17.787572
3199,199,7,390,69,2026-07-25 11:43:17.787582,2026-07-25 11:43:17.787582,2026-07-25 11:43:17.787582
3200,200,7,45,28,2026-07-25 11:43:17.787591,2026-07-25 11:43:17.787591,2026-07-25 11:43:17.787591
3201,201,7,314,47,2026-07-25 11:43:17.787601,2026-07-25 11:43:17.787601,2026-07-25 11:43:17.787601
3202,202,7,324,47,2026-07-25 11:43:17.787611,2026-07-25 11:43:17.787611,2026-07-25 11:43:17.787611
3203,203,7,206,47,2026-07-25 11:43:17.787621,2026-07-25 11:43:17.787621,2026-07-25 11:43:17.787621
3204,204,7,494,50,2026-07-25 11:43:17.787630,2026-07-25 11:43:17.787630,2026-07-25 11:43:17.787630
3205,205,7,196,20,2026-07-25 11:43:17.787640,2026-07-25 11:43:17.787640,2026-07-25 11:43:17.787640
3206,206,7,19,54,2026-07-25 11:43:17.787650,2026-07-25 11:43:17.787650,2026-07-25 11:43:17.787650
3207,207,7,102,66,2026-07-25 11:43:17.787660,2026-07-25 11:43:17.787660,2026-07-25 11:43:17.787660
3208,208,7,191,80,2026-07-25 11:43:17.787669,2026-07-25 11:43:17.787669,2026-07-25 11:43:17.787669
3209,209,7,7,77,2026-07-25 11:43:17.787679,2026-07-25 11:43:17.787679,2026-07-25 11:43:17.787679
3210,210,7,164,68,2026-07-25 11:43:17.787689,2026-07-25 11:43:17.787689,2026-07-25 11:43:17.787689
3211,211,7,426,53,2026-07-25 11:43:17.787698,2026-07-25 11:43:17.787698,2026-07-25 11:43:17.787698
3212,212,7,97,21,2026-07-25 11:43:17.787708,2026-07-25 11:43:17.787708,2026-07-25 11:43:17.787708
3213,213,7,346,20,2026-07-25 11:43:17.787718,2026-07-25 11:43:17.787718,2026-07-25 11:43:17.787718
3214,214,7,320,66,2026-07-25 11:43:17.787727,2026-07-25 11:43:17.787727,2026-07-25 11:43:17.787727
3215,215,7,127,34,2026-07-25 11:43:17.787737,2026-07-25 11:43:17.787737,2026-07-25 11:43:17.787737
3216,216,7,355,76,2026-07-25 11:43:17.787747,2026-07-25 11:43:17.787747,2026-07-25 11:43:17.787747
3217,217,7,176,39,2026-07-25 11:43:17.787757,2026-07-25 11:43:17.787757,2026-07-25 11:43:17.787757
3218,218,7,66,26,2026-07-25 11:43:17.787766,2026-07-25 11:43:17.787766,2026-07-25 11:43:17.787766
3219,219,7,196,52,2026-07-25 11:43:17.787776,2026-07-25 11:43:17.787776,2026-07-25 11:43:17.787776
3220,220,7,301,39,2026-07-25 11:43:17.787787,2026-07-25 11:43:17.787787,2026-07-25 11:43:17.787787
3221,221,7,85,24,2026-07-25 11:43:17.787797,2026-07-25 11:43:17.787797,2026-07-25 11:43:17.787797
3222,222,7,421,22,2026-07-25 11:43:17.787807,2026-07-25 11:43:17.787807,2026-07-25 11:43:17.787807
3223,223,7,152,80,2026-07-25 11:43:17.787817,2026-07-25 11:43:17.787817,2026-07-25 11:43:17.787817
3224,224,7,148,49,2026-07-25 11:43:17.787826,2026-07-25 11:43:17.787826,2026-07-25 11:43:17.787826
3225,225,7,372,53,2026-07-25 11:43:17.787836,2026-07-25 11:43:17.787836,2026-07-25 11:43:17.787836
3226,226,7,305,53,2026-07-25 11:43:17.787845,2026-07-25 11:43:17.787845,2026-07-25 11:43:17.787845
3227,227,7,172,47,2026-07-25 11:43:17.787855,2026-07-25 11:43:17.787855,2026-07-25 11:43:17.787855
3228,228,7,454,63,2026-07-25 11:43:17.787865,2026-07-25 11:43:17.787865,2026-07-25 11:43:17.787865
3229,229,7,68,41,2026-07-25 11:43:17.787875,2026-07-25 11:43:17.787875,2026-07-25 11:43:17.787875
3230,230,7,461,51,2026-07-25 11:43:17.787884,2026-07-25 11:43:17.787884,2026-07-25 11:43:17.787884
3231,231,7,183,68,2026-07-25 11:43:17.787894,2026-07-25 11:43:17.787894,2026-07-25 11:43:17.787894
3232,232,7,96,30,2026-07-25 11:43:17.787904,2026-07-25 11:43:17.787904,2026-07-25 11:43:17.787904
3233,233,7,485,78,2026-07-25 11:43:17.787913,2026-07-25 11:43:17.787913,2026-07-25 11:43:17.787913
3234,234,7,470,71,2026-07-25 11:43:17.787923,2026-07-25 11:43:17.787923,2026-07-25 11:43:17.787923
3235,235,7,206,21,2026-07-25 11:43:17.787933,2026-07-25 11:43:17.787933,2026-07-25 11:43:17.787933
3236,236,7,116,34,2026-07-25 11:43:17.787942,2026-07-25 11:43:17.787942,2026-07-25 11:43:17.787942
3237,237,7,372,28,2026-07-25 11:43:17.787952,2026-07-25 11:43:17.787952,2026-07-25 11:43:17.787952
3238,238,7,108,66,2026-07-25 11:43:17.787962,2026-07-25 11:43:17.787962,2026-07-25 11:43:17.787962
3239,239,7,11,57,2026-07-25 11:43:17.787972,2026-07-25 11:43:17.787972,2026-07-25 11:43:17.787972
3240,240,7,258,30,2026-07-25 11:43:17.787981,2026-07-25 11:43:17.787981,2026-07-25 11:43:17.787981
3241,241,7,63,43,2026-07-25 11:43:17.787991,2026-07-25 11:43:17.787991,2026-07-25 11:43:17.787991
3242,242,7,364,61,2026-07-25 11:43:17.788000,2026-07-25 11:43:17.788000,2026-07-25 11:43:17.788000
3243,243,7,405,22,2026-07-25 11:43:17.788010,2026-07-25 11:43:17.788010,2026-07-25 11:43:17.788010
3244,244,7,192,76,2026-07-25 11:43:17.788020,2026-07-25 11:43:17.788020,2026-07-25 11:43:17.788020
3245,245,7,327,36,2026-07-25 11:43:17.788029,2026-07-25 11:43:17.788029,2026-07-25 11:43:17.788029
3246,246,7,394,54,2026-07-25 11:43:17.788039,2026-07-25 11:43:17.788039,2026-07-25 11:43:17.788039
3247,247,7,319,23,2026-07-25 11:43:17.788048,2026-07-25 11:43:17.788048,2026-07-25 11:43:17.788048
3248,248,7,304,23,2026-07-25 11:43:17.788058,2026-07-25 11:43:17.788058,2026-07-25 11:43:17.788058
3249,249,7,338,26,2026-07-25 11:43:17.788068,2026-07-25 11:43:17.788068,2026-07-25 11:43:17.788068
3250,250,7,334,73,2026-07-25 11:43:17.788081,2026-07-25 11:43:17.788081,2026-07-25 11:43:17.788081
3251,251,7,10,23,2026-07-25 11:43:17.788091,2026-07-25 11:43:17.788091,2026-07-25 11:43:17.788091
3252,252,7,353,27,2026-07-25 11:43:17.788101,2026-07-25 11:43:17.788101,2026-07-25 11:43:17.788101
3253,253,7,213,48,2026-07-25 11:43:17.788111,2026-07-25 11:43:17.788111,2026-07-25 11:43:17.788111
3254,254,7,194,27,2026-07-25 11:43:17.788120,2026-07-25 11:43:17.788120,2026-07-25 11:43:17.788120
3255,255,7,280,36,2026-07-25 11:43:17.788135,2026-07-25 11:43:17.788135,2026-07-25 11:43:17.788135
3256,256,7,242,64,2026-07-25 11:43:17.788145,2026-07-25 11:43:17.788145,2026-07-25 11:43:17.788145
3257,257,7,78,33,2026-07-25 11:43:17.788155,2026-07-25 11:43:17.788155,2026-07-25 11:43:17.788155
3258,258,7,355,63,2026-07-25 11:43:17.788164,2026-07-25 11:43:17.788164,2026-07-25 11:43:17.788164
3259,259,7,322,20,2026-07-25 11:43:17.788174,2026-07-25 11:43:17.788174,2026-07-25 11:43:17.788174
3260,260,7,154,46,2026-07-25 11:43:17.788184,2026-07-25 11:43:17.788184,2026-07-25 11:43:17.788184
3261,261,7,338,26,2026-07-25 11:43:17.788194,2026-07-25 11:43:17.788194,2026-07-25 11:43:17.788194
3262,262,7,339,53,2026-07-25 11:43:17.788203,2026-07-25 11:43:17.788203,2026-07-25 11:43:17.788203
3263,263,7,138,59,2026-07-25 11:43:17.788213,2026-07-25 11:43:17.788213,2026-07-25 11:43:17.788213
3264,264,7,310,64,2026-07-25 11:43:17.788223,2026-07-25 11:43:17.788223,2026-07-25 11:43:17.788223
3265,265,7,70,46,2026-07-25 11:43:17.788233,2026-07-25 11:43:17.788233,2026-07-25 11:43:17.788233
3266,266,7,425,77,2026-07-25 11:43:17.788242,2026-07-25 11:43:17.788242,2026-07-25 11:43:17.788242
3267,267,7,53,52,2026-07-25 11:43:17.788252,2026-07-25 11:43:17.788252,2026-07-25 11:43:17.788252
3268,268,7,368,59,2026-07-25 11:43:17.788262,2026-07-25 11:43:17.788262,2026-07-25 11:43:17.788262
3269,269,7,60,38,2026-07-25 11:43:17.788272,2026-07-25 11:43:17.788272,2026-07-25 11:43:17.788272
3270,270,7,58,70,2026-07-25 11:43:17.788281,2026-07-25 11:43:17.788281,2026-07-25 11:43:17.788281
3271,271,7,54,51,2026-07-25 11:43:17.788291,2026-07-25 11:43:17.788291,2026-07-25 11:43:17.788291
3272,272,7,101,58,2026-07-25 11:43:17.788301,2026-07-25 11:43:17.788301,2026-07-25 11:43:17.788301
3273,273,7,102,69,2026-07-25 11:43:17.788311,2026-07-25 11:43:17.788311,2026-07-25 11:43:17.788311
3274,274,7,134,73,2026-07-25 11:43:17.788320,2026-07-25 11:43:17.788320,2026-07-25 11:43:17.788320
3275,275,7,267,32,2026-07-25 11:43:17.788330,2026-07-25 11:43:17.788330,2026-07-25 11:43:17.788330
3276,276,7,183,65,2026-07-25 11:43:17.788340,2026-07-25 11:43:17.788340,2026-07-25 11:43:17.788340
3277,277,7,209,38,2026-07-25 11:43:17.788349,2026-07-25 11:43:17.788349,2026-07-25 11:43:17.788349
3278,278,7,82,22,2026-07-25 11:43:17.788359,2026-07-25 11:43:17.788359,2026-07-25 11:43:17.788359
3279,279,7,280,51,2026-07-25 11:43:17.788369,2026-07-25 11:43:17.788369,2026-07-25 11:43:17.788369
3280,280,7,466,33,2026-07-25 11:43:17.788378,2026-07-25 11:43:17.788378,2026-07-25 11:43:17.788378
3281,281,7,352,79,2026-07-25 11:43:17.788388,2026-07-25 11:43:17.788388,2026-07-25 11:43:17.788388
3282,282,7,246,41,2026-07-25 11:43:17.788398,2026-07-25 11:43:17.788398,2026-07-25 11:43:17.788398
3283,283,7,120,20,2026-07-25 11:43:17.788407,2026-07-25 11:43:17.788407,2026-07-25 11:43:17.788407
3284,284,7,6,62,2026-07-25 11:43:17.788417,2026-07-25 11:43:17.788417,2026-07-25 11:43:17.788417
3285,285,7,45,78,2026-07-25 11:43:17.788426,2026-07-25 11:43:17.788426,2026-07-25 11:43:17.788426
3286,286,7,56,73,2026-07-25 11:43:17.788436,2026-07-25 11:43:17.788436,2026-07-25 11:43:17.788436
3287,287,7,293,62,2026-07-25 11:43:17.788446,2026-07-25 11:43:17.788446,2026-07-25 11:43:17.788446
3288,288,7,252,29,2026-07-25 11:43:17.788456,2026-07-25 11:43:17.788456,2026-07-25 11:43:17.788456
3289,289,7,486,25,2026-07-25 11:43:17.788465,2026-07-25 11:43:17.788465,2026-07-25 11:43:17.788465
3290,290,7,399,52,2026-07-25 11:43:17.788475,2026-07-25 11:43:17.788475,2026-07-25 11:43:17.788475
3291,291,7,38,66,2026-07-25 11:43:17.788485,2026-07-25 11:43:17.788485,2026-07-25 11:43:17.788485
3292,292,7,370,26,2026-07-25 11:43:17.788495,2026-07-25 11:43:17.788495,2026-07-25 11:43:17.788495
3293,293,7,463,36,2026-07-25 11:43:17.788504,2026-07-25 11:43:17.788504,2026-07-25 11:43:17.788504
3294,294,7,329,34,2026-07-25 11:43:17.788514,2026-07-25 11:43:17.788514,2026-07-25 11:43:17.788514
3295,295,7,233,38,2026-07-25 11:43:17.788524,2026-07-25 11:43:17.788524,2026-07-25 11:43:17.788524
3296,296,7,135,49,2026-07-25 11:43:17.788534,2026-07-25 11:43:17.788534,2026-07-25 11:43:17.788534
3297,297,7,25,26,2026-07-25 11:43:17.788543,2026-07-25 11:43:17.788543,2026-07-25 11:43:17.788543
3298,298,7,416,31,2026-07-25 11:43:17.788555,2026-07-25 11:43:17.788555,2026-07-25 11:43:17.788555
3299,299,7,447,22,2026-07-25 11:43:17.788565,2026-07-25 11:43:17.788565,2026-07-25 11:43:17.788565
3300,300,7,436,38,2026-07-25 11:43:17.788575,2026-07-25 11:43:17.788575,2026-07-25 11:43:17.788575
3301,301,7,184,71,2026-07-25 11:43:17.788585,2026-07-25 11:43:17.788585,2026-07-25 11:43:17.788585
3302,302,7,346,40,2026-07-25 11:43:17.788594,2026-07-25 11:43:17.788594,2026-07-25 11:43:17.788594
3303,303,7,218,67,2026-07-25 11:43:17.788604,2026-07-25 11:43:17.788604,2026-07-25 11:43:17.788604
3304,304,7,59,26,2026-07-25 11:43:17.788614,2026-07-25 11:43:17.788614,2026-07-25 11:43:17.788614
3305,305,7,435,68,2026-07-25 11:43:17.788623,2026-07-25 11:43:17.788623,2026-07-25 11:43:17.788623
3306,306,7,455,22,2026-07-25 11:43:17.788633,2026-07-25 11:43:17.788633,2026-07-25 11:43:17.788633
3307,307,7,4,74,2026-07-25 11:43:17.788642,2026-07-25 11:43:17.788642,2026-07-25 11:43:17.788642
3308,308,7,70,62,2026-07-25 11:43:17.788652,2026-07-25 11:43:17.788652,2026-07-25 11:43:17.788652
3309,309,7,331,30,2026-07-25 11:43:17.788662,2026-07-25 11:43:17.788662,2026-07-25 11:43:17.788662
3310,310,7,168,42,2026-07-25 11:43:17.788672,2026-07-25 11:43:17.788672,2026-07-25 11:43:17.788672
3311,311,7,457,48,2026-07-25 11:43:17.788682,2026-07-25 11:43:17.788682,2026-07-25 11:43:17.788682
3312,312,7,489,59,2026-07-25 11:43:17.788691,2026-07-25 11:43:17.788691,2026-07-25 11:43:17.788691
3313,313,7,137,76,2026-07-25 11:43:17.788701,2026-07-25 11:43:17.788701,2026-07-25 11:43:17.788701
3314,314,7,375,25,2026-07-25 11:43:17.788711,2026-07-25 11:43:17.788711,2026-07-25 11:43:17.788711
3315,315,7,190,72,2026-07-25 11:43:17.788720,2026-07-25 11:43:17.788720,2026-07-25 11:43:17.788720
3316,316,7,175,31,2026-07-25 11:43:17.788730,2026-07-25 11:43:17.788730,2026-07-25 11:43:17.788730
3317,317,7,58,45,2026-07-25 11:43:17.788740,2026-07-25 11:43:17.788740,2026-07-25 11:43:17.788740
3318,318,7,204,49,2026-07-25 11:43:17.788750,2026-07-25 11:43:17.788750,2026-07-25 11:43:17.788750
3319,319,7,139,73,2026-07-25 11:43:17.788759,2026-07-25 11:43:17.788759,2026-07-25 11:43:17.788759
3320,320,7,197,64,2026-07-25 11:43:17.788769,2026-07-25 11:43:17.788769,2026-07-25 11:43:17.788769
3321,321,7,435,50,2026-07-25 11:43:17.788779,2026-07-25 11:43:17.788779,2026-07-25 11:43:17.788779
3322,322,7,409,46,2026-07-25 11:43:17.788788,2026-07-25 11:43:17.788788,2026-07-25 11:43:17.788788
3323,323,7,332,76,2026-07-25 11:43:17.788798,2026-07-25 11:43:17.788798,2026-07-25 11:43:17.788798
3324,324,7,408,30,2026-07-25 11:43:17.788807,2026-07-25 11:43:17.788807,2026-07-25 11:43:17.788807
3325,325,7,57,28,2026-07-25 11:43:17.788817,2026-07-25 11:43:17.788817,2026-07-25 11:43:17.788817
3326,326,7,356,66,2026-07-25 11:43:17.788827,2026-07-25 11:43:17.788827,2026-07-25 11:43:17.788827
3327,327,7,30,80,2026-07-25 11:43:17.788836,2026-07-25 11:43:17.788836,2026-07-25 11:43:17.788836
3328,328,7,432,30,2026-07-25 11:43:17.788846,2026-07-25 11:43:17.788846,2026-07-25 11:43:17.788846
3329,329,7,53,46,2026-07-25 11:43:17.788856,2026-07-25 11:43:17.788856,2026-07-25 11:43:17.788856
3330,330,7,466,57,2026-07-25 11:43:17.788865,2026-07-25 11:43:17.788865,2026-07-25 11:43:17.788865
3331,331,7,247,71,2026-07-25 11:43:17.788875,2026-07-25 11:43:17.788875,2026-07-25 11:43:17.788875
3332,332,7,291,63,2026-07-25 11:43:17.788885,2026-07-25 11:43:17.788885,2026-07-25 11:43:17.788885
3333,333,7,224,31,2026-07-25 11:43:17.788894,2026-07-25 11:43:17.788894,2026-07-25 11:43:17.788894
3334,334,7,312,44,2026-07-25 11:43:17.788904,2026-07-25 11:43:17.788904,2026-07-25 11:43:17.788904
3335,335,7,398,42,2026-07-25 11:43:17.788914,2026-07-25 11:43:17.788914,2026-07-25 11:43:17.788914
3336,336,7,313,21,2026-07-25 11:43:17.788923,2026-07-25 11:43:17.788923,2026-07-25 11:43:17.788923
3337,337,7,441,63,2026-07-25 11:43:17.788933,2026-07-25 11:43:17.788933,2026-07-25 11:43:17.788933
3338,338,7,450,73,2026-07-25 11:43:17.788942,2026-07-25 11:43:17.788942,2026-07-25 11:43:17.788942
3339,339,7,372,77,2026-07-25 11:43:17.788953,2026-07-25 11:43:17.788953,2026-07-25 11:43:17.788953
3340,340,7,66,50,2026-07-25 11:43:17.788963,2026-07-25 11:43:17.788963,2026-07-25 11:43:17.788963
3341,341,7,471,51,2026-07-25 11:43:17.788973,2026-07-25 11:43:17.788973,2026-07-25 11:43:17.788973
3342,342,7,57,76,2026-07-25 11:43:17.788983,2026-07-25 11:43:17.788983,2026-07-25 11:43:17.788983
3343,343,7,210,48,2026-07-25 11:43:17.788993,2026-07-25 11:43:17.788993,2026-07-25 11:43:17.788993
3344,344,7,23,24,2026-07-25 11:43:17.789002,2026-07-25 11:43:17.789002,2026-07-25 11:43:17.789002
3345,345,7,133,61,2026-07-25 11:43:17.789012,2026-07-25 11:43:17.789012,2026-07-25 11:43:17.789012
3346,346,7,160,20,2026-07-25 11:43:17.789022,2026-07-25 11:43:17.789022,2026-07-25 11:43:17.789022
3347,347,7,360,75,2026-07-25 11:43:17.789032,2026-07-25 11:43:17.789032,2026-07-25 11:43:17.789032
3348,348,7,347,53,2026-07-25 11:43:17.789041,2026-07-25 11:43:17.789041,2026-07-25 11:43:17.789041
3349,349,7,392,67,2026-07-25 11:43:17.789051,2026-07-25 11:43:17.789051,2026-07-25 11:43:17.789051
3350,350,7,295,66,2026-07-25 11:43:17.789061,2026-07-25 11:43:17.789061,2026-07-25 11:43:17.789061
3351,351,7,289,34,2026-07-25 11:43:17.789070,2026-07-25 11:43:17.789070,2026-07-25 11:43:17.789070
3352,352,7,500,62,2026-07-25 11:43:17.789080,2026-07-25 11:43:17.789080,2026-07-25 11:43:17.789080
3353,353,7,447,41,2026-07-25 11:43:17.789089,2026-07-25 11:43:17.789089,2026-07-25 11:43:17.789089
3354,354,7,265,53,2026-07-25 11:43:17.789099,2026-07-25 11:43:17.789099,2026-07-25 11:43:17.789099
3355,355,7,352,64,2026-07-25 11:43:17.789109,2026-07-25 11:43:17.789109,2026-07-25 11:43:17.789109
3356,356,7,316,26,2026-07-25 11:43:17.789118,2026-07-25 11:43:17.789118,2026-07-25 11:43:17.789118
3357,357,7,221,62,2026-07-25 11:43:17.789128,2026-07-25 11:43:17.789128,2026-07-25 11:43:17.789128
3358,358,7,372,35,2026-07-25 11:43:17.789138,2026-07-25 11:43:17.789138,2026-07-25 11:43:17.789138
3359,359,7,246,42,2026-07-25 11:43:17.789147,2026-07-25 11:43:17.789147,2026-07-25 11:43:17.789147
3360,360,7,339,63,2026-07-25 11:43:17.789157,2026-07-25 11:43:17.789157,2026-07-25 11:43:17.789157
3361,361,7,328,44,2026-07-25 11:43:17.789167,2026-07-25 11:43:17.789167,2026-07-25 11:43:17.789167
3362,362,7,76,73,2026-07-25 11:43:17.789176,2026-07-25 11:43:17.789176,2026-07-25 11:43:17.789176
3363,363,7,423,55,2026-07-25 11:43:17.789186,2026-07-25 11:43:17.789186,2026-07-25 11:43:17.789186
3364,364,7,456,59,2026-07-25 11:43:17.789196,2026-07-25 11:43:17.789196,2026-07-25 11:43:17.789196
3365,365,7,27,20,2026-07-25 11:43:17.789206,2026-07-25 11:43:17.789206,2026-07-25 11:43:17.789206
3366,366,7,329,79,2026-07-25 11:43:17.789215,2026-07-25 11:43:17.789215,2026-07-25 11:43:17.789215
3367,367,7,80,52,2026-07-25 11:43:17.789225,2026-07-25 11:43:17.789225,2026-07-25 11:43:17.789225
3368,368,7,434,50,2026-07-25 11:43:17.789234,2026-07-25 11:43:17.789234,2026-07-25 11:43:17.789234
3369,369,7,436,51,2026-07-25 11:43:17.789244,2026-07-25 11:43:17.789244,2026-07-25 11:43:17.789244
3370,370,7,445,30,2026-07-25 11:43:17.789254,2026-07-25 11:43:17.789254,2026-07-25 11:43:17.789254
3371,371,7,38,68,2026-07-25 11:43:17.789263,2026-07-25 11:43:17.789263,2026-07-25 11:43:17.789263
3372,372,7,251,40,2026-07-25 11:43:17.789273,2026-07-25 11:43:17.789273,2026-07-25 11:43:17.789273
3373,373,7,123,41,2026-07-25 11:43:17.789282,2026-07-25 11:43:17.789282,2026-07-25 11:43:17.789282
3374,374,7,496,37,2026-07-25 11:43:17.789292,2026-07-25 11:43:17.789292,2026-07-25 11:43:17.789292
3375,375,7,25,52,2026-07-25 11:43:17.789302,2026-07-25 11:43:17.789302,2026-07-25 11:43:17.789302
3376,376,7,114,55,2026-07-25 11:43:17.789313,2026-07-25 11:43:17.789313,2026-07-25 11:43:17.789313
3377,377,7,329,44,2026-07-25 11:43:17.789323,2026-07-25 11:43:17.789323,2026-07-25 11:43:17.789323
3378,378,7,206,72,2026-07-25 11:43:17.789333,2026-07-25 11:43:17.789333,2026-07-25 11:43:17.789333
3379,379,7,120,25,2026-07-25 11:43:17.789342,2026-07-25 11:43:17.789342,2026-07-25 11:43:17.789342
3380,380,7,235,48,2026-07-25 11:43:17.789352,2026-07-25 11:43:17.789352,2026-07-25 11:43:17.789352
3381,381,7,410,56,2026-07-25 11:43:17.789362,2026-07-25 11:43:17.789362,2026-07-25 11:43:17.789362
3382,382,7,229,25,2026-07-25 11:43:17.789371,2026-07-25 11:43:17.789371,2026-07-25 11:43:17.789371
3383,383,7,438,51,2026-07-25 11:43:17.789381,2026-07-25 11:43:17.789381,2026-07-25 11:43:17.789381
3384,384,7,228,40,2026-07-25 11:43:17.789390,2026-07-25 11:43:17.789390,2026-07-25 11:43:17.789390
3385,385,7,60,51,2026-07-25 11:43:17.789400,2026-07-25 11:43:17.789400,2026-07-25 11:43:17.789400
3386,386,7,381,61,2026-07-25 11:43:17.789410,2026-07-25 11:43:17.789410,2026-07-25 11:43:17.789410
3387,387,7,9,26,2026-07-25 11:43:17.789420,2026-07-25 11:43:17.789420,2026-07-25 11:43:17.789420
3388,388,7,206,46,2026-07-25 11:43:17.789429,2026-07-25 11:43:17.789429,2026-07-25 11:43:17.789429
3389,389,7,18,55,2026-07-25 11:43:17.789438,2026-07-25 11:43:17.789438,2026-07-25 11:43:17.789438
3390,390,7,281,20,2026-07-25 11:43:17.789447,2026-07-25 11:43:17.789447,2026-07-25 11:43:17.789447
3391,391,7,422,25,2026-07-25 11:43:17.789456,2026-07-25 11:43:17.789456,2026-07-25 11:43:17.789456
3392,392,7,405,58,2026-07-25 11:43:17.789465,2026-07-25 11:43:17.789465,2026-07-25 11:43:17.789465
3393,393,7,493,59,2026-07-25 11:43:17.789473,2026-07-25 11:43:17.789473,2026-07-25 11:43:17.789473
3394,394,7,326,39,2026-07-25 11:43:17.789482,2026-07-25 11:43:17.789482,2026-07-25 11:43:17.789482
3395,395,7,455,52,2026-07-25 11:43:17.789491,2026-07-25 11:43:17.789491,2026-07-25 11:43:17.789491
3396,396,7,287,33,2026-07-25 11:43:17.789500,2026-07-25 11:43:17.789500,2026-07-25 11:43:17.789500
3397,397,7,335,62,2026-07-25 11:43:17.789508,2026-07-25 11:43:17.789508,2026-07-25 11:43:17.789508
3398,398,7,233,80,2026-07-25 11:43:17.789517,2026-07-25 11:43:17.789517,2026-07-25 11:43:17.789517
3399,399,7,174,43,2026-07-25 11:43:17.789527,2026-07-25 11:43:17.789527,2026-07-25 11:43:17.789527
3400,400,7,422,23,2026-07-25 11:43:17.789536,2026-07-25 11:43:17.789536,2026-07-25 11:43:17.789536
3401,401,7,418,34,2026-07-25 11:43:17.789546,2026-07-25 11:43:17.789546,2026-07-25 11:43:17.789546
3402,402,7,432,49,2026-07-25 11:43:17.789556,2026-07-25 11:43:17.789556,2026-07-25 11:43:17.789556
3403,403,7,169,55,2026-07-25 11:43:17.789566,2026-07-25 11:43:17.789566,2026-07-25 11:43:17.789566
3404,404,7,392,59,2026-07-25 11:43:17.789575,2026-07-25 11:43:17.789575,2026-07-25 11:43:17.789575
3405,405,7,307,50,2026-07-25 11:43:17.789585,2026-07-25 11:43:17.789585,2026-07-25 11:43:17.789585
3406,406,7,366,62,2026-07-25 11:43:17.789594,2026-07-25 11:43:17.789594,2026-07-25 11:43:17.789594
3407,407,7,186,65,2026-07-25 11:43:17.789604,2026-07-25 11:43:17.789604,2026-07-25 11:43:17.789604
3408,408,7,231,27,2026-07-25 11:43:17.789614,2026-07-25 11:43:17.789614,2026-07-25 11:43:17.789614
3409,409,7,49,68,2026-07-25 11:43:17.789623,2026-07-25 11:43:17.789623,2026-07-25 11:43:17.789623
3410,410,7,337,34,2026-07-25 11:43:17.789633,2026-07-25 11:43:17.789633,2026-07-25 11:43:17.789633
3411,411,7,1,41,2026-07-25 11:43:17.789643,2026-07-25 11:43:17.789643,2026-07-25 11:43:17.789643
3412,412,7,181,73,2026-07-25 11:43:17.789652,2026-07-25 11:43:17.789652,2026-07-25 11:43:17.789652
3413,413,7,324,71,2026-07-25 11:43:17.789662,2026-07-25 11:43:17.789662,2026-07-25 11:43:17.789662
3414,414,7,149,55,2026-07-25 11:43:17.789671,2026-07-25 11:43:17.789671,2026-07-25 11:43:17.789671
3415,415,7,267,43,2026-07-25 11:43:17.789681,2026-07-25 11:43:17.789681,2026-07-25 11:43:17.789681
3416,416,7,359,26,2026-07-25 11:43:17.789691,2026-07-25 11:43:17.789691,2026-07-25 11:43:17.789691
3417,417,7,23,77,2026-07-25 11:43:17.789700,2026-07-25 11:43:17.789700,2026-07-25 11:43:17.789700
3418,418,7,84,51,2026-07-25 11:43:17.789710,2026-07-25 11:43:17.789710,2026-07-25 11:43:17.789710
3419,419,7,71,72,2026-07-25 11:43:17.789720,2026-07-25 11:43:17.789720,2026-07-25 11:43:17.789720
3420,420,7,367,67,2026-07-25 11:43:17.789729,2026-07-25 11:43:17.789729,2026-07-25 11:43:17.789729
3421,421,7,369,46,2026-07-25 11:43:17.789739,2026-07-25 11:43:17.789739,2026-07-25 11:43:17.789739
3422,422,7,54,36,2026-07-25 11:43:17.789749,2026-07-25 11:43:17.789749,2026-07-25 11:43:17.789749
3423,423,7,312,32,2026-07-25 11:43:17.789759,2026-07-25 11:43:17.789759,2026-07-25 11:43:17.789759
3424,424,7,96,27,2026-07-25 11:43:17.789768,2026-07-25 11:43:17.789768,2026-07-25 11:43:17.789768
3425,425,7,476,74,2026-07-25 11:43:17.789779,2026-07-25 11:43:17.789779,2026-07-25 11:43:17.789779
3426,426,7,201,33,2026-07-25 11:43:17.789789,2026-07-25 11:43:17.789789,2026-07-25 11:43:17.789789
3427,427,7,234,72,2026-07-25 11:43:17.789798,2026-07-25 11:43:17.789798,2026-07-25 11:43:17.789798
3428,428,7,400,32,2026-07-25 11:43:17.789808,2026-07-25 11:43:17.789808,2026-07-25 11:43:17.789808
3429,429,7,366,41,2026-07-25 11:43:17.789817,2026-07-25 11:43:17.789817,2026-07-25 11:43:17.789817
3430,430,7,55,68,2026-07-25 11:43:17.789827,2026-07-25 11:43:17.789827,2026-07-25 11:43:17.789827
3431,431,7,212,22,2026-07-25 11:43:17.789837,2026-07-25 11:43:17.789837,2026-07-25 11:43:17.789837
3432,432,7,474,60,2026-07-25 11:43:17.789847,2026-07-25 11:43:17.789847,2026-07-25 11:43:17.789847
3433,433,7,428,63,2026-07-25 11:43:17.789856,2026-07-25 11:43:17.789856,2026-07-25 11:43:17.789856
3434,434,7,301,27,2026-07-25 11:43:17.789866,2026-07-25 11:43:17.789866,2026-07-25 11:43:17.789866
3435,435,7,395,77,2026-07-25 11:43:17.789876,2026-07-25 11:43:17.789876,2026-07-25 11:43:17.789876
3436,436,7,230,49,2026-07-25 11:43:17.789885,2026-07-25 11:43:17.789885,2026-07-25 11:43:17.789885
3437,437,7,337,57,2026-07-25 11:43:17.789895,2026-07-25 11:43:17.789895,2026-07-25 11:43:17.789895
3438,438,7,489,52,2026-07-25 11:43:17.789905,2026-07-25 11:43:17.789905,2026-07-25 11:43:17.789905
3439,439,7,68,51,2026-07-25 11:43:17.789914,2026-07-25 11:43:17.789914,2026-07-25 11:43:17.789914
3440,440,7,2,53,2026-07-25 11:43:17.789924,2026-07-25 11:43:17.789924,2026-07-25 11:43:17.789924
3441,441,7,376,23,2026-07-25 11:43:17.789934,2026-07-25 11:43:17.789934,2026-07-25 11:43:17.789934
3442,442,7,283,79,2026-07-25 11:43:17.789943,2026-07-25 11:43:17.789943,2026-07-25 11:43:17.789943
3443,443,7,221,73,2026-07-25 11:43:17.789953,2026-07-25 11:43:17.789953,2026-07-25 11:43:17.789953
3444,444,7,299,50,2026-07-25 11:43:17.789963,2026-07-25 11:43:17.789963,2026-07-25 11:43:17.789963
3445,445,7,473,52,2026-07-25 11:43:17.789972,2026-07-25 11:43:17.789972,2026-07-25 11:43:17.789972
3446,446,7,399,78,2026-07-25 11:43:17.789982,2026-07-25 11:43:17.789982,2026-07-25 11:43:17.789982
3447,447,7,466,31,2026-07-25 11:43:17.789992,2026-07-25 11:43:17.789992,2026-07-25 11:43:17.789992
3448,448,7,354,57,2026-07-25 11:43:17.790001,2026-07-25 11:43:17.790001,2026-07-25 11:43:17.790001
3449,449,7,88,66,2026-07-25 11:43:17.790011,2026-07-25 11:43:17.790011,2026-07-25 11:43:17.790011
3450,450,7,417,28,2026-07-25 11:43:17.790020,2026-07-25 11:43:17.790020,2026-07-25 11:43:17.790020
3451,451,7,53,44,2026-07-25 11:43:17.790030,2026-07-25 11:43:17.790030,2026-07-25 11:43:17.790030
3452,452,7,336,58,2026-07-25 11:43:17.790040,2026-07-25 11:43:17.790040,2026-07-25 11:43:17.790040
3453,453,7,310,76,2026-07-25 11:43:17.790050,2026-07-25 11:43:17.790050,2026-07-25 11:43:17.790050
3454,454,7,164,52,2026-07-25 11:43:17.790061,2026-07-25 11:43:17.790061,2026-07-25 11:43:17.790061
3455,455,7,451,44,2026-07-25 11:43:17.790071,2026-07-25 11:43:17.790071,2026-07-25 11:43:17.790071
3456,456,7,214,58,2026-07-25 11:43:17.790080,2026-07-25 11:43:17.790080,2026-07-25 11:43:17.790080
3457,457,7,468,64,2026-07-25 11:43:17.790090,2026-07-25 11:43:17.790090,2026-07-25 11:43:17.790090
3458,458,7,390,35,2026-07-25 11:43:17.790099,2026-07-25 11:43:17.790099,2026-07-25 11:43:17.790099
3459,459,7,140,45,2026-07-25 11:43:17.790109,2026-07-25 11:43:17.790109,2026-07-25 11:43:17.790109
3460,460,7,493,41,2026-07-25 11:43:17.790119,2026-07-25 11:43:17.790119,2026-07-25 11:43:17.790119
3461,461,7,496,38,2026-07-25 11:43:17.790128,2026-07-25 11:43:17.790128,2026-07-25 11:43:17.790128
3462,462,7,231,71,2026-07-25 11:43:17.790138,2026-07-25 11:43:17.790138,2026-07-25 11:43:17.790138
3463,463,7,68,28,2026-07-25 11:43:17.790148,2026-07-25 11:43:17.790148,2026-07-25 11:43:17.790148
3464,464,7,211,58,2026-07-25 11:43:17.790158,2026-07-25 11:43:17.790158,2026-07-25 11:43:17.790158
3465,465,7,358,76,2026-07-25 11:43:17.790167,2026-07-25 11:43:17.790167,2026-07-25 11:43:17.790167
3466,466,7,383,52,2026-07-25 11:43:17.790177,2026-07-25 11:43:17.790177,2026-07-25 11:43:17.790177
3467,467,7,153,73,2026-07-25 11:43:17.790186,2026-07-25 11:43:17.790186,2026-07-25 11:43:17.790186
3468,468,7,359,55,2026-07-25 11:43:17.790196,2026-07-25 11:43:17.790196,2026-07-25 11:43:17.790196
3469,469,7,440,40,2026-07-25 11:43:17.790206,2026-07-25 11:43:17.790206,2026-07-25 11:43:17.790206
3470,470,7,364,67,2026-07-25 11:43:17.790216,2026-07-25 11:43:17.790216,2026-07-25 11:43:17.790216
3471,471,7,478,55,2026-07-25 11:43:17.790225,2026-07-25 11:43:17.790225,2026-07-25 11:43:17.790225
3472,472,7,323,33,2026-07-25 11:43:17.790235,2026-07-25 11:43:17.790235,2026-07-25 11:43:17.790235
3473,473,7,102,33,2026-07-25 11:43:17.790245,2026-07-25 11:43:17.790245,2026-07-25 11:43:17.790245
3474,474,7,319,65,2026-07-25 11:43:17.790254,2026-07-25 11:43:17.790254,2026-07-25 11:43:17.790254
3475,475,7,148,63,2026-07-25 11:43:17.790264,2026-07-25 11:43:17.790264,2026-07-25 11:43:17.790264
3476,476,7,176,78,2026-07-25 11:43:17.790274,2026-07-25 11:43:17.790274,2026-07-25 11:43:17.790274
3477,477,7,344,28,2026-07-25 11:43:17.790283,2026-07-25 11:43:17.790283,2026-07-25 11:43:17.790283
3478,478,7,363,61,2026-07-25 11:43:17.790293,2026-07-25 11:43:17.790293,2026-07-25 11:43:17.790293
3479,479,7,499,31,2026-07-25 11:43:17.790303,2026-07-25 11:43:17.790303,2026-07-25 11:43:17.790303
3480,480,7,257,54,2026-07-25 11:43:17.790312,2026-07-25 11:43:17.790312,2026-07-25 11:43:17.790312
3481,481,7,355,60,2026-07-25 11:43:17.790322,2026-07-25 11:43:17.790322,2026-07-25 11:43:17.790322
3482,482,7,165,65,2026-07-25 11:43:17.790331,2026-07-25 11:43:17.790331,2026-07-25 11:43:17.790331
3483,483,7,59,68,2026-07-25 11:43:17.790341,2026-07-25 11:43:17.790341,2026-07-25 11:43:17.790341
3484,484,7,180,55,2026-07-25 11:43:17.790350,2026-07-25 11:43:17.790350,2026-07-25 11:43:17.790350
3485,485,7,245,57,2026-07-25 11:43:17.790360,2026-07-25 11:43:17.790360,2026-07-25 11:43:17.790360
3486,486,7,292,80,2026-07-25 11:43:17.790370,2026-07-25 11:43:17.790370,2026-07-25 11:43:17.790370
3487,487,7,341,65,2026-07-25 11:43:17.790379,2026-07-25 11:43:17.790379,2026-07-25 11:43:17.790379
3488,488,7,213,63,2026-07-25 11:43:17.790389,2026-07-25 11:43:17.790389,2026-07-25 11:43:17.790389
3489,489,7,382,77,2026-07-25 11:43:17.790399,2026-07-25 11:43:17.790399,2026-07-25 11:43:17.790399
3490,490,7,430,54,2026-07-25 11:43:17.790408,2026-07-25 11:43:17.790408,2026-07-25 11:43:17.790408
3491,491,7,146,76,2026-07-25 11:43:17.790418,2026-07-25 11:43:17.790418,2026-07-25 11:43:17.790418
3492,492,7,433,47,2026-07-25 11:43:17.790428,2026-07-25 11:43:17.790428,2026-07-25 11:43:17.790428
3493,493,7,413,20,2026-07-25 11:43:17.790438,2026-07-25 11:43:17.790438,2026-07-25 11:43:17.790438
3494,494,7,267,26,2026-07-25 11:43:17.790447,2026-07-25 11:43:17.790447,2026-07-25 11:43:17.790447
3495,495,7,12,44,2026-07-25 11:43:17.790457,2026-07-25 11:43:17.790457,2026-07-25 11:43:17.790457
3496,496,7,74,23,2026-07-25 11:43:17.790467,2026-07-25 11:43:17.790467,2026-07-25 11:43:17.790467
3497,497,7,343,23,2026-07-25 11:43:17.790476,2026-07-25 11:43:17.790476,2026-07-25 11:43:17.790476
3498,498,7,102,37,2026-07-25 11:43:17.790486,2026-07-25 11:43:17.790486,2026-07-25 11:43:17.790486
3499,499,7,384,70,2026-07-25 11:43:17.790496,2026-07-25 11:43:17.790496,2026-07-25 11:43:17.790496
3500,500,7,82,38,2026-07-25 11:43:17.790505,2026-07-25 11:43:17.790505,2026-07-25 11:43:17.790505
3501,1,8,349,36,2026-07-25 11:43:17.790684,2026-07-25 11:43:17.790684,2026-07-25 11:43:17.790684
3502,2,8,74,73,2026-07-25 11:43:17.790696,2026-07-25 11:43:17.790696,2026-07-25 11:43:17.790696
3503,3,8,31,64,2026-07-25 11:43:17.790706,2026-07-25 11:43:17.790706,2026-07-25 11:43:17.790706
3504,4,8,401,38,2026-07-25 11:43:17.790717,2026-07-25 11:43:17.790717,2026-07-25 11:43:17.790717
3505,5,8,104,68,2026-07-25 11:43:17.790727,2026-07-25 11:43:17.790727,2026-07-25 11:43:17.790727
3506,6,8,277,22,2026-07-25 11:43:17.790737,2026-07-25 11:43:17.790737,2026-07-25 11:43:17.790737
3507,7,8,183,72,2026-07-25 11:43:17.790747,2026-07-25 11:43:17.790747,2026-07-25 11:43:17.790747
3508,8,8,231,26,2026-07-25 11:43:17.790757,2026-07-25 11:43:17.790757,2026-07-25 11:43:17.790757
3509,9,8,315,75,2026-07-25 11:43:17.790766,2026-07-25 11:43:17.790766,2026-07-25 11:43:17.790766
3510,10,8,345,67,2026-07-25 11:43:17.790776,2026-07-25 11:43:17.790776,2026-07-25 11:43:17.790776
3511,11,8,287,75,2026-07-25 11:43:17.790786,2026-07-25 11:43:17.790786,2026-07-25 11:43:17.790786
3512,12,8,114,67,2026-07-25 11:43:17.790795,2026-07-25 11:43:17.790795,2026-07-25 11:43:17.790795
3513,13,8,331,55,2026-07-25 11:43:17.790805,2026-07-25 11:43:17.790805,2026-07-25 11:43:17.790805
3514,14,8,199,35,2026-07-25 11:43:17.790815,2026-07-25 11:43:17.790815,2026-07-25 11:43:17.790815
3515,15,8,261,70,2026-07-25 11:43:17.790841,2026-07-25 11:43:17.790841,2026-07-25 11:43:17.790841
3516,16,8,407,71,2026-07-25 11:43:17.790852,2026-07-25 11:43:17.790852,2026-07-25 11:43:17.790852
3517,17,8,356,38,2026-07-25 11:43:17.790862,2026-07-25 11:43:17.790862,2026-07-25 11:43:17.790862
3518,18,8,354,62,2026-07-25 11:43:17.790872,2026-07-25 11:43:17.790872,2026-07-25 11:43:17.790872
3519,19,8,24,79,2026-07-25 11:43:17.790882,2026-07-25 11:43:17.790882,2026-07-25 11:43:17.790882
3520,20,8,195,44,2026-07-25 11:43:17.790891,2026-07-25 11:43:17.790891,2026-07-25 11:43:17.790891
3521,21,8,213,70,2026-07-25 11:43:17.790901,2026-07-25 11:43:17.790901,2026-07-25 11:43:17.790901
3522,22,8,499,63,2026-07-25 11:43:17.790911,2026-07-25 11:43:17.790911,2026-07-25 11:43:17.790911
3523,23,8,160,55,2026-07-25 11:43:17.790921,2026-07-25 11:43:17.790921,2026-07-25 11:43:17.790921
3524,24,8,27,20,2026-07-25 11:43:17.790930,2026-07-25 11:43:17.790930,2026-07-25 11:43:17.790930
3525,25,8,380,36,2026-07-25 11:43:17.790940,2026-07-25 11:43:17.790940,2026-07-25 11:43:17.790940
3526,26,8,103,59,2026-07-25 11:43:17.790948,2026-07-25 11:43:17.790948,2026-07-25 11:43:17.790948
3527,27,8,444,69,2026-07-25 11:43:17.790957,2026-07-25 11:43:17.790957,2026-07-25 11:43:17.790957
3528,28,8,440,75,2026-07-25 11:43:17.790966,2026-07-25 11:43:17.790966,2026-07-25 11:43:17.790966
3529,29,8,226,73,2026-07-25 11:43:17.790975,2026-07-25 11:43:17.790975,2026-07-25 11:43:17.790975
3530,30,8,115,78,2026-07-25 11:43:17.790984,2026-07-25 11:43:17.790984,2026-07-25 11:43:17.790984
3531,31,8,324,65,2026-07-25 11:43:17.790993,2026-07-25 11:43:17.790993,2026-07-25 11:43:17.790993
3532,32,8,363,61,2026-07-25 11:43:17.791003,2026-07-25 11:43:17.791003,2026-07-25 11:43:17.791003
3533,33,8,188,68,2026-07-25 11:43:17.791012,2026-07-25 11:43:17.791012,2026-07-25 11:43:17.791012
3534,34,8,301,54,2026-07-25 11:43:17.791021,2026-07-25 11:43:17.791021,2026-07-25 11:43:17.791021
3535,35,8,378,58,2026-07-25 11:43:17.791031,2026-07-25 11:43:17.791031,2026-07-25 11:43:17.791031
3536,36,8,100,69,2026-07-25 11:43:17.791041,2026-07-25 11:43:17.791041,2026-07-25 11:43:17.791041
3537,37,8,371,32,2026-07-25 11:43:17.791050,2026-07-25 11:43:17.791050,2026-07-25 11:43:17.791050
3538,38,8,150,48,2026-07-25 11:43:17.791060,2026-07-25 11:43:17.791060,2026-07-25 11:43:17.791060
3539,39,8,90,63,2026-07-25 11:43:17.791070,2026-07-25 11:43:17.791070,2026-07-25 11:43:17.791070
3540,40,8,38,31,2026-07-25 11:43:17.791080,2026-07-25 11:43:17.791080,2026-07-25 11:43:17.791080
3541,41,8,492,31,2026-07-25 11:43:17.791090,2026-07-25 11:43:17.791090,2026-07-25 11:43:17.791090
3542,42,8,376,52,2026-07-25 11:43:17.791099,2026-07-25 11:43:17.791099,2026-07-25 11:43:17.791099
3543,43,8,61,44,2026-07-25 11:43:17.791109,2026-07-25 11:43:17.791109,2026-07-25 11:43:17.791109
3544,44,8,20,47,2026-07-25 11:43:17.791119,2026-07-25 11:43:17.791119,2026-07-25 11:43:17.791119
3545,45,8,142,55,2026-07-25 11:43:17.791128,2026-07-25 11:43:17.791128,2026-07-25 11:43:17.791128
3546,46,8,135,28,2026-07-25 11:43:17.791138,2026-07-25 11:43:17.791138,2026-07-25 11:43:17.791138
3547,47,8,82,57,2026-07-25 11:43:17.791148,2026-07-25 11:43:17.791148,2026-07-25 11:43:17.791148
3548,48,8,433,36,2026-07-25 11:43:17.791157,2026-07-25 11:43:17.791157,2026-07-25 11:43:17.791157
3549,49,8,2,41,2026-07-25 11:43:17.791167,2026-07-25 11:43:17.791167,2026-07-25 11:43:17.791167
3550,50,8,238,65,2026-07-25 11:43:17.791176,2026-07-25 11:43:17.791176,2026-07-25 11:43:17.791176
3551,51,8,479,29,2026-07-25 11:43:17.791186,2026-07-25 11:43:17.791186,2026-07-25 11:43:17.791186
3552,52,8,20,29,2026-07-25 11:43:17.791197,2026-07-25 11:43:17.791197,2026-07-25 11:43:17.791197
3553,53,8,475,40,2026-07-25 11:43:17.791207,2026-07-25 11:43:17.791207,2026-07-25 11:43:17.791207
3554,54,8,305,23,2026-07-25 11:43:17.791217,2026-07-25 11:43:17.791217,2026-07-25 11:43:17.791217
3555,55,8,396,79,2026-07-25 11:43:17.791227,2026-07-25 11:43:17.791227,2026-07-25 11:43:17.791227
3556,56,8,320,59,2026-07-25 11:43:17.791236,2026-07-25 11:43:17.791236,2026-07-25 11:43:17.791236
3557,57,8,431,62,2026-07-25 11:43:17.791246,2026-07-25 11:43:17.791246,2026-07-25 11:43:17.791246
3558,58,8,154,51,2026-07-25 11:43:17.791256,2026-07-25 11:43:17.791256,2026-07-25 11:43:17.791256
3559,59,8,404,56,2026-07-25 11:43:17.791266,2026-07-25 11:43:17.791266,2026-07-25 11:43:17.791266
3560,60,8,281,42,2026-07-25 11:43:17.791275,2026-07-25 11:43:17.791275,2026-07-25 11:43:17.791275
3561,61,8,37,70,2026-07-25 11:43:17.791285,2026-07-25 11:43:17.791285,2026-07-25 11:43:17.791285
3562,62,8,362,40,2026-07-25 11:43:17.791295,2026-07-25 11:43:17.791295,2026-07-25 11:43:17.791295
3563,63,8,269,34,2026-07-25 11:43:17.791304,2026-07-25 11:43:17.791304,2026-07-25 11:43:17.791304
3564,64,8,489,31,2026-07-25 11:43:17.791314,2026-07-25 11:43:17.791314,2026-07-25 11:43:17.791314
3565,65,8,266,24,2026-07-25 11:43:17.791324,2026-07-25 11:43:17.791324,2026-07-25 11:43:17.791324
3566,66,8,402,52,2026-07-25 11:43:17.791334,2026-07-25 11:43:17.791334,2026-07-25 11:43:17.791334
3567,67,8,81,46,2026-07-25 11:43:17.791343,2026-07-25 11:43:17.791343,2026-07-25 11:43:17.791343
3568,68,8,278,54,2026-07-25 11:43:17.791353,2026-07-25 11:43:17.791353,2026-07-25 11:43:17.791353
3569,69,8,206,25,2026-07-25 11:43:17.791363,2026-07-25 11:43:17.791363,2026-07-25 11:43:17.791363
3570,70,8,178,34,2026-07-25 11:43:17.791372,2026-07-25 11:43:17.791372,2026-07-25 11:43:17.791372
3571,71,8,452,33,2026-07-25 11:43:17.791382,2026-07-25 11:43:17.791382,2026-07-25 11:43:17.791382
3572,72,8,339,41,2026-07-25 11:43:17.791392,2026-07-25 11:43:17.791392,2026-07-25 11:43:17.791392
3573,73,8,169,43,2026-07-25 11:43:17.791402,2026-07-25 11:43:17.791402,2026-07-25 11:43:17.791402
3574,74,8,150,33,2026-07-25 11:43:17.791411,2026-07-25 11:43:17.791411,2026-07-25 11:43:17.791411
3575,75,8,486,68,2026-07-25 11:43:17.791421,2026-07-25 11:43:17.791421,2026-07-25 11:43:17.791421
3576,76,8,316,53,2026-07-25 11:43:17.791431,2026-07-25 11:43:17.791431,2026-07-25 11:43:17.791431
3577,77,8,243,55,2026-07-25 11:43:17.791441,2026-07-25 11:43:17.791441,2026-07-25 11:43:17.791441
3578,78,8,421,68,2026-07-25 11:43:17.791450,2026-07-25 11:43:17.791450,2026-07-25 11:43:17.791450
3579,79,8,332,20,2026-07-25 11:43:17.791460,2026-07-25 11:43:17.791460,2026-07-25 11:43:17.791460
3580,80,8,58,62,2026-07-25 11:43:17.791470,2026-07-25 11:43:17.791470,2026-07-25 11:43:17.791470
3581,81,8,177,48,2026-07-25 11:43:17.791479,2026-07-25 11:43:17.791479,2026-07-25 11:43:17.791479
3582,82,8,123,77,2026-07-25 11:43:17.791489,2026-07-25 11:43:17.791489,2026-07-25 11:43:17.791489
3583,83,8,328,59,2026-07-25 11:43:17.791498,2026-07-25 11:43:17.791498,2026-07-25 11:43:17.791498
3584,84,8,470,59,2026-07-25 11:43:17.791508,2026-07-25 11:43:17.791508,2026-07-25 11:43:17.791508
3585,85,8,124,22,2026-07-25 11:43:17.791519,2026-07-25 11:43:17.791519,2026-07-25 11:43:17.791519
3586,86,8,349,76,2026-07-25 11:43:17.791529,2026-07-25 11:43:17.791529,2026-07-25 11:43:17.791529
3587,87,8,164,44,2026-07-25 11:43:17.791539,2026-07-25 11:43:17.791539,2026-07-25 11:43:17.791539
3588,88,8,468,70,2026-07-25 11:43:17.791549,2026-07-25 11:43:17.791549,2026-07-25 11:43:17.791549
3589,89,8,483,27,2026-07-25 11:43:17.791559,2026-07-25 11:43:17.791559,2026-07-25 11:43:17.791559
3590,90,8,197,36,2026-07-25 11:43:17.791568,2026-07-25 11:43:17.791568,2026-07-25 11:43:17.791568
3591,91,8,276,66,2026-07-25 11:43:17.791578,2026-07-25 11:43:17.791578,2026-07-25 11:43:17.791578
3592,92,8,144,21,2026-07-25 11:43:17.791588,2026-07-25 11:43:17.791588,2026-07-25 11:43:17.791588
3593,93,8,466,53,2026-07-25 11:43:17.791598,2026-07-25 11:43:17.791598,2026-07-25 11:43:17.791598
3594,94,8,420,69,2026-07-25 11:43:17.791607,2026-07-25 11:43:17.791607,2026-07-25 11:43:17.791607
3595,95,8,191,52,2026-07-25 11:43:17.791617,2026-07-25 11:43:17.791617,2026-07-25 11:43:17.791617
3596,96,8,411,52,2026-07-25 11:43:17.791627,2026-07-25 11:43:17.791627,2026-07-25 11:43:17.791627
3597,97,8,228,51,2026-07-25 11:43:17.791636,2026-07-25 11:43:17.791636,2026-07-25 11:43:17.791636
3598,98,8,22,38,2026-07-25 11:43:17.791646,2026-07-25 11:43:17.791646,2026-07-25 11:43:17.791646
3599,99,8,459,61,2026-07-25 11:43:17.791656,2026-07-25 11:43:17.791656,2026-07-25 11:43:17.791656
3600,100,8,98,40,2026-07-25 11:43:17.791666,2026-07-25 11:43:17.791666,2026-07-25 11:43:17.791666
3601,101,8,263,25,2026-07-25 11:43:17.791675,2026-07-25 11:43:17.791675,2026-07-25 11:43:17.791675
3602,102,8,485,26,2026-07-25 11:43:17.791685,2026-07-25 11:43:17.791685,2026-07-25 11:43:17.791685
3603,103,8,85,69,2026-07-25 11:43:17.791694,2026-07-25 11:43:17.791694,2026-07-25 11:43:17.791694
3604,104,8,275,54,2026-07-25 11:43:17.791704,2026-07-25 11:43:17.791704,2026-07-25 11:43:17.791704
3605,105,8,3,60,2026-07-25 11:43:17.791714,2026-07-25 11:43:17.791714,2026-07-25 11:43:17.791714
3606,106,8,33,33,2026-07-25 11:43:17.791724,2026-07-25 11:43:17.791724,2026-07-25 11:43:17.791724
3607,107,8,343,60,2026-07-25 11:43:17.791733,2026-07-25 11:43:17.791733,2026-07-25 11:43:17.791733
3608,108,8,396,33,2026-07-25 11:43:17.791743,2026-07-25 11:43:17.791743,2026-07-25 11:43:17.791743
3609,109,8,442,63,2026-07-25 11:43:17.791753,2026-07-25 11:43:17.791753,2026-07-25 11:43:17.791753
3610,110,8,217,73,2026-07-25 11:43:17.791764,2026-07-25 11:43:17.791764,2026-07-25 11:43:17.791764
3611,111,8,53,33,2026-07-25 11:43:17.791774,2026-07-25 11:43:17.791774,2026-07-25 11:43:17.791774
3612,112,8,275,73,2026-07-25 11:43:17.791784,2026-07-25 11:43:17.791784,2026-07-25 11:43:17.791784
3613,113,8,359,76,2026-07-25 11:43:17.791793,2026-07-25 11:43:17.791793,2026-07-25 11:43:17.791793
3614,114,8,499,67,2026-07-25 11:43:17.791803,2026-07-25 11:43:17.791803,2026-07-25 11:43:17.791803
3615,115,8,396,47,2026-07-25 11:43:17.791813,2026-07-25 11:43:17.791813,2026-07-25 11:43:17.791813
3616,116,8,331,72,2026-07-25 11:43:17.791822,2026-07-25 11:43:17.791822,2026-07-25 11:43:17.791822
3617,117,8,481,24,2026-07-25 11:43:17.791832,2026-07-25 11:43:17.791832,2026-07-25 11:43:17.791832
3618,118,8,382,63,2026-07-25 11:43:17.791841,2026-07-25 11:43:17.791841,2026-07-25 11:43:17.791841
3619,119,8,78,21,2026-07-25 11:43:17.791851,2026-07-25 11:43:17.791851,2026-07-25 11:43:17.791851
3620,120,8,235,65,2026-07-25 11:43:17.791861,2026-07-25 11:43:17.791861,2026-07-25 11:43:17.791861
3621,121,8,169,22,2026-07-25 11:43:17.791871,2026-07-25 11:43:17.791871,2026-07-25 11:43:17.791871
3622,122,8,44,24,2026-07-25 11:43:17.791880,2026-07-25 11:43:17.791880,2026-07-25 11:43:17.791880
3623,123,8,27,31,2026-07-25 11:43:17.791890,2026-07-25 11:43:17.791890,2026-07-25 11:43:17.791890
3624,124,8,406,36,2026-07-25 11:43:17.791900,2026-07-25 11:43:17.791900,2026-07-25 11:43:17.791900
3625,125,8,285,24,2026-07-25 11:43:17.791909,2026-07-25 11:43:17.791909,2026-07-25 11:43:17.791909
3626,126,8,294,72,2026-07-25 11:43:17.791919,2026-07-25 11:43:17.791919,2026-07-25 11:43:17.791919
3627,127,8,116,78,2026-07-25 11:43:17.791929,2026-07-25 11:43:17.791929,2026-07-25 11:43:17.791929
3628,128,8,132,46,2026-07-25 11:43:17.791938,2026-07-25 11:43:17.791938,2026-07-25 11:43:17.791938
3629,129,8,198,48,2026-07-25 11:43:17.791948,2026-07-25 11:43:17.791948,2026-07-25 11:43:17.791948
3630,130,8,322,45,2026-07-25 11:43:17.791958,2026-07-25 11:43:17.791958,2026-07-25 11:43:17.791958
3631,131,8,221,40,2026-07-25 11:43:17.791967,2026-07-25 11:43:17.791967,2026-07-25 11:43:17.791967
3632,132,8,8,44,2026-07-25 11:43:17.791977,2026-07-25 11:43:17.791977,2026-07-25 11:43:17.791977
3633,133,8,344,27,2026-07-25 11:43:17.791987,2026-07-25 11:43:17.791987,2026-07-25 11:43:17.791987
3634,134,8,273,20,2026-07-25 11:43:17.791996,2026-07-25 11:43:17.791996,2026-07-25 11:43:17.791996
3635,135,8,328,66,2026-07-25 11:43:17.792006,2026-07-25 11:43:17.792006,2026-07-25 11:43:17.792006
3636,136,8,316,24,2026-07-25 11:43:17.792016,2026-07-25 11:43:17.792016,2026-07-25 11:43:17.792016
3637,137,8,387,67,2026-07-25 11:43:17.792025,2026-07-25 11:43:17.792025,2026-07-25 11:43:17.792025
3638,138,8,299,22,2026-07-25 11:43:17.792035,2026-07-25 11:43:17.792035,2026-07-25 11:43:17.792035
3639,139,8,358,74,2026-07-25 11:43:17.792045,2026-07-25 11:43:17.792045,2026-07-25 11:43:17.792045
3640,140,8,37,42,2026-07-25 11:43:17.792055,2026-07-25 11:43:17.792055,2026-07-25 11:43:17.792055
3641,141,8,475,52,2026-07-25 11:43:17.792064,2026-07-25 11:43:17.792064,2026-07-25 11:43:17.792064
3642,142,8,54,38,2026-07-25 11:43:17.792074,2026-07-25 11:43:17.792074,2026-07-25 11:43:17.792074
3643,143,8,402,63,2026-07-25 11:43:17.792084,2026-07-25 11:43:17.792084,2026-07-25 11:43:17.792084
3644,144,8,154,58,2026-07-25 11:43:17.792093,2026-07-25 11:43:17.792093,2026-07-25 11:43:17.792093
3645,145,8,44,38,2026-07-25 11:43:17.792103,2026-07-25 11:43:17.792103,2026-07-25 11:43:17.792103
3646,146,8,391,79,2026-07-25 11:43:17.792113,2026-07-25 11:43:17.792113,2026-07-25 11:43:17.792113
3647,147,8,224,44,2026-07-25 11:43:17.792122,2026-07-25 11:43:17.792122,2026-07-25 11:43:17.792122
3648,148,8,202,72,2026-07-25 11:43:17.792132,2026-07-25 11:43:17.792132,2026-07-25 11:43:17.792132
3649,149,8,338,21,2026-07-25 11:43:17.792142,2026-07-25 11:43:17.792142,2026-07-25 11:43:17.792142
3650,150,8,242,30,2026-07-25 11:43:17.792152,2026-07-25 11:43:17.792152,2026-07-25 11:43:17.792152
3651,151,8,273,34,2026-07-25 11:43:17.792161,2026-07-25 11:43:17.792161,2026-07-25 11:43:17.792161
3652,152,8,69,67,2026-07-25 11:43:17.792171,2026-07-25 11:43:17.792171,2026-07-25 11:43:17.792171
3653,153,8,200,70,2026-07-25 11:43:17.792181,2026-07-25 11:43:17.792181,2026-07-25 11:43:17.792181
3654,154,8,408,74,2026-07-25 11:43:17.792190,2026-07-25 11:43:17.792190,2026-07-25 11:43:17.792190
3655,155,8,279,38,2026-07-25 11:43:17.792200,2026-07-25 11:43:17.792200,2026-07-25 11:43:17.792200
3656,156,8,491,60,2026-07-25 11:43:17.792209,2026-07-25 11:43:17.792209,2026-07-25 11:43:17.792209
3657,157,8,73,39,2026-07-25 11:43:17.792219,2026-07-25 11:43:17.792219,2026-07-25 11:43:17.792219
3658,158,8,346,76,2026-07-25 11:43:17.792229,2026-07-25 11:43:17.792229,2026-07-25 11:43:17.792229
3659,159,8,468,70,2026-07-25 11:43:17.792238,2026-07-25 11:43:17.792238,2026-07-25 11:43:17.792238
3660,160,8,443,66,2026-07-25 11:43:17.792248,2026-07-25 11:43:17.792248,2026-07-25 11:43:17.792248
3661,161,8,331,43,2026-07-25 11:43:17.792258,2026-07-25 11:43:17.792258,2026-07-25 11:43:17.792258
3662,162,8,490,80,2026-07-25 11:43:17.792269,2026-07-25 11:43:17.792269,2026-07-25 11:43:17.792269
3663,163,8,5,55,2026-07-25 11:43:17.792278,2026-07-25 11:43:17.792278,2026-07-25 11:43:17.792278
3664,164,8,447,55,2026-07-25 11:43:17.792288,2026-07-25 11:43:17.792288,2026-07-25 11:43:17.792288
3665,165,8,72,27,2026-07-25 11:43:17.792298,2026-07-25 11:43:17.792298,2026-07-25 11:43:17.792298
3666,166,8,21,20,2026-07-25 11:43:17.792308,2026-07-25 11:43:17.792308,2026-07-25 11:43:17.792308
3667,167,8,293,58,2026-07-25 11:43:17.792317,2026-07-25 11:43:17.792317,2026-07-25 11:43:17.792317
3668,168,8,201,54,2026-07-25 11:43:17.792327,2026-07-25 11:43:17.792327,2026-07-25 11:43:17.792327
3669,169,8,280,80,2026-07-25 11:43:17.792336,2026-07-25 11:43:17.792336,2026-07-25 11:43:17.792336
3670,170,8,43,39,2026-07-25 11:43:17.792346,2026-07-25 11:43:17.792346,2026-07-25 11:43:17.792346
3671,171,8,107,67,2026-07-25 11:43:17.792356,2026-07-25 11:43:17.792356,2026-07-25 11:43:17.792356
3672,172,8,379,77,2026-07-25 11:43:17.792365,2026-07-25 11:43:17.792365,2026-07-25 11:43:17.792365
3673,173,8,371,42,2026-07-25 11:43:17.792375,2026-07-25 11:43:17.792375,2026-07-25 11:43:17.792375
3674,174,8,108,46,2026-07-25 11:43:17.792385,2026-07-25 11:43:17.792385,2026-07-25 11:43:17.792385
3675,175,8,463,61,2026-07-25 11:43:17.792394,2026-07-25 11:43:17.792394,2026-07-25 11:43:17.792394
3676,176,8,435,52,2026-07-25 11:43:17.792404,2026-07-25 11:43:17.792404,2026-07-25 11:43:17.792404
3677,177,8,72,30,2026-07-25 11:43:17.792414,2026-07-25 11:43:17.792414,2026-07-25 11:43:17.792414
3678,178,8,94,34,2026-07-25 11:43:17.792423,2026-07-25 11:43:17.792423,2026-07-25 11:43:17.792423
3679,179,8,315,73,2026-07-25 11:43:17.792434,2026-07-25 11:43:17.792434,2026-07-25 11:43:17.792434
3680,180,8,129,32,2026-07-25 11:43:17.792444,2026-07-25 11:43:17.792444,2026-07-25 11:43:17.792444
3681,181,8,58,31,2026-07-25 11:43:17.792454,2026-07-25 11:43:17.792454,2026-07-25 11:43:17.792454
3682,182,8,343,71,2026-07-25 11:43:17.792463,2026-07-25 11:43:17.792463,2026-07-25 11:43:17.792463
3683,183,8,290,74,2026-07-25 11:43:17.792473,2026-07-25 11:43:17.792473,2026-07-25 11:43:17.792473
3684,184,8,27,74,2026-07-25 11:43:17.792483,2026-07-25 11:43:17.792483,2026-07-25 11:43:17.792483
3685,185,8,384,79,2026-07-25 11:43:17.792493,2026-07-25 11:43:17.792493,2026-07-25 11:43:17.792493
3686,186,8,281,49,2026-07-25 11:43:17.792502,2026-07-25 11:43:17.792502,2026-07-25 11:43:17.792502
3687,187,8,330,55,2026-07-25 11:43:17.792512,2026-07-25 11:43:17.792512,2026-07-25 11:43:17.792512
3688,188,8,37,38,2026-07-25 11:43:17.792523,2026-07-25 11:43:17.792523,2026-07-25 11:43:17.792523
3689,189,8,343,24,2026-07-25 11:43:17.792533,2026-07-25 11:43:17.792533,2026-07-25 11:43:17.792533
3690,190,8,128,26,2026-07-25 11:43:17.792543,2026-07-25 11:43:17.792543,2026-07-25 11:43:17.792543
3691,191,8,101,66,2026-07-25 11:43:17.792553,2026-07-25 11:43:17.792553,2026-07-25 11:43:17.792553
3692,192,8,297,51,2026-07-25 11:43:17.792562,2026-07-25 11:43:17.792562,2026-07-25 11:43:17.792562
3693,193,8,487,41,2026-07-25 11:43:17.792572,2026-07-25 11:43:17.792572,2026-07-25 11:43:17.792572
3694,194,8,182,28,2026-07-25 11:43:17.792582,2026-07-25 11:43:17.792582,2026-07-25 11:43:17.792582
3695,195,8,343,61,2026-07-25 11:43:17.792591,2026-07-25 11:43:17.792591,2026-07-25 11:43:17.792591
3696,196,8,120,26,2026-07-25 11:43:17.792601,2026-07-25 11:43:17.792601,2026-07-25 11:43:17.792601
3697,197,8,145,59,2026-07-25 11:43:17.792611,2026-07-25 11:43:17.792611,2026-07-25 11:43:17.792611
3698,198,8,35,77,2026-07-25 11:43:17.792620,2026-07-25 11:43:17.792620,2026-07-25 11:43:17.792620
3699,199,8,99,40,2026-07-25 11:43:17.792630,2026-07-25 11:43:17.792630,2026-07-25 11:43:17.792630
3700,200,8,248,48,2026-07-25 11:43:17.792640,2026-07-25 11:43:17.792640,2026-07-25 11:43:17.792640
3701,201,8,168,59,2026-07-25 11:43:17.792649,2026-07-25 11:43:17.792649,2026-07-25 11:43:17.792649
3702,202,8,337,39,2026-07-25 11:43:17.792663,2026-07-25 11:43:17.792663,2026-07-25 11:43:17.792663
3703,203,8,355,57,2026-07-25 11:43:17.792680,2026-07-25 11:43:17.792680,2026-07-25 11:43:17.792680
3704,204,8,78,56,2026-07-25 11:43:17.792690,2026-07-25 11:43:17.792690,2026-07-25 11:43:17.792690
3705,205,8,290,43,2026-07-25 11:43:17.792700,2026-07-25 11:43:17.792700,2026-07-25 11:43:17.792700
3706,206,8,413,40,2026-07-25 11:43:17.792709,2026-07-25 11:43:17.792709,2026-07-25 11:43:17.792709
3707,207,8,490,47,2026-07-25 11:43:17.792719,2026-07-25 11:43:17.792719,2026-07-25 11:43:17.792719
3708,208,8,86,20,2026-07-25 11:43:17.792729,2026-07-25 11:43:17.792729,2026-07-25 11:43:17.792729
3709,209,8,160,35,2026-07-25 11:43:17.792739,2026-07-25 11:43:17.792739,2026-07-25 11:43:17.792739
3710,210,8,402,34,2026-07-25 11:43:17.792748,2026-07-25 11:43:17.792748,2026-07-25 11:43:17.792748
3711,211,8,364,67,2026-07-25 11:43:17.792758,2026-07-25 11:43:17.792758,2026-07-25 11:43:17.792758
3712,212,8,328,47,2026-07-25 11:43:17.792768,2026-07-25 11:43:17.792768,2026-07-25 11:43:17.792768
3713,213,8,141,73,2026-07-25 11:43:17.792778,2026-07-25 11:43:17.792778,2026-07-25 11:43:17.792778
3714,214,8,184,28,2026-07-25 11:43:17.792787,2026-07-25 11:43:17.792787,2026-07-25 11:43:17.792787
3715,215,8,347,66,2026-07-25 11:43:17.792797,2026-07-25 11:43:17.792797,2026-07-25 11:43:17.792797
3716,216,8,169,76,2026-07-25 11:43:17.792806,2026-07-25 11:43:17.792806,2026-07-25 11:43:17.792806
3717,217,8,245,49,2026-07-25 11:43:17.792816,2026-07-25 11:43:17.792816,2026-07-25 11:43:17.792816
3718,218,8,228,42,2026-07-25 11:43:17.792826,2026-07-25 11:43:17.792826,2026-07-25 11:43:17.792826
3719,219,8,396,39,2026-07-25 11:43:17.792835,2026-07-25 11:43:17.792835,2026-07-25 11:43:17.792835
3720,220,8,249,55,2026-07-25 11:43:17.792845,2026-07-25 11:43:17.792845,2026-07-25 11:43:17.792845
3721,221,8,55,31,2026-07-25 11:43:17.792855,2026-07-25 11:43:17.792855,2026-07-25 11:43:17.792855
3722,222,8,330,58,2026-07-25 11:43:17.792864,2026-07-25 11:43:17.792864,2026-07-25 11:43:17.792864
3723,223,8,41,73,2026-07-25 11:43:17.792874,2026-07-25 11:43:17.792874,2026-07-25 11:43:17.792874
3724,224,8,143,74,2026-07-25 11:43:17.792884,2026-07-25 11:43:17.792884,2026-07-25 11:43:17.792884
3725,225,8,423,28,2026-07-25 11:43:17.792893,2026-07-25 11:43:17.792893,2026-07-25 11:43:17.792893
3726,226,8,456,54,2026-07-25 11:43:17.792903,2026-07-25 11:43:17.792903,2026-07-25 11:43:17.792903
3727,227,8,100,36,2026-07-25 11:43:17.792913,2026-07-25 11:43:17.792913,2026-07-25 11:43:17.792913
3728,228,8,375,76,2026-07-25 11:43:17.792922,2026-07-25 11:43:17.792922,2026-07-25 11:43:17.792922
3729,229,8,320,24,2026-07-25 11:43:17.792932,2026-07-25 11:43:17.792932,2026-07-25 11:43:17.792932
3730,230,8,372,24,2026-07-25 11:43:17.792942,2026-07-25 11:43:17.792942,2026-07-25 11:43:17.792942
3731,231,8,456,21,2026-07-25 11:43:17.792952,2026-07-25 11:43:17.792952,2026-07-25 11:43:17.792952
3732,232,8,434,52,2026-07-25 11:43:17.792961,2026-07-25 11:43:17.792961,2026-07-25 11:43:17.792961
3733,233,8,323,21,2026-07-25 11:43:17.792971,2026-07-25 11:43:17.792971,2026-07-25 11:43:17.792971
3734,234,8,416,57,2026-07-25 11:43:17.792981,2026-07-25 11:43:17.792981,2026-07-25 11:43:17.792981
3735,235,8,296,45,2026-07-25 11:43:17.792990,2026-07-25 11:43:17.792990,2026-07-25 11:43:17.792990
3736,236,8,393,57,2026-07-25 11:43:17.793000,2026-07-25 11:43:17.793000,2026-07-25 11:43:17.793000
3737,237,8,108,78,2026-07-25 11:43:17.793010,2026-07-25 11:43:17.793010,2026-07-25 11:43:17.793010
3738,238,8,18,55,2026-07-25 11:43:17.793020,2026-07-25 11:43:17.793020,2026-07-25 11:43:17.793020
3739,239,8,133,54,2026-07-25 11:43:17.793029,2026-07-25 11:43:17.793029,2026-07-25 11:43:17.793029
3740,240,8,457,54,2026-07-25 11:43:17.793039,2026-07-25 11:43:17.793039,2026-07-25 11:43:17.793039
3741,241,8,241,61,2026-07-25 11:43:17.793049,2026-07-25 11:43:17.793049,2026-07-25 11:43:17.793049
3742,242,8,396,29,2026-07-25 11:43:17.793059,2026-07-25 11:43:17.793059,2026-07-25 11:43:17.793059
3743,243,8,187,45,2026-07-25 11:43:17.793068,2026-07-25 11:43:17.793068,2026-07-25 11:43:17.793068
3744,244,8,114,77,2026-07-25 11:43:17.793078,2026-07-25 11:43:17.793078,2026-07-25 11:43:17.793078
3745,245,8,395,57,2026-07-25 11:43:17.793088,2026-07-25 11:43:17.793088,2026-07-25 11:43:17.793088
3746,246,8,375,74,2026-07-25 11:43:17.793098,2026-07-25 11:43:17.793098,2026-07-25 11:43:17.793098
3747,247,8,148,28,2026-07-25 11:43:17.793107,2026-07-25 11:43:17.793107,2026-07-25 11:43:17.793107
3748,248,8,237,52,2026-07-25 11:43:17.793117,2026-07-25 11:43:17.793117,2026-07-25 11:43:17.793117
3749,249,8,261,25,2026-07-25 11:43:17.793127,2026-07-25 11:43:17.793127,2026-07-25 11:43:17.793127
3750,250,8,203,43,2026-07-25 11:43:17.793136,2026-07-25 11:43:17.793136,2026-07-25 11:43:17.793136
3751,251,8,257,20,2026-07-25 11:43:17.793147,2026-07-25 11:43:17.793147,2026-07-25 11:43:17.793147
3752,252,8,339,35,2026-07-25 11:43:17.793158,2026-07-25 11:43:17.793158,2026-07-25 11:43:17.793158
3753,253,8,434,71,2026-07-25 11:43:17.793168,2026-07-25 11:43:17.793168,2026-07-25 11:43:17.793168
3754,254,8,314,63,2026-07-25 11:43:17.793178,2026-07-25 11:43:17.793178,2026-07-25 11:43:17.793178
3755,255,8,84,68,2026-07-25 11:43:17.793188,2026-07-25 11:43:17.793188,2026-07-25 11:43:17.793188
3756,256,8,263,28,2026-07-25 11:43:17.793198,2026-07-25 11:43:17.793198,2026-07-25 11:43:17.793198
3757,257,8,228,30,2026-07-25 11:43:17.793207,2026-07-25 11:43:17.793207,2026-07-25 11:43:17.793207
3758,258,8,91,56,2026-07-25 11:43:17.793217,2026-07-25 11:43:17.793217,2026-07-25 11:43:17.793217
3759,259,8,485,56,2026-07-25 11:43:17.793227,2026-07-25 11:43:17.793227,2026-07-25 11:43:17.793227
3760,260,8,337,75,2026-07-25 11:43:17.793237,2026-07-25 11:43:17.793237,2026-07-25 11:43:17.793237
3761,261,8,495,29,2026-07-25 11:43:17.793246,2026-07-25 11:43:17.793246,2026-07-25 11:43:17.793246
3762,262,8,376,66,2026-07-25 11:43:17.793256,2026-07-25 11:43:17.793256,2026-07-25 11:43:17.793256
3763,263,8,247,80,2026-07-25 11:43:17.793266,2026-07-25 11:43:17.793266,2026-07-25 11:43:17.793266
3764,264,8,183,22,2026-07-25 11:43:17.793276,2026-07-25 11:43:17.793276,2026-07-25 11:43:17.793276
3765,265,8,112,68,2026-07-25 11:43:17.793285,2026-07-25 11:43:17.793285,2026-07-25 11:43:17.793285
3766,266,8,249,34,2026-07-25 11:43:17.793298,2026-07-25 11:43:17.793298,2026-07-25 11:43:17.793298
3767,267,8,32,36,2026-07-25 11:43:17.793308,2026-07-25 11:43:17.793308,2026-07-25 11:43:17.793308
3768,268,8,189,34,2026-07-25 11:43:17.793317,2026-07-25 11:43:17.793317,2026-07-25 11:43:17.793317
3769,269,8,21,62,2026-07-25 11:43:17.793327,2026-07-25 11:43:17.793327,2026-07-25 11:43:17.793327
3770,270,8,105,53,2026-07-25 11:43:17.793337,2026-07-25 11:43:17.793337,2026-07-25 11:43:17.793337
3771,271,8,464,70,2026-07-25 11:43:17.793346,2026-07-25 11:43:17.793346,2026-07-25 11:43:17.793346
3772,272,8,184,44,2026-07-25 11:43:17.793356,2026-07-25 11:43:17.793356,2026-07-25 11:43:17.793356
3773,273,8,240,78,2026-07-25 11:43:17.793366,2026-07-25 11:43:17.793366,2026-07-25 11:43:17.793366
3774,274,8,232,76,2026-07-25 11:43:17.793376,2026-07-25 11:43:17.793376,2026-07-25 11:43:17.793376
3775,275,8,23,22,2026-07-25 11:43:17.793385,2026-07-25 11:43:17.793385,2026-07-25 11:43:17.793385
3776,276,8,332,40,2026-07-25 11:43:17.793395,2026-07-25 11:43:17.793395,2026-07-25 11:43:17.793395
3777,277,8,52,65,2026-07-25 11:43:17.793405,2026-07-25 11:43:17.793405,2026-07-25 11:43:17.793405
3778,278,8,495,53,2026-07-25 11:43:17.793414,2026-07-25 11:43:17.793414,2026-07-25 11:43:17.793414
3779,279,8,324,73,2026-07-25 11:43:17.793424,2026-07-25 11:43:17.793424,2026-07-25 11:43:17.793424
3780,280,8,140,73,2026-07-25 11:43:17.793433,2026-07-25 11:43:17.793433,2026-07-25 11:43:17.793433
3781,281,8,379,36,2026-07-25 11:43:17.793442,2026-07-25 11:43:17.793442,2026-07-25 11:43:17.793442
3782,282,8,296,54,2026-07-25 11:43:17.793451,2026-07-25 11:43:17.793451,2026-07-25 11:43:17.793451
3783,283,8,291,31,2026-07-25 11:43:17.793460,2026-07-25 11:43:17.793460,2026-07-25 11:43:17.793460
3784,284,8,192,61,2026-07-25 11:43:17.793469,2026-07-25 11:43:17.793469,2026-07-25 11:43:17.793469
3785,285,8,193,43,2026-07-25 11:43:17.793480,2026-07-25 11:43:17.793480,2026-07-25 11:43:17.793480
3786,286,8,300,61,2026-07-25 11:43:17.793489,2026-07-25 11:43:17.793489,2026-07-25 11:43:17.793489
3787,287,8,459,73,2026-07-25 11:43:17.793498,2026-07-25 11:43:17.793498,2026-07-25 11:43:17.793498
3788,288,8,39,53,2026-07-25 11:43:17.793511,2026-07-25 11:43:17.793511,2026-07-25 11:43:17.793511
3789,289,8,128,44,2026-07-25 11:43:17.793523,2026-07-25 11:43:17.793523,2026-07-25 11:43:17.793523
3790,290,8,498,78,2026-07-25 11:43:17.793535,2026-07-25 11:43:17.793535,2026-07-25 11:43:17.793535
3791,291,8,114,53,2026-07-25 11:43:17.793548,2026-07-25 11:43:17.793548,2026-07-25 11:43:17.793548
3792,292,8,207,42,2026-07-25 11:43:17.793560,2026-07-25 11:43:17.793560,2026-07-25 11:43:17.793560
3793,293,8,418,75,2026-07-25 11:43:17.793571,2026-07-25 11:43:17.793571,2026-07-25 11:43:17.793571
3794,294,8,176,51,2026-07-25 11:43:17.793580,2026-07-25 11:43:17.793580,2026-07-25 11:43:17.793580
3795,295,8,405,50,2026-07-25 11:43:17.793589,2026-07-25 11:43:17.793589,2026-07-25 11:43:17.793589
3796,296,8,454,58,2026-07-25 11:43:17.793598,2026-07-25 11:43:17.793598,2026-07-25 11:43:17.793598
3797,297,8,3,52,2026-07-25 11:43:17.793607,2026-07-25 11:43:17.793607,2026-07-25 11:43:17.793607
3798,298,8,451,28,2026-07-25 11:43:17.793617,2026-07-25 11:43:17.793617,2026-07-25 11:43:17.793617
3799,299,8,225,30,2026-07-25 11:43:17.793627,2026-07-25 11:43:17.793627,2026-07-25 11:43:17.793627
3800,300,8,117,24,2026-07-25 11:43:17.793636,2026-07-25 11:43:17.793636,2026-07-25 11:43:17.793636
3801,301,8,263,61,2026-07-25 11:43:17.793646,2026-07-25 11:43:17.793646,2026-07-25 11:43:17.793646
3802,302,8,143,33,2026-07-25 11:43:17.793655,2026-07-25 11:43:17.793655,2026-07-25 11:43:17.793655
3803,303,8,76,31,2026-07-25 11:43:17.793665,2026-07-25 11:43:17.793665,2026-07-25 11:43:17.793665
3804,304,8,80,43,2026-07-25 11:43:17.793674,2026-07-25 11:43:17.793674,2026-07-25 11:43:17.793674
3805,305,8,308,65,2026-07-25 11:43:17.793684,2026-07-25 11:43:17.793684,2026-07-25 11:43:17.793684
3806,306,8,418,27,2026-07-25 11:43:17.793698,2026-07-25 11:43:17.793698,2026-07-25 11:43:17.793698
3807,307,8,338,34,2026-07-25 11:43:17.793707,2026-07-25 11:43:17.793707,2026-07-25 11:43:17.793707
3808,308,8,212,71,2026-07-25 11:43:17.793717,2026-07-25 11:43:17.793717,2026-07-25 11:43:17.793717
3809,309,8,169,66,2026-07-25 11:43:17.793727,2026-07-25 11:43:17.793727,2026-07-25 11:43:17.793727
3810,310,8,58,50,2026-07-25 11:43:17.793736,2026-07-25 11:43:17.793736,2026-07-25 11:43:17.793736
3811,311,8,345,50,2026-07-25 11:43:17.793746,2026-07-25 11:43:17.793746,2026-07-25 11:43:17.793746
3812,312,8,245,33,2026-07-25 11:43:17.793756,2026-07-25 11:43:17.793756,2026-07-25 11:43:17.793756
3813,313,8,302,30,2026-07-25 11:43:17.793765,2026-07-25 11:43:17.793765,2026-07-25 11:43:17.793765
3814,314,8,331,73,2026-07-25 11:43:17.793775,2026-07-25 11:43:17.793775,2026-07-25 11:43:17.793775
3815,315,8,210,21,2026-07-25 11:43:17.793785,2026-07-25 11:43:17.793785,2026-07-25 11:43:17.793785
3816,316,8,124,22,2026-07-25 11:43:17.793795,2026-07-25 11:43:17.793795,2026-07-25 11:43:17.793795
3817,317,8,65,56,2026-07-25 11:43:17.793804,2026-07-25 11:43:17.793804,2026-07-25 11:43:17.793804
3818,318,8,303,30,2026-07-25 11:43:17.793814,2026-07-25 11:43:17.793814,2026-07-25 11:43:17.793814
3819,319,8,68,60,2026-07-25 11:43:17.793824,2026-07-25 11:43:17.793824,2026-07-25 11:43:17.793824
3820,320,8,262,22,2026-07-25 11:43:17.793833,2026-07-25 11:43:17.793833,2026-07-25 11:43:17.793833
3821,321,8,456,56,2026-07-25 11:43:17.793843,2026-07-25 11:43:17.793843,2026-07-25 11:43:17.793843
3822,322,8,75,23,2026-07-25 11:43:17.793853,2026-07-25 11:43:17.793853,2026-07-25 11:43:17.793853
3823,323,8,85,36,2026-07-25 11:43:17.793862,2026-07-25 11:43:17.793862,2026-07-25 11:43:17.793862
3824,324,8,472,31,2026-07-25 11:43:17.793872,2026-07-25 11:43:17.793872,2026-07-25 11:43:17.793872
3825,325,8,264,45,2026-07-25 11:43:17.793882,2026-07-25 11:43:17.793882,2026-07-25 11:43:17.793882
3826,326,8,306,56,2026-07-25 11:43:17.793892,2026-07-25 11:43:17.793892,2026-07-25 11:43:17.793892
3827,327,8,326,21,2026-07-25 11:43:17.793901,2026-07-25 11:43:17.793901,2026-07-25 11:43:17.793901
3828,328,8,449,66,2026-07-25 11:43:17.793911,2026-07-25 11:43:17.793911,2026-07-25 11:43:17.793911
3829,329,8,372,62,2026-07-25 11:43:17.793921,2026-07-25 11:43:17.793921,2026-07-25 11:43:17.793921
3830,330,8,420,38,2026-07-25 11:43:17.793930,2026-07-25 11:43:17.793930,2026-07-25 11:43:17.793930
3831,331,8,484,25,2026-07-25 11:43:17.793940,2026-07-25 11:43:17.793940,2026-07-25 11:43:17.793940
3832,332,8,110,48,2026-07-25 11:43:17.793949,2026-07-25 11:43:17.793949,2026-07-25 11:43:17.793949
3833,333,8,310,50,2026-07-25 11:43:17.793959,2026-07-25 11:43:17.793959,2026-07-25 11:43:17.793959
3834,334,8,444,50,2026-07-25 11:43:17.793969,2026-07-25 11:43:17.793969,2026-07-25 11:43:17.793969
3835,335,8,87,34,2026-07-25 11:43:17.793979,2026-07-25 11:43:17.793979,2026-07-25 11:43:17.793979
3836,336,8,425,46,2026-07-25 11:43:17.793988,2026-07-25 11:43:17.793988,2026-07-25 11:43:17.793988
3837,337,8,307,29,2026-07-25 11:43:17.793998,2026-07-25 11:43:17.793998,2026-07-25 11:43:17.793998
3838,338,8,406,57,2026-07-25 11:43:17.794007,2026-07-25 11:43:17.794007,2026-07-25 11:43:17.794007
3839,339,8,420,69,2026-07-25 11:43:17.794017,2026-07-25 11:43:17.794017,2026-07-25 11:43:17.794017
3840,340,8,93,59,2026-07-25 11:43:17.794028,2026-07-25 11:43:17.794028,2026-07-25 11:43:17.794028
3841,341,8,337,52,2026-07-25 11:43:17.794038,2026-07-25 11:43:17.794038,2026-07-25 11:43:17.794038
3842,342,8,135,30,2026-07-25 11:43:17.794048,2026-07-25 11:43:17.794048,2026-07-25 11:43:17.794048
3843,343,8,370,63,2026-07-25 11:43:17.794058,2026-07-25 11:43:17.794058,2026-07-25 11:43:17.794058
3844,344,8,175,79,2026-07-25 11:43:17.794069,2026-07-25 11:43:17.794069,2026-07-25 11:43:17.794069
3845,345,8,232,58,2026-07-25 11:43:17.794079,2026-07-25 11:43:17.794079,2026-07-25 11:43:17.794079
3846,346,8,302,24,2026-07-25 11:43:17.794088,2026-07-25 11:43:17.794088,2026-07-25 11:43:17.794088
3847,347,8,117,44,2026-07-25 11:43:17.794098,2026-07-25 11:43:17.794098,2026-07-25 11:43:17.794098
3848,348,8,197,28,2026-07-25 11:43:17.794108,2026-07-25 11:43:17.794108,2026-07-25 11:43:17.794108
3849,349,8,55,21,2026-07-25 11:43:17.794117,2026-07-25 11:43:17.794117,2026-07-25 11:43:17.794117
3850,350,8,103,53,2026-07-25 11:43:17.794127,2026-07-25 11:43:17.794127,2026-07-25 11:43:17.794127
3851,351,8,440,78,2026-07-25 11:43:17.794137,2026-07-25 11:43:17.794137,2026-07-25 11:43:17.794137
3852,352,8,258,63,2026-07-25 11:43:17.794146,2026-07-25 11:43:17.794146,2026-07-25 11:43:17.794146
3853,353,8,214,72,2026-07-25 11:43:17.794156,2026-07-25 11:43:17.794156,2026-07-25 11:43:17.794156
3854,354,8,76,58,2026-07-25 11:43:17.794166,2026-07-25 11:43:17.794166,2026-07-25 11:43:17.794166
3855,355,8,49,31,2026-07-25 11:43:17.794175,2026-07-25 11:43:17.794175,2026-07-25 11:43:17.794175
3856,356,8,243,77,2026-07-25 11:43:17.794185,2026-07-25 11:43:17.794185,2026-07-25 11:43:17.794185
3857,357,8,314,58,2026-07-25 11:43:17.794195,2026-07-25 11:43:17.794195,2026-07-25 11:43:17.794195
3858,358,8,19,76,2026-07-25 11:43:17.794220,2026-07-25 11:43:17.794220,2026-07-25 11:43:17.794220
3859,359,8,401,54,2026-07-25 11:43:17.794231,2026-07-25 11:43:17.794231,2026-07-25 11:43:17.794231
3860,360,8,257,68,2026-07-25 11:43:17.794241,2026-07-25 11:43:17.794241,2026-07-25 11:43:17.794241
3861,361,8,60,25,2026-07-25 11:43:17.794250,2026-07-25 11:43:17.794250,2026-07-25 11:43:17.794250
3862,362,8,246,62,2026-07-25 11:43:17.794260,2026-07-25 11:43:17.794260,2026-07-25 11:43:17.794260
3863,363,8,66,77,2026-07-25 11:43:17.794270,2026-07-25 11:43:17.794270,2026-07-25 11:43:17.794270
3864,364,8,308,54,2026-07-25 11:43:17.794280,2026-07-25 11:43:17.794280,2026-07-25 11:43:17.794280
3865,365,8,423,20,2026-07-25 11:43:17.794289,2026-07-25 11:43:17.794289,2026-07-25 11:43:17.794289
3866,366,8,459,80,2026-07-25 11:43:17.794299,2026-07-25 11:43:17.794299,2026-07-25 11:43:17.794299
3867,367,8,396,63,2026-07-25 11:43:17.794309,2026-07-25 11:43:17.794309,2026-07-25 11:43:17.794309
3868,368,8,332,47,2026-07-25 11:43:17.794319,2026-07-25 11:43:17.794319,2026-07-25 11:43:17.794319
3869,369,8,267,46,2026-07-25 11:43:17.794328,2026-07-25 11:43:17.794328,2026-07-25 11:43:17.794328
3870,370,8,189,75,2026-07-25 11:43:17.794338,2026-07-25 11:43:17.794338,2026-07-25 11:43:17.794338
3871,371,8,22,64,2026-07-25 11:43:17.794348,2026-07-25 11:43:17.794348,2026-07-25 11:43:17.794348
3872,372,8,271,47,2026-07-25 11:43:17.794358,2026-07-25 11:43:17.794358,2026-07-25 11:43:17.794358
3873,373,8,117,80,2026-07-25 11:43:17.794367,2026-07-25 11:43:17.794367,2026-07-25 11:43:17.794367
3874,374,8,410,50,2026-07-25 11:43:17.794377,2026-07-25 11:43:17.794377,2026-07-25 11:43:17.794377
3875,375,8,404,69,2026-07-25 11:43:17.794387,2026-07-25 11:43:17.794387,2026-07-25 11:43:17.794387
3876,376,8,195,42,2026-07-25 11:43:17.794397,2026-07-25 11:43:17.794397,2026-07-25 11:43:17.794397
3877,377,8,301,71,2026-07-25 11:43:17.794407,2026-07-25 11:43:17.794407,2026-07-25 11:43:17.794407
3878,378,8,379,78,2026-07-25 11:43:17.794416,2026-07-25 11:43:17.794416,2026-07-25 11:43:17.794416
3879,379,8,389,73,2026-07-25 11:43:17.794426,2026-07-25 11:43:17.794426,2026-07-25 11:43:17.794426
3880,380,8,356,56,2026-07-25 11:43:17.794436,2026-07-25 11:43:17.794436,2026-07-25 11:43:17.794436
3881,381,8,50,47,2026-07-25 11:43:17.794446,2026-07-25 11:43:17.794446,2026-07-25 11:43:17.794446
3882,382,8,68,36,2026-07-25 11:43:17.794455,2026-07-25 11:43:17.794455,2026-07-25 11:43:17.794455
3883,383,8,244,69,2026-07-25 11:43:17.794465,2026-07-25 11:43:17.794465,2026-07-25 11:43:17.794465
3884,384,8,119,78,2026-07-25 11:43:17.794475,2026-07-25 11:43:17.794475,2026-07-25 11:43:17.794475
3885,385,8,439,25,2026-07-25 11:43:17.794484,2026-07-25 11:43:17.794484,2026-07-25 11:43:17.794484
3886,386,8,145,58,2026-07-25 11:43:17.794494,2026-07-25 11:43:17.794494,2026-07-25 11:43:17.794494
3887,387,8,448,54,2026-07-25 11:43:17.794504,2026-07-25 11:43:17.794504,2026-07-25 11:43:17.794504
3888,388,8,209,36,2026-07-25 11:43:17.794513,2026-07-25 11:43:17.794513,2026-07-25 11:43:17.794513
3889,389,8,96,20,2026-07-25 11:43:17.794523,2026-07-25 11:43:17.794523,2026-07-25 11:43:17.794523
3890,390,8,363,67,2026-07-25 11:43:17.794533,2026-07-25 11:43:17.794533,2026-07-25 11:43:17.794533
3891,391,8,404,20,2026-07-25 11:43:17.794542,2026-07-25 11:43:17.794542,2026-07-25 11:43:17.794542
3892,392,8,295,53,2026-07-25 11:43:17.794552,2026-07-25 11:43:17.794552,2026-07-25 11:43:17.794552
3893,393,8,60,53,2026-07-25 11:43:17.794561,2026-07-25 11:43:17.794561,2026-07-25 11:43:17.794561
3894,394,8,3,44,2026-07-25 11:43:17.794571,2026-07-25 11:43:17.794571,2026-07-25 11:43:17.794571
3895,395,8,335,33,2026-07-25 11:43:17.794581,2026-07-25 11:43:17.794581,2026-07-25 11:43:17.794581
3896,396,8,352,71,2026-07-25 11:43:17.794590,2026-07-25 11:43:17.794590,2026-07-25 11:43:17.794590
3897,397,8,161,46,2026-07-25 11:43:17.794600,2026-07-25 11:43:17.794600,2026-07-25 11:43:17.794600
3898,398,8,185,26,2026-07-25 11:43:17.794610,2026-07-25 11:43:17.794610,2026-07-25 11:43:17.794610
3899,399,8,79,47,2026-07-25 11:43:17.794619,2026-07-25 11:43:17.794619,2026-07-25 11:43:17.794619
3900,400,8,333,57,2026-07-25 11:43:17.794629,2026-07-25 11:43:17.794629,2026-07-25 11:43:17.794629
3901,401,8,129,36,2026-07-25 11:43:17.794639,2026-07-25 11:43:17.794639,2026-07-25 11:43:17.794639
3902,402,8,437,54,2026-07-25 11:43:17.794648,2026-07-25 11:43:17.794648,2026-07-25 11:43:17.794648
3903,403,8,216,56,2026-07-25 11:43:17.794658,2026-07-25 11:43:17.794658,2026-07-25 11:43:17.794658
3904,404,8,187,59,2026-07-25 11:43:17.794668,2026-07-25 11:43:17.794668,2026-07-25 11:43:17.794668
3905,405,8,141,63,2026-07-25 11:43:17.794677,2026-07-25 11:43:17.794677,2026-07-25 11:43:17.794677
3906,406,8,203,68,2026-07-25 11:43:17.794687,2026-07-25 11:43:17.794687,2026-07-25 11:43:17.794687
3907,407,8,104,46,2026-07-25 11:43:17.794697,2026-07-25 11:43:17.794697,2026-07-25 11:43:17.794697
3908,408,8,282,70,2026-07-25 11:43:17.794707,2026-07-25 11:43:17.794707,2026-07-25 11:43:17.794707
3909,409,8,285,50,2026-07-25 11:43:17.794716,2026-07-25 11:43:17.794716,2026-07-25 11:43:17.794716
3910,410,8,91,43,2026-07-25 11:43:17.794726,2026-07-25 11:43:17.794726,2026-07-25 11:43:17.794726
3911,411,8,286,55,2026-07-25 11:43:17.794736,2026-07-25 11:43:17.794736,2026-07-25 11:43:17.794736
3912,412,8,247,36,2026-07-25 11:43:17.794745,2026-07-25 11:43:17.794745,2026-07-25 11:43:17.794745
3913,413,8,157,56,2026-07-25 11:43:17.794755,2026-07-25 11:43:17.794755,2026-07-25 11:43:17.794755
3914,414,8,176,69,2026-07-25 11:43:17.794765,2026-07-25 11:43:17.794765,2026-07-25 11:43:17.794765
3915,415,8,361,45,2026-07-25 11:43:17.794775,2026-07-25 11:43:17.794775,2026-07-25 11:43:17.794775
3916,416,8,376,28,2026-07-25 11:43:17.794784,2026-07-25 11:43:17.794784,2026-07-25 11:43:17.794784
3917,417,8,437,75,2026-07-25 11:43:17.794794,2026-07-25 11:43:17.794794,2026-07-25 11:43:17.794794
3918,418,8,337,27,2026-07-25 11:43:17.794804,2026-07-25 11:43:17.794804,2026-07-25 11:43:17.794804
3919,419,8,382,34,2026-07-25 11:43:17.794813,2026-07-25 11:43:17.794813,2026-07-25 11:43:17.794813
3920,420,8,228,70,2026-07-25 11:43:17.794823,2026-07-25 11:43:17.794823,2026-07-25 11:43:17.794823
3921,421,8,358,80,2026-07-25 11:43:17.794833,2026-07-25 11:43:17.794833,2026-07-25 11:43:17.794833
3922,422,8,82,26,2026-07-25 11:43:17.794846,2026-07-25 11:43:17.794846,2026-07-25 11:43:17.794846
3923,423,8,109,52,2026-07-25 11:43:17.794856,2026-07-25 11:43:17.794856,2026-07-25 11:43:17.794856
3924,424,8,205,70,2026-07-25 11:43:17.794865,2026-07-25 11:43:17.794865,2026-07-25 11:43:17.794865
3925,425,8,173,71,2026-07-25 11:43:17.794875,2026-07-25 11:43:17.794875,2026-07-25 11:43:17.794875
3926,426,8,281,59,2026-07-25 11:43:17.794885,2026-07-25 11:43:17.794885,2026-07-25 11:43:17.794885
3927,427,8,356,63,2026-07-25 11:43:17.794895,2026-07-25 11:43:17.794895,2026-07-25 11:43:17.794895
3928,428,8,361,23,2026-07-25 11:43:17.794904,2026-07-25 11:43:17.794904,2026-07-25 11:43:17.794904
3929,429,8,82,44,2026-07-25 11:43:17.794914,2026-07-25 11:43:17.794914,2026-07-25 11:43:17.794914
3930,430,8,493,60,2026-07-25 11:43:17.794923,2026-07-25 11:43:17.794923,2026-07-25 11:43:17.794923
3931,431,8,2,71,2026-07-25 11:43:17.794933,2026-07-25 11:43:17.794933,2026-07-25 11:43:17.794933
3932,432,8,46,72,2026-07-25 11:43:17.794943,2026-07-25 11:43:17.794943,2026-07-25 11:43:17.794943
3933,433,8,74,50,2026-07-25 11:43:17.794954,2026-07-25 11:43:17.794954,2026-07-25 11:43:17.794954
3934,434,8,474,58,2026-07-25 11:43:17.794963,2026-07-25 11:43:17.794963,2026-07-25 11:43:17.794963
3935,435,8,222,25,2026-07-25 11:43:17.794973,2026-07-25 11:43:17.794973,2026-07-25 11:43:17.794973
3936,436,8,32,36,2026-07-25 11:43:17.794983,2026-07-25 11:43:17.794983,2026-07-25 11:43:17.794983
3937,437,8,113,43,2026-07-25 11:43:17.794992,2026-07-25 11:43:17.794992,2026-07-25 11:43:17.794992
3938,438,8,40,58,2026-07-25 11:43:17.795002,2026-07-25 11:43:17.795002,2026-07-25 11:43:17.795002
3939,439,8,19,66,2026-07-25 11:43:17.795011,2026-07-25 11:43:17.795011,2026-07-25 11:43:17.795011
3940,440,8,196,79,2026-07-25 11:43:17.795021,2026-07-25 11:43:17.795021,2026-07-25 11:43:17.795021
3941,441,8,205,59,2026-07-25 11:43:17.795031,2026-07-25 11:43:17.795031,2026-07-25 11:43:17.795031
3942,442,8,335,53,2026-07-25 11:43:17.795040,2026-07-25 11:43:17.795040,2026-07-25 11:43:17.795040
3943,443,8,146,65,2026-07-25 11:43:17.795050,2026-07-25 11:43:17.795050,2026-07-25 11:43:17.795050
3944,444,8,493,58,2026-07-25 11:43:17.795059,2026-07-25 11:43:17.795059,2026-07-25 11:43:17.795059
3945,445,8,29,80,2026-07-25 11:43:17.795069,2026-07-25 11:43:17.795069,2026-07-25 11:43:17.795069
3946,446,8,396,72,2026-07-25 11:43:17.795078,2026-07-25 11:43:17.795078,2026-07-25 11:43:17.795078
3947,447,8,89,60,2026-07-25 11:43:17.795088,2026-07-25 11:43:17.795088,2026-07-25 11:43:17.795088
3948,448,8,253,48,2026-07-25 11:43:17.795098,2026-07-25 11:43:17.795098,2026-07-25 11:43:17.795098
3949,449,8,5,32,2026-07-25 11:43:17.795107,2026-07-25 11:43:17.795107,2026-07-25 11:43:17.795107
3950,450,8,435,62,2026-07-25 11:43:17.795117,2026-07-25 11:43:17.795117,2026-07-25 11:43:17.795117
3951,451,8,476,71,2026-07-25 11:43:17.795127,2026-07-25 11:43:17.795127,2026-07-25 11:43:17.795127
3952,452,8,265,38,2026-07-25 11:43:17.795136,2026-07-25 11:43:17.795136,2026-07-25 11:43:17.795136
3953,453,8,99,22,2026-07-25 11:43:17.795146,2026-07-25 11:43:17.795146,2026-07-25 11:43:17.795146
3954,454,8,401,58,2026-07-25 11:43:17.795155,2026-07-25 11:43:17.795155,2026-07-25 11:43:17.795155
3955,455,8,261,53,2026-07-25 11:43:17.795165,2026-07-25 11:43:17.795165,2026-07-25 11:43:17.795165
3956,456,8,357,34,2026-07-25 11:43:17.795174,2026-07-25 11:43:17.795174,2026-07-25 11:43:17.795174
3957,457,8,314,30,2026-07-25 11:43:17.795184,2026-07-25 11:43:17.795184,2026-07-25 11:43:17.795184
3958,458,8,345,22,2026-07-25 11:43:17.795194,2026-07-25 11:43:17.795194,2026-07-25 11:43:17.795194
3959,459,8,184,35,2026-07-25 11:43:17.795203,2026-07-25 11:43:17.795203,2026-07-25 11:43:17.795203
3960,460,8,335,20,2026-07-25 11:43:17.795213,2026-07-25 11:43:17.795213,2026-07-25 11:43:17.795213
3961,461,8,499,30,2026-07-25 11:43:17.795222,2026-07-25 11:43:17.795222,2026-07-25 11:43:17.795222
3962,462,8,44,37,2026-07-25 11:43:17.795232,2026-07-25 11:43:17.795232,2026-07-25 11:43:17.795232
3963,463,8,399,45,2026-07-25 11:43:17.795242,2026-07-25 11:43:17.795242,2026-07-25 11:43:17.795242
3964,464,8,180,62,2026-07-25 11:43:17.795256,2026-07-25 11:43:17.795256,2026-07-25 11:43:17.795256
3965,465,8,202,45,2026-07-25 11:43:17.795266,2026-07-25 11:43:17.795266,2026-07-25 11:43:17.795266
3966,466,8,300,32,2026-07-25 11:43:17.795276,2026-07-25 11:43:17.795276,2026-07-25 11:43:17.795276
3967,467,8,265,20,2026-07-25 11:43:17.795285,2026-07-25 11:43:17.795285,2026-07-25 11:43:17.795285
3968,468,8,377,65,2026-07-25 11:43:17.795295,2026-07-25 11:43:17.795295,2026-07-25 11:43:17.795295
3969,469,8,35,78,2026-07-25 11:43:17.795305,2026-07-25 11:43:17.795305,2026-07-25 11:43:17.795305
3970,470,8,46,55,2026-07-25 11:43:17.795314,2026-07-25 11:43:17.795314,2026-07-25 11:43:17.795314
3971,471,8,145,66,2026-07-25 11:43:17.795324,2026-07-25 11:43:17.795324,2026-07-25 11:43:17.795324
3972,472,8,424,55,2026-07-25 11:43:17.795333,2026-07-25 11:43:17.795333,2026-07-25 11:43:17.795333
3973,473,8,468,57,2026-07-25 11:43:17.795343,2026-07-25 11:43:17.795343,2026-07-25 11:43:17.795343
3974,474,8,178,42,2026-07-25 11:43:17.795353,2026-07-25 11:43:17.795353,2026-07-25 11:43:17.795353
3975,475,8,493,72,2026-07-25 11:43:17.795362,2026-07-25 11:43:17.795362,2026-07-25 11:43:17.795362
3976,476,8,141,34,2026-07-25 11:43:17.795372,2026-07-25 11:43:17.795372,2026-07-25 11:43:17.795372
3977,477,8,310,32,2026-07-25 11:43:17.795382,2026-07-25 11:43:17.795382,2026-07-25 11:43:17.795382
3978,478,8,232,79,2026-07-25 11:43:17.795391,2026-07-25 11:43:17.795391,2026-07-25 11:43:17.795391
3979,479,8,206,56,2026-07-25 11:43:17.795401,2026-07-25 11:43:17.795401,2026-07-25 11:43:17.795401
3980,480,8,2,36,2026-07-25 11:43:17.795411,2026-07-25 11:43:17.795411,2026-07-25 11:43:17.795411
3981,481,8,89,46,2026-07-25 11:43:17.795420,2026-07-25 11:43:17.795420,2026-07-25 11:43:17.795420
3982,482,8,259,26,2026-07-25 11:43:17.795430,2026-07-25 11:43:17.795430,2026-07-25 11:43:17.795430
3983,483,8,286,24,2026-07-25 11:43:17.795439,2026-07-25 11:43:17.795439,2026-07-25 11:43:17.795439
3984,484,8,257,38,2026-07-25 11:43:17.795449,2026-07-25 11:43:17.795449,2026-07-25 11:43:17.795449
3985,485,8,174,80,2026-07-25 11:43:17.795459,2026-07-25 11:43:17.795459,2026-07-25 11:43:17.795459
3986,486,8,59,71,2026-07-25 11:43:17.795468,2026-07-25 11:43:17.795468,2026-07-25 11:43:17.795468
3987,487,8,262,36,2026-07-25 11:43:17.795478,2026-07-25 11:43:17.795478,2026-07-25 11:43:17.795478
3988,488,8,448,54,2026-07-25 11:43:17.795488,2026-07-25 11:43:17.795488,2026-07-25 11:43:17.795488
3989,489,8,416,70,2026-07-25 11:43:17.795497,2026-07-25 11:43:17.795497,2026-07-25 11:43:17.795497
3990,490,8,294,36,2026-07-25 11:43:17.795507,2026-07-25 11:43:17.795507,2026-07-25 11:43:17.795507
3991,491,8,355,48,2026-07-25 11:43:17.795516,2026-07-25 11:43:17.795516,2026-07-25 11:43:17.795516
3992,492,8,494,44,2026-07-25 11:43:17.795526,2026-07-25 11:43:17.795526,2026-07-25 11:43:17.795526
3993,493,8,288,50,2026-07-25 11:43:17.795536,2026-07-25 11:43:17.795536,2026-07-25 11:43:17.795536
3994,494,8,394,35,2026-07-25 11:43:17.795546,2026-07-25 11:43:17.795546,2026-07-25 11:43:17.795546
3995,495,8,387,41,2026-07-25 11:43:17.795555,2026-07-25 11:43:17.795555,2026-07-25 11:43:17.795555
3996,496,8,492,69,2026-07-25 11:43:17.795565,2026-07-25 11:43:17.795565,2026-07-25 11:43:17.795565
3997,497,8,234,63,2026-07-25 11:43:17.795575,2026-07-25 11:43:17.795575,2026-07-25 11:43:17.795575
3998,498,8,235,77,2026-07-25 11:43:17.795584,2026-07-25 11:43:17.795584,2026-07-25 11:43:17.795584
3999,499,8,300,75,2026-07-25 11:43:17.795594,2026-07-25 11:43:17.795594,2026-07-25 11:43:17.795594
4000,500,8,14,50,2026-07-25 11:43:17.795605,2026-07-25 11:43:17.795605,2026-07-25 11:43:17.795605
4001,1,9,59,36,2026-07-25 11:43:17.795774,2026-07-25 11:43:17.795774,2026-07-25 11:43:17.795774
4002,2,9,34,44,2026-07-25 11:43:17.795786,2026-07-25 11:43:17.795786,2026-07-25 11:43:17.795786
4003,3,9,324,70,2026-07-25 11:43:17.795797,2026-07-25 11:43:17.795797,2026-07-25 11:43:17.795797
4004,4,9,112,63,2026-07-25 11:43:17.795808,2026-07-25 11:43:17.795808,2026-07-25 11:43:17.795808
4005,5,9,359,34,2026-07-25 11:43:17.795818,2026-07-25 11:43:17.795818,2026-07-25 11:43:17.795818
4006,6,9,409,40,2026-07-25 11:43:17.795828,2026-07-25 11:43:17.795828,2026-07-25 11:43:17.795828
4007,7,9,211,42,2026-07-25 11:43:17.795837,2026-07-25 11:43:17.795837,2026-07-25 11:43:17.795837
4008,8,9,264,54,2026-07-25 11:43:17.795847,2026-07-25 11:43:17.795847,2026-07-25 11:43:17.795847
4009,9,9,4,64,2026-07-25 11:43:17.795857,2026-07-25 11:43:17.795857,2026-07-25 11:43:17.795857
4010,10,9,426,36,2026-07-25 11:43:17.795867,2026-07-25 11:43:17.795867,2026-07-25 11:43:17.795867
4011,11,9,127,38,2026-07-25 11:43:17.795877,2026-07-25 11:43:17.795877,2026-07-25 11:43:17.795877
4012,12,9,47,45,2026-07-25 11:43:17.795887,2026-07-25 11:43:17.795887,2026-07-25 11:43:17.795887
4013,13,9,344,67,2026-07-25 11:43:17.795896,2026-07-25 11:43:17.795896,2026-07-25 11:43:17.795896
4014,14,9,420,41,2026-07-25 11:43:17.795906,2026-07-25 11:43:17.795906,2026-07-25 11:43:17.795906
4015,15,9,38,55,2026-07-25 11:43:17.795916,2026-07-25 11:43:17.795916,2026-07-25 11:43:17.795916
4016,16,9,476,31,2026-07-25 11:43:17.795926,2026-07-25 11:43:17.795926,2026-07-25 11:43:17.795926
4017,17,9,243,40,2026-07-25 11:43:17.795935,2026-07-25 11:43:17.795935,2026-07-25 11:43:17.795935
4018,18,9,181,33,2026-07-25 11:43:17.795944,2026-07-25 11:43:17.795944,2026-07-25 11:43:17.795944
4019,19,9,457,56,2026-07-25 11:43:17.795953,2026-07-25 11:43:17.795953,2026-07-25 11:43:17.795953
4020,20,9,137,31,2026-07-25 11:43:17.795962,2026-07-25 11:43:17.795962,2026-07-25 11:43:17.795962
4021,21,9,484,67,2026-07-25 11:43:17.795971,2026-07-25 11:43:17.795971,2026-07-25 11:43:17.795971
4022,22,9,349,79,2026-07-25 11:43:17.795980,2026-07-25 11:43:17.795980,2026-07-25 11:43:17.795980
4023,23,9,465,32,2026-07-25 11:43:17.795988,2026-07-25 11:43:17.795988,2026-07-25 11:43:17.795988
4024,24,9,255,67,2026-07-25 11:43:17.795997,2026-07-25 11:43:17.795997,2026-07-25 11:43:17.795997
4025,25,9,102,35,2026-07-25 11:43:17.796006,2026-07-25 11:43:17.796006,2026-07-25 11:43:17.796006
4026,26,9,376,35,2026-07-25 11:43:17.796015,2026-07-25 11:43:17.796015,2026-07-25 11:43:17.796015
4027,27,9,446,36,2026-07-25 11:43:17.796024,2026-07-25 11:43:17.796024,2026-07-25 11:43:17.796024
4028,28,9,105,34,2026-07-25 11:43:17.796034,2026-07-25 11:43:17.796034,2026-07-25 11:43:17.796034
4029,29,9,103,73,2026-07-25 11:43:17.796044,2026-07-25 11:43:17.796044,2026-07-25 11:43:17.796044
4030,30,9,127,73,2026-07-25 11:43:17.796053,2026-07-25 11:43:17.796053,2026-07-25 11:43:17.796053
4031,31,9,316,42,2026-07-25 11:43:17.796063,2026-07-25 11:43:17.796063,2026-07-25 11:43:17.796063
4032,32,9,79,69,2026-07-25 11:43:17.796073,2026-07-25 11:43:17.796073,2026-07-25 11:43:17.796073
4033,33,9,54,27,2026-07-25 11:43:17.796082,2026-07-25 11:43:17.796082,2026-07-25 11:43:17.796082
4034,34,9,471,25,2026-07-25 11:43:17.796092,2026-07-25 11:43:17.796092,2026-07-25 11:43:17.796092
4035,35,9,346,62,2026-07-25 11:43:17.796102,2026-07-25 11:43:17.796102,2026-07-25 11:43:17.796102
4036,36,9,252,59,2026-07-25 11:43:17.796111,2026-07-25 11:43:17.796111,2026-07-25 11:43:17.796111
4037,37,9,3,68,2026-07-25 11:43:17.796121,2026-07-25 11:43:17.796121,2026-07-25 11:43:17.796121
4038,38,9,438,54,2026-07-25 11:43:17.796130,2026-07-25 11:43:17.796130,2026-07-25 11:43:17.796130
4039,39,9,490,22,2026-07-25 11:43:17.796140,2026-07-25 11:43:17.796140,2026-07-25 11:43:17.796140
4040,40,9,434,50,2026-07-25 11:43:17.796150,2026-07-25 11:43:17.796150,2026-07-25 11:43:17.796150
4041,41,9,190,59,2026-07-25 11:43:17.796159,2026-07-25 11:43:17.796159,2026-07-25 11:43:17.796159
4042,42,9,161,51,2026-07-25 11:43:17.796169,2026-07-25 11:43:17.796169,2026-07-25 11:43:17.796169
4043,43,9,459,76,2026-07-25 11:43:17.796179,2026-07-25 11:43:17.796179,2026-07-25 11:43:17.796179
4044,44,9,459,56,2026-07-25 11:43:17.796189,2026-07-25 11:43:17.796189,2026-07-25 11:43:17.796189
4045,45,9,444,37,2026-07-25 11:43:17.796198,2026-07-25 11:43:17.796198,2026-07-25 11:43:17.796198
4046,46,9,251,31,2026-07-25 11:43:17.796208,2026-07-25 11:43:17.796208,2026-07-25 11:43:17.796208
4047,47,9,391,78,2026-07-25 11:43:17.796218,2026-07-25 11:43:17.796218,2026-07-25 11:43:17.796218
4048,48,9,261,37,2026-07-25 11:43:17.796227,2026-07-25 11:43:17.796227,2026-07-25 11:43:17.796227
4049,49,9,203,34,2026-07-25 11:43:17.796237,2026-07-25 11:43:17.796237,2026-07-25 11:43:17.796237
4050,50,9,384,56,2026-07-25 11:43:17.796247,2026-07-25 11:43:17.796247,2026-07-25 11:43:17.796247
4051,51,9,65,23,2026-07-25 11:43:17.796256,2026-07-25 11:43:17.796256,2026-07-25 11:43:17.796256
4052,52,9,269,71,2026-07-25 11:43:17.796266,2026-07-25 11:43:17.796266,2026-07-25 11:43:17.796266
4053,53,9,216,50,2026-07-25 11:43:17.796276,2026-07-25 11:43:17.796276,2026-07-25 11:43:17.796276
4054,54,9,481,54,2026-07-25 11:43:17.796285,2026-07-25 11:43:17.796285,2026-07-25 11:43:17.796285
4055,55,9,16,52,2026-07-25 11:43:17.796295,2026-07-25 11:43:17.796295,2026-07-25 11:43:17.796295
4056,56,9,177,45,2026-07-25 11:43:17.796305,2026-07-25 11:43:17.796305,2026-07-25 11:43:17.796305
4057,57,9,440,63,2026-07-25 11:43:17.796315,2026-07-25 11:43:17.796315,2026-07-25 11:43:17.796315
4058,58,9,397,31,2026-07-25 11:43:17.796325,2026-07-25 11:43:17.796325,2026-07-25 11:43:17.796325
4059,59,9,234,27,2026-07-25 11:43:17.796334,2026-07-25 11:43:17.796334,2026-07-25 11:43:17.796334
4060,60,9,357,53,2026-07-25 11:43:17.796346,2026-07-25 11:43:17.796346,2026-07-25 11:43:17.796346
4061,61,9,235,40,2026-07-25 11:43:17.796356,2026-07-25 11:43:17.796356,2026-07-25 11:43:17.796356
4062,62,9,352,20,2026-07-25 11:43:17.796365,2026-07-25 11:43:17.796365,2026-07-25 11:43:17.796365
4063,63,9,6,63,2026-07-25 11:43:17.796375,2026-07-25 11:43:17.796375,2026-07-25 11:43:17.796375
4064,64,9,107,44,2026-07-25 11:43:17.796385,2026-07-25 11:43:17.796385,2026-07-25 11:43:17.796385
4065,65,9,297,26,2026-07-25 11:43:17.796395,2026-07-25 11:43:17.796395,2026-07-25 11:43:17.796395
4066,66,9,166,43,2026-07-25 11:43:17.796405,2026-07-25 11:43:17.796405,2026-07-25 11:43:17.796405
4067,67,9,313,75,2026-07-25 11:43:17.796414,2026-07-25 11:43:17.796414,2026-07-25 11:43:17.796414
4068,68,9,132,31,2026-07-25 11:43:17.796424,2026-07-25 11:43:17.796424,2026-07-25 11:43:17.796424
4069,69,9,280,36,2026-07-25 11:43:17.796434,2026-07-25 11:43:17.796434,2026-07-25 11:43:17.796434
4070,70,9,121,37,2026-07-25 11:43:17.796443,2026-07-25 11:43:17.796443,2026-07-25 11:43:17.796443
4071,71,9,241,59,2026-07-25 11:43:17.796453,2026-07-25 11:43:17.796453,2026-07-25 11:43:17.796453
4072,72,9,175,43,2026-07-25 11:43:17.796463,2026-07-25 11:43:17.796463,2026-07-25 11:43:17.796463
4073,73,9,94,51,2026-07-25 11:43:17.796473,2026-07-25 11:43:17.796473,2026-07-25 11:43:17.796473
4074,74,9,217,33,2026-07-25 11:43:17.796482,2026-07-25 11:43:17.796482,2026-07-25 11:43:17.796482
4075,75,9,214,64,2026-07-25 11:43:17.796492,2026-07-25 11:43:17.796492,2026-07-25 11:43:17.796492
4076,76,9,385,43,2026-07-25 11:43:17.796502,2026-07-25 11:43:17.796502,2026-07-25 11:43:17.796502
4077,77,9,186,74,2026-07-25 11:43:17.796512,2026-07-25 11:43:17.796512,2026-07-25 11:43:17.796512
4078,78,9,205,37,2026-07-25 11:43:17.796523,2026-07-25 11:43:17.796523,2026-07-25 11:43:17.796523
4079,79,9,230,31,2026-07-25 11:43:17.796532,2026-07-25 11:43:17.796532,2026-07-25 11:43:17.796532
4080,80,9,292,28,2026-07-25 11:43:17.796542,2026-07-25 11:43:17.796542,2026-07-25 11:43:17.796542
4081,81,9,294,63,2026-07-25 11:43:17.796552,2026-07-25 11:43:17.796552,2026-07-25 11:43:17.796552
4082,82,9,117,72,2026-07-25 11:43:17.796562,2026-07-25 11:43:17.796562,2026-07-25 11:43:17.796562
4083,83,9,51,66,2026-07-25 11:43:17.796572,2026-07-25 11:43:17.796572,2026-07-25 11:43:17.796572
4084,84,9,138,71,2026-07-25 11:43:17.796582,2026-07-25 11:43:17.796582,2026-07-25 11:43:17.796582
4085,85,9,120,55,2026-07-25 11:43:17.796592,2026-07-25 11:43:17.796592,2026-07-25 11:43:17.796592
4086,86,9,221,74,2026-07-25 11:43:17.796602,2026-07-25 11:43:17.796602,2026-07-25 11:43:17.796602
4087,87,9,195,32,2026-07-25 11:43:17.796612,2026-07-25 11:43:17.796612,2026-07-25 11:43:17.796612
4088,88,9,74,71,2026-07-25 11:43:17.796622,2026-07-25 11:43:17.796622,2026-07-25 11:43:17.796622
4089,89,9,491,67,2026-07-25 11:43:17.796632,2026-07-25 11:43:17.796632,2026-07-25 11:43:17.796632
4090,90,9,76,50,2026-07-25 11:43:17.796642,2026-07-25 11:43:17.796642,2026-07-25 11:43:17.796642
4091,91,9,412,20,2026-07-25 11:43:17.796652,2026-07-25 11:43:17.796652,2026-07-25 11:43:17.796652
4092,92,9,90,46,2026-07-25 11:43:17.796661,2026-07-25 11:43:17.796661,2026-07-25 11:43:17.796661
4093,93,9,255,28,2026-07-25 11:43:17.796671,2026-07-25 11:43:17.796671,2026-07-25 11:43:17.796671
4094,94,9,457,74,2026-07-25 11:43:17.796681,2026-07-25 11:43:17.796681,2026-07-25 11:43:17.796681
4095,95,9,322,53,2026-07-25 11:43:17.796691,2026-07-25 11:43:17.796691,2026-07-25 11:43:17.796691
4096,96,9,273,66,2026-07-25 11:43:17.796700,2026-07-25 11:43:17.796700,2026-07-25 11:43:17.796700
4097,97,9,161,70,2026-07-25 11:43:17.796710,2026-07-25 11:43:17.796710,2026-07-25 11:43:17.796710
4098,98,9,249,39,2026-07-25 11:43:17.796728,2026-07-25 11:43:17.796728,2026-07-25 11:43:17.796728
4099,99,9,128,55,2026-07-25 11:43:17.796738,2026-07-25 11:43:17.796738,2026-07-25 11:43:17.796738
4100,100,9,439,56,2026-07-25 11:43:17.796748,2026-07-25 11:43:17.796748,2026-07-25 11:43:17.796748
4101,101,9,24,45,2026-07-25 11:43:17.796758,2026-07-25 11:43:17.796758,2026-07-25 11:43:17.796758
4102,102,9,50,64,2026-07-25 11:43:17.796767,2026-07-25 11:43:17.796767,2026-07-25 11:43:17.796767
4103,103,9,83,23,2026-07-25 11:43:17.796777,2026-07-25 11:43:17.796777,2026-07-25 11:43:17.796777
4104,104,9,110,72,2026-07-25 11:43:17.796786,2026-07-25 11:43:17.796786,2026-07-25 11:43:17.796786
4105,105,9,130,50,2026-07-25 11:43:17.796796,2026-07-25 11:43:17.796796,2026-07-25 11:43:17.796796
4106,106,9,429,60,2026-07-25 11:43:17.796806,2026-07-25 11:43:17.796806,2026-07-25 11:43:17.796806
4107,107,9,49,48,2026-07-25 11:43:17.796815,2026-07-25 11:43:17.796815,2026-07-25 11:43:17.796815
4108,108,9,381,41,2026-07-25 11:43:17.796825,2026-07-25 11:43:17.796825,2026-07-25 11:43:17.796825
4109,109,9,133,43,2026-07-25 11:43:17.796835,2026-07-25 11:43:17.796835,2026-07-25 11:43:17.796835
4110,110,9,184,55,2026-07-25 11:43:17.796844,2026-07-25 11:43:17.796844,2026-07-25 11:43:17.796844
4111,111,9,285,79,2026-07-25 11:43:17.796860,2026-07-25 11:43:17.796860,2026-07-25 11:43:17.796860
4112,112,9,414,36,2026-07-25 11:43:17.796870,2026-07-25 11:43:17.796870,2026-07-25 11:43:17.796870
4113,113,9,176,21,2026-07-25 11:43:17.796880,2026-07-25 11:43:17.796880,2026-07-25 11:43:17.796880
4114,114,9,210,27,2026-07-25 11:43:17.796889,2026-07-25 11:43:17.796889,2026-07-25 11:43:17.796889
4115,115,9,179,75,2026-07-25 11:43:17.796899,2026-07-25 11:43:17.796899,2026-07-25 11:43:17.796899
4116,116,9,347,58,2026-07-25 11:43:17.796909,2026-07-25 11:43:17.796909,2026-07-25 11:43:17.796909
4117,117,9,101,56,2026-07-25 11:43:17.796918,2026-07-25 11:43:17.796918,2026-07-25 11:43:17.796918
4118,118,9,294,61,2026-07-25 11:43:17.796928,2026-07-25 11:43:17.796928,2026-07-25 11:43:17.796928
4119,119,9,332,54,2026-07-25 11:43:17.796938,2026-07-25 11:43:17.796938,2026-07-25 11:43:17.796938
4120,120,9,89,69,2026-07-25 11:43:17.796947,2026-07-25 11:43:17.796947,2026-07-25 11:43:17.796947
4121,121,9,145,42,2026-07-25 11:43:17.796955,2026-07-25 11:43:17.796955,2026-07-25 11:43:17.796955
4122,122,9,166,63,2026-07-25 11:43:17.796964,2026-07-25 11:43:17.796964,2026-07-25 11:43:17.796964
4123,123,9,261,51,2026-07-25 11:43:17.796973,2026-07-25 11:43:17.796973,2026-07-25 11:43:17.796973
4124,124,9,396,67,2026-07-25 11:43:17.796987,2026-07-25 11:43:17.796987,2026-07-25 11:43:17.796987
4125,125,9,228,76,2026-07-25 11:43:17.796997,2026-07-25 11:43:17.796997,2026-07-25 11:43:17.796997
4126,126,9,40,44,2026-07-25 11:43:17.797007,2026-07-25 11:43:17.797007,2026-07-25 11:43:17.797007
4127,127,9,314,38,2026-07-25 11:43:17.797016,2026-07-25 11:43:17.797016,2026-07-25 11:43:17.797016
4128,128,9,237,60,2026-07-25 11:43:17.797026,2026-07-25 11:43:17.797026,2026-07-25 11:43:17.797026
4129,129,9,489,29,2026-07-25 11:43:17.797036,2026-07-25 11:43:17.797036,2026-07-25 11:43:17.797036
4130,130,9,444,30,2026-07-25 11:43:17.797046,2026-07-25 11:43:17.797046,2026-07-25 11:43:17.797046
4131,131,9,327,71,2026-07-25 11:43:17.797055,2026-07-25 11:43:17.797055,2026-07-25 11:43:17.797055
4132,132,9,475,41,2026-07-25 11:43:17.797065,2026-07-25 11:43:17.797065,2026-07-25 11:43:17.797065
4133,133,9,215,60,2026-07-25 11:43:17.797075,2026-07-25 11:43:17.797075,2026-07-25 11:43:17.797075
4134,134,9,313,56,2026-07-25 11:43:17.797085,2026-07-25 11:43:17.797085,2026-07-25 11:43:17.797085
4135,135,9,207,74,2026-07-25 11:43:17.797094,2026-07-25 11:43:17.797094,2026-07-25 11:43:17.797094
4136,136,9,464,24,2026-07-25 11:43:17.797104,2026-07-25 11:43:17.797104,2026-07-25 11:43:17.797104
4137,137,9,40,30,2026-07-25 11:43:17.797114,2026-07-25 11:43:17.797114,2026-07-25 11:43:17.797114
4138,138,9,175,34,2026-07-25 11:43:17.797123,2026-07-25 11:43:17.797123,2026-07-25 11:43:17.797123
4139,139,9,160,40,2026-07-25 11:43:17.797133,2026-07-25 11:43:17.797133,2026-07-25 11:43:17.797133
4140,140,9,334,38,2026-07-25 11:43:17.797143,2026-07-25 11:43:17.797143,2026-07-25 11:43:17.797143
4141,141,9,363,37,2026-07-25 11:43:17.797155,2026-07-25 11:43:17.797155,2026-07-25 11:43:17.797155
4142,142,9,309,61,2026-07-25 11:43:17.797165,2026-07-25 11:43:17.797165,2026-07-25 11:43:17.797165
4143,143,9,202,37,2026-07-25 11:43:17.797175,2026-07-25 11:43:17.797175,2026-07-25 11:43:17.797175
4144,144,9,454,48,2026-07-25 11:43:17.797185,2026-07-25 11:43:17.797185,2026-07-25 11:43:17.797185
4145,145,9,399,75,2026-07-25 11:43:17.797195,2026-07-25 11:43:17.797195,2026-07-25 11:43:17.797195
4146,146,9,480,43,2026-07-25 11:43:17.797205,2026-07-25 11:43:17.797205,2026-07-25 11:43:17.797205
4147,147,9,382,57,2026-07-25 11:43:17.797215,2026-07-25 11:43:17.797215,2026-07-25 11:43:17.797215
4148,148,9,266,48,2026-07-25 11:43:17.797225,2026-07-25 11:43:17.797225,2026-07-25 11:43:17.797225
4149,149,9,211,30,2026-07-25 11:43:17.797236,2026-07-25 11:43:17.797236,2026-07-25 11:43:17.797236
4150,150,9,94,74,2026-07-25 11:43:17.797247,2026-07-25 11:43:17.797247,2026-07-25 11:43:17.797247
4151,151,9,11,28,2026-07-25 11:43:17.797257,2026-07-25 11:43:17.797257,2026-07-25 11:43:17.797257
4152,152,9,372,35,2026-07-25 11:43:17.797266,2026-07-25 11:43:17.797266,2026-07-25 11:43:17.797266
4153,153,9,338,36,2026-07-25 11:43:17.797276,2026-07-25 11:43:17.797276,2026-07-25 11:43:17.797276
4154,154,9,481,67,2026-07-25 11:43:17.797286,2026-07-25 11:43:17.797286,2026-07-25 11:43:17.797286
4155,155,9,358,67,2026-07-25 11:43:17.797295,2026-07-25 11:43:17.797295,2026-07-25 11:43:17.797295
4156,156,9,40,33,2026-07-25 11:43:17.797307,2026-07-25 11:43:17.797307,2026-07-25 11:43:17.797307
4157,157,9,85,45,2026-07-25 11:43:17.797316,2026-07-25 11:43:17.797316,2026-07-25 11:43:17.797316
4158,158,9,52,26,2026-07-25 11:43:17.797326,2026-07-25 11:43:17.797326,2026-07-25 11:43:17.797326
4159,159,9,32,79,2026-07-25 11:43:17.797336,2026-07-25 11:43:17.797336,2026-07-25 11:43:17.797336
4160,160,9,449,50,2026-07-25 11:43:17.797345,2026-07-25 11:43:17.797345,2026-07-25 11:43:17.797345
4161,161,9,280,23,2026-07-25 11:43:17.797355,2026-07-25 11:43:17.797355,2026-07-25 11:43:17.797355
4162,162,9,13,69,2026-07-25 11:43:17.797365,2026-07-25 11:43:17.797365,2026-07-25 11:43:17.797365
4163,163,9,203,53,2026-07-25 11:43:17.797374,2026-07-25 11:43:17.797374,2026-07-25 11:43:17.797374
4164,164,9,391,25,2026-07-25 11:43:17.797384,2026-07-25 11:43:17.797384,2026-07-25 11:43:17.797384
4165,165,9,53,36,2026-07-25 11:43:17.797394,2026-07-25 11:43:17.797394,2026-07-25 11:43:17.797394
4166,166,9,316,29,2026-07-25 11:43:17.797403,2026-07-25 11:43:17.797403,2026-07-25 11:43:17.797403
4167,167,9,43,61,2026-07-25 11:43:17.797413,2026-07-25 11:43:17.797413,2026-07-25 11:43:17.797413
4168,168,9,476,76,2026-07-25 11:43:17.797422,2026-07-25 11:43:17.797422,2026-07-25 11:43:17.797422
4169,169,9,199,39,2026-07-25 11:43:17.797432,2026-07-25 11:43:17.797432,2026-07-25 11:43:17.797432
4170,170,9,117,35,2026-07-25 11:43:17.797442,2026-07-25 11:43:17.797442,2026-07-25 11:43:17.797442
4171,171,9,377,38,2026-07-25 11:43:17.797451,2026-07-25 11:43:17.797451,2026-07-25 11:43:17.797451
4172,172,9,226,60,2026-07-25 11:43:17.797461,2026-07-25 11:43:17.797461,2026-07-25 11:43:17.797461
4173,173,9,64,28,2026-07-25 11:43:17.797471,2026-07-25 11:43:17.797471,2026-07-25 11:43:17.797471
4174,174,9,269,73,2026-07-25 11:43:17.797480,2026-07-25 11:43:17.797480,2026-07-25 11:43:17.797480
4175,175,9,87,21,2026-07-25 11:43:17.797490,2026-07-25 11:43:17.797490,2026-07-25 11:43:17.797490
4176,176,9,17,62,2026-07-25 11:43:17.797500,2026-07-25 11:43:17.797500,2026-07-25 11:43:17.797500
4177,177,9,182,75,2026-07-25 11:43:17.797509,2026-07-25 11:43:17.797509,2026-07-25 11:43:17.797509
4178,178,9,468,40,2026-07-25 11:43:17.797519,2026-07-25 11:43:17.797519,2026-07-25 11:43:17.797519
4179,179,9,442,50,2026-07-25 11:43:17.797529,2026-07-25 11:43:17.797529,2026-07-25 11:43:17.797529
4180,180,9,239,75,2026-07-25 11:43:17.797538,2026-07-25 11:43:17.797538,2026-07-25 11:43:17.797538
4181,181,9,276,79,2026-07-25 11:43:17.797548,2026-07-25 11:43:17.797548,2026-07-25 11:43:17.797548
4182,182,9,139,55,2026-07-25 11:43:17.797558,2026-07-25 11:43:17.797558,2026-07-25 11:43:17.797558
4183,183,9,227,28,2026-07-25 11:43:17.797567,2026-07-25 11:43:17.797567,2026-07-25 11:43:17.797567
4184,184,9,496,80,2026-07-25 11:43:17.797577,2026-07-25 11:43:17.797577,2026-07-25 11:43:17.797577
4185,185,9,357,54,2026-07-25 11:43:17.797587,2026-07-25 11:43:17.797587,2026-07-25 11:43:17.797587
4186,186,9,90,57,2026-07-25 11:43:17.797597,2026-07-25 11:43:17.797597,2026-07-25 11:43:17.797597
4187,187,9,305,49,2026-07-25 11:43:17.797608,2026-07-25 11:43:17.797608,2026-07-25 11:43:17.797608
4188,188,9,323,67,2026-07-25 11:43:17.797617,2026-07-25 11:43:17.797617,2026-07-25 11:43:17.797617
4189,189,9,325,76,2026-07-25 11:43:17.797627,2026-07-25 11:43:17.797627,2026-07-25 11:43:17.797627
4190,190,9,288,47,2026-07-25 11:43:17.797637,2026-07-25 11:43:17.797637,2026-07-25 11:43:17.797637
4191,191,9,268,60,2026-07-25 11:43:17.797646,2026-07-25 11:43:17.797646,2026-07-25 11:43:17.797646
4192,192,9,327,54,2026-07-25 11:43:17.797656,2026-07-25 11:43:17.797656,2026-07-25 11:43:17.797656
4193,193,9,158,78,2026-07-25 11:43:17.797666,2026-07-25 11:43:17.797666,2026-07-25 11:43:17.797666
4194,194,9,177,50,2026-07-25 11:43:17.797675,2026-07-25 11:43:17.797675,2026-07-25 11:43:17.797675
4195,195,9,276,34,2026-07-25 11:43:17.797685,2026-07-25 11:43:17.797685,2026-07-25 11:43:17.797685
4196,196,9,412,25,2026-07-25 11:43:17.797694,2026-07-25 11:43:17.797694,2026-07-25 11:43:17.797694
4197,197,9,226,39,2026-07-25 11:43:17.797720,2026-07-25 11:43:17.797720,2026-07-25 11:43:17.797720
4198,198,9,187,46,2026-07-25 11:43:17.797731,2026-07-25 11:43:17.797731,2026-07-25 11:43:17.797731
4199,199,9,133,29,2026-07-25 11:43:17.797741,2026-07-25 11:43:17.797741,2026-07-25 11:43:17.797741
4200,200,9,155,20,2026-07-25 11:43:17.797751,2026-07-25 11:43:17.797751,2026-07-25 11:43:17.797751
4201,201,9,0,53,2026-07-25 11:43:17.797760,2026-07-25 11:43:17.797760,2026-07-25 11:43:17.797760
4202,202,9,417,68,2026-07-25 11:43:17.797770,2026-07-25 11:43:17.797770,2026-07-25 11:43:17.797770
4203,203,9,434,28,2026-07-25 11:43:17.797780,2026-07-25 11:43:17.797780,2026-07-25 11:43:17.797780
4204,204,9,176,38,2026-07-25 11:43:17.797789,2026-07-25 11:43:17.797789,2026-07-25 11:43:17.797789
4205,205,9,240,54,2026-07-25 11:43:17.797799,2026-07-25 11:43:17.797799,2026-07-25 11:43:17.797799
4206,206,9,4,64,2026-07-25 11:43:17.797809,2026-07-25 11:43:17.797809,2026-07-25 11:43:17.797809
4207,207,9,472,51,2026-07-25 11:43:17.797818,2026-07-25 11:43:17.797818,2026-07-25 11:43:17.797818
4208,208,9,484,68,2026-07-25 11:43:17.797828,2026-07-25 11:43:17.797828,2026-07-25 11:43:17.797828
4209,209,9,244,39,2026-07-25 11:43:17.797838,2026-07-25 11:43:17.797838,2026-07-25 11:43:17.797838
4210,210,9,4,69,2026-07-25 11:43:17.797847,2026-07-25 11:43:17.797847,2026-07-25 11:43:17.797847
4211,211,9,220,71,2026-07-25 11:43:17.797857,2026-07-25 11:43:17.797857,2026-07-25 11:43:17.797857
4212,212,9,149,58,2026-07-25 11:43:17.797866,2026-07-25 11:43:17.797866,2026-07-25 11:43:17.797866
4213,213,9,118,70,2026-07-25 11:43:17.797876,2026-07-25 11:43:17.797876,2026-07-25 11:43:17.797876
4214,214,9,3,55,2026-07-25 11:43:17.797886,2026-07-25 11:43:17.797886,2026-07-25 11:43:17.797886
4215,215,9,191,32,2026-07-25 11:43:17.797896,2026-07-25 11:43:17.797896,2026-07-25 11:43:17.797896
4216,216,9,210,76,2026-07-25 11:43:17.797905,2026-07-25 11:43:17.797905,2026-07-25 11:43:17.797905
4217,217,9,287,47,2026-07-25 11:43:17.797915,2026-07-25 11:43:17.797915,2026-07-25 11:43:17.797915
4218,218,9,202,35,2026-07-25 11:43:17.797924,2026-07-25 11:43:17.797924,2026-07-25 11:43:17.797924
4219,219,9,83,65,2026-07-25 11:43:17.797934,2026-07-25 11:43:17.797934,2026-07-25 11:43:17.797934
4220,220,9,377,61,2026-07-25 11:43:17.797944,2026-07-25 11:43:17.797944,2026-07-25 11:43:17.797944
4221,221,9,199,73,2026-07-25 11:43:17.797954,2026-07-25 11:43:17.797954,2026-07-25 11:43:17.797954
4222,222,9,193,34,2026-07-25 11:43:17.797963,2026-07-25 11:43:17.797963,2026-07-25 11:43:17.797963
4223,223,9,134,25,2026-07-25 11:43:17.797973,2026-07-25 11:43:17.797973,2026-07-25 11:43:17.797973
4224,224,9,216,60,2026-07-25 11:43:17.797983,2026-07-25 11:43:17.797983,2026-07-25 11:43:17.797983
4225,225,9,122,53,2026-07-25 11:43:17.797992,2026-07-25 11:43:17.797992,2026-07-25 11:43:17.797992
4226,226,9,391,71,2026-07-25 11:43:17.798003,2026-07-25 11:43:17.798003,2026-07-25 11:43:17.798003
4227,227,9,465,59,2026-07-25 11:43:17.798013,2026-07-25 11:43:17.798013,2026-07-25 11:43:17.798013
4228,228,9,413,64,2026-07-25 11:43:17.798023,2026-07-25 11:43:17.798023,2026-07-25 11:43:17.798023
4229,229,9,350,37,2026-07-25 11:43:17.798033,2026-07-25 11:43:17.798033,2026-07-25 11:43:17.798033
4230,230,9,145,61,2026-07-25 11:43:17.798042,2026-07-25 11:43:17.798042,2026-07-25 11:43:17.798042
4231,231,9,380,54,2026-07-25 11:43:17.798052,2026-07-25 11:43:17.798052,2026-07-25 11:43:17.798052
4232,232,9,414,37,2026-07-25 11:43:17.798062,2026-07-25 11:43:17.798062,2026-07-25 11:43:17.798062
4233,233,9,211,32,2026-07-25 11:43:17.798071,2026-07-25 11:43:17.798071,2026-07-25 11:43:17.798071
4234,234,9,436,24,2026-07-25 11:43:17.798082,2026-07-25 11:43:17.798082,2026-07-25 11:43:17.798082
4235,235,9,93,28,2026-07-25 11:43:17.798092,2026-07-25 11:43:17.798092,2026-07-25 11:43:17.798092
4236,236,9,148,27,2026-07-25 11:43:17.798102,2026-07-25 11:43:17.798102,2026-07-25 11:43:17.798102
4237,237,9,326,49,2026-07-25 11:43:17.798111,2026-07-25 11:43:17.798111,2026-07-25 11:43:17.798111
4238,238,9,316,48,2026-07-25 11:43:17.798121,2026-07-25 11:43:17.798121,2026-07-25 11:43:17.798121
4239,239,9,139,64,2026-07-25 11:43:17.798130,2026-07-25 11:43:17.798130,2026-07-25 11:43:17.798130
4240,240,9,318,51,2026-07-25 11:43:17.798140,2026-07-25 11:43:17.798140,2026-07-25 11:43:17.798140
4241,241,9,96,40,2026-07-25 11:43:17.798150,2026-07-25 11:43:17.798150,2026-07-25 11:43:17.798150
4242,242,9,9,29,2026-07-25 11:43:17.798159,2026-07-25 11:43:17.798159,2026-07-25 11:43:17.798159
4243,243,9,25,54,2026-07-25 11:43:17.798169,2026-07-25 11:43:17.798169,2026-07-25 11:43:17.798169
4244,244,9,11,31,2026-07-25 11:43:17.798179,2026-07-25 11:43:17.798179,2026-07-25 11:43:17.798179
4245,245,9,497,26,2026-07-25 11:43:17.798188,2026-07-25 11:43:17.798188,2026-07-25 11:43:17.798188
4246,246,9,144,37,2026-07-25 11:43:17.798198,2026-07-25 11:43:17.798198,2026-07-25 11:43:17.798198
4247,247,9,64,65,2026-07-25 11:43:17.798208,2026-07-25 11:43:17.798208,2026-07-25 11:43:17.798208
4248,248,9,224,66,2026-07-25 11:43:17.798218,2026-07-25 11:43:17.798218,2026-07-25 11:43:17.798218
4249,249,9,4,34,2026-07-25 11:43:17.798227,2026-07-25 11:43:17.798227,2026-07-25 11:43:17.798227
4250,250,9,46,29,2026-07-25 11:43:17.798237,2026-07-25 11:43:17.798237,2026-07-25 11:43:17.798237
4251,251,9,7,51,2026-07-25 11:43:17.798246,2026-07-25 11:43:17.798246,2026-07-25 11:43:17.798246
4252,252,9,111,41,2026-07-25 11:43:17.798256,2026-07-25 11:43:17.798256,2026-07-25 11:43:17.798256
4253,253,9,215,39,2026-07-25 11:43:17.798266,2026-07-25 11:43:17.798266,2026-07-25 11:43:17.798266
4254,254,9,402,71,2026-07-25 11:43:17.798276,2026-07-25 11:43:17.798276,2026-07-25 11:43:17.798276
4255,255,9,255,43,2026-07-25 11:43:17.798285,2026-07-25 11:43:17.798285,2026-07-25 11:43:17.798285
4256,256,9,237,64,2026-07-25 11:43:17.798295,2026-07-25 11:43:17.798295,2026-07-25 11:43:17.798295
4257,257,9,405,22,2026-07-25 11:43:17.798304,2026-07-25 11:43:17.798304,2026-07-25 11:43:17.798304
4258,258,9,169,25,2026-07-25 11:43:17.798314,2026-07-25 11:43:17.798314,2026-07-25 11:43:17.798314
4259,259,9,431,68,2026-07-25 11:43:17.798324,2026-07-25 11:43:17.798324,2026-07-25 11:43:17.798324
4260,260,9,487,29,2026-07-25 11:43:17.798333,2026-07-25 11:43:17.798333,2026-07-25 11:43:17.798333
4261,261,9,28,37,2026-07-25 11:43:17.798343,2026-07-25 11:43:17.798343,2026-07-25 11:43:17.798343
4262,262,9,397,45,2026-07-25 11:43:17.798353,2026-07-25 11:43:17.798353,2026-07-25 11:43:17.798353
4263,263,9,36,54,2026-07-25 11:43:17.798362,2026-07-25 11:43:17.798362,2026-07-25 11:43:17.798362
4264,264,9,240,31,2026-07-25 11:43:17.798372,2026-07-25 11:43:17.798372,2026-07-25 11:43:17.798372
4265,265,9,98,77,2026-07-25 11:43:17.798382,2026-07-25 11:43:17.798382,2026-07-25 11:43:17.798382
4266,266,9,430,36,2026-07-25 11:43:17.798391,2026-07-25 11:43:17.798391,2026-07-25 11:43:17.798391
4267,267,9,418,44,2026-07-25 11:43:17.798401,2026-07-25 11:43:17.798401,2026-07-25 11:43:17.798401
4268,268,9,424,20,2026-07-25 11:43:17.798411,2026-07-25 11:43:17.798411,2026-07-25 11:43:17.798411
4269,269,9,62,69,2026-07-25 11:43:17.798420,2026-07-25 11:43:17.798420,2026-07-25 11:43:17.798420
4270,270,9,365,35,2026-07-25 11:43:17.798430,2026-07-25 11:43:17.798430,2026-07-25 11:43:17.798430
4271,271,9,197,69,2026-07-25 11:43:17.798440,2026-07-25 11:43:17.798440,2026-07-25 11:43:17.798440
4272,272,9,499,48,2026-07-25 11:43:17.798449,2026-07-25 11:43:17.798449,2026-07-25 11:43:17.798449
4273,273,9,126,67,2026-07-25 11:43:17.798459,2026-07-25 11:43:17.798459,2026-07-25 11:43:17.798459
4274,274,9,17,32,2026-07-25 11:43:17.798469,2026-07-25 11:43:17.798469,2026-07-25 11:43:17.798469
4275,275,9,235,67,2026-07-25 11:43:17.798479,2026-07-25 11:43:17.798479,2026-07-25 11:43:17.798479
4276,276,9,394,26,2026-07-25 11:43:17.798488,2026-07-25 11:43:17.798488,2026-07-25 11:43:17.798488
4277,277,9,266,62,2026-07-25 11:43:17.798497,2026-07-25 11:43:17.798497,2026-07-25 11:43:17.798497
4278,278,9,106,50,2026-07-25 11:43:17.798507,2026-07-25 11:43:17.798507,2026-07-25 11:43:17.798507
4279,279,9,199,63,2026-07-25 11:43:17.798517,2026-07-25 11:43:17.798517,2026-07-25 11:43:17.798517
4280,280,9,492,39,2026-07-25 11:43:17.798526,2026-07-25 11:43:17.798526,2026-07-25 11:43:17.798526
4281,281,9,479,40,2026-07-25 11:43:17.798536,2026-07-25 11:43:17.798536,2026-07-25 11:43:17.798536
4282,282,9,81,60,2026-07-25 11:43:17.798546,2026-07-25 11:43:17.798546,2026-07-25 11:43:17.798546
4283,283,9,372,22,2026-07-25 11:43:17.798555,2026-07-25 11:43:17.798555,2026-07-25 11:43:17.798555
4284,284,9,381,79,2026-07-25 11:43:17.798565,2026-07-25 11:43:17.798565,2026-07-25 11:43:17.798565
4285,285,9,281,53,2026-07-25 11:43:17.798575,2026-07-25 11:43:17.798575,2026-07-25 11:43:17.798575
4286,286,9,62,36,2026-07-25 11:43:17.798584,2026-07-25 11:43:17.798584,2026-07-25 11:43:17.798584
4287,287,9,246,60,2026-07-25 11:43:17.798594,2026-07-25 11:43:17.798594,2026-07-25 11:43:17.798594
4288,288,9,152,32,2026-07-25 11:43:17.798604,2026-07-25 11:43:17.798604,2026-07-25 11:43:17.798604
4289,289,9,184,76,2026-07-25 11:43:17.798614,2026-07-25 11:43:17.798614,2026-07-25 11:43:17.798614
4290,290,9,26,75,2026-07-25 11:43:17.798623,2026-07-25 11:43:17.798623,2026-07-25 11:43:17.798623
4291,291,9,341,33,2026-07-25 11:43:17.798633,2026-07-25 11:43:17.798633,2026-07-25 11:43:17.798633
4292,292,9,498,27,2026-07-25 11:43:17.798643,2026-07-25 11:43:17.798643,2026-07-25 11:43:17.798643
4293,293,9,120,60,2026-07-25 11:43:17.798652,2026-07-25 11:43:17.798652,2026-07-25 11:43:17.798652
4294,294,9,222,40,2026-07-25 11:43:17.798662,2026-07-25 11:43:17.798662,2026-07-25 11:43:17.798662
4295,295,9,7,30,2026-07-25 11:43:17.798672,2026-07-25 11:43:17.798672,2026-07-25 11:43:17.798672
4296,296,9,406,37,2026-07-25 11:43:17.798681,2026-07-25 11:43:17.798681,2026-07-25 11:43:17.798681
4297,297,9,299,27,2026-07-25 11:43:17.798691,2026-07-25 11:43:17.798691,2026-07-25 11:43:17.798691
4298,298,9,202,70,2026-07-25 11:43:17.798701,2026-07-25 11:43:17.798701,2026-07-25 11:43:17.798701
4299,299,9,124,20,2026-07-25 11:43:17.798711,2026-07-25 11:43:17.798711,2026-07-25 11:43:17.798711
4300,300,9,496,22,2026-07-25 11:43:17.798720,2026-07-25 11:43:17.798720,2026-07-25 11:43:17.798720
4301,301,9,297,70,2026-07-25 11:43:17.798730,2026-07-25 11:43:17.798730,2026-07-25 11:43:17.798730
4302,302,9,353,50,2026-07-25 11:43:17.798740,2026-07-25 11:43:17.798740,2026-07-25 11:43:17.798740
4303,303,9,352,58,2026-07-25 11:43:17.798750,2026-07-25 11:43:17.798750,2026-07-25 11:43:17.798750
4304,304,9,79,43,2026-07-25 11:43:17.798759,2026-07-25 11:43:17.798759,2026-07-25 11:43:17.798759
4305,305,9,394,25,2026-07-25 11:43:17.798769,2026-07-25 11:43:17.798769,2026-07-25 11:43:17.798769
4306,306,9,127,30,2026-07-25 11:43:17.798779,2026-07-25 11:43:17.798779,2026-07-25 11:43:17.798779
4307,307,9,255,25,2026-07-25 11:43:17.798788,2026-07-25 11:43:17.798788,2026-07-25 11:43:17.798788
4308,308,9,351,59,2026-07-25 11:43:17.798798,2026-07-25 11:43:17.798798,2026-07-25 11:43:17.798798
4309,309,9,173,79,2026-07-25 11:43:17.798807,2026-07-25 11:43:17.798807,2026-07-25 11:43:17.798807
4310,310,9,496,68,2026-07-25 11:43:17.798817,2026-07-25 11:43:17.798817,2026-07-25 11:43:17.798817
4311,311,9,320,23,2026-07-25 11:43:17.798827,2026-07-25 11:43:17.798827,2026-07-25 11:43:17.798827
4312,312,9,30,42,2026-07-25 11:43:17.798838,2026-07-25 11:43:17.798838,2026-07-25 11:43:17.798838
4313,313,9,330,29,2026-07-25 11:43:17.798847,2026-07-25 11:43:17.798847,2026-07-25 11:43:17.798847
4314,314,9,359,54,2026-07-25 11:43:17.798858,2026-07-25 11:43:17.798858,2026-07-25 11:43:17.798858
4315,315,9,405,26,2026-07-25 11:43:17.798868,2026-07-25 11:43:17.798868,2026-07-25 11:43:17.798868
4316,316,9,64,51,2026-07-25 11:43:17.798878,2026-07-25 11:43:17.798878,2026-07-25 11:43:17.798878
4317,317,9,119,40,2026-07-25 11:43:17.798888,2026-07-25 11:43:17.798888,2026-07-25 11:43:17.798888
4318,318,9,285,70,2026-07-25 11:43:17.798898,2026-07-25 11:43:17.798898,2026-07-25 11:43:17.798898
4319,319,9,330,68,2026-07-25 11:43:17.798907,2026-07-25 11:43:17.798907,2026-07-25 11:43:17.798907
4320,320,9,177,71,2026-07-25 11:43:17.798917,2026-07-25 11:43:17.798917,2026-07-25 11:43:17.798917
4321,321,9,456,48,2026-07-25 11:43:17.798926,2026-07-25 11:43:17.798926,2026-07-25 11:43:17.798926
4322,322,9,375,32,2026-07-25 11:43:17.798936,2026-07-25 11:43:17.798936,2026-07-25 11:43:17.798936
4323,323,9,10,64,2026-07-25 11:43:17.798946,2026-07-25 11:43:17.798946,2026-07-25 11:43:17.798946
4324,324,9,193,42,2026-07-25 11:43:17.798955,2026-07-25 11:43:17.798955,2026-07-25 11:43:17.798955
4325,325,9,370,28,2026-07-25 11:43:17.798965,2026-07-25 11:43:17.798965,2026-07-25 11:43:17.798965
4326,326,9,128,77,2026-07-25 11:43:17.798975,2026-07-25 11:43:17.798975,2026-07-25 11:43:17.798975
4327,327,9,20,51,2026-07-25 11:43:17.798985,2026-07-25 11:43:17.798985,2026-07-25 11:43:17.798985
4328,328,9,361,48,2026-07-25 11:43:17.798994,2026-07-25 11:43:17.798994,2026-07-25 11:43:17.798994
4329,329,9,286,38,2026-07-25 11:43:17.799004,2026-07-25 11:43:17.799004,2026-07-25 11:43:17.799004
4330,330,9,277,64,2026-07-25 11:43:17.799013,2026-07-25 11:43:17.799013,2026-07-25 11:43:17.799013
4331,331,9,250,32,2026-07-25 11:43:17.799023,2026-07-25 11:43:17.799023,2026-07-25 11:43:17.799023
4332,332,9,290,31,2026-07-25 11:43:17.799033,2026-07-25 11:43:17.799033,2026-07-25 11:43:17.799033
4333,333,9,278,42,2026-07-25 11:43:17.799043,2026-07-25 11:43:17.799043,2026-07-25 11:43:17.799043
4334,334,9,165,66,2026-07-25 11:43:17.799052,2026-07-25 11:43:17.799052,2026-07-25 11:43:17.799052
4335,335,9,239,37,2026-07-25 11:43:17.799062,2026-07-25 11:43:17.799062,2026-07-25 11:43:17.799062
4336,336,9,444,73,2026-07-25 11:43:17.799072,2026-07-25 11:43:17.799072,2026-07-25 11:43:17.799072
4337,337,9,306,78,2026-07-25 11:43:17.799081,2026-07-25 11:43:17.799081,2026-07-25 11:43:17.799081
4338,338,9,440,55,2026-07-25 11:43:17.799091,2026-07-25 11:43:17.799091,2026-07-25 11:43:17.799091
4339,339,9,82,24,2026-07-25 11:43:17.799101,2026-07-25 11:43:17.799101,2026-07-25 11:43:17.799101
4340,340,9,271,29,2026-07-25 11:43:17.799110,2026-07-25 11:43:17.799110,2026-07-25 11:43:17.799110
4341,341,9,230,38,2026-07-25 11:43:17.799121,2026-07-25 11:43:17.799121,2026-07-25 11:43:17.799121
4342,342,9,419,36,2026-07-25 11:43:17.799131,2026-07-25 11:43:17.799131,2026-07-25 11:43:17.799131
4343,343,9,277,43,2026-07-25 11:43:17.799141,2026-07-25 11:43:17.799141,2026-07-25 11:43:17.799141
4344,344,9,232,20,2026-07-25 11:43:17.799151,2026-07-25 11:43:17.799151,2026-07-25 11:43:17.799151
4345,345,9,397,60,2026-07-25 11:43:17.799160,2026-07-25 11:43:17.799160,2026-07-25 11:43:17.799160
4346,346,9,259,44,2026-07-25 11:43:17.799170,2026-07-25 11:43:17.799170,2026-07-25 11:43:17.799170
4347,347,9,375,31,2026-07-25 11:43:17.799180,2026-07-25 11:43:17.799180,2026-07-25 11:43:17.799180
4348,348,9,452,21,2026-07-25 11:43:17.799189,2026-07-25 11:43:17.799189,2026-07-25 11:43:17.799189
4349,349,9,317,74,2026-07-25 11:43:17.799199,2026-07-25 11:43:17.799199,2026-07-25 11:43:17.799199
4350,350,9,186,69,2026-07-25 11:43:17.799209,2026-07-25 11:43:17.799209,2026-07-25 11:43:17.799209
4351,351,9,317,35,2026-07-25 11:43:17.799219,2026-07-25 11:43:17.799219,2026-07-25 11:43:17.799219
4352,352,9,164,66,2026-07-25 11:43:17.799228,2026-07-25 11:43:17.799228,2026-07-25 11:43:17.799228
4353,353,9,32,62,2026-07-25 11:43:17.799238,2026-07-25 11:43:17.799238,2026-07-25 11:43:17.799238
4354,354,9,495,54,2026-07-25 11:43:17.799248,2026-07-25 11:43:17.799248,2026-07-25 11:43:17.799248
4355,355,9,419,44,2026-07-25 11:43:17.799257,2026-07-25 11:43:17.799257,2026-07-25 11:43:17.799257
4356,356,9,97,53,2026-07-25 11:43:17.799267,2026-07-25 11:43:17.799267,2026-07-25 11:43:17.799267
4357,357,9,349,51,2026-07-25 11:43:17.799277,2026-07-25 11:43:17.799277,2026-07-25 11:43:17.799277
4358,358,9,392,55,2026-07-25 11:43:17.799286,2026-07-25 11:43:17.799286,2026-07-25 11:43:17.799286
4359,359,9,78,59,2026-07-25 11:43:17.799296,2026-07-25 11:43:17.799296,2026-07-25 11:43:17.799296
4360,360,9,144,40,2026-07-25 11:43:17.799306,2026-07-25 11:43:17.799306,2026-07-25 11:43:17.799306
4361,361,9,209,61,2026-07-25 11:43:17.799315,2026-07-25 11:43:17.799315,2026-07-25 11:43:17.799315
4362,362,9,164,27,2026-07-25 11:43:17.799325,2026-07-25 11:43:17.799325,2026-07-25 11:43:17.799325
4363,363,9,49,53,2026-07-25 11:43:17.799335,2026-07-25 11:43:17.799335,2026-07-25 11:43:17.799335
4364,364,9,337,24,2026-07-25 11:43:17.799345,2026-07-25 11:43:17.799345,2026-07-25 11:43:17.799345
4365,365,9,22,73,2026-07-25 11:43:17.799354,2026-07-25 11:43:17.799354,2026-07-25 11:43:17.799354
4366,366,9,480,28,2026-07-25 11:43:17.799364,2026-07-25 11:43:17.799364,2026-07-25 11:43:17.799364
4367,367,9,91,75,2026-07-25 11:43:17.799374,2026-07-25 11:43:17.799374,2026-07-25 11:43:17.799374
4368,368,9,16,32,2026-07-25 11:43:17.799383,2026-07-25 11:43:17.799383,2026-07-25 11:43:17.799383
4369,369,9,54,51,2026-07-25 11:43:17.799393,2026-07-25 11:43:17.799393,2026-07-25 11:43:17.799393
4370,370,9,98,26,2026-07-25 11:43:17.799403,2026-07-25 11:43:17.799403,2026-07-25 11:43:17.799403
4371,371,9,16,56,2026-07-25 11:43:17.799412,2026-07-25 11:43:17.799412,2026-07-25 11:43:17.799412
4372,372,9,328,73,2026-07-25 11:43:17.799422,2026-07-25 11:43:17.799422,2026-07-25 11:43:17.799422
4373,373,9,198,62,2026-07-25 11:43:17.799432,2026-07-25 11:43:17.799432,2026-07-25 11:43:17.799432
4374,374,9,250,53,2026-07-25 11:43:17.799441,2026-07-25 11:43:17.799441,2026-07-25 11:43:17.799441
4375,375,9,319,64,2026-07-25 11:43:17.799451,2026-07-25 11:43:17.799451,2026-07-25 11:43:17.799451
4376,376,9,302,36,2026-07-25 11:43:17.799461,2026-07-25 11:43:17.799461,2026-07-25 11:43:17.799461
4377,377,9,25,43,2026-07-25 11:43:17.799471,2026-07-25 11:43:17.799471,2026-07-25 11:43:17.799471
4378,378,9,113,58,2026-07-25 11:43:17.799480,2026-07-25 11:43:17.799480,2026-07-25 11:43:17.799480
4379,379,9,367,24,2026-07-25 11:43:17.799490,2026-07-25 11:43:17.799490,2026-07-25 11:43:17.799490
4380,380,9,6,79,2026-07-25 11:43:17.799500,2026-07-25 11:43:17.799500,2026-07-25 11:43:17.799500
4381,381,9,471,33,2026-07-25 11:43:17.799510,2026-07-25 11:43:17.799510,2026-07-25 11:43:17.799510
4382,382,9,335,51,2026-07-25 11:43:17.799519,2026-07-25 11:43:17.799519,2026-07-25 11:43:17.799519
4383,383,9,475,76,2026-07-25 11:43:17.799529,2026-07-25 11:43:17.799529,2026-07-25 11:43:17.799529
4384,384,9,426,25,2026-07-25 11:43:17.799539,2026-07-25 11:43:17.799539,2026-07-25 11:43:17.799539
4385,385,9,239,71,2026-07-25 11:43:17.799548,2026-07-25 11:43:17.799548,2026-07-25 11:43:17.799548
4386,386,9,327,23,2026-07-25 11:43:17.799558,2026-07-25 11:43:17.799558,2026-07-25 11:43:17.799558
4387,387,9,184,55,2026-07-25 11:43:17.799568,2026-07-25 11:43:17.799568,2026-07-25 11:43:17.799568
4388,388,9,380,80,2026-07-25 11:43:17.799577,2026-07-25 11:43:17.799577,2026-07-25 11:43:17.799577
4389,389,9,455,46,2026-07-25 11:43:17.799587,2026-07-25 11:43:17.799587,2026-07-25 11:43:17.799587
4390,390,9,420,43,2026-07-25 11:43:17.799598,2026-07-25 11:43:17.799598,2026-07-25 11:43:17.799598
4391,391,9,406,65,2026-07-25 11:43:17.799608,2026-07-25 11:43:17.799608,2026-07-25 11:43:17.799608
4392,392,9,29,72,2026-07-25 11:43:17.799617,2026-07-25 11:43:17.799617,2026-07-25 11:43:17.799617
4393,393,9,315,37,2026-07-25 11:43:17.799627,2026-07-25 11:43:17.799627,2026-07-25 11:43:17.799627
4394,394,9,270,22,2026-07-25 11:43:17.799636,2026-07-25 11:43:17.799636,2026-07-25 11:43:17.799636
4395,395,9,375,24,2026-07-25 11:43:17.799646,2026-07-25 11:43:17.799646,2026-07-25 11:43:17.799646
4396,396,9,427,39,2026-07-25 11:43:17.799655,2026-07-25 11:43:17.799655,2026-07-25 11:43:17.799655
4397,397,9,39,80,2026-07-25 11:43:17.799665,2026-07-25 11:43:17.799665,2026-07-25 11:43:17.799665
4398,398,9,110,53,2026-07-25 11:43:17.799675,2026-07-25 11:43:17.799675,2026-07-25 11:43:17.799675
4399,399,9,49,26,2026-07-25 11:43:17.799685,2026-07-25 11:43:17.799685,2026-07-25 11:43:17.799685
4400,400,9,371,34,2026-07-25 11:43:17.799694,2026-07-25 11:43:17.799694,2026-07-25 11:43:17.799694
4401,401,9,272,44,2026-07-25 11:43:17.799704,2026-07-25 11:43:17.799704,2026-07-25 11:43:17.799704
4402,402,9,97,32,2026-07-25 11:43:17.799714,2026-07-25 11:43:17.799714,2026-07-25 11:43:17.799714
4403,403,9,269,62,2026-07-25 11:43:17.799723,2026-07-25 11:43:17.799723,2026-07-25 11:43:17.799723
4404,404,9,127,56,2026-07-25 11:43:17.799733,2026-07-25 11:43:17.799733,2026-07-25 11:43:17.799733
4405,405,9,320,80,2026-07-25 11:43:17.799742,2026-07-25 11:43:17.799742,2026-07-25 11:43:17.799742
4406,406,9,91,55,2026-07-25 11:43:17.799752,2026-07-25 11:43:17.799752,2026-07-25 11:43:17.799752
4407,407,9,383,55,2026-07-25 11:43:17.799762,2026-07-25 11:43:17.799762,2026-07-25 11:43:17.799762
4408,408,9,212,67,2026-07-25 11:43:17.799771,2026-07-25 11:43:17.799771,2026-07-25 11:43:17.799771
4409,409,9,54,69,2026-07-25 11:43:17.799781,2026-07-25 11:43:17.799781,2026-07-25 11:43:17.799781
4410,410,9,326,56,2026-07-25 11:43:17.799790,2026-07-25 11:43:17.799790,2026-07-25 11:43:17.799790
4411,411,9,183,63,2026-07-25 11:43:17.799800,2026-07-25 11:43:17.799800,2026-07-25 11:43:17.799800
4412,412,9,234,64,2026-07-25 11:43:17.799809,2026-07-25 11:43:17.799809,2026-07-25 11:43:17.799809
4413,413,9,340,47,2026-07-25 11:43:17.799819,2026-07-25 11:43:17.799819,2026-07-25 11:43:17.799819
4414,414,9,452,26,2026-07-25 11:43:17.799829,2026-07-25 11:43:17.799829,2026-07-25 11:43:17.799829
4415,415,9,85,70,2026-07-25 11:43:17.799838,2026-07-25 11:43:17.799838,2026-07-25 11:43:17.799838
4416,416,9,92,55,2026-07-25 11:43:17.799848,2026-07-25 11:43:17.799848,2026-07-25 11:43:17.799848
4417,417,9,205,52,2026-07-25 11:43:17.799857,2026-07-25 11:43:17.799857,2026-07-25 11:43:17.799857
4418,418,9,172,62,2026-07-25 11:43:17.799867,2026-07-25 11:43:17.799867,2026-07-25 11:43:17.799867
4419,419,9,80,54,2026-07-25 11:43:17.799877,2026-07-25 11:43:17.799877,2026-07-25 11:43:17.799877
4420,420,9,307,48,2026-07-25 11:43:17.799886,2026-07-25 11:43:17.799886,2026-07-25 11:43:17.799886
4421,421,9,477,42,2026-07-25 11:43:17.799896,2026-07-25 11:43:17.799896,2026-07-25 11:43:17.799896
4422,422,9,462,40,2026-07-25 11:43:17.799906,2026-07-25 11:43:17.799906,2026-07-25 11:43:17.799906
4423,423,9,281,40,2026-07-25 11:43:17.799916,2026-07-25 11:43:17.799916,2026-07-25 11:43:17.799916
4424,424,9,432,43,2026-07-25 11:43:17.799925,2026-07-25 11:43:17.799925,2026-07-25 11:43:17.799925
4425,425,9,211,68,2026-07-25 11:43:17.799935,2026-07-25 11:43:17.799935,2026-07-25 11:43:17.799935
4426,426,9,324,47,2026-07-25 11:43:17.799944,2026-07-25 11:43:17.799944,2026-07-25 11:43:17.799944
4427,427,9,422,66,2026-07-25 11:43:17.799954,2026-07-25 11:43:17.799954,2026-07-25 11:43:17.799954
4428,428,9,165,58,2026-07-25 11:43:17.799964,2026-07-25 11:43:17.799964,2026-07-25 11:43:17.799964
4429,429,9,123,56,2026-07-25 11:43:17.799973,2026-07-25 11:43:17.799973,2026-07-25 11:43:17.799973
4430,430,9,279,33,2026-07-25 11:43:17.799983,2026-07-25 11:43:17.799983,2026-07-25 11:43:17.799983
4431,431,9,192,69,2026-07-25 11:43:17.799993,2026-07-25 11:43:17.799993,2026-07-25 11:43:17.799993
4432,432,9,281,79,2026-07-25 11:43:17.800002,2026-07-25 11:43:17.800002,2026-07-25 11:43:17.800002
4433,433,9,381,36,2026-07-25 11:43:17.800012,2026-07-25 11:43:17.800012,2026-07-25 11:43:17.800012
4434,434,9,184,48,2026-07-25 11:43:17.800021,2026-07-25 11:43:17.800021,2026-07-25 11:43:17.800021
4435,435,9,229,45,2026-07-25 11:43:17.800031,2026-07-25 11:43:17.800031,2026-07-25 11:43:17.800031
4436,436,9,0,66,2026-07-25 11:43:17.800041,2026-07-25 11:43:17.800041,2026-07-25 11:43:17.800041
4437,437,9,17,38,2026-07-25 11:43:17.800051,2026-07-25 11:43:17.800051,2026-07-25 11:43:17.800051
4438,438,9,305,21,2026-07-25 11:43:17.800060,2026-07-25 11:43:17.800060,2026-07-25 11:43:17.800060
4439,439,9,265,28,2026-07-25 11:43:17.800070,2026-07-25 11:43:17.800070,2026-07-25 11:43:17.800070
4440,440,9,455,39,2026-07-25 11:43:17.800079,2026-07-25 11:43:17.800079,2026-07-25 11:43:17.800079
4441,441,9,3,39,2026-07-25 11:43:17.800090,2026-07-25 11:43:17.800090,2026-07-25 11:43:17.800090
4442,442,9,113,33,2026-07-25 11:43:17.800100,2026-07-25 11:43:17.800100,2026-07-25 11:43:17.800100
4443,443,9,438,40,2026-07-25 11:43:17.800110,2026-07-25 11:43:17.800110,2026-07-25 11:43:17.800110
4444,444,9,11,69,2026-07-25 11:43:17.800119,2026-07-25 11:43:17.800119,2026-07-25 11:43:17.800119
4445,445,9,420,80,2026-07-25 11:43:17.800129,2026-07-25 11:43:17.800129,2026-07-25 11:43:17.800129
4446,446,9,353,72,2026-07-25 11:43:17.800139,2026-07-25 11:43:17.800139,2026-07-25 11:43:17.800139
4447,447,9,141,78,2026-07-25 11:43:17.800148,2026-07-25 11:43:17.800148,2026-07-25 11:43:17.800148
4448,448,9,283,52,2026-07-25 11:43:17.800158,2026-07-25 11:43:17.800158,2026-07-25 11:43:17.800158
4449,449,9,284,56,2026-07-25 11:43:17.800168,2026-07-25 11:43:17.800168,2026-07-25 11:43:17.800168
4450,450,9,474,56,2026-07-25 11:43:17.800177,2026-07-25 11:43:17.800177,2026-07-25 11:43:17.800177
4451,451,9,79,26,2026-07-25 11:43:17.800187,2026-07-25 11:43:17.800187,2026-07-25 11:43:17.800187
4452,452,9,19,49,2026-07-25 11:43:17.800196,2026-07-25 11:43:17.800196,2026-07-25 11:43:17.800196
4453,453,9,182,29,2026-07-25 11:43:17.800206,2026-07-25 11:43:17.800206,2026-07-25 11:43:17.800206
4454,454,9,70,36,2026-07-25 11:43:17.800216,2026-07-25 11:43:17.800216,2026-07-25 11:43:17.800216
4455,455,9,187,76,2026-07-25 11:43:17.800225,2026-07-25 11:43:17.800225,2026-07-25 11:43:17.800225
4456,456,9,298,35,2026-07-25 11:43:17.800235,2026-07-25 11:43:17.800235,2026-07-25 11:43:17.800235
4457,457,9,119,36,2026-07-25 11:43:17.800245,2026-07-25 11:43:17.800245,2026-07-25 11:43:17.800245
4458,458,9,415,39,2026-07-25 11:43:17.800254,2026-07-25 11:43:17.800254,2026-07-25 11:43:17.800254
4459,459,9,47,56,2026-07-25 11:43:17.800264,2026-07-25 11:43:17.800264,2026-07-25 11:43:17.800264
4460,460,9,204,56,2026-07-25 11:43:17.800273,2026-07-25 11:43:17.800273,2026-07-25 11:43:17.800273
4461,461,9,469,33,2026-07-25 11:43:17.800283,2026-07-25 11:43:17.800283,2026-07-25 11:43:17.800283
4462,462,9,375,24,2026-07-25 11:43:17.800293,2026-07-25 11:43:17.800293,2026-07-25 11:43:17.800293
4463,463,9,370,40,2026-07-25 11:43:17.800302,2026-07-25 11:43:17.800302,2026-07-25 11:43:17.800302
4464,464,9,405,50,2026-07-25 11:43:17.800312,2026-07-25 11:43:17.800312,2026-07-25 11:43:17.800312
4465,465,9,88,51,2026-07-25 11:43:17.800321,2026-07-25 11:43:17.800321,2026-07-25 11:43:17.800321
4466,466,9,422,77,2026-07-25 11:43:17.800332,2026-07-25 11:43:17.800332,2026-07-25 11:43:17.800332
4467,467,9,353,64,2026-07-25 11:43:17.800341,2026-07-25 11:43:17.800341,2026-07-25 11:43:17.800341
4468,468,9,295,72,2026-07-25 11:43:17.800352,2026-07-25 11:43:17.800352,2026-07-25 11:43:17.800352
4469,469,9,464,26,2026-07-25 11:43:17.800362,2026-07-25 11:43:17.800362,2026-07-25 11:43:17.800362
4470,470,9,304,61,2026-07-25 11:43:17.800371,2026-07-25 11:43:17.800371,2026-07-25 11:43:17.800371
4471,471,9,153,22,2026-07-25 11:43:17.800381,2026-07-25 11:43:17.800381,2026-07-25 11:43:17.800381
4472,472,9,374,71,2026-07-25 11:43:17.800391,2026-07-25 11:43:17.800391,2026-07-25 11:43:17.800391
4473,473,9,295,44,2026-07-25 11:43:17.800400,2026-07-25 11:43:17.800400,2026-07-25 11:43:17.800400
4474,474,9,40,69,2026-07-25 11:43:17.800410,2026-07-25 11:43:17.800410,2026-07-25 11:43:17.800410
4475,475,9,28,78,2026-07-25 11:43:17.800420,2026-07-25 11:43:17.800420,2026-07-25 11:43:17.800420
4476,476,9,394,41,2026-07-25 11:43:17.800430,2026-07-25 11:43:17.800430,2026-07-25 11:43:17.800430
4477,477,9,178,76,2026-07-25 11:43:17.800440,2026-07-25 11:43:17.800440,2026-07-25 11:43:17.800440
4478,478,9,418,47,2026-07-25 11:43:17.800449,2026-07-25 11:43:17.800449,2026-07-25 11:43:17.800449
4479,479,9,213,79,2026-07-25 11:43:17.800459,2026-07-25 11:43:17.800459,2026-07-25 11:43:17.800459
4480,480,9,444,27,2026-07-25 11:43:17.800468,2026-07-25 11:43:17.800468,2026-07-25 11:43:17.800468
4481,481,9,445,69,2026-07-25 11:43:17.800478,2026-07-25 11:43:17.800478,2026-07-25 11:43:17.800478
4482,482,9,116,67,2026-07-25 11:43:17.800488,2026-07-25 11:43:17.800488,2026-07-25 11:43:17.800488
4483,483,9,334,74,2026-07-25 11:43:17.800497,2026-07-25 11:43:17.800497,2026-07-25 11:43:17.800497
4484,484,9,308,79,2026-07-25 11:43:17.800507,2026-07-25 11:43:17.800507,2026-07-25 11:43:17.800507
4485,485,9,5,60,2026-07-25 11:43:17.800516,2026-07-25 11:43:17.800516,2026-07-25 11:43:17.800516
4486,486,9,398,60,2026-07-25 11:43:17.800526,2026-07-25 11:43:17.800526,2026-07-25 11:43:17.800526
4487,487,9,195,23,2026-07-25 11:43:17.800536,2026-07-25 11:43:17.800536,2026-07-25 11:43:17.800536
4488,488,9,156,53,2026-07-25 11:43:17.800546,2026-07-25 11:43:17.800546,2026-07-25 11:43:17.800546
4489,489,9,21,40,2026-07-25 11:43:17.800555,2026-07-25 11:43:17.800555,2026-07-25 11:43:17.800555
4490,490,9,276,56,2026-07-25 11:43:17.800565,2026-07-25 11:43:17.800565,2026-07-25 11:43:17.800565
4491,491,9,76,40,2026-07-25 11:43:17.800574,2026-07-25 11:43:17.800574,2026-07-25 11:43:17.800574
4492,492,9,257,64,2026-07-25 11:43:17.800584,2026-07-25 11:43:17.800584,2026-07-25 11:43:17.800584
4493,493,9,113,29,2026-07-25 11:43:17.800594,2026-07-25 11:43:17.800594,2026-07-25 11:43:17.800594
4494,494,9,25,63,2026-07-25 11:43:17.800604,2026-07-25 11:43:17.800604,2026-07-25 11:43:17.800604
4495,495,9,374,45,2026-07-25 11:43:17.800613,2026-07-25 11:43:17.800613,2026-07-25 11:43:17.800613
4496,496,9,497,48,2026-07-25 11:43:17.800623,2026-07-25 11:43:17.800623,2026-07-25 11:43:17.800623
4497,497,9,385,58,2026-07-25 11:43:17.800632,2026-07-25 11:43:17.800632,2026-07-25 11:43:17.800632
4498,498,9,294,52,2026-07-25 11:43:17.800642,2026-07-25 11:43:17.800642,2026-07-25 11:43:17.800642
4499,499,9,46,34,2026-07-25 11:43:17.800652,2026-07-25 11:43:17.800652,2026-07-25 11:43:17.800652
4500,500,9,221,38,2026-07-25 11:43:17.800661,2026-07-25 11:43:17.800661,2026-07-25 11:43:17.800661
4501,1,10,402,45,2026-07-25 11:43:17.800829,2026-07-25 11:43:17.800829,2026-07-25 11:43:17.800829
4502,2,10,75,28,2026-07-25 11:43:17.800841,2026-07-25 11:43:17.800841,2026-07-25 11:43:17.800841
4503,3,10,172,25,2026-07-25 11:43:17.800851,2026-07-25 11:43:17.800851,2026-07-25 11:43:17.800851
4504,4,10,243,56,2026-07-25 11:43:17.800861,2026-07-25 11:43:17.800861,2026-07-25 11:43:17.800861
4505,5,10,381,23,2026-07-25 11:43:17.800872,2026-07-25 11:43:17.800872,2026-07-25 11:43:17.800872
4506,6,10,280,45,2026-07-25 11:43:17.800882,2026-07-25 11:43:17.800882,2026-07-25 11:43:17.800882
4507,7,10,134,25,2026-07-25 11:43:17.800892,2026-07-25 11:43:17.800892,2026-07-25 11:43:17.800892
4508,8,10,204,52,2026-07-25 11:43:17.800901,2026-07-25 11:43:17.800901,2026-07-25 11:43:17.800901
4509,9,10,222,69,2026-07-25 11:43:17.800911,2026-07-25 11:43:17.800911,2026-07-25 11:43:17.800911
4510,10,10,357,28,2026-07-25 11:43:17.800921,2026-07-25 11:43:17.800921,2026-07-25 11:43:17.800921
4511,11,10,390,28,2026-07-25 11:43:17.800931,2026-07-25 11:43:17.800931,2026-07-25 11:43:17.800931
4512,12,10,246,55,2026-07-25 11:43:17.800941,2026-07-25 11:43:17.800941,2026-07-25 11:43:17.800941
4513,13,10,101,51,2026-07-25 11:43:17.800950,2026-07-25 11:43:17.800950,2026-07-25 11:43:17.800950
4514,14,10,202,61,2026-07-25 11:43:17.800960,2026-07-25 11:43:17.800960,2026-07-25 11:43:17.800960
4515,15,10,292,32,2026-07-25 11:43:17.800970,2026-07-25 11:43:17.800970,2026-07-25 11:43:17.800970
4516,16,10,287,59,2026-07-25 11:43:17.800979,2026-07-25 11:43:17.800979,2026-07-25 11:43:17.800979
4517,17,10,376,53,2026-07-25 11:43:17.800989,2026-07-25 11:43:17.800989,2026-07-25 11:43:17.800989
4518,18,10,126,35,2026-07-25 11:43:17.800999,2026-07-25 11:43:17.800999,2026-07-25 11:43:17.800999
4519,19,10,36,37,2026-07-25 11:43:17.801009,2026-07-25 11:43:17.801009,2026-07-25 11:43:17.801009
4520,20,10,397,47,2026-07-25 11:43:17.801019,2026-07-25 11:43:17.801019,2026-07-25 11:43:17.801019
4521,21,10,165,63,2026-07-25 11:43:17.801028,2026-07-25 11:43:17.801028,2026-07-25 11:43:17.801028
4522,22,10,473,56,2026-07-25 11:43:17.801038,2026-07-25 11:43:17.801038,2026-07-25 11:43:17.801038
4523,23,10,45,27,2026-07-25 11:43:17.801048,2026-07-25 11:43:17.801048,2026-07-25 11:43:17.801048
4524,24,10,343,46,2026-07-25 11:43:17.801058,2026-07-25 11:43:17.801058,2026-07-25 11:43:17.801058
4525,25,10,216,43,2026-07-25 11:43:17.801068,2026-07-25 11:43:17.801068,2026-07-25 11:43:17.801068
4526,26,10,178,32,2026-07-25 11:43:17.801077,2026-07-25 11:43:17.801077,2026-07-25 11:43:17.801077
4527,27,10,164,42,2026-07-25 11:43:17.801087,2026-07-25 11:43:17.801087,2026-07-25 11:43:17.801087
4528,28,10,304,61,2026-07-25 11:43:17.801097,2026-07-25 11:43:17.801097,2026-07-25 11:43:17.801097
4529,29,10,12,69,2026-07-25 11:43:17.801106,2026-07-25 11:43:17.801106,2026-07-25 11:43:17.801106
4530,30,10,156,30,2026-07-25 11:43:17.801116,2026-07-25 11:43:17.801116,2026-07-25 11:43:17.801116
4531,31,10,179,59,2026-07-25 11:43:17.801126,2026-07-25 11:43:17.801126,2026-07-25 11:43:17.801126
4532,32,10,420,71,2026-07-25 11:43:17.801136,2026-07-25 11:43:17.801136,2026-07-25 11:43:17.801136
4533,33,10,226,59,2026-07-25 11:43:17.801145,2026-07-25 11:43:17.801145,2026-07-25 11:43:17.801145
4534,34,10,74,48,2026-07-25 11:43:17.801155,2026-07-25 11:43:17.801155,2026-07-25 11:43:17.801155
4535,35,10,22,79,2026-07-25 11:43:17.801164,2026-07-25 11:43:17.801164,2026-07-25 11:43:17.801164
4536,36,10,418,34,2026-07-25 11:43:17.801190,2026-07-25 11:43:17.801190,2026-07-25 11:43:17.801190
4537,37,10,102,63,2026-07-25 11:43:17.801201,2026-07-25 11:43:17.801201,2026-07-25 11:43:17.801201
4538,38,10,191,29,2026-07-25 11:43:17.801211,2026-07-25 11:43:17.801211,2026-07-25 11:43:17.801211
4539,39,10,387,66,2026-07-25 11:43:17.801221,2026-07-25 11:43:17.801221,2026-07-25 11:43:17.801221
4540,40,10,436,25,2026-07-25 11:43:17.801231,2026-07-25 11:43:17.801231,2026-07-25 11:43:17.801231
4541,41,10,57,67,2026-07-25 11:43:17.801240,2026-07-25 11:43:17.801240,2026-07-25 11:43:17.801240
4542,42,10,27,35,2026-07-25 11:43:17.801250,2026-07-25 11:43:17.801250,2026-07-25 11:43:17.801250
4543,43,10,485,59,2026-07-25 11:43:17.801260,2026-07-25 11:43:17.801260,2026-07-25 11:43:17.801260
4544,44,10,474,29,2026-07-25 11:43:17.801270,2026-07-25 11:43:17.801270,2026-07-25 11:43:17.801270
4545,45,10,444,73,2026-07-25 11:43:17.801280,2026-07-25 11:43:17.801280,2026-07-25 11:43:17.801280
4546,46,10,419,38,2026-07-25 11:43:17.801291,2026-07-25 11:43:17.801291,2026-07-25 11:43:17.801291
4547,47,10,7,41,2026-07-25 11:43:17.801300,2026-07-25 11:43:17.801300,2026-07-25 11:43:17.801300
4548,48,10,355,71,2026-07-25 11:43:17.801310,2026-07-25 11:43:17.801310,2026-07-25 11:43:17.801310
4549,49,10,56,39,2026-07-25 11:43:17.801320,2026-07-25 11:43:17.801320,2026-07-25 11:43:17.801320
4550,50,10,230,50,2026-07-25 11:43:17.801330,2026-07-25 11:43:17.801330,2026-07-25 11:43:17.801330
4551,51,10,11,41,2026-07-25 11:43:17.801339,2026-07-25 11:43:17.801339,2026-07-25 11:43:17.801339
4552,52,10,107,67,2026-07-25 11:43:17.801349,2026-07-25 11:43:17.801349,2026-07-25 11:43:17.801349
4553,53,10,275,33,2026-07-25 11:43:17.801359,2026-07-25 11:43:17.801359,2026-07-25 11:43:17.801359
4554,54,10,104,54,2026-07-25 11:43:17.801369,2026-07-25 11:43:17.801369,2026-07-25 11:43:17.801369
4555,55,10,267,68,2026-07-25 11:43:17.801378,2026-07-25 11:43:17.801378,2026-07-25 11:43:17.801378
4556,56,10,132,55,2026-07-25 11:43:17.801388,2026-07-25 11:43:17.801388,2026-07-25 11:43:17.801388
4557,57,10,247,59,2026-07-25 11:43:17.801398,2026-07-25 11:43:17.801398,2026-07-25 11:43:17.801398
4558,58,10,373,29,2026-07-25 11:43:17.801408,2026-07-25 11:43:17.801408,2026-07-25 11:43:17.801408
4559,59,10,355,64,2026-07-25 11:43:17.801418,2026-07-25 11:43:17.801418,2026-07-25 11:43:17.801418
4560,60,10,342,21,2026-07-25 11:43:17.801427,2026-07-25 11:43:17.801427,2026-07-25 11:43:17.801427
4561,61,10,192,57,2026-07-25 11:43:17.801437,2026-07-25 11:43:17.801437,2026-07-25 11:43:17.801437
4562,62,10,463,62,2026-07-25 11:43:17.801447,2026-07-25 11:43:17.801447,2026-07-25 11:43:17.801447
4563,63,10,269,22,2026-07-25 11:43:17.801457,2026-07-25 11:43:17.801457,2026-07-25 11:43:17.801457
4564,64,10,130,30,2026-07-25 11:43:17.801466,2026-07-25 11:43:17.801466,2026-07-25 11:43:17.801466
4565,65,10,30,38,2026-07-25 11:43:17.801476,2026-07-25 11:43:17.801476,2026-07-25 11:43:17.801476
4566,66,10,102,70,2026-07-25 11:43:17.801486,2026-07-25 11:43:17.801486,2026-07-25 11:43:17.801486
4567,67,10,356,59,2026-07-25 11:43:17.801496,2026-07-25 11:43:17.801496,2026-07-25 11:43:17.801496
4568,68,10,138,23,2026-07-25 11:43:17.801507,2026-07-25 11:43:17.801507,2026-07-25 11:43:17.801507
4569,69,10,238,61,2026-07-25 11:43:17.801517,2026-07-25 11:43:17.801517,2026-07-25 11:43:17.801517
4570,70,10,483,20,2026-07-25 11:43:17.801527,2026-07-25 11:43:17.801527,2026-07-25 11:43:17.801527
4571,71,10,34,44,2026-07-25 11:43:17.801536,2026-07-25 11:43:17.801536,2026-07-25 11:43:17.801536
4572,72,10,338,37,2026-07-25 11:43:17.801546,2026-07-25 11:43:17.801546,2026-07-25 11:43:17.801546
4573,73,10,339,74,2026-07-25 11:43:17.801556,2026-07-25 11:43:17.801556,2026-07-25 11:43:17.801556
4574,74,10,467,62,2026-07-25 11:43:17.801566,2026-07-25 11:43:17.801566,2026-07-25 11:43:17.801566
4575,75,10,184,75,2026-07-25 11:43:17.801575,2026-07-25 11:43:17.801575,2026-07-25 11:43:17.801575
4576,76,10,55,21,2026-07-25 11:43:17.801585,2026-07-25 11:43:17.801585,2026-07-25 11:43:17.801585
4577,77,10,149,75,2026-07-25 11:43:17.801595,2026-07-25 11:43:17.801595,2026-07-25 11:43:17.801595
4578,78,10,452,61,2026-07-25 11:43:17.801605,2026-07-25 11:43:17.801605,2026-07-25 11:43:17.801605
4579,79,10,197,34,2026-07-25 11:43:17.801614,2026-07-25 11:43:17.801614,2026-07-25 11:43:17.801614
4580,80,10,194,52,2026-07-25 11:43:17.801624,2026-07-25 11:43:17.801624,2026-07-25 11:43:17.801624
4581,81,10,500,65,2026-07-25 11:43:17.801634,2026-07-25 11:43:17.801634,2026-07-25 11:43:17.801634
4582,82,10,50,77,2026-07-25 11:43:17.801643,2026-07-25 11:43:17.801643,2026-07-25 11:43:17.801643
4583,83,10,161,51,2026-07-25 11:43:17.801653,2026-07-25 11:43:17.801653,2026-07-25 11:43:17.801653
4584,84,10,443,58,2026-07-25 11:43:17.801663,2026-07-25 11:43:17.801663,2026-07-25 11:43:17.801663
4585,85,10,272,25,2026-07-25 11:43:17.801672,2026-07-25 11:43:17.801672,2026-07-25 11:43:17.801672
4586,86,10,95,32,2026-07-25 11:43:17.801682,2026-07-25 11:43:17.801682,2026-07-25 11:43:17.801682
4587,87,10,256,49,2026-07-25 11:43:17.801693,2026-07-25 11:43:17.801693,2026-07-25 11:43:17.801693
4588,88,10,287,79,2026-07-25 11:43:17.801703,2026-07-25 11:43:17.801703,2026-07-25 11:43:17.801703
4589,89,10,364,21,2026-07-25 11:43:17.801713,2026-07-25 11:43:17.801713,2026-07-25 11:43:17.801713
4590,90,10,20,35,2026-07-25 11:43:17.801723,2026-07-25 11:43:17.801723,2026-07-25 11:43:17.801723
4591,91,10,472,53,2026-07-25 11:43:17.801733,2026-07-25 11:43:17.801733,2026-07-25 11:43:17.801733
4592,92,10,156,41,2026-07-25 11:43:17.801742,2026-07-25 11:43:17.801742,2026-07-25 11:43:17.801742
4593,93,10,250,45,2026-07-25 11:43:17.801752,2026-07-25 11:43:17.801752,2026-07-25 11:43:17.801752
4594,94,10,381,30,2026-07-25 11:43:17.801762,2026-07-25 11:43:17.801762,2026-07-25 11:43:17.801762
4595,95,10,9,42,2026-07-25 11:43:17.801772,2026-07-25 11:43:17.801772,2026-07-25 11:43:17.801772
4596,96,10,350,42,2026-07-25 11:43:17.801781,2026-07-25 11:43:17.801781,2026-07-25 11:43:17.801781
4597,97,10,181,60,2026-07-25 11:43:17.801791,2026-07-25 11:43:17.801791,2026-07-25 11:43:17.801791
4598,98,10,154,35,2026-07-25 11:43:17.801801,2026-07-25 11:43:17.801801,2026-07-25 11:43:17.801801
4599,99,10,500,52,2026-07-25 11:43:17.801810,2026-07-25 11:43:17.801810,2026-07-25 11:43:17.801810
4600,100,10,141,71,2026-07-25 11:43:17.801820,2026-07-25 11:43:17.801820,2026-07-25 11:43:17.801820
4601,101,10,31,60,2026-07-25 11:43:17.801830,2026-07-25 11:43:17.801830,2026-07-25 11:43:17.801830
4602,102,10,131,76,2026-07-25 11:43:17.801839,2026-07-25 11:43:17.801839,2026-07-25 11:43:17.801839
4603,103,10,198,76,2026-07-25 11:43:17.801849,2026-07-25 11:43:17.801849,2026-07-25 11:43:17.801849
4604,104,10,417,21,2026-07-25 11:43:17.801859,2026-07-25 11:43:17.801859,2026-07-25 11:43:17.801859
4605,105,10,483,55,2026-07-25 11:43:17.801869,2026-07-25 11:43:17.801869,2026-07-25 11:43:17.801869
4606,106,10,485,37,2026-07-25 11:43:17.801878,2026-07-25 11:43:17.801878,2026-07-25 11:43:17.801878
4607,107,10,115,29,2026-07-25 11:43:17.801888,2026-07-25 11:43:17.801888,2026-07-25 11:43:17.801888
4608,108,10,174,77,2026-07-25 11:43:17.801898,2026-07-25 11:43:17.801898,2026-07-25 11:43:17.801898
4609,109,10,201,62,2026-07-25 11:43:17.801907,2026-07-25 11:43:17.801907,2026-07-25 11:43:17.801907
4610,110,10,70,25,2026-07-25 11:43:17.801917,2026-07-25 11:43:17.801917,2026-07-25 11:43:17.801917
4611,111,10,373,44,2026-07-25 11:43:17.801927,2026-07-25 11:43:17.801927,2026-07-25 11:43:17.801927
4612,112,10,266,63,2026-07-25 11:43:17.801937,2026-07-25 11:43:17.801937,2026-07-25 11:43:17.801937
4613,113,10,313,75,2026-07-25 11:43:17.801946,2026-07-25 11:43:17.801946,2026-07-25 11:43:17.801946
4614,114,10,320,63,2026-07-25 11:43:17.801956,2026-07-25 11:43:17.801956,2026-07-25 11:43:17.801956
4615,115,10,116,46,2026-07-25 11:43:17.801966,2026-07-25 11:43:17.801966,2026-07-25 11:43:17.801966
4616,116,10,123,56,2026-07-25 11:43:17.801976,2026-07-25 11:43:17.801976,2026-07-25 11:43:17.801976
4617,117,10,78,47,2026-07-25 11:43:17.801985,2026-07-25 11:43:17.801985,2026-07-25 11:43:17.801985
4618,118,10,496,39,2026-07-25 11:43:17.801995,2026-07-25 11:43:17.801995,2026-07-25 11:43:17.801995
4619,119,10,465,58,2026-07-25 11:43:17.802005,2026-07-25 11:43:17.802005,2026-07-25 11:43:17.802005
4620,120,10,168,48,2026-07-25 11:43:17.802014,2026-07-25 11:43:17.802014,2026-07-25 11:43:17.802014
4621,121,10,277,28,2026-07-25 11:43:17.802024,2026-07-25 11:43:17.802024,2026-07-25 11:43:17.802024
4622,122,10,105,61,2026-07-25 11:43:17.802034,2026-07-25 11:43:17.802034,2026-07-25 11:43:17.802034
4623,123,10,70,57,2026-07-25 11:43:17.802044,2026-07-25 11:43:17.802044,2026-07-25 11:43:17.802044
4624,124,10,277,63,2026-07-25 11:43:17.802054,2026-07-25 11:43:17.802054,2026-07-25 11:43:17.802054
4625,125,10,409,32,2026-07-25 11:43:17.802064,2026-07-25 11:43:17.802064,2026-07-25 11:43:17.802064
4626,126,10,441,28,2026-07-25 11:43:17.802074,2026-07-25 11:43:17.802074,2026-07-25 11:43:17.802074
4627,127,10,158,64,2026-07-25 11:43:17.802084,2026-07-25 11:43:17.802084,2026-07-25 11:43:17.802084
4628,128,10,361,77,2026-07-25 11:43:17.802093,2026-07-25 11:43:17.802093,2026-07-25 11:43:17.802093
4629,129,10,268,78,2026-07-25 11:43:17.802103,2026-07-25 11:43:17.802103,2026-07-25 11:43:17.802103
4630,130,10,69,47,2026-07-25 11:43:17.802113,2026-07-25 11:43:17.802113,2026-07-25 11:43:17.802113
4631,131,10,465,69,2026-07-25 11:43:17.802123,2026-07-25 11:43:17.802123,2026-07-25 11:43:17.802123
4632,132,10,74,61,2026-07-25 11:43:17.802132,2026-07-25 11:43:17.802132,2026-07-25 11:43:17.802132
4633,133,10,477,56,2026-07-25 11:43:17.802142,2026-07-25 11:43:17.802142,2026-07-25 11:43:17.802142
4634,134,10,469,30,2026-07-25 11:43:17.802152,2026-07-25 11:43:17.802152,2026-07-25 11:43:17.802152
4635,135,10,162,24,2026-07-25 11:43:17.802162,2026-07-25 11:43:17.802162,2026-07-25 11:43:17.802162
4636,136,10,285,54,2026-07-25 11:43:17.802171,2026-07-25 11:43:17.802171,2026-07-25 11:43:17.802171
4637,137,10,485,66,2026-07-25 11:43:17.802181,2026-07-25 11:43:17.802181,2026-07-25 11:43:17.802181
4638,138,10,60,31,2026-07-25 11:43:17.802191,2026-07-25 11:43:17.802191,2026-07-25 11:43:17.802191
4639,139,10,162,73,2026-07-25 11:43:17.802200,2026-07-25 11:43:17.802200,2026-07-25 11:43:17.802200
4640,140,10,450,29,2026-07-25 11:43:17.802210,2026-07-25 11:43:17.802210,2026-07-25 11:43:17.802210
4641,141,10,372,21,2026-07-25 11:43:17.802220,2026-07-25 11:43:17.802220,2026-07-25 11:43:17.802220
4642,142,10,391,40,2026-07-25 11:43:17.802230,2026-07-25 11:43:17.802230,2026-07-25 11:43:17.802230
4643,143,10,450,46,2026-07-25 11:43:17.802239,2026-07-25 11:43:17.802239,2026-07-25 11:43:17.802239
4644,144,10,492,46,2026-07-25 11:43:17.802249,2026-07-25 11:43:17.802249,2026-07-25 11:43:17.802249
4645,145,10,155,48,2026-07-25 11:43:17.802258,2026-07-25 11:43:17.802258,2026-07-25 11:43:17.802258
4646,146,10,381,79,2026-07-25 11:43:17.802268,2026-07-25 11:43:17.802268,2026-07-25 11:43:17.802268
4647,147,10,420,77,2026-07-25 11:43:17.802278,2026-07-25 11:43:17.802278,2026-07-25 11:43:17.802278
4648,148,10,326,79,2026-07-25 11:43:17.802288,2026-07-25 11:43:17.802288,2026-07-25 11:43:17.802288
4649,149,10,378,37,2026-07-25 11:43:17.802297,2026-07-25 11:43:17.802297,2026-07-25 11:43:17.802297
4650,150,10,77,69,2026-07-25 11:43:17.802307,2026-07-25 11:43:17.802307,2026-07-25 11:43:17.802307
4651,151,10,96,26,2026-07-25 11:43:17.802317,2026-07-25 11:43:17.802317,2026-07-25 11:43:17.802317
4652,152,10,67,31,2026-07-25 11:43:17.802326,2026-07-25 11:43:17.802326,2026-07-25 11:43:17.802326
4653,153,10,13,68,2026-07-25 11:43:17.802336,2026-07-25 11:43:17.802336,2026-07-25 11:43:17.802336
4654,154,10,313,59,2026-07-25 11:43:17.802346,2026-07-25 11:43:17.802346,2026-07-25 11:43:17.802346
4655,155,10,136,58,2026-07-25 11:43:17.802356,2026-07-25 11:43:17.802356,2026-07-25 11:43:17.802356
4656,156,10,290,59,2026-07-25 11:43:17.802366,2026-07-25 11:43:17.802366,2026-07-25 11:43:17.802366
4657,157,10,118,58,2026-07-25 11:43:17.802375,2026-07-25 11:43:17.802375,2026-07-25 11:43:17.802375
4658,158,10,118,34,2026-07-25 11:43:17.802385,2026-07-25 11:43:17.802385,2026-07-25 11:43:17.802385
4659,159,10,351,21,2026-07-25 11:43:17.802394,2026-07-25 11:43:17.802394,2026-07-25 11:43:17.802394
4660,160,10,183,25,2026-07-25 11:43:17.802404,2026-07-25 11:43:17.802404,2026-07-25 11:43:17.802404
4661,161,10,352,69,2026-07-25 11:43:17.802414,2026-07-25 11:43:17.802414,2026-07-25 11:43:17.802414
4662,162,10,244,28,2026-07-25 11:43:17.802424,2026-07-25 11:43:17.802424,2026-07-25 11:43:17.802424
4663,163,10,257,74,2026-07-25 11:43:17.802433,2026-07-25 11:43:17.802433,2026-07-25 11:43:17.802433
4664,164,10,309,50,2026-07-25 11:43:17.802442,2026-07-25 11:43:17.802442,2026-07-25 11:43:17.802442
4665,165,10,364,61,2026-07-25 11:43:17.802451,2026-07-25 11:43:17.802451,2026-07-25 11:43:17.802451
4666,166,10,191,31,2026-07-25 11:43:17.802460,2026-07-25 11:43:17.802460,2026-07-25 11:43:17.802460
4667,167,10,436,44,2026-07-25 11:43:17.802468,2026-07-25 11:43:17.802468,2026-07-25 11:43:17.802468
4668,168,10,251,50,2026-07-25 11:43:17.802477,2026-07-25 11:43:17.802477,2026-07-25 11:43:17.802477
4669,169,10,70,30,2026-07-25 11:43:17.802486,2026-07-25 11:43:17.802486,2026-07-25 11:43:17.802486
4670,170,10,98,34,2026-07-25 11:43:17.802495,2026-07-25 11:43:17.802495,2026-07-25 11:43:17.802495
4671,171,10,16,46,2026-07-25 11:43:17.802504,2026-07-25 11:43:17.802504,2026-07-25 11:43:17.802504
4672,172,10,391,20,2026-07-25 11:43:17.802512,2026-07-25 11:43:17.802512,2026-07-25 11:43:17.802512
4673,173,10,473,37,2026-07-25 11:43:17.802522,2026-07-25 11:43:17.802522,2026-07-25 11:43:17.802522
4674,174,10,486,46,2026-07-25 11:43:17.802532,2026-07-25 11:43:17.802532,2026-07-25 11:43:17.802532
4675,175,10,113,67,2026-07-25 11:43:17.802541,2026-07-25 11:43:17.802541,2026-07-25 11:43:17.802541
4676,176,10,343,32,2026-07-25 11:43:17.802551,2026-07-25 11:43:17.802551,2026-07-25 11:43:17.802551
4677,177,10,387,33,2026-07-25 11:43:17.802561,2026-07-25 11:43:17.802561,2026-07-25 11:43:17.802561
4678,178,10,33,31,2026-07-25 11:43:17.802571,2026-07-25 11:43:17.802571,2026-07-25 11:43:17.802571
4679,179,10,474,48,2026-07-25 11:43:17.802580,2026-07-25 11:43:17.802580,2026-07-25 11:43:17.802580
4680,180,10,443,59,2026-07-25 11:43:17.802590,2026-07-25 11:43:17.802590,2026-07-25 11:43:17.802590
4681,181,10,250,64,2026-07-25 11:43:17.802600,2026-07-25 11:43:17.802600,2026-07-25 11:43:17.802600
4682,182,10,166,75,2026-07-25 11:43:17.802609,2026-07-25 11:43:17.802609,2026-07-25 11:43:17.802609
4683,183,10,234,76,2026-07-25 11:43:17.802619,2026-07-25 11:43:17.802619,2026-07-25 11:43:17.802619
4684,184,10,126,47,2026-07-25 11:43:17.802629,2026-07-25 11:43:17.802629,2026-07-25 11:43:17.802629
4685,185,10,207,69,2026-07-25 11:43:17.802639,2026-07-25 11:43:17.802639,2026-07-25 11:43:17.802639
4686,186,10,21,58,2026-07-25 11:43:17.802649,2026-07-25 11:43:17.802649,2026-07-25 11:43:17.802649
4687,187,10,376,72,2026-07-25 11:43:17.802658,2026-07-25 11:43:17.802658,2026-07-25 11:43:17.802658
4688,188,10,194,66,2026-07-25 11:43:17.802668,2026-07-25 11:43:17.802668,2026-07-25 11:43:17.802668
4689,189,10,160,45,2026-07-25 11:43:17.802678,2026-07-25 11:43:17.802678,2026-07-25 11:43:17.802678
4690,190,10,313,80,2026-07-25 11:43:17.802687,2026-07-25 11:43:17.802687,2026-07-25 11:43:17.802687
4691,191,10,380,56,2026-07-25 11:43:17.802697,2026-07-25 11:43:17.802697,2026-07-25 11:43:17.802697
4692,192,10,304,54,2026-07-25 11:43:17.802707,2026-07-25 11:43:17.802707,2026-07-25 11:43:17.802707
4693,193,10,268,61,2026-07-25 11:43:17.802716,2026-07-25 11:43:17.802716,2026-07-25 11:43:17.802716
4694,194,10,448,65,2026-07-25 11:43:17.802726,2026-07-25 11:43:17.802726,2026-07-25 11:43:17.802726
4695,195,10,402,22,2026-07-25 11:43:17.802737,2026-07-25 11:43:17.802737,2026-07-25 11:43:17.802737
4696,196,10,266,26,2026-07-25 11:43:17.802747,2026-07-25 11:43:17.802747,2026-07-25 11:43:17.802747
4697,197,10,231,49,2026-07-25 11:43:17.802757,2026-07-25 11:43:17.802757,2026-07-25 11:43:17.802757
4698,198,10,423,76,2026-07-25 11:43:17.802766,2026-07-25 11:43:17.802766,2026-07-25 11:43:17.802766
4699,199,10,21,76,2026-07-25 11:43:17.802776,2026-07-25 11:43:17.802776,2026-07-25 11:43:17.802776
4700,200,10,125,53,2026-07-25 11:43:17.802786,2026-07-25 11:43:17.802786,2026-07-25 11:43:17.802786
4701,201,10,275,45,2026-07-25 11:43:17.802797,2026-07-25 11:43:17.802797,2026-07-25 11:43:17.802797
4702,202,10,376,22,2026-07-25 11:43:17.802809,2026-07-25 11:43:17.802809,2026-07-25 11:43:17.802809
4703,203,10,285,44,2026-07-25 11:43:17.802819,2026-07-25 11:43:17.802819,2026-07-25 11:43:17.802819
4704,204,10,264,68,2026-07-25 11:43:17.802829,2026-07-25 11:43:17.802829,2026-07-25 11:43:17.802829
4705,205,10,322,23,2026-07-25 11:43:17.802839,2026-07-25 11:43:17.802839,2026-07-25 11:43:17.802839
4706,206,10,97,38,2026-07-25 11:43:17.802848,2026-07-25 11:43:17.802848,2026-07-25 11:43:17.802848
4707,207,10,225,45,2026-07-25 11:43:17.802858,2026-07-25 11:43:17.802858,2026-07-25 11:43:17.802858
4708,208,10,452,39,2026-07-25 11:43:17.802868,2026-07-25 11:43:17.802868,2026-07-25 11:43:17.802868
4709,209,10,396,72,2026-07-25 11:43:17.802878,2026-07-25 11:43:17.802878,2026-07-25 11:43:17.802878
4710,210,10,146,49,2026-07-25 11:43:17.802887,2026-07-25 11:43:17.802887,2026-07-25 11:43:17.802887
4711,211,10,85,47,2026-07-25 11:43:17.802897,2026-07-25 11:43:17.802897,2026-07-25 11:43:17.802897
4712,212,10,150,59,2026-07-25 11:43:17.802907,2026-07-25 11:43:17.802907,2026-07-25 11:43:17.802907
4713,213,10,470,23,2026-07-25 11:43:17.802917,2026-07-25 11:43:17.802917,2026-07-25 11:43:17.802917
4714,214,10,353,53,2026-07-25 11:43:17.802926,2026-07-25 11:43:17.802926,2026-07-25 11:43:17.802926
4715,215,10,462,29,2026-07-25 11:43:17.802936,2026-07-25 11:43:17.802936,2026-07-25 11:43:17.802936
4716,216,10,237,73,2026-07-25 11:43:17.802946,2026-07-25 11:43:17.802946,2026-07-25 11:43:17.802946
4717,217,10,330,48,2026-07-25 11:43:17.802956,2026-07-25 11:43:17.802956,2026-07-25 11:43:17.802956
4718,218,10,46,66,2026-07-25 11:43:17.802965,2026-07-25 11:43:17.802965,2026-07-25 11:43:17.802965
4719,219,10,256,27,2026-07-25 11:43:17.802975,2026-07-25 11:43:17.802975,2026-07-25 11:43:17.802975
4720,220,10,92,69,2026-07-25 11:43:17.802985,2026-07-25 11:43:17.802985,2026-07-25 11:43:17.802985
4721,221,10,299,80,2026-07-25 11:43:17.802994,2026-07-25 11:43:17.802994,2026-07-25 11:43:17.802994
4722,222,10,457,64,2026-07-25 11:43:17.803004,2026-07-25 11:43:17.803004,2026-07-25 11:43:17.803004
4723,223,10,279,28,2026-07-25 11:43:17.803014,2026-07-25 11:43:17.803014,2026-07-25 11:43:17.803014
4724,224,10,201,46,2026-07-25 11:43:17.803026,2026-07-25 11:43:17.803026,2026-07-25 11:43:17.803026
4725,225,10,165,48,2026-07-25 11:43:17.803036,2026-07-25 11:43:17.803036,2026-07-25 11:43:17.803036
4726,226,10,12,31,2026-07-25 11:43:17.803049,2026-07-25 11:43:17.803049,2026-07-25 11:43:17.803049
4727,227,10,232,57,2026-07-25 11:43:17.803060,2026-07-25 11:43:17.803060,2026-07-25 11:43:17.803060
4728,228,10,459,65,2026-07-25 11:43:17.803070,2026-07-25 11:43:17.803070,2026-07-25 11:43:17.803070
4729,229,10,458,32,2026-07-25 11:43:17.803080,2026-07-25 11:43:17.803080,2026-07-25 11:43:17.803080
4730,230,10,451,49,2026-07-25 11:43:17.803090,2026-07-25 11:43:17.803090,2026-07-25 11:43:17.803090
4731,231,10,46,36,2026-07-25 11:43:17.803099,2026-07-25 11:43:17.803099,2026-07-25 11:43:17.803099
4732,232,10,165,64,2026-07-25 11:43:17.803109,2026-07-25 11:43:17.803109,2026-07-25 11:43:17.803109
4733,233,10,332,78,2026-07-25 11:43:17.803119,2026-07-25 11:43:17.803119,2026-07-25 11:43:17.803119
4734,234,10,364,70,2026-07-25 11:43:17.803128,2026-07-25 11:43:17.803128,2026-07-25 11:43:17.803128
4735,235,10,83,65,2026-07-25 11:43:17.803138,2026-07-25 11:43:17.803138,2026-07-25 11:43:17.803138
4736,236,10,375,27,2026-07-25 11:43:17.803148,2026-07-25 11:43:17.803148,2026-07-25 11:43:17.803148
4737,237,10,46,27,2026-07-25 11:43:17.803158,2026-07-25 11:43:17.803158,2026-07-25 11:43:17.803158
4738,238,10,361,48,2026-07-25 11:43:17.803167,2026-07-25 11:43:17.803167,2026-07-25 11:43:17.803167
4739,239,10,324,43,2026-07-25 11:43:17.803177,2026-07-25 11:43:17.803177,2026-07-25 11:43:17.803177
4740,240,10,43,53,2026-07-25 11:43:17.803187,2026-07-25 11:43:17.803187,2026-07-25 11:43:17.803187
4741,241,10,362,44,2026-07-25 11:43:17.803196,2026-07-25 11:43:17.803196,2026-07-25 11:43:17.803196
4742,242,10,372,70,2026-07-25 11:43:17.803207,2026-07-25 11:43:17.803207,2026-07-25 11:43:17.803207
4743,243,10,499,52,2026-07-25 11:43:17.803217,2026-07-25 11:43:17.803217,2026-07-25 11:43:17.803217
4744,244,10,313,80,2026-07-25 11:43:17.803227,2026-07-25 11:43:17.803227,2026-07-25 11:43:17.803227
4745,245,10,81,44,2026-07-25 11:43:17.803237,2026-07-25 11:43:17.803237,2026-07-25 11:43:17.803237
4746,246,10,281,44,2026-07-25 11:43:17.803247,2026-07-25 11:43:17.803247,2026-07-25 11:43:17.803247
4747,247,10,22,69,2026-07-25 11:43:17.803256,2026-07-25 11:43:17.803256,2026-07-25 11:43:17.803256
4748,248,10,87,78,2026-07-25 11:43:17.803266,2026-07-25 11:43:17.803266,2026-07-25 11:43:17.803266
4749,249,10,171,56,2026-07-25 11:43:17.803276,2026-07-25 11:43:17.803276,2026-07-25 11:43:17.803276
4750,250,10,446,62,2026-07-25 11:43:17.803286,2026-07-25 11:43:17.803286,2026-07-25 11:43:17.803286
4751,251,10,441,29,2026-07-25 11:43:17.803295,2026-07-25 11:43:17.803295,2026-07-25 11:43:17.803295
4752,252,10,83,75,2026-07-25 11:43:17.803305,2026-07-25 11:43:17.803305,2026-07-25 11:43:17.803305
4753,253,10,74,31,2026-07-25 11:43:17.803315,2026-07-25 11:43:17.803315,2026-07-25 11:43:17.803315
4754,254,10,393,65,2026-07-25 11:43:17.803325,2026-07-25 11:43:17.803325,2026-07-25 11:43:17.803325
4755,255,10,26,46,2026-07-25 11:43:17.803334,2026-07-25 11:43:17.803334,2026-07-25 11:43:17.803334
4756,256,10,157,39,2026-07-25 11:43:17.803344,2026-07-25 11:43:17.803344,2026-07-25 11:43:17.803344
4757,257,10,373,69,2026-07-25 11:43:17.803354,2026-07-25 11:43:17.803354,2026-07-25 11:43:17.803354
4758,258,10,492,48,2026-07-25 11:43:17.803363,2026-07-25 11:43:17.803363,2026-07-25 11:43:17.803363
4759,259,10,147,60,2026-07-25 11:43:17.803373,2026-07-25 11:43:17.803373,2026-07-25 11:43:17.803373
4760,260,10,92,27,2026-07-25 11:43:17.803383,2026-07-25 11:43:17.803383,2026-07-25 11:43:17.803383
4761,261,10,460,28,2026-07-25 11:43:17.803393,2026-07-25 11:43:17.803393,2026-07-25 11:43:17.803393
4762,262,10,491,32,2026-07-25 11:43:17.803402,2026-07-25 11:43:17.803402,2026-07-25 11:43:17.803402
4763,263,10,1,59,2026-07-25 11:43:17.803412,2026-07-25 11:43:17.803412,2026-07-25 11:43:17.803412
4764,264,10,391,36,2026-07-25 11:43:17.803422,2026-07-25 11:43:17.803422,2026-07-25 11:43:17.803422
4765,265,10,6,49,2026-07-25 11:43:17.803432,2026-07-25 11:43:17.803432,2026-07-25 11:43:17.803432
4766,266,10,254,74,2026-07-25 11:43:17.803441,2026-07-25 11:43:17.803441,2026-07-25 11:43:17.803441
4767,267,10,255,54,2026-07-25 11:43:17.803451,2026-07-25 11:43:17.803451,2026-07-25 11:43:17.803451
4768,268,10,413,20,2026-07-25 11:43:17.803461,2026-07-25 11:43:17.803461,2026-07-25 11:43:17.803461
4769,269,10,311,76,2026-07-25 11:43:17.803471,2026-07-25 11:43:17.803471,2026-07-25 11:43:17.803471
4770,270,10,252,35,2026-07-25 11:43:17.803480,2026-07-25 11:43:17.803480,2026-07-25 11:43:17.803480
4771,271,10,111,57,2026-07-25 11:43:17.803490,2026-07-25 11:43:17.803490,2026-07-25 11:43:17.803490
4772,272,10,337,50,2026-07-25 11:43:17.803499,2026-07-25 11:43:17.803499,2026-07-25 11:43:17.803499
4773,273,10,232,46,2026-07-25 11:43:17.803509,2026-07-25 11:43:17.803509,2026-07-25 11:43:17.803509
4774,274,10,226,25,2026-07-25 11:43:17.803519,2026-07-25 11:43:17.803519,2026-07-25 11:43:17.803519
4775,275,10,307,58,2026-07-25 11:43:17.803529,2026-07-25 11:43:17.803529,2026-07-25 11:43:17.803529
4776,276,10,3,35,2026-07-25 11:43:17.803538,2026-07-25 11:43:17.803538,2026-07-25 11:43:17.803538
4777,277,10,451,55,2026-07-25 11:43:17.803548,2026-07-25 11:43:17.803548,2026-07-25 11:43:17.803548
4778,278,10,142,59,2026-07-25 11:43:17.803558,2026-07-25 11:43:17.803558,2026-07-25 11:43:17.803558
4779,279,10,321,55,2026-07-25 11:43:17.803567,2026-07-25 11:43:17.803567,2026-07-25 11:43:17.803567
4780,280,10,419,72,2026-07-25 11:43:17.803578,2026-07-25 11:43:17.803578,2026-07-25 11:43:17.803578
4781,281,10,106,23,2026-07-25 11:43:17.803588,2026-07-25 11:43:17.803588,2026-07-25 11:43:17.803588
4782,282,10,94,29,2026-07-25 11:43:17.803598,2026-07-25 11:43:17.803598,2026-07-25 11:43:17.803598
4783,283,10,28,61,2026-07-25 11:43:17.803608,2026-07-25 11:43:17.803608,2026-07-25 11:43:17.803608
4784,284,10,178,22,2026-07-25 11:43:17.803618,2026-07-25 11:43:17.803618,2026-07-25 11:43:17.803618
4785,285,10,74,74,2026-07-25 11:43:17.803627,2026-07-25 11:43:17.803627,2026-07-25 11:43:17.803627
4786,286,10,16,62,2026-07-25 11:43:17.803637,2026-07-25 11:43:17.803637,2026-07-25 11:43:17.803637
4787,287,10,295,73,2026-07-25 11:43:17.803647,2026-07-25 11:43:17.803647,2026-07-25 11:43:17.803647
4788,288,10,308,39,2026-07-25 11:43:17.803656,2026-07-25 11:43:17.803656,2026-07-25 11:43:17.803656
4789,289,10,169,78,2026-07-25 11:43:17.803666,2026-07-25 11:43:17.803666,2026-07-25 11:43:17.803666
4790,290,10,44,23,2026-07-25 11:43:17.803675,2026-07-25 11:43:17.803675,2026-07-25 11:43:17.803675
4791,291,10,55,46,2026-07-25 11:43:17.803685,2026-07-25 11:43:17.803685,2026-07-25 11:43:17.803685
4792,292,10,91,30,2026-07-25 11:43:17.803695,2026-07-25 11:43:17.803695,2026-07-25 11:43:17.803695
4793,293,10,344,38,2026-07-25 11:43:17.803705,2026-07-25 11:43:17.803705,2026-07-25 11:43:17.803705
4794,294,10,312,62,2026-07-25 11:43:17.803714,2026-07-25 11:43:17.803714,2026-07-25 11:43:17.803714
4795,295,10,354,64,2026-07-25 11:43:17.803724,2026-07-25 11:43:17.803724,2026-07-25 11:43:17.803724
4796,296,10,304,56,2026-07-25 11:43:17.803734,2026-07-25 11:43:17.803734,2026-07-25 11:43:17.803734
4797,297,10,403,55,2026-07-25 11:43:17.803744,2026-07-25 11:43:17.803744,2026-07-25 11:43:17.803744
4798,298,10,90,49,2026-07-25 11:43:17.803753,2026-07-25 11:43:17.803753,2026-07-25 11:43:17.803753
4799,299,10,383,57,2026-07-25 11:43:17.803763,2026-07-25 11:43:17.803763,2026-07-25 11:43:17.803763
4800,300,10,184,79,2026-07-25 11:43:17.803773,2026-07-25 11:43:17.803773,2026-07-25 11:43:17.803773
4801,301,10,18,25,2026-07-25 11:43:17.803783,2026-07-25 11:43:17.803783,2026-07-25 11:43:17.803783
4802,302,10,393,39,2026-07-25 11:43:17.803792,2026-07-25 11:43:17.803792,2026-07-25 11:43:17.803792
4803,303,10,165,43,2026-07-25 11:43:17.803802,2026-07-25 11:43:17.803802,2026-07-25 11:43:17.803802
4804,304,10,459,44,2026-07-25 11:43:17.803812,2026-07-25 11:43:17.803812,2026-07-25 11:43:17.803812
4805,305,10,419,24,2026-07-25 11:43:17.803821,2026-07-25 11:43:17.803821,2026-07-25 11:43:17.803821
4806,306,10,388,47,2026-07-25 11:43:17.803831,2026-07-25 11:43:17.803831,2026-07-25 11:43:17.803831
4807,307,10,431,55,2026-07-25 11:43:17.803841,2026-07-25 11:43:17.803841,2026-07-25 11:43:17.803841
4808,308,10,33,38,2026-07-25 11:43:17.803851,2026-07-25 11:43:17.803851,2026-07-25 11:43:17.803851
4809,309,10,241,28,2026-07-25 11:43:17.803860,2026-07-25 11:43:17.803860,2026-07-25 11:43:17.803860
4810,310,10,62,64,2026-07-25 11:43:17.803870,2026-07-25 11:43:17.803870,2026-07-25 11:43:17.803870
4811,311,10,440,37,2026-07-25 11:43:17.803880,2026-07-25 11:43:17.803880,2026-07-25 11:43:17.803880
4812,312,10,168,53,2026-07-25 11:43:17.803889,2026-07-25 11:43:17.803889,2026-07-25 11:43:17.803889
4813,313,10,211,53,2026-07-25 11:43:17.803899,2026-07-25 11:43:17.803899,2026-07-25 11:43:17.803899
4814,314,10,107,64,2026-07-25 11:43:17.803909,2026-07-25 11:43:17.803909,2026-07-25 11:43:17.803909
4815,315,10,107,59,2026-07-25 11:43:17.803919,2026-07-25 11:43:17.803919,2026-07-25 11:43:17.803919
4816,316,10,29,26,2026-07-25 11:43:17.803928,2026-07-25 11:43:17.803928,2026-07-25 11:43:17.803928
4817,317,10,292,66,2026-07-25 11:43:17.803938,2026-07-25 11:43:17.803938,2026-07-25 11:43:17.803938
4818,318,10,322,53,2026-07-25 11:43:17.803948,2026-07-25 11:43:17.803948,2026-07-25 11:43:17.803948
4819,319,10,44,50,2026-07-25 11:43:17.803958,2026-07-25 11:43:17.803958,2026-07-25 11:43:17.803958
4820,320,10,370,64,2026-07-25 11:43:17.803967,2026-07-25 11:43:17.803967,2026-07-25 11:43:17.803967
4821,321,10,309,79,2026-07-25 11:43:17.803977,2026-07-25 11:43:17.803977,2026-07-25 11:43:17.803977
4822,322,10,403,65,2026-07-25 11:43:17.803988,2026-07-25 11:43:17.803988,2026-07-25 11:43:17.803988
4823,323,10,147,47,2026-07-25 11:43:17.803998,2026-07-25 11:43:17.803998,2026-07-25 11:43:17.803998
4824,324,10,311,74,2026-07-25 11:43:17.804008,2026-07-25 11:43:17.804008,2026-07-25 11:43:17.804008
4825,325,10,162,36,2026-07-25 11:43:17.804018,2026-07-25 11:43:17.804018,2026-07-25 11:43:17.804018
4826,326,10,269,56,2026-07-25 11:43:17.804028,2026-07-25 11:43:17.804028,2026-07-25 11:43:17.804028
4827,327,10,319,42,2026-07-25 11:43:17.804038,2026-07-25 11:43:17.804038,2026-07-25 11:43:17.804038
4828,328,10,474,28,2026-07-25 11:43:17.804048,2026-07-25 11:43:17.804048,2026-07-25 11:43:17.804048
4829,329,10,314,56,2026-07-25 11:43:17.804057,2026-07-25 11:43:17.804057,2026-07-25 11:43:17.804057
4830,330,10,254,53,2026-07-25 11:43:17.804067,2026-07-25 11:43:17.804067,2026-07-25 11:43:17.804067
4831,331,10,373,60,2026-07-25 11:43:17.804077,2026-07-25 11:43:17.804077,2026-07-25 11:43:17.804077
4832,332,10,254,51,2026-07-25 11:43:17.804086,2026-07-25 11:43:17.804086,2026-07-25 11:43:17.804086
4833,333,10,413,31,2026-07-25 11:43:17.804096,2026-07-25 11:43:17.804096,2026-07-25 11:43:17.804096
4834,334,10,452,59,2026-07-25 11:43:17.804106,2026-07-25 11:43:17.804106,2026-07-25 11:43:17.804106
4835,335,10,119,65,2026-07-25 11:43:17.804116,2026-07-25 11:43:17.804116,2026-07-25 11:43:17.804116
4836,336,10,148,32,2026-07-25 11:43:17.804126,2026-07-25 11:43:17.804126,2026-07-25 11:43:17.804126
4837,337,10,0,27,2026-07-25 11:43:17.804135,2026-07-25 11:43:17.804135,2026-07-25 11:43:17.804135
4838,338,10,12,49,2026-07-25 11:43:17.804145,2026-07-25 11:43:17.804145,2026-07-25 11:43:17.804145
4839,339,10,320,70,2026-07-25 11:43:17.804155,2026-07-25 11:43:17.804155,2026-07-25 11:43:17.804155
4840,340,10,60,67,2026-07-25 11:43:17.804164,2026-07-25 11:43:17.804164,2026-07-25 11:43:17.804164
4841,341,10,434,33,2026-07-25 11:43:17.804174,2026-07-25 11:43:17.804174,2026-07-25 11:43:17.804174
4842,342,10,409,59,2026-07-25 11:43:17.804185,2026-07-25 11:43:17.804185,2026-07-25 11:43:17.804185
4843,343,10,212,46,2026-07-25 11:43:17.804195,2026-07-25 11:43:17.804195,2026-07-25 11:43:17.804195
4844,344,10,23,41,2026-07-25 11:43:17.804205,2026-07-25 11:43:17.804205,2026-07-25 11:43:17.804205
4845,345,10,179,55,2026-07-25 11:43:17.804215,2026-07-25 11:43:17.804215,2026-07-25 11:43:17.804215
4846,346,10,412,60,2026-07-25 11:43:17.804225,2026-07-25 11:43:17.804225,2026-07-25 11:43:17.804225
4847,347,10,108,20,2026-07-25 11:43:17.804235,2026-07-25 11:43:17.804235,2026-07-25 11:43:17.804235
4848,348,10,327,32,2026-07-25 11:43:17.804244,2026-07-25 11:43:17.804244,2026-07-25 11:43:17.804244
4849,349,10,353,38,2026-07-25 11:43:17.804254,2026-07-25 11:43:17.804254,2026-07-25 11:43:17.804254
4850,350,10,130,70,2026-07-25 11:43:17.804264,2026-07-25 11:43:17.804264,2026-07-25 11:43:17.804264
4851,351,10,34,39,2026-07-25 11:43:17.804273,2026-07-25 11:43:17.804273,2026-07-25 11:43:17.804273
4852,352,10,153,52,2026-07-25 11:43:17.804283,2026-07-25 11:43:17.804283,2026-07-25 11:43:17.804283
4853,353,10,281,40,2026-07-25 11:43:17.804293,2026-07-25 11:43:17.804293,2026-07-25 11:43:17.804293
4854,354,10,392,20,2026-07-25 11:43:17.804302,2026-07-25 11:43:17.804302,2026-07-25 11:43:17.804302
4855,355,10,58,63,2026-07-25 11:43:17.804312,2026-07-25 11:43:17.804312,2026-07-25 11:43:17.804312
4856,356,10,170,41,2026-07-25 11:43:17.804322,2026-07-25 11:43:17.804322,2026-07-25 11:43:17.804322
4857,357,10,202,66,2026-07-25 11:43:17.804331,2026-07-25 11:43:17.804331,2026-07-25 11:43:17.804331
4858,358,10,291,59,2026-07-25 11:43:17.804342,2026-07-25 11:43:17.804342,2026-07-25 11:43:17.804342
4859,359,10,491,21,2026-07-25 11:43:17.804352,2026-07-25 11:43:17.804352,2026-07-25 11:43:17.804352
4860,360,10,426,31,2026-07-25 11:43:17.804362,2026-07-25 11:43:17.804362,2026-07-25 11:43:17.804362
4861,361,10,99,41,2026-07-25 11:43:17.804372,2026-07-25 11:43:17.804372,2026-07-25 11:43:17.804372
4862,362,10,426,41,2026-07-25 11:43:17.804381,2026-07-25 11:43:17.804381,2026-07-25 11:43:17.804381
4863,363,10,472,63,2026-07-25 11:43:17.804391,2026-07-25 11:43:17.804391,2026-07-25 11:43:17.804391
4864,364,10,245,78,2026-07-25 11:43:17.804400,2026-07-25 11:43:17.804400,2026-07-25 11:43:17.804400
4865,365,10,242,71,2026-07-25 11:43:17.804410,2026-07-25 11:43:17.804410,2026-07-25 11:43:17.804410
4866,366,10,18,61,2026-07-25 11:43:17.804420,2026-07-25 11:43:17.804420,2026-07-25 11:43:17.804420
4867,367,10,69,50,2026-07-25 11:43:17.804430,2026-07-25 11:43:17.804430,2026-07-25 11:43:17.804430
4868,368,10,79,60,2026-07-25 11:43:17.804439,2026-07-25 11:43:17.804439,2026-07-25 11:43:17.804439
4869,369,10,235,77,2026-07-25 11:43:17.804449,2026-07-25 11:43:17.804449,2026-07-25 11:43:17.804449
4870,370,10,442,54,2026-07-25 11:43:17.804459,2026-07-25 11:43:17.804459,2026-07-25 11:43:17.804459
4871,371,10,458,41,2026-07-25 11:43:17.804469,2026-07-25 11:43:17.804469,2026-07-25 11:43:17.804469
4872,372,10,236,70,2026-07-25 11:43:17.804478,2026-07-25 11:43:17.804478,2026-07-25 11:43:17.804478
4873,373,10,416,46,2026-07-25 11:43:17.804488,2026-07-25 11:43:17.804488,2026-07-25 11:43:17.804488
4874,374,10,475,67,2026-07-25 11:43:17.804498,2026-07-25 11:43:17.804498,2026-07-25 11:43:17.804498
4875,375,10,28,73,2026-07-25 11:43:17.804507,2026-07-25 11:43:17.804507,2026-07-25 11:43:17.804507
4876,376,10,266,39,2026-07-25 11:43:17.804517,2026-07-25 11:43:17.804517,2026-07-25 11:43:17.804517
4877,377,10,289,66,2026-07-25 11:43:17.804527,2026-07-25 11:43:17.804527,2026-07-25 11:43:17.804527
4878,378,10,347,40,2026-07-25 11:43:17.804536,2026-07-25 11:43:17.804536,2026-07-25 11:43:17.804536
4879,379,10,284,54,2026-07-25 11:43:17.804561,2026-07-25 11:43:17.804561,2026-07-25 11:43:17.804561
4880,380,10,9,33,2026-07-25 11:43:17.804572,2026-07-25 11:43:17.804572,2026-07-25 11:43:17.804572
4881,381,10,295,63,2026-07-25 11:43:17.804582,2026-07-25 11:43:17.804582,2026-07-25 11:43:17.804582
4882,382,10,169,71,2026-07-25 11:43:17.804592,2026-07-25 11:43:17.804592,2026-07-25 11:43:17.804592
4883,383,10,469,76,2026-07-25 11:43:17.804602,2026-07-25 11:43:17.804602,2026-07-25 11:43:17.804602
4884,384,10,407,42,2026-07-25 11:43:17.804611,2026-07-25 11:43:17.804611,2026-07-25 11:43:17.804611
4885,385,10,33,29,2026-07-25 11:43:17.804621,2026-07-25 11:43:17.804621,2026-07-25 11:43:17.804621
4886,386,10,143,73,2026-07-25 11:43:17.804631,2026-07-25 11:43:17.804631,2026-07-25 11:43:17.804631
4887,387,10,15,41,2026-07-25 11:43:17.804641,2026-07-25 11:43:17.804641,2026-07-25 11:43:17.804641
4888,388,10,192,60,2026-07-25 11:43:17.804650,2026-07-25 11:43:17.804650,2026-07-25 11:43:17.804650
4889,389,10,273,73,2026-07-25 11:43:17.804660,2026-07-25 11:43:17.804660,2026-07-25 11:43:17.804660
4890,390,10,84,56,2026-07-25 11:43:17.804670,2026-07-25 11:43:17.804670,2026-07-25 11:43:17.804670
4891,391,10,310,44,2026-07-25 11:43:17.804679,2026-07-25 11:43:17.804679,2026-07-25 11:43:17.804679
4892,392,10,95,58,2026-07-25 11:43:17.804689,2026-07-25 11:43:17.804689,2026-07-25 11:43:17.804689
4893,393,10,59,75,2026-07-25 11:43:17.804699,2026-07-25 11:43:17.804699,2026-07-25 11:43:17.804699
4894,394,10,400,68,2026-07-25 11:43:17.804709,2026-07-25 11:43:17.804709,2026-07-25 11:43:17.804709
4895,395,10,157,65,2026-07-25 11:43:17.804718,2026-07-25 11:43:17.804718,2026-07-25 11:43:17.804718
4896,396,10,439,40,2026-07-25 11:43:17.804728,2026-07-25 11:43:17.804728,2026-07-25 11:43:17.804728
4897,397,10,363,22,2026-07-25 11:43:17.804738,2026-07-25 11:43:17.804738,2026-07-25 11:43:17.804738
4898,398,10,139,46,2026-07-25 11:43:17.804748,2026-07-25 11:43:17.804748,2026-07-25 11:43:17.804748
4899,399,10,44,51,2026-07-25 11:43:17.804757,2026-07-25 11:43:17.804757,2026-07-25 11:43:17.804757
4900,400,10,449,35,2026-07-25 11:43:17.804767,2026-07-25 11:43:17.804767,2026-07-25 11:43:17.804767
4901,401,10,190,48,2026-07-25 11:43:17.804777,2026-07-25 11:43:17.804777,2026-07-25 11:43:17.804777
4902,402,10,424,80,2026-07-25 11:43:17.804787,2026-07-25 11:43:17.804787,2026-07-25 11:43:17.804787
4903,403,10,154,33,2026-07-25 11:43:17.804796,2026-07-25 11:43:17.804796,2026-07-25 11:43:17.804796
4904,404,10,268,39,2026-07-25 11:43:17.804806,2026-07-25 11:43:17.804806,2026-07-25 11:43:17.804806
4905,405,10,89,27,2026-07-25 11:43:17.804816,2026-07-25 11:43:17.804816,2026-07-25 11:43:17.804816
4906,406,10,191,70,2026-07-25 11:43:17.804826,2026-07-25 11:43:17.804826,2026-07-25 11:43:17.804826
4907,407,10,19,69,2026-07-25 11:43:17.804835,2026-07-25 11:43:17.804835,2026-07-25 11:43:17.804835
4908,408,10,103,78,2026-07-25 11:43:17.804845,2026-07-25 11:43:17.804845,2026-07-25 11:43:17.804845
4909,409,10,47,48,2026-07-25 11:43:17.804855,2026-07-25 11:43:17.804855,2026-07-25 11:43:17.804855
4910,410,10,259,21,2026-07-25 11:43:17.804865,2026-07-25 11:43:17.804865,2026-07-25 11:43:17.804865
4911,411,10,409,50,2026-07-25 11:43:17.804874,2026-07-25 11:43:17.804874,2026-07-25 11:43:17.804874
4912,412,10,463,52,2026-07-25 11:43:17.804884,2026-07-25 11:43:17.804884,2026-07-25 11:43:17.804884
4913,413,10,78,32,2026-07-25 11:43:17.804894,2026-07-25 11:43:17.804894,2026-07-25 11:43:17.804894
4914,414,10,174,79,2026-07-25 11:43:17.804905,2026-07-25 11:43:17.804905,2026-07-25 11:43:17.804905
4915,415,10,247,66,2026-07-25 11:43:17.804916,2026-07-25 11:43:17.804916,2026-07-25 11:43:17.804916
4916,416,10,447,53,2026-07-25 11:43:17.804926,2026-07-25 11:43:17.804926,2026-07-25 11:43:17.804926
4917,417,10,158,69,2026-07-25 11:43:17.804936,2026-07-25 11:43:17.804936,2026-07-25 11:43:17.804936
4918,418,10,167,29,2026-07-25 11:43:17.804946,2026-07-25 11:43:17.804946,2026-07-25 11:43:17.804946
4919,419,10,393,75,2026-07-25 11:43:17.804959,2026-07-25 11:43:17.804959,2026-07-25 11:43:17.804959
4920,420,10,50,72,2026-07-25 11:43:17.804970,2026-07-25 11:43:17.804970,2026-07-25 11:43:17.804970
4921,421,10,480,53,2026-07-25 11:43:17.804980,2026-07-25 11:43:17.804980,2026-07-25 11:43:17.804980
4922,422,10,346,28,2026-07-25 11:43:17.804990,2026-07-25 11:43:17.804990,2026-07-25 11:43:17.804990
4923,423,10,105,66,2026-07-25 11:43:17.805000,2026-07-25 11:43:17.805000,2026-07-25 11:43:17.805000
4924,424,10,18,49,2026-07-25 11:43:17.805009,2026-07-25 11:43:17.805009,2026-07-25 11:43:17.805009
4925,425,10,198,65,2026-07-25 11:43:17.805019,2026-07-25 11:43:17.805019,2026-07-25 11:43:17.805019
4926,426,10,442,53,2026-07-25 11:43:17.805029,2026-07-25 11:43:17.805029,2026-07-25 11:43:17.805029
4927,427,10,59,20,2026-07-25 11:43:17.805039,2026-07-25 11:43:17.805039,2026-07-25 11:43:17.805039
4928,428,10,159,79,2026-07-25 11:43:17.805049,2026-07-25 11:43:17.805049,2026-07-25 11:43:17.805049
4929,429,10,22,63,2026-07-25 11:43:17.805059,2026-07-25 11:43:17.805059,2026-07-25 11:43:17.805059
4930,430,10,434,58,2026-07-25 11:43:17.805069,2026-07-25 11:43:17.805069,2026-07-25 11:43:17.805069
4931,431,10,446,25,2026-07-25 11:43:17.805079,2026-07-25 11:43:17.805079,2026-07-25 11:43:17.805079
4932,432,10,170,49,2026-07-25 11:43:17.805088,2026-07-25 11:43:17.805088,2026-07-25 11:43:17.805088
4933,433,10,455,22,2026-07-25 11:43:17.805098,2026-07-25 11:43:17.805098,2026-07-25 11:43:17.805098
4934,434,10,52,53,2026-07-25 11:43:17.805113,2026-07-25 11:43:17.805113,2026-07-25 11:43:17.805113
4935,435,10,392,62,2026-07-25 11:43:17.805123,2026-07-25 11:43:17.805123,2026-07-25 11:43:17.805123
4936,436,10,381,39,2026-07-25 11:43:17.805136,2026-07-25 11:43:17.805136,2026-07-25 11:43:17.805136
4937,437,10,11,56,2026-07-25 11:43:17.805146,2026-07-25 11:43:17.805146,2026-07-25 11:43:17.805146
4938,438,10,388,39,2026-07-25 11:43:17.805156,2026-07-25 11:43:17.805156,2026-07-25 11:43:17.805156
4939,439,10,327,77,2026-07-25 11:43:17.805166,2026-07-25 11:43:17.805166,2026-07-25 11:43:17.805166
4940,440,10,107,40,2026-07-25 11:43:17.805176,2026-07-25 11:43:17.805176,2026-07-25 11:43:17.805176
4941,441,10,102,32,2026-07-25 11:43:17.805185,2026-07-25 11:43:17.805185,2026-07-25 11:43:17.805185
4942,442,10,146,37,2026-07-25 11:43:17.805195,2026-07-25 11:43:17.805195,2026-07-25 11:43:17.805195
4943,443,10,272,40,2026-07-25 11:43:17.805205,2026-07-25 11:43:17.805205,2026-07-25 11:43:17.805205
4944,444,10,395,48,2026-07-25 11:43:17.805214,2026-07-25 11:43:17.805214,2026-07-25 11:43:17.805214
4945,445,10,343,27,2026-07-25 11:43:17.805224,2026-07-25 11:43:17.805224,2026-07-25 11:43:17.805224
4946,446,10,139,29,2026-07-25 11:43:17.805234,2026-07-25 11:43:17.805234,2026-07-25 11:43:17.805234
4947,447,10,80,37,2026-07-25 11:43:17.805244,2026-07-25 11:43:17.805244,2026-07-25 11:43:17.805244
4948,448,10,58,20,2026-07-25 11:43:17.805258,2026-07-25 11:43:17.805258,2026-07-25 11:43:17.805258
4949,449,10,490,59,2026-07-25 11:43:17.805269,2026-07-25 11:43:17.805269,2026-07-25 11:43:17.805269
4950,450,10,286,52,2026-07-25 11:43:17.805279,2026-07-25 11:43:17.805279,2026-07-25 11:43:17.805279
4951,451,10,52,33,2026-07-25 11:43:17.805289,2026-07-25 11:43:17.805289,2026-07-25 11:43:17.805289
4952,452,10,277,42,2026-07-25 11:43:17.805299,2026-07-25 11:43:17.805299,2026-07-25 11:43:17.805299
4953,453,10,281,40,2026-07-25 11:43:17.805308,2026-07-25 11:43:17.805308,2026-07-25 11:43:17.805308
4954,454,10,138,29,2026-07-25 11:43:17.805318,2026-07-25 11:43:17.805318,2026-07-25 11:43:17.805318
4955,455,10,482,65,2026-07-25 11:43:17.805328,2026-07-25 11:43:17.805328,2026-07-25 11:43:17.805328
4956,456,10,411,38,2026-07-25 11:43:17.805337,2026-07-25 11:43:17.805337,2026-07-25 11:43:17.805337
4957,457,10,293,35,2026-07-25 11:43:17.805347,2026-07-25 11:43:17.805347,2026-07-25 11:43:17.805347
4958,458,10,87,24,2026-07-25 11:43:17.805357,2026-07-25 11:43:17.805357,2026-07-25 11:43:17.805357
4959,459,10,159,59,2026-07-25 11:43:17.805366,2026-07-25 11:43:17.805366,2026-07-25 11:43:17.805366
4960,460,10,456,41,2026-07-25 11:43:17.805376,2026-07-25 11:43:17.805376,2026-07-25 11:43:17.805376
4961,461,10,276,48,2026-07-25 11:43:17.805386,2026-07-25 11:43:17.805386,2026-07-25 11:43:17.805386
4962,462,10,25,28,2026-07-25 11:43:17.805396,2026-07-25 11:43:17.805396,2026-07-25 11:43:17.805396
4963,463,10,14,50,2026-07-25 11:43:17.805405,2026-07-25 11:43:17.805405,2026-07-25 11:43:17.805405
4964,464,10,462,63,2026-07-25 11:43:17.805415,2026-07-25 11:43:17.805415,2026-07-25 11:43:17.805415
4965,465,10,25,26,2026-07-25 11:43:17.805425,2026-07-25 11:43:17.805425,2026-07-25 11:43:17.805425
4966,466,10,196,23,2026-07-25 11:43:17.805435,2026-07-25 11:43:17.805435,2026-07-25 11:43:17.805435
4967,467,10,44,47,2026-07-25 11:43:17.805444,2026-07-25 11:43:17.805444,2026-07-25 11:43:17.805444
4968,468,10,200,31,2026-07-25 11:43:17.805452,2026-07-25 11:43:17.805452,2026-07-25 11:43:17.805452
4969,469,10,360,58,2026-07-25 11:43:17.805461,2026-07-25 11:43:17.805461,2026-07-25 11:43:17.805461
4970,470,10,456,57,2026-07-25 11:43:17.805470,2026-07-25 11:43:17.805470,2026-07-25 11:43:17.805470
4971,471,10,322,73,2026-07-25 11:43:17.805479,2026-07-25 11:43:17.805479,2026-07-25 11:43:17.805479
4972,472,10,353,64,2026-07-25 11:43:17.805487,2026-07-25 11:43:17.805487,2026-07-25 11:43:17.805487
4973,473,10,228,59,2026-07-25 11:43:17.805496,2026-07-25 11:43:17.805496,2026-07-25 11:43:17.805496
4974,474,10,182,39,2026-07-25 11:43:17.805505,2026-07-25 11:43:17.805505,2026-07-25 11:43:17.805505
4975,475,10,170,72,2026-07-25 11:43:17.805514,2026-07-25 11:43:17.805514,2026-07-25 11:43:17.805514
4976,476,10,101,65,2026-07-25 11:43:17.805524,2026-07-25 11:43:17.805524,2026-07-25 11:43:17.805524
4977,477,10,388,62,2026-07-25 11:43:17.805533,2026-07-25 11:43:17.805533,2026-07-25 11:43:17.805533
4978,478,10,414,54,2026-07-25 11:43:17.805543,2026-07-25 11:43:17.805543,2026-07-25 11:43:17.805543
4979,479,10,40,79,2026-07-25 11:43:17.805553,2026-07-25 11:43:17.805553,2026-07-25 11:43:17.805553
4980,480,10,386,68,2026-07-25 11:43:17.805562,2026-07-25 11:43:17.805562,2026-07-25 11:43:17.805562
4981,481,10,238,56,2026-07-25 11:43:17.805572,2026-07-25 11:43:17.805572,2026-07-25 11:43:17.805572
4982,482,10,67,25,2026-07-25 11:43:17.805582,2026-07-25 11:43:17.805582,2026-07-25 11:43:17.805582
4983,483,10,416,71,2026-07-25 11:43:17.805592,2026-07-25 11:43:17.805592,2026-07-25 11:43:17.805592
4984,484,10,470,64,2026-07-25 11:43:17.805602,2026-07-25 11:43:17.805602,2026-07-25 11:43:17.805602
4985,485,10,239,26,2026-07-25 11:43:17.805611,2026-07-25 11:43:17.805611,2026-07-25 11:43:17.805611
4986,486,10,233,39,2026-07-25 11:43:17.805621,2026-07-25 11:43:17.805621,2026-07-25 11:43:17.805621
4987,487,10,350,61,2026-07-25 11:43:17.805631,2026-07-25 11:43:17.805631,2026-07-25 11:43:17.805631
4988,488,10,363,69,2026-07-25 11:43:17.805641,2026-07-25 11:43:17.805641,2026-07-25 11:43:17.805641
4989,489,10,238,50,2026-07-25 11:43:17.805651,2026-07-25 11:43:17.805651,2026-07-25 11:43:17.805651
4990,490,10,118,80,2026-07-25 11:43:17.805660,2026-07-25 11:43:17.805660,2026-07-25 11:43:17.805660
4991,491,10,114,29,2026-07-25 11:43:17.805670,2026-07-25 11:43:17.805670,2026-07-25 11:43:17.805670
4992,492,10,440,77,2026-07-25 11:43:17.805680,2026-07-25 11:43:17.805680,2026-07-25 11:43:17.805680
4993,493,10,315,36,2026-07-25 11:43:17.805689,2026-07-25 11:43:17.805689,2026-07-25 11:43:17.805689
4994,494,10,467,43,2026-07-25 11:43:17.805699,2026-07-25 11:43:17.805699,2026-07-25 11:43:17.805699
4995,495,10,200,31,2026-07-25 11:43:17.805709,2026-07-25 11:43:17.805709,2026-07-25 11:43:17.805709
4996,496,10,358,78,2026-07-25 11:43:17.805719,2026-07-25 11:43:17.805719,2026-07-25 11:43:17.805719
4997,497,10,340,41,2026-07-25 11:43:17.805729,2026-07-25 11:43:17.805729,2026-07-25 11:43:17.805729
4998,498,10,403,75,2026-07-25 11:43:17.805739,2026-07-25 11:43:17.805739,2026-07-25 11:43:17.805739
4999,499,10,451,40,2026-07-25 11:43:17.805748,2026-07-25 11:43:17.805748,2026-07-25 11:43:17.805748
5000,500,10,232,51,2026-07-25 11:43:17.805758,2026-07-25 11:43:17.805758,2026-07-25 11:43:17.805758
5001,1,11,15,24,2026-07-25 11:43:17.805924,2026-07-25 11:43:17.805924,2026-07-25 11:43:17.805924
5002,2,11,243,27,2026-07-25 11:43:17.805936,2026-07-25 11:43:17.805936,2026-07-25 11:43:17.805936
5003,3,11,179,50,2026-07-25 11:43:17.805946,2026-07-25 11:43:17.805946,2026-07-25 11:43:17.805946
5004,4,11,236,74,2026-07-25 11:43:17.805955,2026-07-25 11:43:17.805955,2026-07-25 11:43:17.805955
5005,5,11,87,38,2026-07-25 11:43:17.805964,2026-07-25 11:43:17.805964,2026-07-25 11:43:17.805964
5006,6,11,393,42,2026-07-25 11:43:17.805973,2026-07-25 11:43:17.805973,2026-07-25 11:43:17.805973
5007,7,11,309,56,2026-07-25 11:43:17.805982,2026-07-25 11:43:17.805982,2026-07-25 11:43:17.805982
5008,8,11,65,52,2026-07-25 11:43:17.805991,2026-07-25 11:43:17.805991,2026-07-25 11:43:17.805991
5009,9,11,52,45,2026-07-25 11:43:17.806001,2026-07-25 11:43:17.806001,2026-07-25 11:43:17.806001
5010,10,11,418,65,2026-07-25 11:43:17.806011,2026-07-25 11:43:17.806011,2026-07-25 11:43:17.806011
5011,11,11,407,26,2026-07-25 11:43:17.806021,2026-07-25 11:43:17.806021,2026-07-25 11:43:17.806021
5012,12,11,166,55,2026-07-25 11:43:17.806031,2026-07-25 11:43:17.806031,2026-07-25 11:43:17.806031
5013,13,11,332,24,2026-07-25 11:43:17.806040,2026-07-25 11:43:17.806040,2026-07-25 11:43:17.806040
5014,14,11,405,39,2026-07-25 11:43:17.806051,2026-07-25 11:43:17.806051,2026-07-25 11:43:17.806051
5015,15,11,272,49,2026-07-25 11:43:17.806061,2026-07-25 11:43:17.806061,2026-07-25 11:43:17.806061
5016,16,11,205,57,2026-07-25 11:43:17.806071,2026-07-25 11:43:17.806071,2026-07-25 11:43:17.806071
5017,17,11,211,35,2026-07-25 11:43:17.806081,2026-07-25 11:43:17.806081,2026-07-25 11:43:17.806081
5018,18,11,317,35,2026-07-25 11:43:17.806090,2026-07-25 11:43:17.806090,2026-07-25 11:43:17.806090
5019,19,11,280,30,2026-07-25 11:43:17.806100,2026-07-25 11:43:17.806100,2026-07-25 11:43:17.806100
5020,20,11,498,50,2026-07-25 11:43:17.806110,2026-07-25 11:43:17.806110,2026-07-25 11:43:17.806110
5021,21,11,196,24,2026-07-25 11:43:17.806119,2026-07-25 11:43:17.806119,2026-07-25 11:43:17.806119
5022,22,11,174,33,2026-07-25 11:43:17.806129,2026-07-25 11:43:17.806129,2026-07-25 11:43:17.806129
5023,23,11,416,64,2026-07-25 11:43:17.806139,2026-07-25 11:43:17.806139,2026-07-25 11:43:17.806139
5024,24,11,302,47,2026-07-25 11:43:17.806149,2026-07-25 11:43:17.806149,2026-07-25 11:43:17.806149
5025,25,11,401,47,2026-07-25 11:43:17.806158,2026-07-25 11:43:17.806158,2026-07-25 11:43:17.806158
5026,26,11,290,70,2026-07-25 11:43:17.806168,2026-07-25 11:43:17.806168,2026-07-25 11:43:17.806168
5027,27,11,175,54,2026-07-25 11:43:17.806178,2026-07-25 11:43:17.806178,2026-07-25 11:43:17.806178
5028,28,11,355,35,2026-07-25 11:43:17.806188,2026-07-25 11:43:17.806188,2026-07-25 11:43:17.806188
5029,29,11,88,62,2026-07-25 11:43:17.806197,2026-07-25 11:43:17.806197,2026-07-25 11:43:17.806197
5030,30,11,342,24,2026-07-25 11:43:17.806207,2026-07-25 11:43:17.806207,2026-07-25 11:43:17.806207
5031,31,11,378,79,2026-07-25 11:43:17.806217,2026-07-25 11:43:17.806217,2026-07-25 11:43:17.806217
5032,32,11,364,56,2026-07-25 11:43:17.806227,2026-07-25 11:43:17.806227,2026-07-25 11:43:17.806227
5033,33,11,428,51,2026-07-25 11:43:17.806236,2026-07-25 11:43:17.806236,2026-07-25 11:43:17.806236
5034,34,11,58,57,2026-07-25 11:43:17.806246,2026-07-25 11:43:17.806246,2026-07-25 11:43:17.806246
5035,35,11,305,49,2026-07-25 11:43:17.806255,2026-07-25 11:43:17.806255,2026-07-25 11:43:17.806255
5036,36,11,166,55,2026-07-25 11:43:17.806265,2026-07-25 11:43:17.806265,2026-07-25 11:43:17.806265
5037,37,11,49,72,2026-07-25 11:43:17.806275,2026-07-25 11:43:17.806275,2026-07-25 11:43:17.806275
5038,38,11,227,31,2026-07-25 11:43:17.806285,2026-07-25 11:43:17.806285,2026-07-25 11:43:17.806285
5039,39,11,157,45,2026-07-25 11:43:17.806295,2026-07-25 11:43:17.806295,2026-07-25 11:43:17.806295
5040,40,11,35,58,2026-07-25 11:43:17.806304,2026-07-25 11:43:17.806304,2026-07-25 11:43:17.806304
5041,41,11,55,63,2026-07-25 11:43:17.806314,2026-07-25 11:43:17.806314,2026-07-25 11:43:17.806314
5042,42,11,416,58,2026-07-25 11:43:17.806324,2026-07-25 11:43:17.806324,2026-07-25 11:43:17.806324
5043,43,11,394,72,2026-07-25 11:43:17.806333,2026-07-25 11:43:17.806333,2026-07-25 11:43:17.806333
5044,44,11,194,40,2026-07-25 11:43:17.806343,2026-07-25 11:43:17.806343,2026-07-25 11:43:17.806343
5045,45,11,253,61,2026-07-25 11:43:17.806353,2026-07-25 11:43:17.806353,2026-07-25 11:43:17.806353
5046,46,11,338,23,2026-07-25 11:43:17.806363,2026-07-25 11:43:17.806363,2026-07-25 11:43:17.806363
5047,47,11,46,33,2026-07-25 11:43:17.806372,2026-07-25 11:43:17.806372,2026-07-25 11:43:17.806372
5048,48,11,418,28,2026-07-25 11:43:17.806382,2026-07-25 11:43:17.806382,2026-07-25 11:43:17.806382
5049,49,11,454,57,2026-07-25 11:43:17.806392,2026-07-25 11:43:17.806392,2026-07-25 11:43:17.806392
5050,50,11,462,68,2026-07-25 11:43:17.806401,2026-07-25 11:43:17.806401,2026-07-25 11:43:17.806401
5051,51,11,325,71,2026-07-25 11:43:17.806411,2026-07-25 11:43:17.806411,2026-07-25 11:43:17.806411
5052,52,11,0,68,2026-07-25 11:43:17.806421,2026-07-25 11:43:17.806421,2026-07-25 11:43:17.806421
5053,53,11,75,62,2026-07-25 11:43:17.806430,2026-07-25 11:43:17.806430,2026-07-25 11:43:17.806430
5054,54,11,76,48,2026-07-25 11:43:17.806440,2026-07-25 11:43:17.806440,2026-07-25 11:43:17.806440
5055,55,11,272,38,2026-07-25 11:43:17.806450,2026-07-25 11:43:17.806450,2026-07-25 11:43:17.806450
5056,56,11,199,59,2026-07-25 11:43:17.806460,2026-07-25 11:43:17.806460,2026-07-25 11:43:17.806460
5057,57,11,295,48,2026-07-25 11:43:17.806469,2026-07-25 11:43:17.806469,2026-07-25 11:43:17.806469
5058,58,11,100,33,2026-07-25 11:43:17.806479,2026-07-25 11:43:17.806479,2026-07-25 11:43:17.806479
5059,59,11,348,76,2026-07-25 11:43:17.806489,2026-07-25 11:43:17.806489,2026-07-25 11:43:17.806489
5060,60,11,162,39,2026-07-25 11:43:17.806498,2026-07-25 11:43:17.806498,2026-07-25 11:43:17.806498
5061,61,11,291,70,2026-07-25 11:43:17.806508,2026-07-25 11:43:17.806508,2026-07-25 11:43:17.806508
5062,62,11,467,63,2026-07-25 11:43:17.806518,2026-07-25 11:43:17.806518,2026-07-25 11:43:17.806518
5063,63,11,155,78,2026-07-25 11:43:17.806528,2026-07-25 11:43:17.806528,2026-07-25 11:43:17.806528
5064,64,11,482,79,2026-07-25 11:43:17.806537,2026-07-25 11:43:17.806537,2026-07-25 11:43:17.806537
5065,65,11,222,65,2026-07-25 11:43:17.806547,2026-07-25 11:43:17.806547,2026-07-25 11:43:17.806547
5066,66,11,468,42,2026-07-25 11:43:17.806557,2026-07-25 11:43:17.806557,2026-07-25 11:43:17.806557
5067,67,11,45,57,2026-07-25 11:43:17.806567,2026-07-25 11:43:17.806567,2026-07-25 11:43:17.806567
5068,68,11,4,59,2026-07-25 11:43:17.806576,2026-07-25 11:43:17.806576,2026-07-25 11:43:17.806576
5069,69,11,261,45,2026-07-25 11:43:17.806586,2026-07-25 11:43:17.806586,2026-07-25 11:43:17.806586
5070,70,11,433,28,2026-07-25 11:43:17.806596,2026-07-25 11:43:17.806596,2026-07-25 11:43:17.806596
5071,71,11,436,38,2026-07-25 11:43:17.806606,2026-07-25 11:43:17.806606,2026-07-25 11:43:17.806606
5072,72,11,31,43,2026-07-25 11:43:17.806615,2026-07-25 11:43:17.806615,2026-07-25 11:43:17.806615
5073,73,11,461,55,2026-07-25 11:43:17.806625,2026-07-25 11:43:17.806625,2026-07-25 11:43:17.806625
5074,74,11,495,23,2026-07-25 11:43:17.806635,2026-07-25 11:43:17.806635,2026-07-25 11:43:17.806635
5075,75,11,0,65,2026-07-25 11:43:17.806644,2026-07-25 11:43:17.806644,2026-07-25 11:43:17.806644
5076,76,11,286,72,2026-07-25 11:43:17.806658,2026-07-25 11:43:17.806658,2026-07-25 11:43:17.806658
5077,77,11,183,27,2026-07-25 11:43:17.806667,2026-07-25 11:43:17.806667,2026-07-25 11:43:17.806667
5078,78,11,440,38,2026-07-25 11:43:17.806677,2026-07-25 11:43:17.806677,2026-07-25 11:43:17.806677
5079,79,11,443,21,2026-07-25 11:43:17.806687,2026-07-25 11:43:17.806687,2026-07-25 11:43:17.806687
5080,80,11,120,47,2026-07-25 11:43:17.806697,2026-07-25 11:43:17.806697,2026-07-25 11:43:17.806697
5081,81,11,359,57,2026-07-25 11:43:17.806706,2026-07-25 11:43:17.806706,2026-07-25 11:43:17.806706
5082,82,11,201,60,2026-07-25 11:43:17.806716,2026-07-25 11:43:17.806716,2026-07-25 11:43:17.806716
5083,83,11,162,65,2026-07-25 11:43:17.806726,2026-07-25 11:43:17.806726,2026-07-25 11:43:17.806726
5084,84,11,195,45,2026-07-25 11:43:17.806735,2026-07-25 11:43:17.806735,2026-07-25 11:43:17.806735
5085,85,11,195,47,2026-07-25 11:43:17.806745,2026-07-25 11:43:17.806745,2026-07-25 11:43:17.806745
5086,86,11,279,33,2026-07-25 11:43:17.806755,2026-07-25 11:43:17.806755,2026-07-25 11:43:17.806755
5087,87,11,339,31,2026-07-25 11:43:17.806764,2026-07-25 11:43:17.806764,2026-07-25 11:43:17.806764
5088,88,11,243,28,2026-07-25 11:43:17.806775,2026-07-25 11:43:17.806775,2026-07-25 11:43:17.806775
5089,89,11,96,55,2026-07-25 11:43:17.806785,2026-07-25 11:43:17.806785,2026-07-25 11:43:17.806785
5090,90,11,196,73,2026-07-25 11:43:17.806795,2026-07-25 11:43:17.806795,2026-07-25 11:43:17.806795
5091,91,11,473,43,2026-07-25 11:43:17.806805,2026-07-25 11:43:17.806805,2026-07-25 11:43:17.806805
5092,92,11,430,46,2026-07-25 11:43:17.806816,2026-07-25 11:43:17.806816,2026-07-25 11:43:17.806816
5093,93,11,78,38,2026-07-25 11:43:17.806826,2026-07-25 11:43:17.806826,2026-07-25 11:43:17.806826
5094,94,11,446,62,2026-07-25 11:43:17.806836,2026-07-25 11:43:17.806836,2026-07-25 11:43:17.806836
5095,95,11,64,28,2026-07-25 11:43:17.806845,2026-07-25 11:43:17.806845,2026-07-25 11:43:17.806845
5096,96,11,5,24,2026-07-25 11:43:17.806855,2026-07-25 11:43:17.806855,2026-07-25 11:43:17.806855
5097,97,11,331,21,2026-07-25 11:43:17.806865,2026-07-25 11:43:17.806865,2026-07-25 11:43:17.806865
5098,98,11,73,66,2026-07-25 11:43:17.806874,2026-07-25 11:43:17.806874,2026-07-25 11:43:17.806874
5099,99,11,453,51,2026-07-25 11:43:17.806884,2026-07-25 11:43:17.806884,2026-07-25 11:43:17.806884
5100,100,11,336,47,2026-07-25 11:43:17.806894,2026-07-25 11:43:17.806894,2026-07-25 11:43:17.806894
5101,101,11,499,28,2026-07-25 11:43:17.806904,2026-07-25 11:43:17.806904,2026-07-25 11:43:17.806904
5102,102,11,43,28,2026-07-25 11:43:17.806913,2026-07-25 11:43:17.806913,2026-07-25 11:43:17.806913
5103,103,11,328,71,2026-07-25 11:43:17.806923,2026-07-25 11:43:17.806923,2026-07-25 11:43:17.806923
5104,104,11,212,75,2026-07-25 11:43:17.806933,2026-07-25 11:43:17.806933,2026-07-25 11:43:17.806933
5105,105,11,233,77,2026-07-25 11:43:17.806942,2026-07-25 11:43:17.806942,2026-07-25 11:43:17.806942
5106,106,11,403,64,2026-07-25 11:43:17.806952,2026-07-25 11:43:17.806952,2026-07-25 11:43:17.806952
5107,107,11,309,79,2026-07-25 11:43:17.806962,2026-07-25 11:43:17.806962,2026-07-25 11:43:17.806962
5108,108,11,217,59,2026-07-25 11:43:17.806971,2026-07-25 11:43:17.806971,2026-07-25 11:43:17.806971
5109,109,11,92,49,2026-07-25 11:43:17.806981,2026-07-25 11:43:17.806981,2026-07-25 11:43:17.806981
5110,110,11,260,47,2026-07-25 11:43:17.806991,2026-07-25 11:43:17.806991,2026-07-25 11:43:17.806991
5111,111,11,282,72,2026-07-25 11:43:17.807000,2026-07-25 11:43:17.807000,2026-07-25 11:43:17.807000
5112,112,11,230,44,2026-07-25 11:43:17.807010,2026-07-25 11:43:17.807010,2026-07-25 11:43:17.807010
5113,113,11,181,34,2026-07-25 11:43:17.807020,2026-07-25 11:43:17.807020,2026-07-25 11:43:17.807020
5114,114,11,95,47,2026-07-25 11:43:17.807029,2026-07-25 11:43:17.807029,2026-07-25 11:43:17.807029
5115,115,11,309,20,2026-07-25 11:43:17.807039,2026-07-25 11:43:17.807039,2026-07-25 11:43:17.807039
5116,116,11,295,51,2026-07-25 11:43:17.807048,2026-07-25 11:43:17.807048,2026-07-25 11:43:17.807048
5117,117,11,433,66,2026-07-25 11:43:17.807058,2026-07-25 11:43:17.807058,2026-07-25 11:43:17.807058
5118,118,11,121,65,2026-07-25 11:43:17.807068,2026-07-25 11:43:17.807068,2026-07-25 11:43:17.807068
5119,119,11,256,37,2026-07-25 11:43:17.807077,2026-07-25 11:43:17.807077,2026-07-25 11:43:17.807077
5120,120,11,210,79,2026-07-25 11:43:17.807087,2026-07-25 11:43:17.807087,2026-07-25 11:43:17.807087
5121,121,11,279,56,2026-07-25 11:43:17.807096,2026-07-25 11:43:17.807096,2026-07-25 11:43:17.807096
5122,122,11,187,22,2026-07-25 11:43:17.807106,2026-07-25 11:43:17.807106,2026-07-25 11:43:17.807106
5123,123,11,500,22,2026-07-25 11:43:17.807116,2026-07-25 11:43:17.807116,2026-07-25 11:43:17.807116
5124,124,11,290,50,2026-07-25 11:43:17.807125,2026-07-25 11:43:17.807125,2026-07-25 11:43:17.807125
5125,125,11,360,43,2026-07-25 11:43:17.807135,2026-07-25 11:43:17.807135,2026-07-25 11:43:17.807135
5126,126,11,57,57,2026-07-25 11:43:17.807145,2026-07-25 11:43:17.807145,2026-07-25 11:43:17.807145
5127,127,11,246,64,2026-07-25 11:43:17.807155,2026-07-25 11:43:17.807155,2026-07-25 11:43:17.807155
5128,128,11,40,29,2026-07-25 11:43:17.807164,2026-07-25 11:43:17.807164,2026-07-25 11:43:17.807164
5129,129,11,373,66,2026-07-25 11:43:17.807174,2026-07-25 11:43:17.807174,2026-07-25 11:43:17.807174
5130,130,11,269,74,2026-07-25 11:43:17.807184,2026-07-25 11:43:17.807184,2026-07-25 11:43:17.807184
5131,131,11,384,69,2026-07-25 11:43:17.807193,2026-07-25 11:43:17.807193,2026-07-25 11:43:17.807193
5132,132,11,143,49,2026-07-25 11:43:17.807203,2026-07-25 11:43:17.807203,2026-07-25 11:43:17.807203
5133,133,11,264,25,2026-07-25 11:43:17.807213,2026-07-25 11:43:17.807213,2026-07-25 11:43:17.807213
5134,134,11,267,76,2026-07-25 11:43:17.807222,2026-07-25 11:43:17.807222,2026-07-25 11:43:17.807222
5135,135,11,312,25,2026-07-25 11:43:17.807232,2026-07-25 11:43:17.807232,2026-07-25 11:43:17.807232
5136,136,11,125,50,2026-07-25 11:43:17.807242,2026-07-25 11:43:17.807242,2026-07-25 11:43:17.807242
5137,137,11,322,67,2026-07-25 11:43:17.807251,2026-07-25 11:43:17.807251,2026-07-25 11:43:17.807251
5138,138,11,339,62,2026-07-25 11:43:17.807261,2026-07-25 11:43:17.807261,2026-07-25 11:43:17.807261
5139,139,11,39,63,2026-07-25 11:43:17.807271,2026-07-25 11:43:17.807271,2026-07-25 11:43:17.807271
5140,140,11,324,54,2026-07-25 11:43:17.807280,2026-07-25 11:43:17.807280,2026-07-25 11:43:17.807280
5141,141,11,408,57,2026-07-25 11:43:17.807290,2026-07-25 11:43:17.807290,2026-07-25 11:43:17.807290
5142,142,11,159,59,2026-07-25 11:43:17.807300,2026-07-25 11:43:17.807300,2026-07-25 11:43:17.807300
5143,143,11,27,77,2026-07-25 11:43:17.807309,2026-07-25 11:43:17.807309,2026-07-25 11:43:17.807309
5144,144,11,175,54,2026-07-25 11:43:17.807319,2026-07-25 11:43:17.807319,2026-07-25 11:43:17.807319
5145,145,11,398,20,2026-07-25 11:43:17.807329,2026-07-25 11:43:17.807329,2026-07-25 11:43:17.807329
5146,146,11,240,49,2026-07-25 11:43:17.807338,2026-07-25 11:43:17.807338,2026-07-25 11:43:17.807338
5147,147,11,262,77,2026-07-25 11:43:17.807348,2026-07-25 11:43:17.807348,2026-07-25 11:43:17.807348
5148,148,11,240,56,2026-07-25 11:43:17.807358,2026-07-25 11:43:17.807358,2026-07-25 11:43:17.807358
5149,149,11,375,41,2026-07-25 11:43:17.807367,2026-07-25 11:43:17.807367,2026-07-25 11:43:17.807367
5150,150,11,215,42,2026-07-25 11:43:17.807377,2026-07-25 11:43:17.807377,2026-07-25 11:43:17.807377
5151,151,11,491,71,2026-07-25 11:43:17.807387,2026-07-25 11:43:17.807387,2026-07-25 11:43:17.807387
5152,152,11,150,38,2026-07-25 11:43:17.807397,2026-07-25 11:43:17.807397,2026-07-25 11:43:17.807397
5153,153,11,85,22,2026-07-25 11:43:17.807406,2026-07-25 11:43:17.807406,2026-07-25 11:43:17.807406
5154,154,11,355,79,2026-07-25 11:43:17.807416,2026-07-25 11:43:17.807416,2026-07-25 11:43:17.807416
5155,155,11,305,67,2026-07-25 11:43:17.807425,2026-07-25 11:43:17.807425,2026-07-25 11:43:17.807425
5156,156,11,155,66,2026-07-25 11:43:17.807435,2026-07-25 11:43:17.807435,2026-07-25 11:43:17.807435
5157,157,11,401,56,2026-07-25 11:43:17.807445,2026-07-25 11:43:17.807445,2026-07-25 11:43:17.807445
5158,158,11,133,23,2026-07-25 11:43:17.807454,2026-07-25 11:43:17.807454,2026-07-25 11:43:17.807454
5159,159,11,322,50,2026-07-25 11:43:17.807464,2026-07-25 11:43:17.807464,2026-07-25 11:43:17.807464
5160,160,11,296,30,2026-07-25 11:43:17.807474,2026-07-25 11:43:17.807474,2026-07-25 11:43:17.807474
5161,161,11,293,23,2026-07-25 11:43:17.807484,2026-07-25 11:43:17.807484,2026-07-25 11:43:17.807484
5162,162,11,336,38,2026-07-25 11:43:17.807493,2026-07-25 11:43:17.807493,2026-07-25 11:43:17.807493
5163,163,11,414,67,2026-07-25 11:43:17.807503,2026-07-25 11:43:17.807503,2026-07-25 11:43:17.807503
5164,164,11,319,21,2026-07-25 11:43:17.807513,2026-07-25 11:43:17.807513,2026-07-25 11:43:17.807513
5165,165,11,146,51,2026-07-25 11:43:17.807522,2026-07-25 11:43:17.807522,2026-07-25 11:43:17.807522
5166,166,11,42,28,2026-07-25 11:43:17.807532,2026-07-25 11:43:17.807532,2026-07-25 11:43:17.807532
5167,167,11,258,24,2026-07-25 11:43:17.807542,2026-07-25 11:43:17.807542,2026-07-25 11:43:17.807542
5168,168,11,435,70,2026-07-25 11:43:17.807552,2026-07-25 11:43:17.807552,2026-07-25 11:43:17.807552
5169,169,11,142,36,2026-07-25 11:43:17.807561,2026-07-25 11:43:17.807561,2026-07-25 11:43:17.807561
5170,170,11,67,59,2026-07-25 11:43:17.807572,2026-07-25 11:43:17.807572,2026-07-25 11:43:17.807572
5171,171,11,143,37,2026-07-25 11:43:17.807582,2026-07-25 11:43:17.807582,2026-07-25 11:43:17.807582
5172,172,11,439,36,2026-07-25 11:43:17.807591,2026-07-25 11:43:17.807591,2026-07-25 11:43:17.807591
5173,173,11,7,67,2026-07-25 11:43:17.807601,2026-07-25 11:43:17.807601,2026-07-25 11:43:17.807601
5174,174,11,57,58,2026-07-25 11:43:17.807611,2026-07-25 11:43:17.807611,2026-07-25 11:43:17.807611
5175,175,11,89,78,2026-07-25 11:43:17.807621,2026-07-25 11:43:17.807621,2026-07-25 11:43:17.807621
5176,176,11,302,67,2026-07-25 11:43:17.807630,2026-07-25 11:43:17.807630,2026-07-25 11:43:17.807630
5177,177,11,77,62,2026-07-25 11:43:17.807640,2026-07-25 11:43:17.807640,2026-07-25 11:43:17.807640
5178,178,11,228,43,2026-07-25 11:43:17.807650,2026-07-25 11:43:17.807650,2026-07-25 11:43:17.807650
5179,179,11,413,31,2026-07-25 11:43:17.807659,2026-07-25 11:43:17.807659,2026-07-25 11:43:17.807659
5180,180,11,133,70,2026-07-25 11:43:17.807669,2026-07-25 11:43:17.807669,2026-07-25 11:43:17.807669
5181,181,11,358,35,2026-07-25 11:43:17.807678,2026-07-25 11:43:17.807678,2026-07-25 11:43:17.807678
5182,182,11,248,31,2026-07-25 11:43:17.807688,2026-07-25 11:43:17.807688,2026-07-25 11:43:17.807688
5183,183,11,409,53,2026-07-25 11:43:17.807698,2026-07-25 11:43:17.807698,2026-07-25 11:43:17.807698
5184,184,11,441,22,2026-07-25 11:43:17.807707,2026-07-25 11:43:17.807707,2026-07-25 11:43:17.807707
5185,185,11,175,25,2026-07-25 11:43:17.807717,2026-07-25 11:43:17.807717,2026-07-25 11:43:17.807717
5186,186,11,495,29,2026-07-25 11:43:17.807727,2026-07-25 11:43:17.807727,2026-07-25 11:43:17.807727
5187,187,11,304,79,2026-07-25 11:43:17.807736,2026-07-25 11:43:17.807736,2026-07-25 11:43:17.807736
5188,188,11,420,29,2026-07-25 11:43:17.807746,2026-07-25 11:43:17.807746,2026-07-25 11:43:17.807746
5189,189,11,428,51,2026-07-25 11:43:17.807756,2026-07-25 11:43:17.807756,2026-07-25 11:43:17.807756
5190,190,11,385,46,2026-07-25 11:43:17.807765,2026-07-25 11:43:17.807765,2026-07-25 11:43:17.807765
5191,191,11,394,44,2026-07-25 11:43:17.807775,2026-07-25 11:43:17.807775,2026-07-25 11:43:17.807775
5192,192,11,121,62,2026-07-25 11:43:17.807785,2026-07-25 11:43:17.807785,2026-07-25 11:43:17.807785
5193,193,11,225,66,2026-07-25 11:43:17.807794,2026-07-25 11:43:17.807794,2026-07-25 11:43:17.807794
5194,194,11,326,30,2026-07-25 11:43:17.807804,2026-07-25 11:43:17.807804,2026-07-25 11:43:17.807804
5195,195,11,107,56,2026-07-25 11:43:17.807813,2026-07-25 11:43:17.807813,2026-07-25 11:43:17.807813
5196,196,11,375,73,2026-07-25 11:43:17.807823,2026-07-25 11:43:17.807823,2026-07-25 11:43:17.807823
5197,197,11,176,23,2026-07-25 11:43:17.807833,2026-07-25 11:43:17.807833,2026-07-25 11:43:17.807833
5198,198,11,328,36,2026-07-25 11:43:17.807842,2026-07-25 11:43:17.807842,2026-07-25 11:43:17.807842
5199,199,11,386,72,2026-07-25 11:43:17.807852,2026-07-25 11:43:17.807852,2026-07-25 11:43:17.807852
5200,200,11,59,23,2026-07-25 11:43:17.807862,2026-07-25 11:43:17.807862,2026-07-25 11:43:17.807862
5201,201,11,85,49,2026-07-25 11:43:17.807871,2026-07-25 11:43:17.807871,2026-07-25 11:43:17.807871
5202,202,11,204,50,2026-07-25 11:43:17.807881,2026-07-25 11:43:17.807881,2026-07-25 11:43:17.807881
5203,203,11,154,50,2026-07-25 11:43:17.807892,2026-07-25 11:43:17.807892,2026-07-25 11:43:17.807892
5204,204,11,382,80,2026-07-25 11:43:17.807901,2026-07-25 11:43:17.807901,2026-07-25 11:43:17.807901
5205,205,11,385,79,2026-07-25 11:43:17.807911,2026-07-25 11:43:17.807911,2026-07-25 11:43:17.807911
5206,206,11,272,34,2026-07-25 11:43:17.807921,2026-07-25 11:43:17.807921,2026-07-25 11:43:17.807921
5207,207,11,194,63,2026-07-25 11:43:17.807930,2026-07-25 11:43:17.807930,2026-07-25 11:43:17.807930
5208,208,11,361,44,2026-07-25 11:43:17.807940,2026-07-25 11:43:17.807940,2026-07-25 11:43:17.807940
5209,209,11,242,36,2026-07-25 11:43:17.807949,2026-07-25 11:43:17.807949,2026-07-25 11:43:17.807949
5210,210,11,74,53,2026-07-25 11:43:17.807959,2026-07-25 11:43:17.807959,2026-07-25 11:43:17.807959
5211,211,11,445,47,2026-07-25 11:43:17.807969,2026-07-25 11:43:17.807969,2026-07-25 11:43:17.807969
5212,212,11,6,38,2026-07-25 11:43:17.807978,2026-07-25 11:43:17.807978,2026-07-25 11:43:17.807978
5213,213,11,474,71,2026-07-25 11:43:17.807988,2026-07-25 11:43:17.807988,2026-07-25 11:43:17.807988
5214,214,11,229,44,2026-07-25 11:43:17.807998,2026-07-25 11:43:17.807998,2026-07-25 11:43:17.807998
5215,215,11,347,40,2026-07-25 11:43:17.808007,2026-07-25 11:43:17.808007,2026-07-25 11:43:17.808007
5216,216,11,492,53,2026-07-25 11:43:17.808017,2026-07-25 11:43:17.808017,2026-07-25 11:43:17.808017
5217,217,11,349,22,2026-07-25 11:43:17.808027,2026-07-25 11:43:17.808027,2026-07-25 11:43:17.808027
5218,218,11,49,78,2026-07-25 11:43:17.808053,2026-07-25 11:43:17.808053,2026-07-25 11:43:17.808053
5219,219,11,272,60,2026-07-25 11:43:17.808063,2026-07-25 11:43:17.808063,2026-07-25 11:43:17.808063
5220,220,11,181,74,2026-07-25 11:43:17.808073,2026-07-25 11:43:17.808073,2026-07-25 11:43:17.808073
5221,221,11,221,59,2026-07-25 11:43:17.808083,2026-07-25 11:43:17.808083,2026-07-25 11:43:17.808083
5222,222,11,470,61,2026-07-25 11:43:17.808093,2026-07-25 11:43:17.808093,2026-07-25 11:43:17.808093
5223,223,11,439,37,2026-07-25 11:43:17.808102,2026-07-25 11:43:17.808102,2026-07-25 11:43:17.808102
5224,224,11,171,37,2026-07-25 11:43:17.808112,2026-07-25 11:43:17.808112,2026-07-25 11:43:17.808112
5225,225,11,136,71,2026-07-25 11:43:17.808122,2026-07-25 11:43:17.808122,2026-07-25 11:43:17.808122
5226,226,11,50,36,2026-07-25 11:43:17.808131,2026-07-25 11:43:17.808131,2026-07-25 11:43:17.808131
5227,227,11,335,57,2026-07-25 11:43:17.808141,2026-07-25 11:43:17.808141,2026-07-25 11:43:17.808141
5228,228,11,200,49,2026-07-25 11:43:17.808151,2026-07-25 11:43:17.808151,2026-07-25 11:43:17.808151
5229,229,11,395,63,2026-07-25 11:43:17.808160,2026-07-25 11:43:17.808160,2026-07-25 11:43:17.808160
5230,230,11,383,35,2026-07-25 11:43:17.808170,2026-07-25 11:43:17.808170,2026-07-25 11:43:17.808170
5231,231,11,375,63,2026-07-25 11:43:17.808180,2026-07-25 11:43:17.808180,2026-07-25 11:43:17.808180
5232,232,11,301,69,2026-07-25 11:43:17.808190,2026-07-25 11:43:17.808190,2026-07-25 11:43:17.808190
5233,233,11,99,53,2026-07-25 11:43:17.808199,2026-07-25 11:43:17.808199,2026-07-25 11:43:17.808199
5234,234,11,172,63,2026-07-25 11:43:17.808209,2026-07-25 11:43:17.808209,2026-07-25 11:43:17.808209
5235,235,11,353,31,2026-07-25 11:43:17.808219,2026-07-25 11:43:17.808219,2026-07-25 11:43:17.808219
5236,236,11,160,55,2026-07-25 11:43:17.808229,2026-07-25 11:43:17.808229,2026-07-25 11:43:17.808229
5237,237,11,5,63,2026-07-25 11:43:17.808238,2026-07-25 11:43:17.808238,2026-07-25 11:43:17.808238
5238,238,11,4,73,2026-07-25 11:43:17.808248,2026-07-25 11:43:17.808248,2026-07-25 11:43:17.808248
5239,239,11,34,20,2026-07-25 11:43:17.808258,2026-07-25 11:43:17.808258,2026-07-25 11:43:17.808258
5240,240,11,210,26,2026-07-25 11:43:17.808267,2026-07-25 11:43:17.808267,2026-07-25 11:43:17.808267
5241,241,11,268,26,2026-07-25 11:43:17.808277,2026-07-25 11:43:17.808277,2026-07-25 11:43:17.808277
5242,242,11,350,48,2026-07-25 11:43:17.808287,2026-07-25 11:43:17.808287,2026-07-25 11:43:17.808287
5243,243,11,179,34,2026-07-25 11:43:17.808297,2026-07-25 11:43:17.808297,2026-07-25 11:43:17.808297
5244,244,11,371,38,2026-07-25 11:43:17.808306,2026-07-25 11:43:17.808306,2026-07-25 11:43:17.808306
5245,245,11,128,32,2026-07-25 11:43:17.808316,2026-07-25 11:43:17.808316,2026-07-25 11:43:17.808316
5246,246,11,17,21,2026-07-25 11:43:17.808326,2026-07-25 11:43:17.808326,2026-07-25 11:43:17.808326
5247,247,11,317,25,2026-07-25 11:43:17.808336,2026-07-25 11:43:17.808336,2026-07-25 11:43:17.808336
5248,248,11,29,80,2026-07-25 11:43:17.808351,2026-07-25 11:43:17.808351,2026-07-25 11:43:17.808351
5249,249,11,304,62,2026-07-25 11:43:17.808361,2026-07-25 11:43:17.808361,2026-07-25 11:43:17.808361
5250,250,11,457,73,2026-07-25 11:43:17.808371,2026-07-25 11:43:17.808371,2026-07-25 11:43:17.808371
5251,251,11,111,80,2026-07-25 11:43:17.808380,2026-07-25 11:43:17.808380,2026-07-25 11:43:17.808380
5252,252,11,306,60,2026-07-25 11:43:17.808390,2026-07-25 11:43:17.808390,2026-07-25 11:43:17.808390
5253,253,11,62,65,2026-07-25 11:43:17.808400,2026-07-25 11:43:17.808400,2026-07-25 11:43:17.808400
5254,254,11,490,27,2026-07-25 11:43:17.808409,2026-07-25 11:43:17.808409,2026-07-25 11:43:17.808409
5255,255,11,44,74,2026-07-25 11:43:17.808419,2026-07-25 11:43:17.808419,2026-07-25 11:43:17.808419
5256,256,11,309,28,2026-07-25 11:43:17.808429,2026-07-25 11:43:17.808429,2026-07-25 11:43:17.808429
5257,257,11,192,62,2026-07-25 11:43:17.808438,2026-07-25 11:43:17.808438,2026-07-25 11:43:17.808438
5258,258,11,391,77,2026-07-25 11:43:17.808447,2026-07-25 11:43:17.808447,2026-07-25 11:43:17.808447
5259,259,11,331,56,2026-07-25 11:43:17.808457,2026-07-25 11:43:17.808457,2026-07-25 11:43:17.808457
5260,260,11,411,31,2026-07-25 11:43:17.808466,2026-07-25 11:43:17.808466,2026-07-25 11:43:17.808466
5261,261,11,458,27,2026-07-25 11:43:17.808475,2026-07-25 11:43:17.808475,2026-07-25 11:43:17.808475
5262,262,11,356,31,2026-07-25 11:43:17.808484,2026-07-25 11:43:17.808484,2026-07-25 11:43:17.808484
5263,263,11,129,38,2026-07-25 11:43:17.808493,2026-07-25 11:43:17.808493,2026-07-25 11:43:17.808493
5264,264,11,239,62,2026-07-25 11:43:17.808502,2026-07-25 11:43:17.808502,2026-07-25 11:43:17.808502
5265,265,11,479,24,2026-07-25 11:43:17.808512,2026-07-25 11:43:17.808512,2026-07-25 11:43:17.808512
5266,266,11,327,49,2026-07-25 11:43:17.808522,2026-07-25 11:43:17.808522,2026-07-25 11:43:17.808522
5267,267,11,472,37,2026-07-25 11:43:17.808531,2026-07-25 11:43:17.808531,2026-07-25 11:43:17.808531
5268,268,11,393,47,2026-07-25 11:43:17.808541,2026-07-25 11:43:17.808541,2026-07-25 11:43:17.808541
5269,269,11,354,77,2026-07-25 11:43:17.808551,2026-07-25 11:43:17.808551,2026-07-25 11:43:17.808551
5270,270,11,341,69,2026-07-25 11:43:17.808560,2026-07-25 11:43:17.808560,2026-07-25 11:43:17.808560
5271,271,11,394,40,2026-07-25 11:43:17.808570,2026-07-25 11:43:17.808570,2026-07-25 11:43:17.808570
5272,272,11,131,30,2026-07-25 11:43:17.808580,2026-07-25 11:43:17.808580,2026-07-25 11:43:17.808580
5273,273,11,399,24,2026-07-25 11:43:17.808589,2026-07-25 11:43:17.808589,2026-07-25 11:43:17.808589
5274,274,11,141,69,2026-07-25 11:43:17.808599,2026-07-25 11:43:17.808599,2026-07-25 11:43:17.808599
5275,275,11,31,44,2026-07-25 11:43:17.808609,2026-07-25 11:43:17.808609,2026-07-25 11:43:17.808609
5276,276,11,198,41,2026-07-25 11:43:17.808618,2026-07-25 11:43:17.808618,2026-07-25 11:43:17.808618
5277,277,11,30,36,2026-07-25 11:43:17.808628,2026-07-25 11:43:17.808628,2026-07-25 11:43:17.808628
5278,278,11,489,72,2026-07-25 11:43:17.808638,2026-07-25 11:43:17.808638,2026-07-25 11:43:17.808638
5279,279,11,135,31,2026-07-25 11:43:17.808647,2026-07-25 11:43:17.808647,2026-07-25 11:43:17.808647
5280,280,11,225,24,2026-07-25 11:43:17.808657,2026-07-25 11:43:17.808657,2026-07-25 11:43:17.808657
5281,281,11,251,79,2026-07-25 11:43:17.808667,2026-07-25 11:43:17.808667,2026-07-25 11:43:17.808667
5282,282,11,102,59,2026-07-25 11:43:17.808676,2026-07-25 11:43:17.808676,2026-07-25 11:43:17.808676
5283,283,11,201,31,2026-07-25 11:43:17.808686,2026-07-25 11:43:17.808686,2026-07-25 11:43:17.808686
5284,284,11,330,51,2026-07-25 11:43:17.808696,2026-07-25 11:43:17.808696,2026-07-25 11:43:17.808696
5285,285,11,55,29,2026-07-25 11:43:17.808705,2026-07-25 11:43:17.808705,2026-07-25 11:43:17.808705
5286,286,11,276,69,2026-07-25 11:43:17.808715,2026-07-25 11:43:17.808715,2026-07-25 11:43:17.808715
5287,287,11,220,33,2026-07-25 11:43:17.808724,2026-07-25 11:43:17.808724,2026-07-25 11:43:17.808724
5288,288,11,314,61,2026-07-25 11:43:17.808734,2026-07-25 11:43:17.808734,2026-07-25 11:43:17.808734
5289,289,11,54,78,2026-07-25 11:43:17.808744,2026-07-25 11:43:17.808744,2026-07-25 11:43:17.808744
5290,290,11,226,65,2026-07-25 11:43:17.808754,2026-07-25 11:43:17.808754,2026-07-25 11:43:17.808754
5291,291,11,132,26,2026-07-25 11:43:17.808764,2026-07-25 11:43:17.808764,2026-07-25 11:43:17.808764
5292,292,11,17,24,2026-07-25 11:43:17.808773,2026-07-25 11:43:17.808773,2026-07-25 11:43:17.808773
5293,293,11,36,56,2026-07-25 11:43:17.808783,2026-07-25 11:43:17.808783,2026-07-25 11:43:17.808783
5294,294,11,372,36,2026-07-25 11:43:17.808793,2026-07-25 11:43:17.808793,2026-07-25 11:43:17.808793
5295,295,11,397,48,2026-07-25 11:43:17.808802,2026-07-25 11:43:17.808802,2026-07-25 11:43:17.808802
5296,296,11,9,77,2026-07-25 11:43:17.808812,2026-07-25 11:43:17.808812,2026-07-25 11:43:17.808812
5297,297,11,254,29,2026-07-25 11:43:17.808822,2026-07-25 11:43:17.808822,2026-07-25 11:43:17.808822
5298,298,11,334,60,2026-07-25 11:43:17.808831,2026-07-25 11:43:17.808831,2026-07-25 11:43:17.808831
5299,299,11,0,79,2026-07-25 11:43:17.808841,2026-07-25 11:43:17.808841,2026-07-25 11:43:17.808841
5300,300,11,19,62,2026-07-25 11:43:17.808857,2026-07-25 11:43:17.808857,2026-07-25 11:43:17.808857
5301,301,11,199,37,2026-07-25 11:43:17.808867,2026-07-25 11:43:17.808867,2026-07-25 11:43:17.808867
5302,302,11,77,64,2026-07-25 11:43:17.808877,2026-07-25 11:43:17.808877,2026-07-25 11:43:17.808877
5303,303,11,168,77,2026-07-25 11:43:17.808887,2026-07-25 11:43:17.808887,2026-07-25 11:43:17.808887
5304,304,11,200,56,2026-07-25 11:43:17.808896,2026-07-25 11:43:17.808896,2026-07-25 11:43:17.808896
5305,305,11,1,52,2026-07-25 11:43:17.808906,2026-07-25 11:43:17.808906,2026-07-25 11:43:17.808906
5306,306,11,362,80,2026-07-25 11:43:17.808916,2026-07-25 11:43:17.808916,2026-07-25 11:43:17.808916
5307,307,11,394,51,2026-07-25 11:43:17.808926,2026-07-25 11:43:17.808926,2026-07-25 11:43:17.808926
5308,308,11,244,47,2026-07-25 11:43:17.808935,2026-07-25 11:43:17.808935,2026-07-25 11:43:17.808935
5309,309,11,206,74,2026-07-25 11:43:17.808945,2026-07-25 11:43:17.808945,2026-07-25 11:43:17.808945
5310,310,11,372,69,2026-07-25 11:43:17.808955,2026-07-25 11:43:17.808955,2026-07-25 11:43:17.808955
5311,311,11,415,70,2026-07-25 11:43:17.808965,2026-07-25 11:43:17.808965,2026-07-25 11:43:17.808965
5312,312,11,35,54,2026-07-25 11:43:17.808974,2026-07-25 11:43:17.808974,2026-07-25 11:43:17.808974
5313,313,11,115,20,2026-07-25 11:43:17.808984,2026-07-25 11:43:17.808984,2026-07-25 11:43:17.808984
5314,314,11,196,64,2026-07-25 11:43:17.808994,2026-07-25 11:43:17.808994,2026-07-25 11:43:17.808994
5315,315,11,418,69,2026-07-25 11:43:17.809003,2026-07-25 11:43:17.809003,2026-07-25 11:43:17.809003
5316,316,11,246,27,2026-07-25 11:43:17.809013,2026-07-25 11:43:17.809013,2026-07-25 11:43:17.809013
5317,317,11,290,54,2026-07-25 11:43:17.809023,2026-07-25 11:43:17.809023,2026-07-25 11:43:17.809023
5318,318,11,478,42,2026-07-25 11:43:17.809033,2026-07-25 11:43:17.809033,2026-07-25 11:43:17.809033
5319,319,11,170,63,2026-07-25 11:43:17.809042,2026-07-25 11:43:17.809042,2026-07-25 11:43:17.809042
5320,320,11,155,45,2026-07-25 11:43:17.809052,2026-07-25 11:43:17.809052,2026-07-25 11:43:17.809052
5321,321,11,28,60,2026-07-25 11:43:17.809061,2026-07-25 11:43:17.809061,2026-07-25 11:43:17.809061
5322,322,11,490,61,2026-07-25 11:43:17.809071,2026-07-25 11:43:17.809071,2026-07-25 11:43:17.809071
5323,323,11,46,43,2026-07-25 11:43:17.809080,2026-07-25 11:43:17.809080,2026-07-25 11:43:17.809080
5324,324,11,273,74,2026-07-25 11:43:17.809090,2026-07-25 11:43:17.809090,2026-07-25 11:43:17.809090
5325,325,11,491,41,2026-07-25 11:43:17.809100,2026-07-25 11:43:17.809100,2026-07-25 11:43:17.809100
5326,326,11,41,73,2026-07-25 11:43:17.809111,2026-07-25 11:43:17.809111,2026-07-25 11:43:17.809111
5327,327,11,235,68,2026-07-25 11:43:17.809120,2026-07-25 11:43:17.809120,2026-07-25 11:43:17.809120
5328,328,11,392,38,2026-07-25 11:43:17.809130,2026-07-25 11:43:17.809130,2026-07-25 11:43:17.809130
5329,329,11,331,32,2026-07-25 11:43:17.809140,2026-07-25 11:43:17.809140,2026-07-25 11:43:17.809140
5330,330,11,90,55,2026-07-25 11:43:17.809151,2026-07-25 11:43:17.809151,2026-07-25 11:43:17.809151
5331,331,11,20,44,2026-07-25 11:43:17.809161,2026-07-25 11:43:17.809161,2026-07-25 11:43:17.809161
5332,332,11,338,32,2026-07-25 11:43:17.809170,2026-07-25 11:43:17.809170,2026-07-25 11:43:17.809170
5333,333,11,153,64,2026-07-25 11:43:17.809180,2026-07-25 11:43:17.809180,2026-07-25 11:43:17.809180
5334,334,11,199,77,2026-07-25 11:43:17.809190,2026-07-25 11:43:17.809190,2026-07-25 11:43:17.809190
5335,335,11,54,60,2026-07-25 11:43:17.809200,2026-07-25 11:43:17.809200,2026-07-25 11:43:17.809200
5336,336,11,352,42,2026-07-25 11:43:17.809209,2026-07-25 11:43:17.809209,2026-07-25 11:43:17.809209
5337,337,11,249,25,2026-07-25 11:43:17.809219,2026-07-25 11:43:17.809219,2026-07-25 11:43:17.809219
5338,338,11,453,60,2026-07-25 11:43:17.809229,2026-07-25 11:43:17.809229,2026-07-25 11:43:17.809229
5339,339,11,224,67,2026-07-25 11:43:17.809238,2026-07-25 11:43:17.809238,2026-07-25 11:43:17.809238
5340,340,11,97,28,2026-07-25 11:43:17.809248,2026-07-25 11:43:17.809248,2026-07-25 11:43:17.809248
5341,341,11,18,32,2026-07-25 11:43:17.809257,2026-07-25 11:43:17.809257,2026-07-25 11:43:17.809257
5342,342,11,12,66,2026-07-25 11:43:17.809267,2026-07-25 11:43:17.809267,2026-07-25 11:43:17.809267
5343,343,11,303,35,2026-07-25 11:43:17.809278,2026-07-25 11:43:17.809278,2026-07-25 11:43:17.809278
5344,344,11,250,44,2026-07-25 11:43:17.809291,2026-07-25 11:43:17.809291,2026-07-25 11:43:17.809291
5345,345,11,32,70,2026-07-25 11:43:17.809301,2026-07-25 11:43:17.809301,2026-07-25 11:43:17.809301
5346,346,11,276,61,2026-07-25 11:43:17.809310,2026-07-25 11:43:17.809310,2026-07-25 11:43:17.809310
5347,347,11,157,51,2026-07-25 11:43:17.809320,2026-07-25 11:43:17.809320,2026-07-25 11:43:17.809320
5348,348,11,273,73,2026-07-25 11:43:17.809330,2026-07-25 11:43:17.809330,2026-07-25 11:43:17.809330
5349,349,11,415,48,2026-07-25 11:43:17.809340,2026-07-25 11:43:17.809340,2026-07-25 11:43:17.809340
5350,350,11,494,21,2026-07-25 11:43:17.809349,2026-07-25 11:43:17.809349,2026-07-25 11:43:17.809349
5351,351,11,18,41,2026-07-25 11:43:17.809359,2026-07-25 11:43:17.809359,2026-07-25 11:43:17.809359
5352,352,11,28,41,2026-07-25 11:43:17.809369,2026-07-25 11:43:17.809369,2026-07-25 11:43:17.809369
5353,353,11,403,66,2026-07-25 11:43:17.809378,2026-07-25 11:43:17.809378,2026-07-25 11:43:17.809378
5354,354,11,21,45,2026-07-25 11:43:17.809388,2026-07-25 11:43:17.809388,2026-07-25 11:43:17.809388
5355,355,11,60,33,2026-07-25 11:43:17.809398,2026-07-25 11:43:17.809398,2026-07-25 11:43:17.809398
5356,356,11,413,61,2026-07-25 11:43:17.809407,2026-07-25 11:43:17.809407,2026-07-25 11:43:17.809407
5357,357,11,341,53,2026-07-25 11:43:17.809417,2026-07-25 11:43:17.809417,2026-07-25 11:43:17.809417
5358,358,11,234,80,2026-07-25 11:43:17.809426,2026-07-25 11:43:17.809426,2026-07-25 11:43:17.809426
5359,359,11,347,75,2026-07-25 11:43:17.809436,2026-07-25 11:43:17.809436,2026-07-25 11:43:17.809436
5360,360,11,447,54,2026-07-25 11:43:17.809448,2026-07-25 11:43:17.809448,2026-07-25 11:43:17.809448
5361,361,11,76,67,2026-07-25 11:43:17.809458,2026-07-25 11:43:17.809458,2026-07-25 11:43:17.809458
5362,362,11,296,34,2026-07-25 11:43:17.809470,2026-07-25 11:43:17.809470,2026-07-25 11:43:17.809470
5363,363,11,473,24,2026-07-25 11:43:17.809482,2026-07-25 11:43:17.809482,2026-07-25 11:43:17.809482
5364,364,11,18,67,2026-07-25 11:43:17.809495,2026-07-25 11:43:17.809495,2026-07-25 11:43:17.809495
5365,365,11,72,51,2026-07-25 11:43:17.809507,2026-07-25 11:43:17.809507,2026-07-25 11:43:17.809507
5366,366,11,334,21,2026-07-25 11:43:17.809516,2026-07-25 11:43:17.809516,2026-07-25 11:43:17.809516
5367,367,11,241,78,2026-07-25 11:43:17.809526,2026-07-25 11:43:17.809526,2026-07-25 11:43:17.809526
5368,368,11,470,59,2026-07-25 11:43:17.809536,2026-07-25 11:43:17.809536,2026-07-25 11:43:17.809536
5369,369,11,23,35,2026-07-25 11:43:17.809545,2026-07-25 11:43:17.809545,2026-07-25 11:43:17.809545
5370,370,11,359,61,2026-07-25 11:43:17.809555,2026-07-25 11:43:17.809555,2026-07-25 11:43:17.809555
5371,371,11,66,20,2026-07-25 11:43:17.809565,2026-07-25 11:43:17.809565,2026-07-25 11:43:17.809565
5372,372,11,88,60,2026-07-25 11:43:17.809574,2026-07-25 11:43:17.809574,2026-07-25 11:43:17.809574
5373,373,11,25,77,2026-07-25 11:43:17.809584,2026-07-25 11:43:17.809584,2026-07-25 11:43:17.809584
5374,374,11,157,72,2026-07-25 11:43:17.809594,2026-07-25 11:43:17.809594,2026-07-25 11:43:17.809594
5375,375,11,406,26,2026-07-25 11:43:17.809603,2026-07-25 11:43:17.809603,2026-07-25 11:43:17.809603
5376,376,11,233,59,2026-07-25 11:43:17.809613,2026-07-25 11:43:17.809613,2026-07-25 11:43:17.809613
5377,377,11,87,73,2026-07-25 11:43:17.809623,2026-07-25 11:43:17.809623,2026-07-25 11:43:17.809623
5378,378,11,302,24,2026-07-25 11:43:17.809632,2026-07-25 11:43:17.809632,2026-07-25 11:43:17.809632
5379,379,11,418,72,2026-07-25 11:43:17.809642,2026-07-25 11:43:17.809642,2026-07-25 11:43:17.809642
5380,380,11,54,27,2026-07-25 11:43:17.809651,2026-07-25 11:43:17.809651,2026-07-25 11:43:17.809651
5381,381,11,254,58,2026-07-25 11:43:17.809661,2026-07-25 11:43:17.809661,2026-07-25 11:43:17.809661
5382,382,11,409,59,2026-07-25 11:43:17.809670,2026-07-25 11:43:17.809670,2026-07-25 11:43:17.809670
5383,383,11,112,24,2026-07-25 11:43:17.809680,2026-07-25 11:43:17.809680,2026-07-25 11:43:17.809680
5384,384,11,411,32,2026-07-25 11:43:17.809690,2026-07-25 11:43:17.809690,2026-07-25 11:43:17.809690
5385,385,11,218,41,2026-07-25 11:43:17.809700,2026-07-25 11:43:17.809700,2026-07-25 11:43:17.809700
5386,386,11,415,73,2026-07-25 11:43:17.809709,2026-07-25 11:43:17.809709,2026-07-25 11:43:17.809709
5387,387,11,377,63,2026-07-25 11:43:17.809719,2026-07-25 11:43:17.809719,2026-07-25 11:43:17.809719
5388,388,11,205,40,2026-07-25 11:43:17.809729,2026-07-25 11:43:17.809729,2026-07-25 11:43:17.809729
5389,389,11,61,63,2026-07-25 11:43:17.809739,2026-07-25 11:43:17.809739,2026-07-25 11:43:17.809739
5390,390,11,294,54,2026-07-25 11:43:17.809748,2026-07-25 11:43:17.809748,2026-07-25 11:43:17.809748
5391,391,11,70,40,2026-07-25 11:43:17.809758,2026-07-25 11:43:17.809758,2026-07-25 11:43:17.809758
5392,392,11,428,70,2026-07-25 11:43:17.809768,2026-07-25 11:43:17.809768,2026-07-25 11:43:17.809768
5393,393,11,109,68,2026-07-25 11:43:17.809778,2026-07-25 11:43:17.809778,2026-07-25 11:43:17.809778
5394,394,11,23,57,2026-07-25 11:43:17.809788,2026-07-25 11:43:17.809788,2026-07-25 11:43:17.809788
5395,395,11,88,41,2026-07-25 11:43:17.809797,2026-07-25 11:43:17.809797,2026-07-25 11:43:17.809797
5396,396,11,32,27,2026-07-25 11:43:17.809807,2026-07-25 11:43:17.809807,2026-07-25 11:43:17.809807
5397,397,11,140,29,2026-07-25 11:43:17.809817,2026-07-25 11:43:17.809817,2026-07-25 11:43:17.809817
5398,398,11,387,46,2026-07-25 11:43:17.809826,2026-07-25 11:43:17.809826,2026-07-25 11:43:17.809826
5399,399,11,86,64,2026-07-25 11:43:17.809836,2026-07-25 11:43:17.809836,2026-07-25 11:43:17.809836
5400,400,11,189,55,2026-07-25 11:43:17.809846,2026-07-25 11:43:17.809846,2026-07-25 11:43:17.809846
5401,401,11,84,48,2026-07-25 11:43:17.809856,2026-07-25 11:43:17.809856,2026-07-25 11:43:17.809856
5402,402,11,124,79,2026-07-25 11:43:17.809865,2026-07-25 11:43:17.809865,2026-07-25 11:43:17.809865
5403,403,11,297,22,2026-07-25 11:43:17.809875,2026-07-25 11:43:17.809875,2026-07-25 11:43:17.809875
5404,404,11,68,26,2026-07-25 11:43:17.809889,2026-07-25 11:43:17.809889,2026-07-25 11:43:17.809889
5405,405,11,405,74,2026-07-25 11:43:17.809898,2026-07-25 11:43:17.809898,2026-07-25 11:43:17.809898
5406,406,11,323,59,2026-07-25 11:43:17.809908,2026-07-25 11:43:17.809908,2026-07-25 11:43:17.809908
5407,407,11,192,69,2026-07-25 11:43:17.809918,2026-07-25 11:43:17.809918,2026-07-25 11:43:17.809918
5408,408,11,80,21,2026-07-25 11:43:17.809928,2026-07-25 11:43:17.809928,2026-07-25 11:43:17.809928
5409,409,11,450,51,2026-07-25 11:43:17.809937,2026-07-25 11:43:17.809937,2026-07-25 11:43:17.809937
5410,410,11,41,20,2026-07-25 11:43:17.809946,2026-07-25 11:43:17.809946,2026-07-25 11:43:17.809946
5411,411,11,3,31,2026-07-25 11:43:17.809955,2026-07-25 11:43:17.809955,2026-07-25 11:43:17.809955
5412,412,11,474,25,2026-07-25 11:43:17.809964,2026-07-25 11:43:17.809964,2026-07-25 11:43:17.809964
5413,413,11,361,61,2026-07-25 11:43:17.809972,2026-07-25 11:43:17.809972,2026-07-25 11:43:17.809972
5414,414,11,303,76,2026-07-25 11:43:17.809981,2026-07-25 11:43:17.809981,2026-07-25 11:43:17.809981
5415,415,11,145,46,2026-07-25 11:43:17.809990,2026-07-25 11:43:17.809990,2026-07-25 11:43:17.809990
5416,416,11,355,71,2026-07-25 11:43:17.809999,2026-07-25 11:43:17.809999,2026-07-25 11:43:17.809999
5417,417,11,405,69,2026-07-25 11:43:17.810008,2026-07-25 11:43:17.810008,2026-07-25 11:43:17.810008
5418,418,11,243,64,2026-07-25 11:43:17.810018,2026-07-25 11:43:17.810018,2026-07-25 11:43:17.810018
5419,419,11,64,33,2026-07-25 11:43:17.810028,2026-07-25 11:43:17.810028,2026-07-25 11:43:17.810028
5420,420,11,73,60,2026-07-25 11:43:17.810037,2026-07-25 11:43:17.810037,2026-07-25 11:43:17.810037
5421,421,11,138,53,2026-07-25 11:43:17.810047,2026-07-25 11:43:17.810047,2026-07-25 11:43:17.810047
5422,422,11,230,46,2026-07-25 11:43:17.810057,2026-07-25 11:43:17.810057,2026-07-25 11:43:17.810057
5423,423,11,122,80,2026-07-25 11:43:17.810066,2026-07-25 11:43:17.810066,2026-07-25 11:43:17.810066
5424,424,11,89,59,2026-07-25 11:43:17.810076,2026-07-25 11:43:17.810076,2026-07-25 11:43:17.810076
5425,425,11,354,22,2026-07-25 11:43:17.810086,2026-07-25 11:43:17.810086,2026-07-25 11:43:17.810086
5426,426,11,305,31,2026-07-25 11:43:17.810096,2026-07-25 11:43:17.810096,2026-07-25 11:43:17.810096
5427,427,11,367,51,2026-07-25 11:43:17.810105,2026-07-25 11:43:17.810105,2026-07-25 11:43:17.810105
5428,428,11,313,80,2026-07-25 11:43:17.810115,2026-07-25 11:43:17.810115,2026-07-25 11:43:17.810115
5429,429,11,45,60,2026-07-25 11:43:17.810124,2026-07-25 11:43:17.810124,2026-07-25 11:43:17.810124
5430,430,11,423,70,2026-07-25 11:43:17.810134,2026-07-25 11:43:17.810134,2026-07-25 11:43:17.810134
5431,431,11,154,42,2026-07-25 11:43:17.810144,2026-07-25 11:43:17.810144,2026-07-25 11:43:17.810144
5432,432,11,214,20,2026-07-25 11:43:17.810154,2026-07-25 11:43:17.810154,2026-07-25 11:43:17.810154
5433,433,11,285,35,2026-07-25 11:43:17.810163,2026-07-25 11:43:17.810163,2026-07-25 11:43:17.810163
5434,434,11,98,27,2026-07-25 11:43:17.810173,2026-07-25 11:43:17.810173,2026-07-25 11:43:17.810173
5435,435,11,271,26,2026-07-25 11:43:17.810183,2026-07-25 11:43:17.810183,2026-07-25 11:43:17.810183
5436,436,11,316,43,2026-07-25 11:43:17.810193,2026-07-25 11:43:17.810193,2026-07-25 11:43:17.810193
5437,437,11,441,68,2026-07-25 11:43:17.810202,2026-07-25 11:43:17.810202,2026-07-25 11:43:17.810202
5438,438,11,276,52,2026-07-25 11:43:17.810212,2026-07-25 11:43:17.810212,2026-07-25 11:43:17.810212
5439,439,11,112,49,2026-07-25 11:43:17.810222,2026-07-25 11:43:17.810222,2026-07-25 11:43:17.810222
5440,440,11,394,60,2026-07-25 11:43:17.810232,2026-07-25 11:43:17.810232,2026-07-25 11:43:17.810232
5441,441,11,337,33,2026-07-25 11:43:17.810241,2026-07-25 11:43:17.810241,2026-07-25 11:43:17.810241
5442,442,11,141,23,2026-07-25 11:43:17.810251,2026-07-25 11:43:17.810251,2026-07-25 11:43:17.810251
5443,443,11,99,27,2026-07-25 11:43:17.810261,2026-07-25 11:43:17.810261,2026-07-25 11:43:17.810261
5444,444,11,407,29,2026-07-25 11:43:17.810270,2026-07-25 11:43:17.810270,2026-07-25 11:43:17.810270
5445,445,11,350,74,2026-07-25 11:43:17.810280,2026-07-25 11:43:17.810280,2026-07-25 11:43:17.810280
5446,446,11,495,78,2026-07-25 11:43:17.810290,2026-07-25 11:43:17.810290,2026-07-25 11:43:17.810290
5447,447,11,242,51,2026-07-25 11:43:17.810299,2026-07-25 11:43:17.810299,2026-07-25 11:43:17.810299
5448,448,11,90,30,2026-07-25 11:43:17.810309,2026-07-25 11:43:17.810309,2026-07-25 11:43:17.810309
5449,449,11,343,79,2026-07-25 11:43:17.810318,2026-07-25 11:43:17.810318,2026-07-25 11:43:17.810318
5450,450,11,22,23,2026-07-25 11:43:17.810328,2026-07-25 11:43:17.810328,2026-07-25 11:43:17.810328
5451,451,11,330,43,2026-07-25 11:43:17.810338,2026-07-25 11:43:17.810338,2026-07-25 11:43:17.810338
5452,452,11,145,33,2026-07-25 11:43:17.810348,2026-07-25 11:43:17.810348,2026-07-25 11:43:17.810348
5453,453,11,222,36,2026-07-25 11:43:17.810357,2026-07-25 11:43:17.810357,2026-07-25 11:43:17.810357
5454,454,11,171,59,2026-07-25 11:43:17.810367,2026-07-25 11:43:17.810367,2026-07-25 11:43:17.810367
5455,455,11,412,76,2026-07-25 11:43:17.810376,2026-07-25 11:43:17.810376,2026-07-25 11:43:17.810376
5456,456,11,388,49,2026-07-25 11:43:17.810386,2026-07-25 11:43:17.810386,2026-07-25 11:43:17.810386
5457,457,11,22,26,2026-07-25 11:43:17.810400,2026-07-25 11:43:17.810400,2026-07-25 11:43:17.810400
5458,458,11,379,23,2026-07-25 11:43:17.810409,2026-07-25 11:43:17.810409,2026-07-25 11:43:17.810409
5459,459,11,473,54,2026-07-25 11:43:17.810419,2026-07-25 11:43:17.810419,2026-07-25 11:43:17.810419
5460,460,11,90,30,2026-07-25 11:43:17.810428,2026-07-25 11:43:17.810428,2026-07-25 11:43:17.810428
5461,461,11,402,21,2026-07-25 11:43:17.810438,2026-07-25 11:43:17.810438,2026-07-25 11:43:17.810438
5462,462,11,248,52,2026-07-25 11:43:17.810448,2026-07-25 11:43:17.810448,2026-07-25 11:43:17.810448
5463,463,11,59,24,2026-07-25 11:43:17.810457,2026-07-25 11:43:17.810457,2026-07-25 11:43:17.810457
5464,464,11,458,35,2026-07-25 11:43:17.810467,2026-07-25 11:43:17.810467,2026-07-25 11:43:17.810467
5465,465,11,369,48,2026-07-25 11:43:17.810477,2026-07-25 11:43:17.810477,2026-07-25 11:43:17.810477
5466,466,11,303,57,2026-07-25 11:43:17.810486,2026-07-25 11:43:17.810486,2026-07-25 11:43:17.810486
5467,467,11,166,46,2026-07-25 11:43:17.810496,2026-07-25 11:43:17.810496,2026-07-25 11:43:17.810496
5468,468,11,101,67,2026-07-25 11:43:17.810506,2026-07-25 11:43:17.810506,2026-07-25 11:43:17.810506
5469,469,11,346,77,2026-07-25 11:43:17.810515,2026-07-25 11:43:17.810515,2026-07-25 11:43:17.810515
5470,470,11,166,34,2026-07-25 11:43:17.810525,2026-07-25 11:43:17.810525,2026-07-25 11:43:17.810525
5471,471,11,398,27,2026-07-25 11:43:17.810535,2026-07-25 11:43:17.810535,2026-07-25 11:43:17.810535
5472,472,11,166,34,2026-07-25 11:43:17.810545,2026-07-25 11:43:17.810545,2026-07-25 11:43:17.810545
5473,473,11,50,35,2026-07-25 11:43:17.810554,2026-07-25 11:43:17.810554,2026-07-25 11:43:17.810554
5474,474,11,377,46,2026-07-25 11:43:17.810564,2026-07-25 11:43:17.810564,2026-07-25 11:43:17.810564
5475,475,11,445,32,2026-07-25 11:43:17.810574,2026-07-25 11:43:17.810574,2026-07-25 11:43:17.810574
5476,476,11,192,77,2026-07-25 11:43:17.810583,2026-07-25 11:43:17.810583,2026-07-25 11:43:17.810583
5477,477,11,112,24,2026-07-25 11:43:17.810593,2026-07-25 11:43:17.810593,2026-07-25 11:43:17.810593
5478,478,11,241,57,2026-07-25 11:43:17.810602,2026-07-25 11:43:17.810602,2026-07-25 11:43:17.810602
5479,479,11,248,23,2026-07-25 11:43:17.810612,2026-07-25 11:43:17.810612,2026-07-25 11:43:17.810612
5480,480,11,455,47,2026-07-25 11:43:17.810622,2026-07-25 11:43:17.810622,2026-07-25 11:43:17.810622
5481,481,11,74,33,2026-07-25 11:43:17.810631,2026-07-25 11:43:17.810631,2026-07-25 11:43:17.810631
5482,482,11,475,59,2026-07-25 11:43:17.810642,2026-07-25 11:43:17.810642,2026-07-25 11:43:17.810642
5483,483,11,232,31,2026-07-25 11:43:17.810652,2026-07-25 11:43:17.810652,2026-07-25 11:43:17.810652
5484,484,11,198,43,2026-07-25 11:43:17.810661,2026-07-25 11:43:17.810661,2026-07-25 11:43:17.810661
5485,485,11,69,49,2026-07-25 11:43:17.810671,2026-07-25 11:43:17.810671,2026-07-25 11:43:17.810671
5486,486,11,368,32,2026-07-25 11:43:17.810680,2026-07-25 11:43:17.810680,2026-07-25 11:43:17.810680
5487,487,11,323,42,2026-07-25 11:43:17.810690,2026-07-25 11:43:17.810690,2026-07-25 11:43:17.810690
5488,488,11,499,37,2026-07-25 11:43:17.810700,2026-07-25 11:43:17.810700,2026-07-25 11:43:17.810700
5489,489,11,103,41,2026-07-25 11:43:17.810709,2026-07-25 11:43:17.810709,2026-07-25 11:43:17.810709
5490,490,11,65,22,2026-07-25 11:43:17.810719,2026-07-25 11:43:17.810719,2026-07-25 11:43:17.810719
5491,491,11,354,56,2026-07-25 11:43:17.810728,2026-07-25 11:43:17.810728,2026-07-25 11:43:17.810728
5492,492,11,30,37,2026-07-25 11:43:17.810738,2026-07-25 11:43:17.810738,2026-07-25 11:43:17.810738
5493,493,11,69,27,2026-07-25 11:43:17.810747,2026-07-25 11:43:17.810747,2026-07-25 11:43:17.810747
5494,494,11,436,49,2026-07-25 11:43:17.810757,2026-07-25 11:43:17.810757,2026-07-25 11:43:17.810757
5495,495,11,234,46,2026-07-25 11:43:17.810767,2026-07-25 11:43:17.810767,2026-07-25 11:43:17.810767
5496,496,11,87,68,2026-07-25 11:43:17.810776,2026-07-25 11:43:17.810776,2026-07-25 11:43:17.810776
5497,497,11,175,34,2026-07-25 11:43:17.810786,2026-07-25 11:43:17.810786,2026-07-25 11:43:17.810786
5498,498,11,453,38,2026-07-25 11:43:17.810796,2026-07-25 11:43:17.810796,2026-07-25 11:43:17.810796
5499,499,11,309,30,2026-07-25 11:43:17.810805,2026-07-25 11:43:17.810805,2026-07-25 11:43:17.810805
5500,500,11,404,70,2026-07-25 11:43:17.810815,2026-07-25 11:43:17.810815,2026-07-25 11:43:17.810815
5501,1,12,326,80,2026-07-25 11:43:17.810977,2026-07-25 11:43:17.810977,2026-07-25 11:43:17.810977
5502,2,12,313,77,2026-07-25 11:43:17.810988,2026-07-25 11:43:17.810988,2026-07-25 11:43:17.810988
5503,3,12,87,56,2026-07-25 11:43:17.810998,2026-07-25 11:43:17.810998,2026-07-25 11:43:17.810998
5504,4,12,496,55,2026-07-25 11:43:17.811008,2026-07-25 11:43:17.811008,2026-07-25 11:43:17.811008
5505,5,12,437,34,2026-07-25 11:43:17.811018,2026-07-25 11:43:17.811018,2026-07-25 11:43:17.811018
5506,6,12,44,46,2026-07-25 11:43:17.811028,2026-07-25 11:43:17.811028,2026-07-25 11:43:17.811028
5507,7,12,438,53,2026-07-25 11:43:17.811038,2026-07-25 11:43:17.811038,2026-07-25 11:43:17.811038
5508,8,12,250,75,2026-07-25 11:43:17.811048,2026-07-25 11:43:17.811048,2026-07-25 11:43:17.811048
5509,9,12,110,57,2026-07-25 11:43:17.811058,2026-07-25 11:43:17.811058,2026-07-25 11:43:17.811058
5510,10,12,242,73,2026-07-25 11:43:17.811068,2026-07-25 11:43:17.811068,2026-07-25 11:43:17.811068
5511,11,12,236,37,2026-07-25 11:43:17.811078,2026-07-25 11:43:17.811078,2026-07-25 11:43:17.811078
5512,12,12,7,66,2026-07-25 11:43:17.811088,2026-07-25 11:43:17.811088,2026-07-25 11:43:17.811088
5513,13,12,219,67,2026-07-25 11:43:17.811097,2026-07-25 11:43:17.811097,2026-07-25 11:43:17.811097
5514,14,12,446,35,2026-07-25 11:43:17.811107,2026-07-25 11:43:17.811107,2026-07-25 11:43:17.811107
5515,15,12,126,40,2026-07-25 11:43:17.811117,2026-07-25 11:43:17.811117,2026-07-25 11:43:17.811117
5516,16,12,222,57,2026-07-25 11:43:17.811127,2026-07-25 11:43:17.811127,2026-07-25 11:43:17.811127
5517,17,12,113,77,2026-07-25 11:43:17.811136,2026-07-25 11:43:17.811136,2026-07-25 11:43:17.811136
5518,18,12,474,57,2026-07-25 11:43:17.811146,2026-07-25 11:43:17.811146,2026-07-25 11:43:17.811146
5519,19,12,484,29,2026-07-25 11:43:17.811156,2026-07-25 11:43:17.811156,2026-07-25 11:43:17.811156
5520,20,12,467,56,2026-07-25 11:43:17.811166,2026-07-25 11:43:17.811166,2026-07-25 11:43:17.811166
5521,21,12,459,20,2026-07-25 11:43:17.811176,2026-07-25 11:43:17.811176,2026-07-25 11:43:17.811176
5522,22,12,213,22,2026-07-25 11:43:17.811186,2026-07-25 11:43:17.811186,2026-07-25 11:43:17.811186
5523,23,12,20,50,2026-07-25 11:43:17.811195,2026-07-25 11:43:17.811195,2026-07-25 11:43:17.811195
5524,24,12,375,69,2026-07-25 11:43:17.811205,2026-07-25 11:43:17.811205,2026-07-25 11:43:17.811205
5525,25,12,258,22,2026-07-25 11:43:17.811215,2026-07-25 11:43:17.811215,2026-07-25 11:43:17.811215
5526,26,12,217,53,2026-07-25 11:43:17.811225,2026-07-25 11:43:17.811225,2026-07-25 11:43:17.811225
5527,27,12,201,50,2026-07-25 11:43:17.811234,2026-07-25 11:43:17.811234,2026-07-25 11:43:17.811234
5528,28,12,414,71,2026-07-25 11:43:17.811244,2026-07-25 11:43:17.811244,2026-07-25 11:43:17.811244
5529,29,12,356,72,2026-07-25 11:43:17.811253,2026-07-25 11:43:17.811253,2026-07-25 11:43:17.811253
5530,30,12,50,48,2026-07-25 11:43:17.811263,2026-07-25 11:43:17.811263,2026-07-25 11:43:17.811263
5531,31,12,253,35,2026-07-25 11:43:17.811273,2026-07-25 11:43:17.811273,2026-07-25 11:43:17.811273
5532,32,12,42,55,2026-07-25 11:43:17.811283,2026-07-25 11:43:17.811283,2026-07-25 11:43:17.811283
5533,33,12,385,20,2026-07-25 11:43:17.811293,2026-07-25 11:43:17.811293,2026-07-25 11:43:17.811293
5534,34,12,354,66,2026-07-25 11:43:17.811302,2026-07-25 11:43:17.811302,2026-07-25 11:43:17.811302
5535,35,12,208,80,2026-07-25 11:43:17.811312,2026-07-25 11:43:17.811312,2026-07-25 11:43:17.811312
5536,36,12,111,28,2026-07-25 11:43:17.811322,2026-07-25 11:43:17.811322,2026-07-25 11:43:17.811322
5537,37,12,183,38,2026-07-25 11:43:17.811332,2026-07-25 11:43:17.811332,2026-07-25 11:43:17.811332
5538,38,12,122,61,2026-07-25 11:43:17.811341,2026-07-25 11:43:17.811341,2026-07-25 11:43:17.811341
5539,39,12,46,21,2026-07-25 11:43:17.811351,2026-07-25 11:43:17.811351,2026-07-25 11:43:17.811351
5540,40,12,245,62,2026-07-25 11:43:17.811361,2026-07-25 11:43:17.811361,2026-07-25 11:43:17.811361
5541,41,12,156,30,2026-07-25 11:43:17.811370,2026-07-25 11:43:17.811370,2026-07-25 11:43:17.811370
5542,42,12,360,49,2026-07-25 11:43:17.811380,2026-07-25 11:43:17.811380,2026-07-25 11:43:17.811380
5543,43,12,439,56,2026-07-25 11:43:17.811390,2026-07-25 11:43:17.811390,2026-07-25 11:43:17.811390
5544,44,12,382,57,2026-07-25 11:43:17.811400,2026-07-25 11:43:17.811400,2026-07-25 11:43:17.811400
5545,45,12,12,49,2026-07-25 11:43:17.811409,2026-07-25 11:43:17.811409,2026-07-25 11:43:17.811409
5546,46,12,237,69,2026-07-25 11:43:17.811419,2026-07-25 11:43:17.811419,2026-07-25 11:43:17.811419
5547,47,12,70,75,2026-07-25 11:43:17.811429,2026-07-25 11:43:17.811429,2026-07-25 11:43:17.811429
5548,48,12,360,45,2026-07-25 11:43:17.811438,2026-07-25 11:43:17.811438,2026-07-25 11:43:17.811438
5549,49,12,94,70,2026-07-25 11:43:17.811448,2026-07-25 11:43:17.811448,2026-07-25 11:43:17.811448
5550,50,12,446,43,2026-07-25 11:43:17.811458,2026-07-25 11:43:17.811458,2026-07-25 11:43:17.811458
5551,51,12,320,49,2026-07-25 11:43:17.811467,2026-07-25 11:43:17.811467,2026-07-25 11:43:17.811467
5552,52,12,360,60,2026-07-25 11:43:17.811477,2026-07-25 11:43:17.811477,2026-07-25 11:43:17.811477
5553,53,12,0,75,2026-07-25 11:43:17.811487,2026-07-25 11:43:17.811487,2026-07-25 11:43:17.811487
5554,54,12,321,24,2026-07-25 11:43:17.811496,2026-07-25 11:43:17.811496,2026-07-25 11:43:17.811496
5555,55,12,197,77,2026-07-25 11:43:17.811506,2026-07-25 11:43:17.811506,2026-07-25 11:43:17.811506
5556,56,12,353,41,2026-07-25 11:43:17.811516,2026-07-25 11:43:17.811516,2026-07-25 11:43:17.811516
5557,57,12,271,22,2026-07-25 11:43:17.811542,2026-07-25 11:43:17.811542,2026-07-25 11:43:17.811542
5558,58,12,151,47,2026-07-25 11:43:17.811552,2026-07-25 11:43:17.811552,2026-07-25 11:43:17.811552
5559,59,12,385,37,2026-07-25 11:43:17.811562,2026-07-25 11:43:17.811562,2026-07-25 11:43:17.811562
5560,60,12,357,80,2026-07-25 11:43:17.811573,2026-07-25 11:43:17.811573,2026-07-25 11:43:17.811573
5561,61,12,313,54,2026-07-25 11:43:17.811583,2026-07-25 11:43:17.811583,2026-07-25 11:43:17.811583
5562,62,12,294,70,2026-07-25 11:43:17.811593,2026-07-25 11:43:17.811593,2026-07-25 11:43:17.811593
5563,63,12,106,70,2026-07-25 11:43:17.811603,2026-07-25 11:43:17.811603,2026-07-25 11:43:17.811603
5564,64,12,350,25,2026-07-25 11:43:17.811612,2026-07-25 11:43:17.811612,2026-07-25 11:43:17.811612
5565,65,12,317,76,2026-07-25 11:43:17.811622,2026-07-25 11:43:17.811622,2026-07-25 11:43:17.811622
5566,66,12,171,67,2026-07-25 11:43:17.811632,2026-07-25 11:43:17.811632,2026-07-25 11:43:17.811632
5567,67,12,477,23,2026-07-25 11:43:17.811642,2026-07-25 11:43:17.811642,2026-07-25 11:43:17.811642
5568,68,12,263,80,2026-07-25 11:43:17.811651,2026-07-25 11:43:17.811651,2026-07-25 11:43:17.811651
5569,69,12,465,63,2026-07-25 11:43:17.811661,2026-07-25 11:43:17.811661,2026-07-25 11:43:17.811661
5570,70,12,186,76,2026-07-25 11:43:17.811671,2026-07-25 11:43:17.811671,2026-07-25 11:43:17.811671
5571,71,12,26,27,2026-07-25 11:43:17.811681,2026-07-25 11:43:17.811681,2026-07-25 11:43:17.811681
5572,72,12,196,43,2026-07-25 11:43:17.811691,2026-07-25 11:43:17.811691,2026-07-25 11:43:17.811691
5573,73,12,238,59,2026-07-25 11:43:17.811701,2026-07-25 11:43:17.811701,2026-07-25 11:43:17.811701
5574,74,12,20,43,2026-07-25 11:43:17.811710,2026-07-25 11:43:17.811710,2026-07-25 11:43:17.811710
5575,75,12,187,31,2026-07-25 11:43:17.811720,2026-07-25 11:43:17.811720,2026-07-25 11:43:17.811720
5576,76,12,331,55,2026-07-25 11:43:17.811730,2026-07-25 11:43:17.811730,2026-07-25 11:43:17.811730
5577,77,12,360,24,2026-07-25 11:43:17.811740,2026-07-25 11:43:17.811740,2026-07-25 11:43:17.811740
5578,78,12,287,65,2026-07-25 11:43:17.811749,2026-07-25 11:43:17.811749,2026-07-25 11:43:17.811749
5579,79,12,396,33,2026-07-25 11:43:17.811759,2026-07-25 11:43:17.811759,2026-07-25 11:43:17.811759
5580,80,12,70,41,2026-07-25 11:43:17.811769,2026-07-25 11:43:17.811769,2026-07-25 11:43:17.811769
5581,81,12,122,54,2026-07-25 11:43:17.811779,2026-07-25 11:43:17.811779,2026-07-25 11:43:17.811779
5582,82,12,58,61,2026-07-25 11:43:17.811788,2026-07-25 11:43:17.811788,2026-07-25 11:43:17.811788
5583,83,12,244,67,2026-07-25 11:43:17.811798,2026-07-25 11:43:17.811798,2026-07-25 11:43:17.811798
5584,84,12,480,68,2026-07-25 11:43:17.811809,2026-07-25 11:43:17.811809,2026-07-25 11:43:17.811809
5585,85,12,297,75,2026-07-25 11:43:17.811819,2026-07-25 11:43:17.811819,2026-07-25 11:43:17.811819
5586,86,12,491,64,2026-07-25 11:43:17.811829,2026-07-25 11:43:17.811829,2026-07-25 11:43:17.811829
5587,87,12,107,68,2026-07-25 11:43:17.811838,2026-07-25 11:43:17.811838,2026-07-25 11:43:17.811838
5588,88,12,381,68,2026-07-25 11:43:17.811848,2026-07-25 11:43:17.811848,2026-07-25 11:43:17.811848
5589,89,12,115,40,2026-07-25 11:43:17.811859,2026-07-25 11:43:17.811859,2026-07-25 11:43:17.811859
5590,90,12,180,77,2026-07-25 11:43:17.811869,2026-07-25 11:43:17.811869,2026-07-25 11:43:17.811869
5591,91,12,136,52,2026-07-25 11:43:17.811879,2026-07-25 11:43:17.811879,2026-07-25 11:43:17.811879
5592,92,12,348,47,2026-07-25 11:43:17.811889,2026-07-25 11:43:17.811889,2026-07-25 11:43:17.811889
5593,93,12,141,23,2026-07-25 11:43:17.811899,2026-07-25 11:43:17.811899,2026-07-25 11:43:17.811899
5594,94,12,32,43,2026-07-25 11:43:17.811908,2026-07-25 11:43:17.811908,2026-07-25 11:43:17.811908
5595,95,12,176,48,2026-07-25 11:43:17.811918,2026-07-25 11:43:17.811918,2026-07-25 11:43:17.811918
5596,96,12,248,52,2026-07-25 11:43:17.811928,2026-07-25 11:43:17.811928,2026-07-25 11:43:17.811928
5597,97,12,269,73,2026-07-25 11:43:17.811938,2026-07-25 11:43:17.811938,2026-07-25 11:43:17.811938
5598,98,12,62,50,2026-07-25 11:43:17.811947,2026-07-25 11:43:17.811947,2026-07-25 11:43:17.811947
5599,99,12,363,54,2026-07-25 11:43:17.811957,2026-07-25 11:43:17.811957,2026-07-25 11:43:17.811957
5600,100,12,347,72,2026-07-25 11:43:17.811966,2026-07-25 11:43:17.811966,2026-07-25 11:43:17.811966
5601,101,12,272,77,2026-07-25 11:43:17.811976,2026-07-25 11:43:17.811976,2026-07-25 11:43:17.811976
5602,102,12,149,48,2026-07-25 11:43:17.811986,2026-07-25 11:43:17.811986,2026-07-25 11:43:17.811986
5603,103,12,317,43,2026-07-25 11:43:17.811995,2026-07-25 11:43:17.811995,2026-07-25 11:43:17.811995
5604,104,12,409,63,2026-07-25 11:43:17.812005,2026-07-25 11:43:17.812005,2026-07-25 11:43:17.812005
5605,105,12,484,64,2026-07-25 11:43:17.812015,2026-07-25 11:43:17.812015,2026-07-25 11:43:17.812015
5606,106,12,414,80,2026-07-25 11:43:17.812025,2026-07-25 11:43:17.812025,2026-07-25 11:43:17.812025
5607,107,12,452,24,2026-07-25 11:43:17.812034,2026-07-25 11:43:17.812034,2026-07-25 11:43:17.812034
5608,108,12,96,77,2026-07-25 11:43:17.812044,2026-07-25 11:43:17.812044,2026-07-25 11:43:17.812044
5609,109,12,452,49,2026-07-25 11:43:17.812054,2026-07-25 11:43:17.812054,2026-07-25 11:43:17.812054
5610,110,12,44,25,2026-07-25 11:43:17.812064,2026-07-25 11:43:17.812064,2026-07-25 11:43:17.812064
5611,111,12,200,77,2026-07-25 11:43:17.812073,2026-07-25 11:43:17.812073,2026-07-25 11:43:17.812073
5612,112,12,91,38,2026-07-25 11:43:17.812083,2026-07-25 11:43:17.812083,2026-07-25 11:43:17.812083
5613,113,12,490,24,2026-07-25 11:43:17.812093,2026-07-25 11:43:17.812093,2026-07-25 11:43:17.812093
5614,114,12,55,30,2026-07-25 11:43:17.812102,2026-07-25 11:43:17.812102,2026-07-25 11:43:17.812102
5615,115,12,141,27,2026-07-25 11:43:17.812112,2026-07-25 11:43:17.812112,2026-07-25 11:43:17.812112
5616,116,12,356,29,2026-07-25 11:43:17.812122,2026-07-25 11:43:17.812122,2026-07-25 11:43:17.812122
5617,117,12,254,29,2026-07-25 11:43:17.812132,2026-07-25 11:43:17.812132,2026-07-25 11:43:17.812132
5618,118,12,447,33,2026-07-25 11:43:17.812141,2026-07-25 11:43:17.812141,2026-07-25 11:43:17.812141
5619,119,12,266,80,2026-07-25 11:43:17.812151,2026-07-25 11:43:17.812151,2026-07-25 11:43:17.812151
5620,120,12,321,21,2026-07-25 11:43:17.812161,2026-07-25 11:43:17.812161,2026-07-25 11:43:17.812161
5621,121,12,150,46,2026-07-25 11:43:17.812170,2026-07-25 11:43:17.812170,2026-07-25 11:43:17.812170
5622,122,12,496,63,2026-07-25 11:43:17.812180,2026-07-25 11:43:17.812180,2026-07-25 11:43:17.812180
5623,123,12,277,79,2026-07-25 11:43:17.812190,2026-07-25 11:43:17.812190,2026-07-25 11:43:17.812190
5624,124,12,67,50,2026-07-25 11:43:17.812199,2026-07-25 11:43:17.812199,2026-07-25 11:43:17.812199
5625,125,12,177,46,2026-07-25 11:43:17.812209,2026-07-25 11:43:17.812209,2026-07-25 11:43:17.812209
5626,126,12,227,67,2026-07-25 11:43:17.812219,2026-07-25 11:43:17.812219,2026-07-25 11:43:17.812219
5627,127,12,330,21,2026-07-25 11:43:17.812229,2026-07-25 11:43:17.812229,2026-07-25 11:43:17.812229
5628,128,12,149,32,2026-07-25 11:43:17.812239,2026-07-25 11:43:17.812239,2026-07-25 11:43:17.812239
5629,129,12,32,21,2026-07-25 11:43:17.812248,2026-07-25 11:43:17.812248,2026-07-25 11:43:17.812248
5630,130,12,446,71,2026-07-25 11:43:17.812258,2026-07-25 11:43:17.812258,2026-07-25 11:43:17.812258
5631,131,12,118,73,2026-07-25 11:43:17.812268,2026-07-25 11:43:17.812268,2026-07-25 11:43:17.812268
5632,132,12,485,53,2026-07-25 11:43:17.812278,2026-07-25 11:43:17.812278,2026-07-25 11:43:17.812278
5633,133,12,330,41,2026-07-25 11:43:17.812287,2026-07-25 11:43:17.812287,2026-07-25 11:43:17.812287
5634,134,12,210,57,2026-07-25 11:43:17.812297,2026-07-25 11:43:17.812297,2026-07-25 11:43:17.812297
5635,135,12,175,61,2026-07-25 11:43:17.812306,2026-07-25 11:43:17.812306,2026-07-25 11:43:17.812306
5636,136,12,330,70,2026-07-25 11:43:17.812316,2026-07-25 11:43:17.812316,2026-07-25 11:43:17.812316
5637,137,12,167,51,2026-07-25 11:43:17.812326,2026-07-25 11:43:17.812326,2026-07-25 11:43:17.812326
5638,138,12,303,62,2026-07-25 11:43:17.812339,2026-07-25 11:43:17.812339,2026-07-25 11:43:17.812339
5639,139,12,356,53,2026-07-25 11:43:17.812349,2026-07-25 11:43:17.812349,2026-07-25 11:43:17.812349
5640,140,12,431,55,2026-07-25 11:43:17.812359,2026-07-25 11:43:17.812359,2026-07-25 11:43:17.812359
5641,141,12,227,49,2026-07-25 11:43:17.812369,2026-07-25 11:43:17.812369,2026-07-25 11:43:17.812369
5642,142,12,155,56,2026-07-25 11:43:17.812378,2026-07-25 11:43:17.812378,2026-07-25 11:43:17.812378
5643,143,12,67,77,2026-07-25 11:43:17.812388,2026-07-25 11:43:17.812388,2026-07-25 11:43:17.812388
5644,144,12,404,39,2026-07-25 11:43:17.812398,2026-07-25 11:43:17.812398,2026-07-25 11:43:17.812398
5645,145,12,87,70,2026-07-25 11:43:17.812407,2026-07-25 11:43:17.812407,2026-07-25 11:43:17.812407
5646,146,12,133,34,2026-07-25 11:43:17.812417,2026-07-25 11:43:17.812417,2026-07-25 11:43:17.812417
5647,147,12,247,43,2026-07-25 11:43:17.812427,2026-07-25 11:43:17.812427,2026-07-25 11:43:17.812427
5648,148,12,497,38,2026-07-25 11:43:17.812437,2026-07-25 11:43:17.812437,2026-07-25 11:43:17.812437
5649,149,12,394,74,2026-07-25 11:43:17.812446,2026-07-25 11:43:17.812446,2026-07-25 11:43:17.812446
5650,150,12,24,29,2026-07-25 11:43:17.812456,2026-07-25 11:43:17.812456,2026-07-25 11:43:17.812456
5651,151,12,180,38,2026-07-25 11:43:17.812465,2026-07-25 11:43:17.812465,2026-07-25 11:43:17.812465
5652,152,12,233,30,2026-07-25 11:43:17.812475,2026-07-25 11:43:17.812475,2026-07-25 11:43:17.812475
5653,153,12,316,79,2026-07-25 11:43:17.812484,2026-07-25 11:43:17.812484,2026-07-25 11:43:17.812484
5654,154,12,82,65,2026-07-25 11:43:17.812494,2026-07-25 11:43:17.812494,2026-07-25 11:43:17.812494
5655,155,12,274,38,2026-07-25 11:43:17.812504,2026-07-25 11:43:17.812504,2026-07-25 11:43:17.812504
5656,156,12,93,31,2026-07-25 11:43:17.812514,2026-07-25 11:43:17.812514,2026-07-25 11:43:17.812514
5657,157,12,429,65,2026-07-25 11:43:17.812523,2026-07-25 11:43:17.812523,2026-07-25 11:43:17.812523
5658,158,12,354,77,2026-07-25 11:43:17.812533,2026-07-25 11:43:17.812533,2026-07-25 11:43:17.812533
5659,159,12,341,70,2026-07-25 11:43:17.812543,2026-07-25 11:43:17.812543,2026-07-25 11:43:17.812543
5660,160,12,78,30,2026-07-25 11:43:17.812553,2026-07-25 11:43:17.812553,2026-07-25 11:43:17.812553
5661,161,12,121,27,2026-07-25 11:43:17.812562,2026-07-25 11:43:17.812562,2026-07-25 11:43:17.812562
5662,162,12,21,40,2026-07-25 11:43:17.812572,2026-07-25 11:43:17.812572,2026-07-25 11:43:17.812572
5663,163,12,294,28,2026-07-25 11:43:17.812582,2026-07-25 11:43:17.812582,2026-07-25 11:43:17.812582
5664,164,12,225,36,2026-07-25 11:43:17.812591,2026-07-25 11:43:17.812591,2026-07-25 11:43:17.812591
5665,165,12,189,31,2026-07-25 11:43:17.812601,2026-07-25 11:43:17.812601,2026-07-25 11:43:17.812601
5666,166,12,105,55,2026-07-25 11:43:17.812611,2026-07-25 11:43:17.812611,2026-07-25 11:43:17.812611
5667,167,12,362,22,2026-07-25 11:43:17.812620,2026-07-25 11:43:17.812620,2026-07-25 11:43:17.812620
5668,168,12,340,40,2026-07-25 11:43:17.812630,2026-07-25 11:43:17.812630,2026-07-25 11:43:17.812630
5669,169,12,500,42,2026-07-25 11:43:17.812640,2026-07-25 11:43:17.812640,2026-07-25 11:43:17.812640
5670,170,12,75,43,2026-07-25 11:43:17.812649,2026-07-25 11:43:17.812649,2026-07-25 11:43:17.812649
5671,171,12,229,54,2026-07-25 11:43:17.812659,2026-07-25 11:43:17.812659,2026-07-25 11:43:17.812659
5672,172,12,499,30,2026-07-25 11:43:17.812668,2026-07-25 11:43:17.812668,2026-07-25 11:43:17.812668
5673,173,12,273,39,2026-07-25 11:43:17.812678,2026-07-25 11:43:17.812678,2026-07-25 11:43:17.812678
5674,174,12,62,78,2026-07-25 11:43:17.812688,2026-07-25 11:43:17.812688,2026-07-25 11:43:17.812688
5675,175,12,12,45,2026-07-25 11:43:17.812697,2026-07-25 11:43:17.812697,2026-07-25 11:43:17.812697
5676,176,12,476,51,2026-07-25 11:43:17.812707,2026-07-25 11:43:17.812707,2026-07-25 11:43:17.812707
5677,177,12,393,29,2026-07-25 11:43:17.812717,2026-07-25 11:43:17.812717,2026-07-25 11:43:17.812717
5678,178,12,485,49,2026-07-25 11:43:17.812726,2026-07-25 11:43:17.812726,2026-07-25 11:43:17.812726
5679,179,12,475,40,2026-07-25 11:43:17.812736,2026-07-25 11:43:17.812736,2026-07-25 11:43:17.812736
5680,180,12,79,20,2026-07-25 11:43:17.812746,2026-07-25 11:43:17.812746,2026-07-25 11:43:17.812746
5681,181,12,496,67,2026-07-25 11:43:17.812755,2026-07-25 11:43:17.812755,2026-07-25 11:43:17.812755
5682,182,12,279,52,2026-07-25 11:43:17.812765,2026-07-25 11:43:17.812765,2026-07-25 11:43:17.812765
5683,183,12,169,61,2026-07-25 11:43:17.812774,2026-07-25 11:43:17.812774,2026-07-25 11:43:17.812774
5684,184,12,361,38,2026-07-25 11:43:17.812784,2026-07-25 11:43:17.812784,2026-07-25 11:43:17.812784
5685,185,12,242,77,2026-07-25 11:43:17.812794,2026-07-25 11:43:17.812794,2026-07-25 11:43:17.812794
5686,186,12,148,80,2026-07-25 11:43:17.812804,2026-07-25 11:43:17.812804,2026-07-25 11:43:17.812804
5687,187,12,386,56,2026-07-25 11:43:17.812813,2026-07-25 11:43:17.812813,2026-07-25 11:43:17.812813
5688,188,12,341,29,2026-07-25 11:43:17.812823,2026-07-25 11:43:17.812823,2026-07-25 11:43:17.812823
5689,189,12,409,56,2026-07-25 11:43:17.812833,2026-07-25 11:43:17.812833,2026-07-25 11:43:17.812833
5690,190,12,373,78,2026-07-25 11:43:17.812842,2026-07-25 11:43:17.812842,2026-07-25 11:43:17.812842
5691,191,12,472,48,2026-07-25 11:43:17.812852,2026-07-25 11:43:17.812852,2026-07-25 11:43:17.812852
5692,192,12,173,64,2026-07-25 11:43:17.812862,2026-07-25 11:43:17.812862,2026-07-25 11:43:17.812862
5693,193,12,57,66,2026-07-25 11:43:17.812872,2026-07-25 11:43:17.812872,2026-07-25 11:43:17.812872
5694,194,12,245,77,2026-07-25 11:43:17.812881,2026-07-25 11:43:17.812881,2026-07-25 11:43:17.812881
5695,195,12,20,28,2026-07-25 11:43:17.812891,2026-07-25 11:43:17.812891,2026-07-25 11:43:17.812891
5696,196,12,347,55,2026-07-25 11:43:17.812901,2026-07-25 11:43:17.812901,2026-07-25 11:43:17.812901
5697,197,12,59,39,2026-07-25 11:43:17.812910,2026-07-25 11:43:17.812910,2026-07-25 11:43:17.812910
5698,198,12,12,45,2026-07-25 11:43:17.812920,2026-07-25 11:43:17.812920,2026-07-25 11:43:17.812920
5699,199,12,316,73,2026-07-25 11:43:17.812929,2026-07-25 11:43:17.812929,2026-07-25 11:43:17.812929
5700,200,12,112,48,2026-07-25 11:43:17.812939,2026-07-25 11:43:17.812939,2026-07-25 11:43:17.812939
5701,201,12,182,25,2026-07-25 11:43:17.812949,2026-07-25 11:43:17.812949,2026-07-25 11:43:17.812949
5702,202,12,167,23,2026-07-25 11:43:17.812958,2026-07-25 11:43:17.812958,2026-07-25 11:43:17.812958
5703,203,12,311,61,2026-07-25 11:43:17.812968,2026-07-25 11:43:17.812968,2026-07-25 11:43:17.812968
5704,204,12,99,57,2026-07-25 11:43:17.812977,2026-07-25 11:43:17.812977,2026-07-25 11:43:17.812977
5705,205,12,269,34,2026-07-25 11:43:17.812987,2026-07-25 11:43:17.812987,2026-07-25 11:43:17.812987
5706,206,12,400,79,2026-07-25 11:43:17.812997,2026-07-25 11:43:17.812997,2026-07-25 11:43:17.812997
5707,207,12,392,37,2026-07-25 11:43:17.813006,2026-07-25 11:43:17.813006,2026-07-25 11:43:17.813006
5708,208,12,100,21,2026-07-25 11:43:17.813016,2026-07-25 11:43:17.813016,2026-07-25 11:43:17.813016
5709,209,12,42,54,2026-07-25 11:43:17.813026,2026-07-25 11:43:17.813026,2026-07-25 11:43:17.813026
5710,210,12,434,48,2026-07-25 11:43:17.813035,2026-07-25 11:43:17.813035,2026-07-25 11:43:17.813035
5711,211,12,346,62,2026-07-25 11:43:17.813046,2026-07-25 11:43:17.813046,2026-07-25 11:43:17.813046
5712,212,12,490,25,2026-07-25 11:43:17.813056,2026-07-25 11:43:17.813056,2026-07-25 11:43:17.813056
5713,213,12,499,52,2026-07-25 11:43:17.813066,2026-07-25 11:43:17.813066,2026-07-25 11:43:17.813066
5714,214,12,201,32,2026-07-25 11:43:17.813075,2026-07-25 11:43:17.813075,2026-07-25 11:43:17.813075
5715,215,12,251,40,2026-07-25 11:43:17.813085,2026-07-25 11:43:17.813085,2026-07-25 11:43:17.813085
5716,216,12,308,58,2026-07-25 11:43:17.813095,2026-07-25 11:43:17.813095,2026-07-25 11:43:17.813095
5717,217,12,261,80,2026-07-25 11:43:17.813105,2026-07-25 11:43:17.813105,2026-07-25 11:43:17.813105
5718,218,12,28,78,2026-07-25 11:43:17.813115,2026-07-25 11:43:17.813115,2026-07-25 11:43:17.813115
5719,219,12,341,43,2026-07-25 11:43:17.813124,2026-07-25 11:43:17.813124,2026-07-25 11:43:17.813124
5720,220,12,203,29,2026-07-25 11:43:17.813134,2026-07-25 11:43:17.813134,2026-07-25 11:43:17.813134
5721,221,12,366,74,2026-07-25 11:43:17.813144,2026-07-25 11:43:17.813144,2026-07-25 11:43:17.813144
5722,222,12,218,43,2026-07-25 11:43:17.813153,2026-07-25 11:43:17.813153,2026-07-25 11:43:17.813153
5723,223,12,197,43,2026-07-25 11:43:17.813163,2026-07-25 11:43:17.813163,2026-07-25 11:43:17.813163
5724,224,12,6,38,2026-07-25 11:43:17.813172,2026-07-25 11:43:17.813172,2026-07-25 11:43:17.813172
5725,225,12,176,42,2026-07-25 11:43:17.813182,2026-07-25 11:43:17.813182,2026-07-25 11:43:17.813182
5726,226,12,157,48,2026-07-25 11:43:17.813192,2026-07-25 11:43:17.813192,2026-07-25 11:43:17.813192
5727,227,12,447,55,2026-07-25 11:43:17.813201,2026-07-25 11:43:17.813201,2026-07-25 11:43:17.813201
5728,228,12,44,33,2026-07-25 11:43:17.813211,2026-07-25 11:43:17.813211,2026-07-25 11:43:17.813211
5729,229,12,372,76,2026-07-25 11:43:17.813221,2026-07-25 11:43:17.813221,2026-07-25 11:43:17.813221
5730,230,12,227,67,2026-07-25 11:43:17.813230,2026-07-25 11:43:17.813230,2026-07-25 11:43:17.813230
5731,231,12,212,71,2026-07-25 11:43:17.813240,2026-07-25 11:43:17.813240,2026-07-25 11:43:17.813240
5732,232,12,226,38,2026-07-25 11:43:17.813250,2026-07-25 11:43:17.813250,2026-07-25 11:43:17.813250
5733,233,12,83,71,2026-07-25 11:43:17.813259,2026-07-25 11:43:17.813259,2026-07-25 11:43:17.813259
5734,234,12,372,77,2026-07-25 11:43:17.813269,2026-07-25 11:43:17.813269,2026-07-25 11:43:17.813269
5735,235,12,217,66,2026-07-25 11:43:17.813279,2026-07-25 11:43:17.813279,2026-07-25 11:43:17.813279
5736,236,12,458,46,2026-07-25 11:43:17.813288,2026-07-25 11:43:17.813288,2026-07-25 11:43:17.813288
5737,237,12,71,73,2026-07-25 11:43:17.813298,2026-07-25 11:43:17.813298,2026-07-25 11:43:17.813298
5738,238,12,300,58,2026-07-25 11:43:17.813308,2026-07-25 11:43:17.813308,2026-07-25 11:43:17.813308
5739,239,12,44,29,2026-07-25 11:43:17.813317,2026-07-25 11:43:17.813317,2026-07-25 11:43:17.813317
5740,240,12,106,39,2026-07-25 11:43:17.813327,2026-07-25 11:43:17.813327,2026-07-25 11:43:17.813327
5741,241,12,243,75,2026-07-25 11:43:17.813337,2026-07-25 11:43:17.813337,2026-07-25 11:43:17.813337
5742,242,12,268,41,2026-07-25 11:43:17.813347,2026-07-25 11:43:17.813347,2026-07-25 11:43:17.813347
5743,243,12,33,79,2026-07-25 11:43:17.813356,2026-07-25 11:43:17.813356,2026-07-25 11:43:17.813356
5744,244,12,491,57,2026-07-25 11:43:17.813366,2026-07-25 11:43:17.813366,2026-07-25 11:43:17.813366
5745,245,12,387,44,2026-07-25 11:43:17.813376,2026-07-25 11:43:17.813376,2026-07-25 11:43:17.813376
5746,246,12,45,20,2026-07-25 11:43:17.813385,2026-07-25 11:43:17.813385,2026-07-25 11:43:17.813385
5747,247,12,209,60,2026-07-25 11:43:17.813395,2026-07-25 11:43:17.813395,2026-07-25 11:43:17.813395
5748,248,12,468,37,2026-07-25 11:43:17.813404,2026-07-25 11:43:17.813404,2026-07-25 11:43:17.813404
5749,249,12,212,31,2026-07-25 11:43:17.813414,2026-07-25 11:43:17.813414,2026-07-25 11:43:17.813414
5750,250,12,284,49,2026-07-25 11:43:17.813424,2026-07-25 11:43:17.813424,2026-07-25 11:43:17.813424
5751,251,12,363,56,2026-07-25 11:43:17.813433,2026-07-25 11:43:17.813433,2026-07-25 11:43:17.813433
5752,252,12,386,78,2026-07-25 11:43:17.813452,2026-07-25 11:43:17.813452,2026-07-25 11:43:17.813452
5753,253,12,70,32,2026-07-25 11:43:17.813462,2026-07-25 11:43:17.813462,2026-07-25 11:43:17.813462
5754,254,12,95,73,2026-07-25 11:43:17.813471,2026-07-25 11:43:17.813471,2026-07-25 11:43:17.813471
5755,255,12,195,38,2026-07-25 11:43:17.813481,2026-07-25 11:43:17.813481,2026-07-25 11:43:17.813481
5756,256,12,283,51,2026-07-25 11:43:17.813491,2026-07-25 11:43:17.813491,2026-07-25 11:43:17.813491
5757,257,12,21,72,2026-07-25 11:43:17.813500,2026-07-25 11:43:17.813500,2026-07-25 11:43:17.813500
5758,258,12,423,39,2026-07-25 11:43:17.813510,2026-07-25 11:43:17.813510,2026-07-25 11:43:17.813510
5759,259,12,427,57,2026-07-25 11:43:17.813520,2026-07-25 11:43:17.813520,2026-07-25 11:43:17.813520
5760,260,12,155,51,2026-07-25 11:43:17.813530,2026-07-25 11:43:17.813530,2026-07-25 11:43:17.813530
5761,261,12,286,67,2026-07-25 11:43:17.813540,2026-07-25 11:43:17.813540,2026-07-25 11:43:17.813540
5762,262,12,237,34,2026-07-25 11:43:17.813549,2026-07-25 11:43:17.813549,2026-07-25 11:43:17.813549
5763,263,12,13,70,2026-07-25 11:43:17.813559,2026-07-25 11:43:17.813559,2026-07-25 11:43:17.813559
5764,264,12,1,29,2026-07-25 11:43:17.813568,2026-07-25 11:43:17.813568,2026-07-25 11:43:17.813568
5765,265,12,134,39,2026-07-25 11:43:17.813578,2026-07-25 11:43:17.813578,2026-07-25 11:43:17.813578
5766,266,12,489,60,2026-07-25 11:43:17.813588,2026-07-25 11:43:17.813588,2026-07-25 11:43:17.813588
5767,267,12,427,60,2026-07-25 11:43:17.813598,2026-07-25 11:43:17.813598,2026-07-25 11:43:17.813598
5768,268,12,241,27,2026-07-25 11:43:17.813607,2026-07-25 11:43:17.813607,2026-07-25 11:43:17.813607
5769,269,12,334,62,2026-07-25 11:43:17.813617,2026-07-25 11:43:17.813617,2026-07-25 11:43:17.813617
5770,270,12,457,38,2026-07-25 11:43:17.813627,2026-07-25 11:43:17.813627,2026-07-25 11:43:17.813627
5771,271,12,213,31,2026-07-25 11:43:17.813636,2026-07-25 11:43:17.813636,2026-07-25 11:43:17.813636
5772,272,12,251,78,2026-07-25 11:43:17.813646,2026-07-25 11:43:17.813646,2026-07-25 11:43:17.813646
5773,273,12,352,61,2026-07-25 11:43:17.813656,2026-07-25 11:43:17.813656,2026-07-25 11:43:17.813656
5774,274,12,125,21,2026-07-25 11:43:17.813665,2026-07-25 11:43:17.813665,2026-07-25 11:43:17.813665
5775,275,12,61,68,2026-07-25 11:43:17.813675,2026-07-25 11:43:17.813675,2026-07-25 11:43:17.813675
5776,276,12,141,51,2026-07-25 11:43:17.813685,2026-07-25 11:43:17.813685,2026-07-25 11:43:17.813685
5777,277,12,496,24,2026-07-25 11:43:17.813694,2026-07-25 11:43:17.813694,2026-07-25 11:43:17.813694
5778,278,12,306,67,2026-07-25 11:43:17.813704,2026-07-25 11:43:17.813704,2026-07-25 11:43:17.813704
5779,279,12,185,57,2026-07-25 11:43:17.813714,2026-07-25 11:43:17.813714,2026-07-25 11:43:17.813714
5780,280,12,246,56,2026-07-25 11:43:17.813723,2026-07-25 11:43:17.813723,2026-07-25 11:43:17.813723
5781,281,12,223,75,2026-07-25 11:43:17.813733,2026-07-25 11:43:17.813733,2026-07-25 11:43:17.813733
5782,282,12,132,60,2026-07-25 11:43:17.813743,2026-07-25 11:43:17.813743,2026-07-25 11:43:17.813743
5783,283,12,351,50,2026-07-25 11:43:17.813752,2026-07-25 11:43:17.813752,2026-07-25 11:43:17.813752
5784,284,12,498,64,2026-07-25 11:43:17.813762,2026-07-25 11:43:17.813762,2026-07-25 11:43:17.813762
5785,285,12,418,27,2026-07-25 11:43:17.813772,2026-07-25 11:43:17.813772,2026-07-25 11:43:17.813772
5786,286,12,191,52,2026-07-25 11:43:17.813781,2026-07-25 11:43:17.813781,2026-07-25 11:43:17.813781
5787,287,12,375,56,2026-07-25 11:43:17.813791,2026-07-25 11:43:17.813791,2026-07-25 11:43:17.813791
5788,288,12,8,74,2026-07-25 11:43:17.813800,2026-07-25 11:43:17.813800,2026-07-25 11:43:17.813800
5789,289,12,132,30,2026-07-25 11:43:17.813810,2026-07-25 11:43:17.813810,2026-07-25 11:43:17.813810
5790,290,12,297,23,2026-07-25 11:43:17.813822,2026-07-25 11:43:17.813822,2026-07-25 11:43:17.813822
5791,291,12,74,40,2026-07-25 11:43:17.813832,2026-07-25 11:43:17.813832,2026-07-25 11:43:17.813832
5792,292,12,236,76,2026-07-25 11:43:17.813843,2026-07-25 11:43:17.813843,2026-07-25 11:43:17.813843
5793,293,12,354,28,2026-07-25 11:43:17.813853,2026-07-25 11:43:17.813853,2026-07-25 11:43:17.813853
5794,294,12,182,30,2026-07-25 11:43:17.813865,2026-07-25 11:43:17.813865,2026-07-25 11:43:17.813865
5795,295,12,27,37,2026-07-25 11:43:17.813875,2026-07-25 11:43:17.813875,2026-07-25 11:43:17.813875
5796,296,12,184,46,2026-07-25 11:43:17.813886,2026-07-25 11:43:17.813886,2026-07-25 11:43:17.813886
5797,297,12,325,78,2026-07-25 11:43:17.813899,2026-07-25 11:43:17.813899,2026-07-25 11:43:17.813899
5798,298,12,489,42,2026-07-25 11:43:17.813911,2026-07-25 11:43:17.813911,2026-07-25 11:43:17.813911
5799,299,12,24,38,2026-07-25 11:43:17.813921,2026-07-25 11:43:17.813921,2026-07-25 11:43:17.813921
5800,300,12,149,53,2026-07-25 11:43:17.813931,2026-07-25 11:43:17.813931,2026-07-25 11:43:17.813931
5801,301,12,327,79,2026-07-25 11:43:17.813940,2026-07-25 11:43:17.813940,2026-07-25 11:43:17.813940
5802,302,12,39,52,2026-07-25 11:43:17.813949,2026-07-25 11:43:17.813949,2026-07-25 11:43:17.813949
5803,303,12,99,69,2026-07-25 11:43:17.813957,2026-07-25 11:43:17.813957,2026-07-25 11:43:17.813957
5804,304,12,321,31,2026-07-25 11:43:17.813966,2026-07-25 11:43:17.813966,2026-07-25 11:43:17.813966
5805,305,12,391,26,2026-07-25 11:43:17.813975,2026-07-25 11:43:17.813975,2026-07-25 11:43:17.813975
5806,306,12,306,68,2026-07-25 11:43:17.813984,2026-07-25 11:43:17.813984,2026-07-25 11:43:17.813984
5807,307,12,85,54,2026-07-25 11:43:17.813992,2026-07-25 11:43:17.813992,2026-07-25 11:43:17.813992
5808,308,12,165,75,2026-07-25 11:43:17.814002,2026-07-25 11:43:17.814002,2026-07-25 11:43:17.814002
5809,309,12,161,72,2026-07-25 11:43:17.814012,2026-07-25 11:43:17.814012,2026-07-25 11:43:17.814012
5810,310,12,432,63,2026-07-25 11:43:17.814021,2026-07-25 11:43:17.814021,2026-07-25 11:43:17.814021
5811,311,12,409,39,2026-07-25 11:43:17.814031,2026-07-25 11:43:17.814031,2026-07-25 11:43:17.814031
5812,312,12,138,63,2026-07-25 11:43:17.814041,2026-07-25 11:43:17.814041,2026-07-25 11:43:17.814041
5813,313,12,357,64,2026-07-25 11:43:17.814050,2026-07-25 11:43:17.814050,2026-07-25 11:43:17.814050
5814,314,12,185,26,2026-07-25 11:43:17.814060,2026-07-25 11:43:17.814060,2026-07-25 11:43:17.814060
5815,315,12,273,57,2026-07-25 11:43:17.814070,2026-07-25 11:43:17.814070,2026-07-25 11:43:17.814070
5816,316,12,180,72,2026-07-25 11:43:17.814079,2026-07-25 11:43:17.814079,2026-07-25 11:43:17.814079
5817,317,12,73,20,2026-07-25 11:43:17.814089,2026-07-25 11:43:17.814089,2026-07-25 11:43:17.814089
5818,318,12,70,53,2026-07-25 11:43:17.814098,2026-07-25 11:43:17.814098,2026-07-25 11:43:17.814098
5819,319,12,144,43,2026-07-25 11:43:17.814108,2026-07-25 11:43:17.814108,2026-07-25 11:43:17.814108
5820,320,12,398,51,2026-07-25 11:43:17.814118,2026-07-25 11:43:17.814118,2026-07-25 11:43:17.814118
5821,321,12,210,41,2026-07-25 11:43:17.814127,2026-07-25 11:43:17.814127,2026-07-25 11:43:17.814127
5822,322,12,471,78,2026-07-25 11:43:17.814137,2026-07-25 11:43:17.814137,2026-07-25 11:43:17.814137
5823,323,12,83,26,2026-07-25 11:43:17.814146,2026-07-25 11:43:17.814146,2026-07-25 11:43:17.814146
5824,324,12,111,29,2026-07-25 11:43:17.814156,2026-07-25 11:43:17.814156,2026-07-25 11:43:17.814156
5825,325,12,257,34,2026-07-25 11:43:17.814166,2026-07-25 11:43:17.814166,2026-07-25 11:43:17.814166
5826,326,12,425,32,2026-07-25 11:43:17.814175,2026-07-25 11:43:17.814175,2026-07-25 11:43:17.814175
5827,327,12,407,77,2026-07-25 11:43:17.814185,2026-07-25 11:43:17.814185,2026-07-25 11:43:17.814185
5828,328,12,286,59,2026-07-25 11:43:17.814195,2026-07-25 11:43:17.814195,2026-07-25 11:43:17.814195
5829,329,12,353,73,2026-07-25 11:43:17.814204,2026-07-25 11:43:17.814204,2026-07-25 11:43:17.814204
5830,330,12,487,53,2026-07-25 11:43:17.814214,2026-07-25 11:43:17.814214,2026-07-25 11:43:17.814214
5831,331,12,433,54,2026-07-25 11:43:17.814224,2026-07-25 11:43:17.814224,2026-07-25 11:43:17.814224
5832,332,12,364,55,2026-07-25 11:43:17.814233,2026-07-25 11:43:17.814233,2026-07-25 11:43:17.814233
5833,333,12,359,68,2026-07-25 11:43:17.814243,2026-07-25 11:43:17.814243,2026-07-25 11:43:17.814243
5834,334,12,410,27,2026-07-25 11:43:17.814253,2026-07-25 11:43:17.814253,2026-07-25 11:43:17.814253
5835,335,12,213,49,2026-07-25 11:43:17.814263,2026-07-25 11:43:17.814263,2026-07-25 11:43:17.814263
5836,336,12,469,24,2026-07-25 11:43:17.814272,2026-07-25 11:43:17.814272,2026-07-25 11:43:17.814272
5837,337,12,59,72,2026-07-25 11:43:17.814282,2026-07-25 11:43:17.814282,2026-07-25 11:43:17.814282
5838,338,12,67,79,2026-07-25 11:43:17.814293,2026-07-25 11:43:17.814293,2026-07-25 11:43:17.814293
5839,339,12,8,50,2026-07-25 11:43:17.814303,2026-07-25 11:43:17.814303,2026-07-25 11:43:17.814303
5840,340,12,178,39,2026-07-25 11:43:17.814313,2026-07-25 11:43:17.814313,2026-07-25 11:43:17.814313
5841,341,12,353,43,2026-07-25 11:43:17.814322,2026-07-25 11:43:17.814322,2026-07-25 11:43:17.814322
5842,342,12,71,72,2026-07-25 11:43:17.814332,2026-07-25 11:43:17.814332,2026-07-25 11:43:17.814332
5843,343,12,226,76,2026-07-25 11:43:17.814341,2026-07-25 11:43:17.814341,2026-07-25 11:43:17.814341
5844,344,12,305,53,2026-07-25 11:43:17.814352,2026-07-25 11:43:17.814352,2026-07-25 11:43:17.814352
5845,345,12,390,41,2026-07-25 11:43:17.814362,2026-07-25 11:43:17.814362,2026-07-25 11:43:17.814362
5846,346,12,88,65,2026-07-25 11:43:17.814372,2026-07-25 11:43:17.814372,2026-07-25 11:43:17.814372
5847,347,12,155,21,2026-07-25 11:43:17.814382,2026-07-25 11:43:17.814382,2026-07-25 11:43:17.814382
5848,348,12,381,72,2026-07-25 11:43:17.814392,2026-07-25 11:43:17.814392,2026-07-25 11:43:17.814392
5849,349,12,60,34,2026-07-25 11:43:17.814401,2026-07-25 11:43:17.814401,2026-07-25 11:43:17.814401
5850,350,12,65,74,2026-07-25 11:43:17.814411,2026-07-25 11:43:17.814411,2026-07-25 11:43:17.814411
5851,351,12,355,29,2026-07-25 11:43:17.814421,2026-07-25 11:43:17.814421,2026-07-25 11:43:17.814421
5852,352,12,352,34,2026-07-25 11:43:17.814430,2026-07-25 11:43:17.814430,2026-07-25 11:43:17.814430
5853,353,12,157,28,2026-07-25 11:43:17.814440,2026-07-25 11:43:17.814440,2026-07-25 11:43:17.814440
5854,354,12,107,28,2026-07-25 11:43:17.814450,2026-07-25 11:43:17.814450,2026-07-25 11:43:17.814450
5855,355,12,40,47,2026-07-25 11:43:17.814459,2026-07-25 11:43:17.814459,2026-07-25 11:43:17.814459
5856,356,12,353,68,2026-07-25 11:43:17.814469,2026-07-25 11:43:17.814469,2026-07-25 11:43:17.814469
5857,357,12,401,27,2026-07-25 11:43:17.814479,2026-07-25 11:43:17.814479,2026-07-25 11:43:17.814479
5858,358,12,39,21,2026-07-25 11:43:17.814488,2026-07-25 11:43:17.814488,2026-07-25 11:43:17.814488
5859,359,12,396,50,2026-07-25 11:43:17.814498,2026-07-25 11:43:17.814498,2026-07-25 11:43:17.814498
5860,360,12,387,47,2026-07-25 11:43:17.814508,2026-07-25 11:43:17.814508,2026-07-25 11:43:17.814508
5861,361,12,21,32,2026-07-25 11:43:17.814517,2026-07-25 11:43:17.814517,2026-07-25 11:43:17.814517
5862,362,12,55,22,2026-07-25 11:43:17.814527,2026-07-25 11:43:17.814527,2026-07-25 11:43:17.814527
5863,363,12,406,62,2026-07-25 11:43:17.814537,2026-07-25 11:43:17.814537,2026-07-25 11:43:17.814537
5864,364,12,262,57,2026-07-25 11:43:17.814546,2026-07-25 11:43:17.814546,2026-07-25 11:43:17.814546
5865,365,12,30,50,2026-07-25 11:43:17.814556,2026-07-25 11:43:17.814556,2026-07-25 11:43:17.814556
5866,366,12,60,78,2026-07-25 11:43:17.814565,2026-07-25 11:43:17.814565,2026-07-25 11:43:17.814565
5867,367,12,129,22,2026-07-25 11:43:17.814575,2026-07-25 11:43:17.814575,2026-07-25 11:43:17.814575
5868,368,12,33,39,2026-07-25 11:43:17.814585,2026-07-25 11:43:17.814585,2026-07-25 11:43:17.814585
5869,369,12,341,20,2026-07-25 11:43:17.814595,2026-07-25 11:43:17.814595,2026-07-25 11:43:17.814595
5870,370,12,386,26,2026-07-25 11:43:17.814604,2026-07-25 11:43:17.814604,2026-07-25 11:43:17.814604
5871,371,12,400,27,2026-07-25 11:43:17.814614,2026-07-25 11:43:17.814614,2026-07-25 11:43:17.814614
5872,372,12,471,58,2026-07-25 11:43:17.814625,2026-07-25 11:43:17.814625,2026-07-25 11:43:17.814625
5873,373,12,105,57,2026-07-25 11:43:17.814635,2026-07-25 11:43:17.814635,2026-07-25 11:43:17.814635
5874,374,12,461,32,2026-07-25 11:43:17.814644,2026-07-25 11:43:17.814644,2026-07-25 11:43:17.814644
5875,375,12,94,62,2026-07-25 11:43:17.814654,2026-07-25 11:43:17.814654,2026-07-25 11:43:17.814654
5876,376,12,179,21,2026-07-25 11:43:17.814664,2026-07-25 11:43:17.814664,2026-07-25 11:43:17.814664
5877,377,12,46,29,2026-07-25 11:43:17.814673,2026-07-25 11:43:17.814673,2026-07-25 11:43:17.814673
5878,378,12,433,67,2026-07-25 11:43:17.814683,2026-07-25 11:43:17.814683,2026-07-25 11:43:17.814683
5879,379,12,482,37,2026-07-25 11:43:17.814693,2026-07-25 11:43:17.814693,2026-07-25 11:43:17.814693
5880,380,12,485,57,2026-07-25 11:43:17.814702,2026-07-25 11:43:17.814702,2026-07-25 11:43:17.814702
5881,381,12,178,42,2026-07-25 11:43:17.814712,2026-07-25 11:43:17.814712,2026-07-25 11:43:17.814712
5882,382,12,82,74,2026-07-25 11:43:17.814722,2026-07-25 11:43:17.814722,2026-07-25 11:43:17.814722
5883,383,12,256,69,2026-07-25 11:43:17.814731,2026-07-25 11:43:17.814731,2026-07-25 11:43:17.814731
5884,384,12,373,59,2026-07-25 11:43:17.814741,2026-07-25 11:43:17.814741,2026-07-25 11:43:17.814741
5885,385,12,123,52,2026-07-25 11:43:17.814751,2026-07-25 11:43:17.814751,2026-07-25 11:43:17.814751
5886,386,12,291,24,2026-07-25 11:43:17.814760,2026-07-25 11:43:17.814760,2026-07-25 11:43:17.814760
5887,387,12,50,72,2026-07-25 11:43:17.814770,2026-07-25 11:43:17.814770,2026-07-25 11:43:17.814770
5888,388,12,296,68,2026-07-25 11:43:17.814780,2026-07-25 11:43:17.814780,2026-07-25 11:43:17.814780
5889,389,12,7,53,2026-07-25 11:43:17.814790,2026-07-25 11:43:17.814790,2026-07-25 11:43:17.814790
5890,390,12,111,65,2026-07-25 11:43:17.814799,2026-07-25 11:43:17.814799,2026-07-25 11:43:17.814799
5891,391,12,98,38,2026-07-25 11:43:17.814809,2026-07-25 11:43:17.814809,2026-07-25 11:43:17.814809
5892,392,12,87,77,2026-07-25 11:43:17.814819,2026-07-25 11:43:17.814819,2026-07-25 11:43:17.814819
5893,393,12,386,54,2026-07-25 11:43:17.814829,2026-07-25 11:43:17.814829,2026-07-25 11:43:17.814829
5894,394,12,2,66,2026-07-25 11:43:17.814838,2026-07-25 11:43:17.814838,2026-07-25 11:43:17.814838
5895,395,12,50,79,2026-07-25 11:43:17.814848,2026-07-25 11:43:17.814848,2026-07-25 11:43:17.814848
5896,396,12,109,78,2026-07-25 11:43:17.814858,2026-07-25 11:43:17.814858,2026-07-25 11:43:17.814858
5897,397,12,258,74,2026-07-25 11:43:17.814867,2026-07-25 11:43:17.814867,2026-07-25 11:43:17.814867
5898,398,12,362,50,2026-07-25 11:43:17.814877,2026-07-25 11:43:17.814877,2026-07-25 11:43:17.814877
5899,399,12,187,64,2026-07-25 11:43:17.814886,2026-07-25 11:43:17.814886,2026-07-25 11:43:17.814886
5900,400,12,301,31,2026-07-25 11:43:17.814912,2026-07-25 11:43:17.814912,2026-07-25 11:43:17.814912
5901,401,12,225,63,2026-07-25 11:43:17.814923,2026-07-25 11:43:17.814923,2026-07-25 11:43:17.814923
5902,402,12,490,26,2026-07-25 11:43:17.814941,2026-07-25 11:43:17.814941,2026-07-25 11:43:17.814941
5903,403,12,92,73,2026-07-25 11:43:17.814951,2026-07-25 11:43:17.814951,2026-07-25 11:43:17.814951
5904,404,12,181,44,2026-07-25 11:43:17.814961,2026-07-25 11:43:17.814961,2026-07-25 11:43:17.814961
5905,405,12,217,33,2026-07-25 11:43:17.814971,2026-07-25 11:43:17.814971,2026-07-25 11:43:17.814971
5906,406,12,263,34,2026-07-25 11:43:17.814981,2026-07-25 11:43:17.814981,2026-07-25 11:43:17.814981
5907,407,12,208,27,2026-07-25 11:43:17.814990,2026-07-25 11:43:17.814990,2026-07-25 11:43:17.814990
5908,408,12,389,40,2026-07-25 11:43:17.815000,2026-07-25 11:43:17.815000,2026-07-25 11:43:17.815000
5909,409,12,63,49,2026-07-25 11:43:17.815010,2026-07-25 11:43:17.815010,2026-07-25 11:43:17.815010
5910,410,12,56,53,2026-07-25 11:43:17.815020,2026-07-25 11:43:17.815020,2026-07-25 11:43:17.815020
5911,411,12,69,51,2026-07-25 11:43:17.815030,2026-07-25 11:43:17.815030,2026-07-25 11:43:17.815030
5912,412,12,390,43,2026-07-25 11:43:17.815039,2026-07-25 11:43:17.815039,2026-07-25 11:43:17.815039
5913,413,12,360,38,2026-07-25 11:43:17.815049,2026-07-25 11:43:17.815049,2026-07-25 11:43:17.815049
5914,414,12,285,66,2026-07-25 11:43:17.815059,2026-07-25 11:43:17.815059,2026-07-25 11:43:17.815059
5915,415,12,20,25,2026-07-25 11:43:17.815068,2026-07-25 11:43:17.815068,2026-07-25 11:43:17.815068
5916,416,12,167,51,2026-07-25 11:43:17.815078,2026-07-25 11:43:17.815078,2026-07-25 11:43:17.815078
5917,417,12,59,44,2026-07-25 11:43:17.815088,2026-07-25 11:43:17.815088,2026-07-25 11:43:17.815088
5918,418,12,145,49,2026-07-25 11:43:17.815098,2026-07-25 11:43:17.815098,2026-07-25 11:43:17.815098
5919,419,12,307,67,2026-07-25 11:43:17.815107,2026-07-25 11:43:17.815107,2026-07-25 11:43:17.815107
5920,420,12,159,63,2026-07-25 11:43:17.815117,2026-07-25 11:43:17.815117,2026-07-25 11:43:17.815117
5921,421,12,499,73,2026-07-25 11:43:17.815127,2026-07-25 11:43:17.815127,2026-07-25 11:43:17.815127
5922,422,12,227,34,2026-07-25 11:43:17.815137,2026-07-25 11:43:17.815137,2026-07-25 11:43:17.815137
5923,423,12,283,46,2026-07-25 11:43:17.815147,2026-07-25 11:43:17.815147,2026-07-25 11:43:17.815147
5924,424,12,148,74,2026-07-25 11:43:17.815156,2026-07-25 11:43:17.815156,2026-07-25 11:43:17.815156
5925,425,12,219,32,2026-07-25 11:43:17.815166,2026-07-25 11:43:17.815166,2026-07-25 11:43:17.815166
5926,426,12,438,24,2026-07-25 11:43:17.815176,2026-07-25 11:43:17.815176,2026-07-25 11:43:17.815176
5927,427,12,458,73,2026-07-25 11:43:17.815185,2026-07-25 11:43:17.815185,2026-07-25 11:43:17.815185
5928,428,12,410,50,2026-07-25 11:43:17.815195,2026-07-25 11:43:17.815195,2026-07-25 11:43:17.815195
5929,429,12,480,63,2026-07-25 11:43:17.815205,2026-07-25 11:43:17.815205,2026-07-25 11:43:17.815205
5930,430,12,188,31,2026-07-25 11:43:17.815214,2026-07-25 11:43:17.815214,2026-07-25 11:43:17.815214
5931,431,12,6,63,2026-07-25 11:43:17.815224,2026-07-25 11:43:17.815224,2026-07-25 11:43:17.815224
5932,432,12,251,63,2026-07-25 11:43:17.815234,2026-07-25 11:43:17.815234,2026-07-25 11:43:17.815234
5933,433,12,53,45,2026-07-25 11:43:17.815243,2026-07-25 11:43:17.815243,2026-07-25 11:43:17.815243
5934,434,12,224,53,2026-07-25 11:43:17.815255,2026-07-25 11:43:17.815255,2026-07-25 11:43:17.815255
5935,435,12,337,63,2026-07-25 11:43:17.815265,2026-07-25 11:43:17.815265,2026-07-25 11:43:17.815265
5936,436,12,43,27,2026-07-25 11:43:17.815274,2026-07-25 11:43:17.815274,2026-07-25 11:43:17.815274
5937,437,12,73,45,2026-07-25 11:43:17.815284,2026-07-25 11:43:17.815284,2026-07-25 11:43:17.815284
5938,438,12,205,64,2026-07-25 11:43:17.815294,2026-07-25 11:43:17.815294,2026-07-25 11:43:17.815294
5939,439,12,302,26,2026-07-25 11:43:17.815303,2026-07-25 11:43:17.815303,2026-07-25 11:43:17.815303
5940,440,12,379,79,2026-07-25 11:43:17.815313,2026-07-25 11:43:17.815313,2026-07-25 11:43:17.815313
5941,441,12,456,30,2026-07-25 11:43:17.815323,2026-07-25 11:43:17.815323,2026-07-25 11:43:17.815323
5942,442,12,33,43,2026-07-25 11:43:17.815333,2026-07-25 11:43:17.815333,2026-07-25 11:43:17.815333
5943,443,12,499,32,2026-07-25 11:43:17.815342,2026-07-25 11:43:17.815342,2026-07-25 11:43:17.815342
5944,444,12,173,32,2026-07-25 11:43:17.815352,2026-07-25 11:43:17.815352,2026-07-25 11:43:17.815352
5945,445,12,304,74,2026-07-25 11:43:17.815362,2026-07-25 11:43:17.815362,2026-07-25 11:43:17.815362
5946,446,12,206,27,2026-07-25 11:43:17.815372,2026-07-25 11:43:17.815372,2026-07-25 11:43:17.815372
5947,447,12,119,73,2026-07-25 11:43:17.815381,2026-07-25 11:43:17.815381,2026-07-25 11:43:17.815381
5948,448,12,217,66,2026-07-25 11:43:17.815391,2026-07-25 11:43:17.815391,2026-07-25 11:43:17.815391
5949,449,12,255,37,2026-07-25 11:43:17.815401,2026-07-25 11:43:17.815401,2026-07-25 11:43:17.815401
5950,450,12,391,65,2026-07-25 11:43:17.815412,2026-07-25 11:43:17.815412,2026-07-25 11:43:17.815412
5951,451,12,392,57,2026-07-25 11:43:17.815421,2026-07-25 11:43:17.815421,2026-07-25 11:43:17.815421
5952,452,12,303,37,2026-07-25 11:43:17.815431,2026-07-25 11:43:17.815431,2026-07-25 11:43:17.815431
5953,453,12,387,70,2026-07-25 11:43:17.815441,2026-07-25 11:43:17.815441,2026-07-25 11:43:17.815441
5954,454,12,410,61,2026-07-25 11:43:17.815451,2026-07-25 11:43:17.815451,2026-07-25 11:43:17.815451
5955,455,12,482,45,2026-07-25 11:43:17.815461,2026-07-25 11:43:17.815461,2026-07-25 11:43:17.815461
5956,456,12,182,50,2026-07-25 11:43:17.815470,2026-07-25 11:43:17.815470,2026-07-25 11:43:17.815470
5957,457,12,341,58,2026-07-25 11:43:17.815480,2026-07-25 11:43:17.815480,2026-07-25 11:43:17.815480
5958,458,12,486,45,2026-07-25 11:43:17.815490,2026-07-25 11:43:17.815490,2026-07-25 11:43:17.815490
5959,459,12,248,52,2026-07-25 11:43:17.815499,2026-07-25 11:43:17.815499,2026-07-25 11:43:17.815499
5960,460,12,142,29,2026-07-25 11:43:17.815509,2026-07-25 11:43:17.815509,2026-07-25 11:43:17.815509
5961,461,12,393,49,2026-07-25 11:43:17.815518,2026-07-25 11:43:17.815518,2026-07-25 11:43:17.815518
5962,462,12,55,27,2026-07-25 11:43:17.815528,2026-07-25 11:43:17.815528,2026-07-25 11:43:17.815528
5963,463,12,128,51,2026-07-25 11:43:17.815538,2026-07-25 11:43:17.815538,2026-07-25 11:43:17.815538
5964,464,12,254,34,2026-07-25 11:43:17.815548,2026-07-25 11:43:17.815548,2026-07-25 11:43:17.815548
5965,465,12,321,80,2026-07-25 11:43:17.815559,2026-07-25 11:43:17.815559,2026-07-25 11:43:17.815559
5966,466,12,68,21,2026-07-25 11:43:17.815569,2026-07-25 11:43:17.815569,2026-07-25 11:43:17.815569
5967,467,12,50,67,2026-07-25 11:43:17.815578,2026-07-25 11:43:17.815578,2026-07-25 11:43:17.815578
5968,468,12,27,73,2026-07-25 11:43:17.815588,2026-07-25 11:43:17.815588,2026-07-25 11:43:17.815588
5969,469,12,34,51,2026-07-25 11:43:17.815598,2026-07-25 11:43:17.815598,2026-07-25 11:43:17.815598
5970,470,12,347,21,2026-07-25 11:43:17.815607,2026-07-25 11:43:17.815607,2026-07-25 11:43:17.815607
5971,471,12,497,31,2026-07-25 11:43:17.815617,2026-07-25 11:43:17.815617,2026-07-25 11:43:17.815617
5972,472,12,195,58,2026-07-25 11:43:17.815627,2026-07-25 11:43:17.815627,2026-07-25 11:43:17.815627
5973,473,12,347,40,2026-07-25 11:43:17.815636,2026-07-25 11:43:17.815636,2026-07-25 11:43:17.815636
5974,474,12,78,39,2026-07-25 11:43:17.815646,2026-07-25 11:43:17.815646,2026-07-25 11:43:17.815646
5975,475,12,318,59,2026-07-25 11:43:17.815656,2026-07-25 11:43:17.815656,2026-07-25 11:43:17.815656
5976,476,12,49,68,2026-07-25 11:43:17.815665,2026-07-25 11:43:17.815665,2026-07-25 11:43:17.815665
5977,477,12,39,62,2026-07-25 11:43:17.815675,2026-07-25 11:43:17.815675,2026-07-25 11:43:17.815675
5978,478,12,384,53,2026-07-25 11:43:17.815685,2026-07-25 11:43:17.815685,2026-07-25 11:43:17.815685
5979,479,12,392,51,2026-07-25 11:43:17.815694,2026-07-25 11:43:17.815694,2026-07-25 11:43:17.815694
5980,480,12,405,49,2026-07-25 11:43:17.815704,2026-07-25 11:43:17.815704,2026-07-25 11:43:17.815704
5981,481,12,103,38,2026-07-25 11:43:17.815714,2026-07-25 11:43:17.815714,2026-07-25 11:43:17.815714
5982,482,12,338,51,2026-07-25 11:43:17.815723,2026-07-25 11:43:17.815723,2026-07-25 11:43:17.815723
5983,483,12,251,52,2026-07-25 11:43:17.815733,2026-07-25 11:43:17.815733,2026-07-25 11:43:17.815733
5984,484,12,133,54,2026-07-25 11:43:17.815743,2026-07-25 11:43:17.815743,2026-07-25 11:43:17.815743
5985,485,12,175,71,2026-07-25 11:43:17.815752,2026-07-25 11:43:17.815752,2026-07-25 11:43:17.815752
5986,486,12,440,54,2026-07-25 11:43:17.815762,2026-07-25 11:43:17.815762,2026-07-25 11:43:17.815762
5987,487,12,279,21,2026-07-25 11:43:17.815771,2026-07-25 11:43:17.815771,2026-07-25 11:43:17.815771
5988,488,12,487,68,2026-07-25 11:43:17.815781,2026-07-25 11:43:17.815781,2026-07-25 11:43:17.815781
5989,489,12,16,47,2026-07-25 11:43:17.815791,2026-07-25 11:43:17.815791,2026-07-25 11:43:17.815791
5990,490,12,450,78,2026-07-25 11:43:17.815801,2026-07-25 11:43:17.815801,2026-07-25 11:43:17.815801
5991,491,12,60,44,2026-07-25 11:43:17.815810,2026-07-25 11:43:17.815810,2026-07-25 11:43:17.815810
5992,492,12,230,40,2026-07-25 11:43:17.815820,2026-07-25 11:43:17.815820,2026-07-25 11:43:17.815820
5993,493,12,436,44,2026-07-25 11:43:17.815829,2026-07-25 11:43:17.815829,2026-07-25 11:43:17.815829
5994,494,12,226,49,2026-07-25 11:43:17.815839,2026-07-25 11:43:17.815839,2026-07-25 11:43:17.815839
5995,495,12,18,22,2026-07-25 11:43:17.815849,2026-07-25 11:43:17.815849,2026-07-25 11:43:17.815849
5996,496,12,90,55,2026-07-25 11:43:17.815858,2026-07-25 11:43:17.815858,2026-07-25 11:43:17.815858
5997,497,12,337,75,2026-07-25 11:43:17.815868,2026-07-25 11:43:17.815868,2026-07-25 11:43:17.815868
5998,498,12,399,39,2026-07-25 11:43:17.815877,2026-07-25 11:43:17.815877,2026-07-25 11:43:17.815877
5999,499,12,452,65,2026-07-25 11:43:17.815887,2026-07-25 11:43:17.815887,2026-07-25 11:43:17.815887
6000,500,12,84,51,2026-07-25 11:43:17.815897,2026-07-25 11:43:17.815897,2026-07-25 11:43:17.815897
6001,1,13,220,28,2026-07-25 11:43:17.816064,2026-07-25 11:43:17.816064,2026-07-25 11:43:17.816064
6002,2,13,159,65,2026-07-25 11:43:17.816077,2026-07-25 11:43:17.816077,2026-07-25 11:43:17.816077
6003,3,13,199,51,2026-07-25 11:43:17.816088,2026-07-25 11:43:17.816088,2026-07-25 11:43:17.816088
6004,4,13,391,27,2026-07-25 11:43:17.816099,2026-07-25 11:43:17.816099,2026-07-25 11:43:17.816099
6005,5,13,291,63,2026-07-25 11:43:17.816109,2026-07-25 11:43:17.816109,2026-07-25 11:43:17.816109
6006,6,13,251,62,2026-07-25 11:43:17.816119,2026-07-25 11:43:17.816119,2026-07-25 11:43:17.816119
6007,7,13,283,63,2026-07-25 11:43:17.816129,2026-07-25 11:43:17.816129,2026-07-25 11:43:17.816129
6008,8,13,276,56,2026-07-25 11:43:17.816139,2026-07-25 11:43:17.816139,2026-07-25 11:43:17.816139
6009,9,13,240,50,2026-07-25 11:43:17.816149,2026-07-25 11:43:17.816149,2026-07-25 11:43:17.816149
6010,10,13,287,74,2026-07-25 11:43:17.816159,2026-07-25 11:43:17.816159,2026-07-25 11:43:17.816159
6011,11,13,80,52,2026-07-25 11:43:17.816169,2026-07-25 11:43:17.816169,2026-07-25 11:43:17.816169
6012,12,13,28,45,2026-07-25 11:43:17.816179,2026-07-25 11:43:17.816179,2026-07-25 11:43:17.816179
6013,13,13,134,51,2026-07-25 11:43:17.816189,2026-07-25 11:43:17.816189,2026-07-25 11:43:17.816189
6014,14,13,302,44,2026-07-25 11:43:17.816198,2026-07-25 11:43:17.816198,2026-07-25 11:43:17.816198
6015,15,13,315,63,2026-07-25 11:43:17.816208,2026-07-25 11:43:17.816208,2026-07-25 11:43:17.816208
6016,16,13,180,69,2026-07-25 11:43:17.816218,2026-07-25 11:43:17.816218,2026-07-25 11:43:17.816218
6017,17,13,500,38,2026-07-25 11:43:17.816228,2026-07-25 11:43:17.816228,2026-07-25 11:43:17.816228
6018,18,13,164,23,2026-07-25 11:43:17.816238,2026-07-25 11:43:17.816238,2026-07-25 11:43:17.816238
6019,19,13,14,57,2026-07-25 11:43:17.816247,2026-07-25 11:43:17.816247,2026-07-25 11:43:17.816247
6020,20,13,23,28,2026-07-25 11:43:17.816257,2026-07-25 11:43:17.816257,2026-07-25 11:43:17.816257
6021,21,13,428,43,2026-07-25 11:43:17.816267,2026-07-25 11:43:17.816267,2026-07-25 11:43:17.816267
6022,22,13,178,71,2026-07-25 11:43:17.816277,2026-07-25 11:43:17.816277,2026-07-25 11:43:17.816277
6023,23,13,379,57,2026-07-25 11:43:17.816286,2026-07-25 11:43:17.816286,2026-07-25 11:43:17.816286
6024,24,13,13,68,2026-07-25 11:43:17.816296,2026-07-25 11:43:17.816296,2026-07-25 11:43:17.816296
6025,25,13,456,60,2026-07-25 11:43:17.816306,2026-07-25 11:43:17.816306,2026-07-25 11:43:17.816306
6026,26,13,174,44,2026-07-25 11:43:17.816316,2026-07-25 11:43:17.816316,2026-07-25 11:43:17.816316
6027,27,13,49,47,2026-07-25 11:43:17.816325,2026-07-25 11:43:17.816325,2026-07-25 11:43:17.816325
6028,28,13,176,42,2026-07-25 11:43:17.816337,2026-07-25 11:43:17.816337,2026-07-25 11:43:17.816337
6029,29,13,210,42,2026-07-25 11:43:17.816347,2026-07-25 11:43:17.816347,2026-07-25 11:43:17.816347
6030,30,13,28,62,2026-07-25 11:43:17.816357,2026-07-25 11:43:17.816357,2026-07-25 11:43:17.816357
6031,31,13,125,35,2026-07-25 11:43:17.816367,2026-07-25 11:43:17.816367,2026-07-25 11:43:17.816367
6032,32,13,120,61,2026-07-25 11:43:17.816376,2026-07-25 11:43:17.816376,2026-07-25 11:43:17.816376
6033,33,13,159,57,2026-07-25 11:43:17.816386,2026-07-25 11:43:17.816386,2026-07-25 11:43:17.816386
6034,34,13,43,78,2026-07-25 11:43:17.816396,2026-07-25 11:43:17.816396,2026-07-25 11:43:17.816396
6035,35,13,352,24,2026-07-25 11:43:17.816406,2026-07-25 11:43:17.816406,2026-07-25 11:43:17.816406
6036,36,13,444,39,2026-07-25 11:43:17.816415,2026-07-25 11:43:17.816415,2026-07-25 11:43:17.816415
6037,37,13,58,41,2026-07-25 11:43:17.816425,2026-07-25 11:43:17.816425,2026-07-25 11:43:17.816425
6038,38,13,86,21,2026-07-25 11:43:17.816434,2026-07-25 11:43:17.816434,2026-07-25 11:43:17.816434
6039,39,13,275,40,2026-07-25 11:43:17.816444,2026-07-25 11:43:17.816444,2026-07-25 11:43:17.816444
6040,40,13,19,49,2026-07-25 11:43:17.816454,2026-07-25 11:43:17.816454,2026-07-25 11:43:17.816454
6041,41,13,336,75,2026-07-25 11:43:17.816464,2026-07-25 11:43:17.816464,2026-07-25 11:43:17.816464
6042,42,13,216,56,2026-07-25 11:43:17.816473,2026-07-25 11:43:17.816473,2026-07-25 11:43:17.816473
6043,43,13,263,77,2026-07-25 11:43:17.816483,2026-07-25 11:43:17.816483,2026-07-25 11:43:17.816483
6044,44,13,215,37,2026-07-25 11:43:17.816493,2026-07-25 11:43:17.816493,2026-07-25 11:43:17.816493
6045,45,13,10,64,2026-07-25 11:43:17.816503,2026-07-25 11:43:17.816503,2026-07-25 11:43:17.816503
6046,46,13,240,57,2026-07-25 11:43:17.816512,2026-07-25 11:43:17.816512,2026-07-25 11:43:17.816512
6047,47,13,11,40,2026-07-25 11:43:17.816522,2026-07-25 11:43:17.816522,2026-07-25 11:43:17.816522
6048,48,13,193,56,2026-07-25 11:43:17.816532,2026-07-25 11:43:17.816532,2026-07-25 11:43:17.816532
6049,49,13,199,40,2026-07-25 11:43:17.816542,2026-07-25 11:43:17.816542,2026-07-25 11:43:17.816542
6050,50,13,293,26,2026-07-25 11:43:17.816552,2026-07-25 11:43:17.816552,2026-07-25 11:43:17.816552
6051,51,13,413,51,2026-07-25 11:43:17.816561,2026-07-25 11:43:17.816561,2026-07-25 11:43:17.816561
6052,52,13,51,64,2026-07-25 11:43:17.816571,2026-07-25 11:43:17.816571,2026-07-25 11:43:17.816571
6053,53,13,345,33,2026-07-25 11:43:17.816581,2026-07-25 11:43:17.816581,2026-07-25 11:43:17.816581
6054,54,13,172,51,2026-07-25 11:43:17.816591,2026-07-25 11:43:17.816591,2026-07-25 11:43:17.816591
6055,55,13,257,71,2026-07-25 11:43:17.816600,2026-07-25 11:43:17.816600,2026-07-25 11:43:17.816600
6056,56,13,391,62,2026-07-25 11:43:17.816610,2026-07-25 11:43:17.816610,2026-07-25 11:43:17.816610
6057,57,13,173,30,2026-07-25 11:43:17.816620,2026-07-25 11:43:17.816620,2026-07-25 11:43:17.816620
6058,58,13,314,39,2026-07-25 11:43:17.816629,2026-07-25 11:43:17.816629,2026-07-25 11:43:17.816629
6059,59,13,186,47,2026-07-25 11:43:17.816639,2026-07-25 11:43:17.816639,2026-07-25 11:43:17.816639
6060,60,13,103,51,2026-07-25 11:43:17.816649,2026-07-25 11:43:17.816649,2026-07-25 11:43:17.816649
6061,61,13,325,74,2026-07-25 11:43:17.816659,2026-07-25 11:43:17.816659,2026-07-25 11:43:17.816659
6062,62,13,498,70,2026-07-25 11:43:17.816668,2026-07-25 11:43:17.816668,2026-07-25 11:43:17.816668
6063,63,13,38,73,2026-07-25 11:43:17.816678,2026-07-25 11:43:17.816678,2026-07-25 11:43:17.816678
6064,64,13,435,54,2026-07-25 11:43:17.816688,2026-07-25 11:43:17.816688,2026-07-25 11:43:17.816688
6065,65,13,109,38,2026-07-25 11:43:17.816697,2026-07-25 11:43:17.816697,2026-07-25 11:43:17.816697
6066,66,13,135,23,2026-07-25 11:43:17.816707,2026-07-25 11:43:17.816707,2026-07-25 11:43:17.816707
6067,67,13,152,56,2026-07-25 11:43:17.816717,2026-07-25 11:43:17.816717,2026-07-25 11:43:17.816717
6068,68,13,205,71,2026-07-25 11:43:17.816727,2026-07-25 11:43:17.816727,2026-07-25 11:43:17.816727
6069,69,13,115,59,2026-07-25 11:43:17.816736,2026-07-25 11:43:17.816736,2026-07-25 11:43:17.816736
6070,70,13,380,25,2026-07-25 11:43:17.816746,2026-07-25 11:43:17.816746,2026-07-25 11:43:17.816746
6071,71,13,367,74,2026-07-25 11:43:17.816756,2026-07-25 11:43:17.816756,2026-07-25 11:43:17.816756
6072,72,13,296,26,2026-07-25 11:43:17.816766,2026-07-25 11:43:17.816766,2026-07-25 11:43:17.816766
6073,73,13,303,41,2026-07-25 11:43:17.816775,2026-07-25 11:43:17.816775,2026-07-25 11:43:17.816775
6074,74,13,139,24,2026-07-25 11:43:17.816785,2026-07-25 11:43:17.816785,2026-07-25 11:43:17.816785
6075,75,13,290,71,2026-07-25 11:43:17.816795,2026-07-25 11:43:17.816795,2026-07-25 11:43:17.816795
6076,76,13,271,50,2026-07-25 11:43:17.816804,2026-07-25 11:43:17.816804,2026-07-25 11:43:17.816804
6077,77,13,218,33,2026-07-25 11:43:17.816814,2026-07-25 11:43:17.816814,2026-07-25 11:43:17.816814
6078,78,13,177,70,2026-07-25 11:43:17.816824,2026-07-25 11:43:17.816824,2026-07-25 11:43:17.816824
6079,79,13,39,61,2026-07-25 11:43:17.816834,2026-07-25 11:43:17.816834,2026-07-25 11:43:17.816834
6080,80,13,421,39,2026-07-25 11:43:17.816843,2026-07-25 11:43:17.816843,2026-07-25 11:43:17.816843
6081,81,13,258,71,2026-07-25 11:43:17.816853,2026-07-25 11:43:17.816853,2026-07-25 11:43:17.816853
6082,82,13,153,47,2026-07-25 11:43:17.816863,2026-07-25 11:43:17.816863,2026-07-25 11:43:17.816863
6083,83,13,339,54,2026-07-25 11:43:17.816873,2026-07-25 11:43:17.816873,2026-07-25 11:43:17.816873
6084,84,13,160,32,2026-07-25 11:43:17.816882,2026-07-25 11:43:17.816882,2026-07-25 11:43:17.816882
6085,85,13,212,45,2026-07-25 11:43:17.816892,2026-07-25 11:43:17.816892,2026-07-25 11:43:17.816892
6086,86,13,128,59,2026-07-25 11:43:17.816902,2026-07-25 11:43:17.816902,2026-07-25 11:43:17.816902
6087,87,13,263,49,2026-07-25 11:43:17.816911,2026-07-25 11:43:17.816911,2026-07-25 11:43:17.816911
6088,88,13,343,68,2026-07-25 11:43:17.816921,2026-07-25 11:43:17.816921,2026-07-25 11:43:17.816921
6089,89,13,280,31,2026-07-25 11:43:17.816931,2026-07-25 11:43:17.816931,2026-07-25 11:43:17.816931
6090,90,13,451,21,2026-07-25 11:43:17.816942,2026-07-25 11:43:17.816942,2026-07-25 11:43:17.816942
6091,91,13,321,65,2026-07-25 11:43:17.816952,2026-07-25 11:43:17.816952,2026-07-25 11:43:17.816952
6092,92,13,264,75,2026-07-25 11:43:17.816963,2026-07-25 11:43:17.816963,2026-07-25 11:43:17.816963
6093,93,13,95,56,2026-07-25 11:43:17.816973,2026-07-25 11:43:17.816973,2026-07-25 11:43:17.816973
6094,94,13,255,33,2026-07-25 11:43:17.816988,2026-07-25 11:43:17.816988,2026-07-25 11:43:17.816988
6095,95,13,338,72,2026-07-25 11:43:17.816998,2026-07-25 11:43:17.816998,2026-07-25 11:43:17.816998
6096,96,13,380,80,2026-07-25 11:43:17.817007,2026-07-25 11:43:17.817007,2026-07-25 11:43:17.817007
6097,97,13,239,37,2026-07-25 11:43:17.817017,2026-07-25 11:43:17.817017,2026-07-25 11:43:17.817017
6098,98,13,479,60,2026-07-25 11:43:17.817027,2026-07-25 11:43:17.817027,2026-07-25 11:43:17.817027
6099,99,13,272,71,2026-07-25 11:43:17.817037,2026-07-25 11:43:17.817037,2026-07-25 11:43:17.817037
6100,100,13,314,74,2026-07-25 11:43:17.817046,2026-07-25 11:43:17.817046,2026-07-25 11:43:17.817046
6101,101,13,393,78,2026-07-25 11:43:17.817056,2026-07-25 11:43:17.817056,2026-07-25 11:43:17.817056
6102,102,13,222,79,2026-07-25 11:43:17.817066,2026-07-25 11:43:17.817066,2026-07-25 11:43:17.817066
6103,103,13,289,66,2026-07-25 11:43:17.817075,2026-07-25 11:43:17.817075,2026-07-25 11:43:17.817075
6104,104,13,320,23,2026-07-25 11:43:17.817085,2026-07-25 11:43:17.817085,2026-07-25 11:43:17.817085
6105,105,13,267,32,2026-07-25 11:43:17.817095,2026-07-25 11:43:17.817095,2026-07-25 11:43:17.817095
6106,106,13,186,49,2026-07-25 11:43:17.817106,2026-07-25 11:43:17.817106,2026-07-25 11:43:17.817106
6107,107,13,75,35,2026-07-25 11:43:17.817116,2026-07-25 11:43:17.817116,2026-07-25 11:43:17.817116
6108,108,13,77,67,2026-07-25 11:43:17.817125,2026-07-25 11:43:17.817125,2026-07-25 11:43:17.817125
6109,109,13,350,68,2026-07-25 11:43:17.817135,2026-07-25 11:43:17.817135,2026-07-25 11:43:17.817135
6110,110,13,153,74,2026-07-25 11:43:17.817145,2026-07-25 11:43:17.817145,2026-07-25 11:43:17.817145
6111,111,13,222,46,2026-07-25 11:43:17.817155,2026-07-25 11:43:17.817155,2026-07-25 11:43:17.817155
6112,112,13,163,75,2026-07-25 11:43:17.817164,2026-07-25 11:43:17.817164,2026-07-25 11:43:17.817164
6113,113,13,425,78,2026-07-25 11:43:17.817174,2026-07-25 11:43:17.817174,2026-07-25 11:43:17.817174
6114,114,13,32,60,2026-07-25 11:43:17.817184,2026-07-25 11:43:17.817184,2026-07-25 11:43:17.817184
6115,115,13,104,74,2026-07-25 11:43:17.817193,2026-07-25 11:43:17.817193,2026-07-25 11:43:17.817193
6116,116,13,211,37,2026-07-25 11:43:17.817203,2026-07-25 11:43:17.817203,2026-07-25 11:43:17.817203
6117,117,13,421,38,2026-07-25 11:43:17.817213,2026-07-25 11:43:17.817213,2026-07-25 11:43:17.817213
6118,118,13,330,30,2026-07-25 11:43:17.817222,2026-07-25 11:43:17.817222,2026-07-25 11:43:17.817222
6119,119,13,131,63,2026-07-25 11:43:17.817232,2026-07-25 11:43:17.817232,2026-07-25 11:43:17.817232
6120,120,13,307,35,2026-07-25 11:43:17.817241,2026-07-25 11:43:17.817241,2026-07-25 11:43:17.817241
6121,121,13,207,35,2026-07-25 11:43:17.817251,2026-07-25 11:43:17.817251,2026-07-25 11:43:17.817251
6122,122,13,58,29,2026-07-25 11:43:17.817260,2026-07-25 11:43:17.817260,2026-07-25 11:43:17.817260
6123,123,13,98,21,2026-07-25 11:43:17.817270,2026-07-25 11:43:17.817270,2026-07-25 11:43:17.817270
6124,124,13,125,71,2026-07-25 11:43:17.817280,2026-07-25 11:43:17.817280,2026-07-25 11:43:17.817280
6125,125,13,423,39,2026-07-25 11:43:17.817289,2026-07-25 11:43:17.817289,2026-07-25 11:43:17.817289
6126,126,13,237,51,2026-07-25 11:43:17.817299,2026-07-25 11:43:17.817299,2026-07-25 11:43:17.817299
6127,127,13,286,47,2026-07-25 11:43:17.817308,2026-07-25 11:43:17.817308,2026-07-25 11:43:17.817308
6128,128,13,216,61,2026-07-25 11:43:17.817318,2026-07-25 11:43:17.817318,2026-07-25 11:43:17.817318
6129,129,13,463,22,2026-07-25 11:43:17.817328,2026-07-25 11:43:17.817328,2026-07-25 11:43:17.817328
6130,130,13,103,30,2026-07-25 11:43:17.817337,2026-07-25 11:43:17.817337,2026-07-25 11:43:17.817337
6131,131,13,139,28,2026-07-25 11:43:17.817347,2026-07-25 11:43:17.817347,2026-07-25 11:43:17.817347
6132,132,13,14,36,2026-07-25 11:43:17.817357,2026-07-25 11:43:17.817357,2026-07-25 11:43:17.817357
6133,133,13,404,71,2026-07-25 11:43:17.817367,2026-07-25 11:43:17.817367,2026-07-25 11:43:17.817367
6134,134,13,142,62,2026-07-25 11:43:17.817376,2026-07-25 11:43:17.817376,2026-07-25 11:43:17.817376
6135,135,13,281,31,2026-07-25 11:43:17.817386,2026-07-25 11:43:17.817386,2026-07-25 11:43:17.817386
6136,136,13,329,74,2026-07-25 11:43:17.817396,2026-07-25 11:43:17.817396,2026-07-25 11:43:17.817396
6137,137,13,21,66,2026-07-25 11:43:17.817406,2026-07-25 11:43:17.817406,2026-07-25 11:43:17.817406
6138,138,13,248,70,2026-07-25 11:43:17.817415,2026-07-25 11:43:17.817415,2026-07-25 11:43:17.817415
6139,139,13,10,23,2026-07-25 11:43:17.817425,2026-07-25 11:43:17.817425,2026-07-25 11:43:17.817425
6140,140,13,440,77,2026-07-25 11:43:17.817435,2026-07-25 11:43:17.817435,2026-07-25 11:43:17.817435
6141,141,13,42,40,2026-07-25 11:43:17.817445,2026-07-25 11:43:17.817445,2026-07-25 11:43:17.817445
6142,142,13,308,39,2026-07-25 11:43:17.817455,2026-07-25 11:43:17.817455,2026-07-25 11:43:17.817455
6143,143,13,443,24,2026-07-25 11:43:17.817464,2026-07-25 11:43:17.817464,2026-07-25 11:43:17.817464
6144,144,13,461,46,2026-07-25 11:43:17.817474,2026-07-25 11:43:17.817474,2026-07-25 11:43:17.817474
6145,145,13,459,43,2026-07-25 11:43:17.817484,2026-07-25 11:43:17.817484,2026-07-25 11:43:17.817484
6146,146,13,343,62,2026-07-25 11:43:17.817494,2026-07-25 11:43:17.817494,2026-07-25 11:43:17.817494
6147,147,13,453,25,2026-07-25 11:43:17.817504,2026-07-25 11:43:17.817504,2026-07-25 11:43:17.817504
6148,148,13,203,80,2026-07-25 11:43:17.817514,2026-07-25 11:43:17.817514,2026-07-25 11:43:17.817514
6149,149,13,429,66,2026-07-25 11:43:17.817530,2026-07-25 11:43:17.817530,2026-07-25 11:43:17.817530
6150,150,13,431,28,2026-07-25 11:43:17.817540,2026-07-25 11:43:17.817540,2026-07-25 11:43:17.817540
6151,151,13,120,27,2026-07-25 11:43:17.817550,2026-07-25 11:43:17.817550,2026-07-25 11:43:17.817550
6152,152,13,292,67,2026-07-25 11:43:17.817559,2026-07-25 11:43:17.817559,2026-07-25 11:43:17.817559
6153,153,13,256,79,2026-07-25 11:43:17.817569,2026-07-25 11:43:17.817569,2026-07-25 11:43:17.817569
6154,154,13,61,53,2026-07-25 11:43:17.817579,2026-07-25 11:43:17.817579,2026-07-25 11:43:17.817579
6155,155,13,340,73,2026-07-25 11:43:17.817588,2026-07-25 11:43:17.817588,2026-07-25 11:43:17.817588
6156,156,13,297,80,2026-07-25 11:43:17.817598,2026-07-25 11:43:17.817598,2026-07-25 11:43:17.817598
6157,157,13,396,79,2026-07-25 11:43:17.817608,2026-07-25 11:43:17.817608,2026-07-25 11:43:17.817608
6158,158,13,268,36,2026-07-25 11:43:17.817617,2026-07-25 11:43:17.817617,2026-07-25 11:43:17.817617
6159,159,13,254,76,2026-07-25 11:43:17.817627,2026-07-25 11:43:17.817627,2026-07-25 11:43:17.817627
6160,160,13,46,35,2026-07-25 11:43:17.817637,2026-07-25 11:43:17.817637,2026-07-25 11:43:17.817637
6161,161,13,307,27,2026-07-25 11:43:17.817647,2026-07-25 11:43:17.817647,2026-07-25 11:43:17.817647
6162,162,13,395,71,2026-07-25 11:43:17.817656,2026-07-25 11:43:17.817656,2026-07-25 11:43:17.817656
6163,163,13,160,41,2026-07-25 11:43:17.817666,2026-07-25 11:43:17.817666,2026-07-25 11:43:17.817666
6164,164,13,426,57,2026-07-25 11:43:17.817676,2026-07-25 11:43:17.817676,2026-07-25 11:43:17.817676
6165,165,13,377,44,2026-07-25 11:43:17.817685,2026-07-25 11:43:17.817685,2026-07-25 11:43:17.817685
6166,166,13,412,67,2026-07-25 11:43:17.817695,2026-07-25 11:43:17.817695,2026-07-25 11:43:17.817695
6167,167,13,380,35,2026-07-25 11:43:17.817704,2026-07-25 11:43:17.817704,2026-07-25 11:43:17.817704
6168,168,13,478,47,2026-07-25 11:43:17.817714,2026-07-25 11:43:17.817714,2026-07-25 11:43:17.817714
6169,169,13,111,29,2026-07-25 11:43:17.817723,2026-07-25 11:43:17.817723,2026-07-25 11:43:17.817723
6170,170,13,54,31,2026-07-25 11:43:17.817733,2026-07-25 11:43:17.817733,2026-07-25 11:43:17.817733
6171,171,13,109,37,2026-07-25 11:43:17.817743,2026-07-25 11:43:17.817743,2026-07-25 11:43:17.817743
6172,172,13,225,46,2026-07-25 11:43:17.817752,2026-07-25 11:43:17.817752,2026-07-25 11:43:17.817752
6173,173,13,130,75,2026-07-25 11:43:17.817762,2026-07-25 11:43:17.817762,2026-07-25 11:43:17.817762
6174,174,13,301,23,2026-07-25 11:43:17.817772,2026-07-25 11:43:17.817772,2026-07-25 11:43:17.817772
6175,175,13,251,54,2026-07-25 11:43:17.817782,2026-07-25 11:43:17.817782,2026-07-25 11:43:17.817782
6176,176,13,191,64,2026-07-25 11:43:17.817792,2026-07-25 11:43:17.817792,2026-07-25 11:43:17.817792
6177,177,13,485,27,2026-07-25 11:43:17.817801,2026-07-25 11:43:17.817801,2026-07-25 11:43:17.817801
6178,178,13,162,54,2026-07-25 11:43:17.817811,2026-07-25 11:43:17.817811,2026-07-25 11:43:17.817811
6179,179,13,216,50,2026-07-25 11:43:17.817821,2026-07-25 11:43:17.817821,2026-07-25 11:43:17.817821
6180,180,13,349,35,2026-07-25 11:43:17.817830,2026-07-25 11:43:17.817830,2026-07-25 11:43:17.817830
6181,181,13,493,37,2026-07-25 11:43:17.817840,2026-07-25 11:43:17.817840,2026-07-25 11:43:17.817840
6182,182,13,450,70,2026-07-25 11:43:17.817850,2026-07-25 11:43:17.817850,2026-07-25 11:43:17.817850
6183,183,13,479,29,2026-07-25 11:43:17.817860,2026-07-25 11:43:17.817860,2026-07-25 11:43:17.817860
6184,184,13,185,50,2026-07-25 11:43:17.817871,2026-07-25 11:43:17.817871,2026-07-25 11:43:17.817871
6185,185,13,366,43,2026-07-25 11:43:17.817881,2026-07-25 11:43:17.817881,2026-07-25 11:43:17.817881
6186,186,13,420,39,2026-07-25 11:43:17.817890,2026-07-25 11:43:17.817890,2026-07-25 11:43:17.817890
6187,187,13,10,61,2026-07-25 11:43:17.817900,2026-07-25 11:43:17.817900,2026-07-25 11:43:17.817900
6188,188,13,495,77,2026-07-25 11:43:17.817910,2026-07-25 11:43:17.817910,2026-07-25 11:43:17.817910
6189,189,13,310,22,2026-07-25 11:43:17.817919,2026-07-25 11:43:17.817919,2026-07-25 11:43:17.817919
6190,190,13,430,67,2026-07-25 11:43:17.817929,2026-07-25 11:43:17.817929,2026-07-25 11:43:17.817929
6191,191,13,339,71,2026-07-25 11:43:17.817939,2026-07-25 11:43:17.817939,2026-07-25 11:43:17.817939
6192,192,13,481,23,2026-07-25 11:43:17.817948,2026-07-25 11:43:17.817948,2026-07-25 11:43:17.817948
6193,193,13,353,78,2026-07-25 11:43:17.817958,2026-07-25 11:43:17.817958,2026-07-25 11:43:17.817958
6194,194,13,403,62,2026-07-25 11:43:17.817968,2026-07-25 11:43:17.817968,2026-07-25 11:43:17.817968
6195,195,13,122,36,2026-07-25 11:43:17.817978,2026-07-25 11:43:17.817978,2026-07-25 11:43:17.817978
6196,196,13,282,44,2026-07-25 11:43:17.817987,2026-07-25 11:43:17.817987,2026-07-25 11:43:17.817987
6197,197,13,158,60,2026-07-25 11:43:17.817997,2026-07-25 11:43:17.817997,2026-07-25 11:43:17.817997
6198,198,13,490,64,2026-07-25 11:43:17.818007,2026-07-25 11:43:17.818007,2026-07-25 11:43:17.818007
6199,199,13,185,77,2026-07-25 11:43:17.818017,2026-07-25 11:43:17.818017,2026-07-25 11:43:17.818017
6200,200,13,415,63,2026-07-25 11:43:17.818026,2026-07-25 11:43:17.818026,2026-07-25 11:43:17.818026
6201,201,13,62,54,2026-07-25 11:43:17.818036,2026-07-25 11:43:17.818036,2026-07-25 11:43:17.818036
6202,202,13,443,35,2026-07-25 11:43:17.818046,2026-07-25 11:43:17.818046,2026-07-25 11:43:17.818046
6203,203,13,439,48,2026-07-25 11:43:17.818056,2026-07-25 11:43:17.818056,2026-07-25 11:43:17.818056
6204,204,13,198,20,2026-07-25 11:43:17.818065,2026-07-25 11:43:17.818065,2026-07-25 11:43:17.818065
6205,205,13,465,45,2026-07-25 11:43:17.818075,2026-07-25 11:43:17.818075,2026-07-25 11:43:17.818075
6206,206,13,474,78,2026-07-25 11:43:17.818084,2026-07-25 11:43:17.818084,2026-07-25 11:43:17.818084
6207,207,13,130,39,2026-07-25 11:43:17.818094,2026-07-25 11:43:17.818094,2026-07-25 11:43:17.818094
6208,208,13,46,79,2026-07-25 11:43:17.818104,2026-07-25 11:43:17.818104,2026-07-25 11:43:17.818104
6209,209,13,421,68,2026-07-25 11:43:17.818113,2026-07-25 11:43:17.818113,2026-07-25 11:43:17.818113
6210,210,13,120,39,2026-07-25 11:43:17.818123,2026-07-25 11:43:17.818123,2026-07-25 11:43:17.818123
6211,211,13,107,75,2026-07-25 11:43:17.818133,2026-07-25 11:43:17.818133,2026-07-25 11:43:17.818133
6212,212,13,455,30,2026-07-25 11:43:17.818142,2026-07-25 11:43:17.818142,2026-07-25 11:43:17.818142
6213,213,13,468,48,2026-07-25 11:43:17.818152,2026-07-25 11:43:17.818152,2026-07-25 11:43:17.818152
6214,214,13,323,40,2026-07-25 11:43:17.818162,2026-07-25 11:43:17.818162,2026-07-25 11:43:17.818162
6215,215,13,450,71,2026-07-25 11:43:17.818171,2026-07-25 11:43:17.818171,2026-07-25 11:43:17.818171
6216,216,13,392,61,2026-07-25 11:43:17.818181,2026-07-25 11:43:17.818181,2026-07-25 11:43:17.818181
6217,217,13,208,70,2026-07-25 11:43:17.818191,2026-07-25 11:43:17.818191,2026-07-25 11:43:17.818191
6218,218,13,17,37,2026-07-25 11:43:17.818201,2026-07-25 11:43:17.818201,2026-07-25 11:43:17.818201
6219,219,13,443,25,2026-07-25 11:43:17.818212,2026-07-25 11:43:17.818212,2026-07-25 11:43:17.818212
6220,220,13,421,69,2026-07-25 11:43:17.818222,2026-07-25 11:43:17.818222,2026-07-25 11:43:17.818222
6221,221,13,481,51,2026-07-25 11:43:17.818231,2026-07-25 11:43:17.818231,2026-07-25 11:43:17.818231
6222,222,13,241,67,2026-07-25 11:43:17.818241,2026-07-25 11:43:17.818241,2026-07-25 11:43:17.818241
6223,223,13,211,79,2026-07-25 11:43:17.818251,2026-07-25 11:43:17.818251,2026-07-25 11:43:17.818251
6224,224,13,430,41,2026-07-25 11:43:17.818260,2026-07-25 11:43:17.818260,2026-07-25 11:43:17.818260
6225,225,13,367,47,2026-07-25 11:43:17.818270,2026-07-25 11:43:17.818270,2026-07-25 11:43:17.818270
6226,226,13,448,78,2026-07-25 11:43:17.818280,2026-07-25 11:43:17.818280,2026-07-25 11:43:17.818280
6227,227,13,419,26,2026-07-25 11:43:17.818290,2026-07-25 11:43:17.818290,2026-07-25 11:43:17.818290
6228,228,13,422,30,2026-07-25 11:43:17.818299,2026-07-25 11:43:17.818299,2026-07-25 11:43:17.818299
6229,229,13,357,36,2026-07-25 11:43:17.818309,2026-07-25 11:43:17.818309,2026-07-25 11:43:17.818309
6230,230,13,259,24,2026-07-25 11:43:17.818319,2026-07-25 11:43:17.818319,2026-07-25 11:43:17.818319
6231,231,13,180,46,2026-07-25 11:43:17.818329,2026-07-25 11:43:17.818329,2026-07-25 11:43:17.818329
6232,232,13,308,66,2026-07-25 11:43:17.818338,2026-07-25 11:43:17.818338,2026-07-25 11:43:17.818338
6233,233,13,416,55,2026-07-25 11:43:17.818348,2026-07-25 11:43:17.818348,2026-07-25 11:43:17.818348
6234,234,13,377,40,2026-07-25 11:43:17.818358,2026-07-25 11:43:17.818358,2026-07-25 11:43:17.818358
6235,235,13,232,64,2026-07-25 11:43:17.818367,2026-07-25 11:43:17.818367,2026-07-25 11:43:17.818367
6236,236,13,14,68,2026-07-25 11:43:17.818377,2026-07-25 11:43:17.818377,2026-07-25 11:43:17.818377
6237,237,13,26,61,2026-07-25 11:43:17.818387,2026-07-25 11:43:17.818387,2026-07-25 11:43:17.818387
6238,238,13,328,31,2026-07-25 11:43:17.818397,2026-07-25 11:43:17.818397,2026-07-25 11:43:17.818397
6239,239,13,322,48,2026-07-25 11:43:17.818596,2026-07-25 11:43:17.818596,2026-07-25 11:43:17.818596
6240,240,13,405,61,2026-07-25 11:43:17.818607,2026-07-25 11:43:17.818607,2026-07-25 11:43:17.818607
6241,241,13,69,20,2026-07-25 11:43:17.818617,2026-07-25 11:43:17.818617,2026-07-25 11:43:17.818617
6242,242,13,205,32,2026-07-25 11:43:17.818627,2026-07-25 11:43:17.818627,2026-07-25 11:43:17.818627
6243,243,13,321,39,2026-07-25 11:43:17.818636,2026-07-25 11:43:17.818636,2026-07-25 11:43:17.818636
6244,244,13,160,56,2026-07-25 11:43:17.818646,2026-07-25 11:43:17.818646,2026-07-25 11:43:17.818646
6245,245,13,42,27,2026-07-25 11:43:17.818656,2026-07-25 11:43:17.818656,2026-07-25 11:43:17.818656
6246,246,13,80,35,2026-07-25 11:43:17.818666,2026-07-25 11:43:17.818666,2026-07-25 11:43:17.818666
6247,247,13,264,65,2026-07-25 11:43:17.818676,2026-07-25 11:43:17.818676,2026-07-25 11:43:17.818676
6248,248,13,496,69,2026-07-25 11:43:17.818686,2026-07-25 11:43:17.818686,2026-07-25 11:43:17.818686
6249,249,13,425,61,2026-07-25 11:43:17.818695,2026-07-25 11:43:17.818695,2026-07-25 11:43:17.818695
6250,250,13,390,28,2026-07-25 11:43:17.818705,2026-07-25 11:43:17.818705,2026-07-25 11:43:17.818705
6251,251,13,433,58,2026-07-25 11:43:17.818715,2026-07-25 11:43:17.818715,2026-07-25 11:43:17.818715
6252,252,13,351,46,2026-07-25 11:43:17.818725,2026-07-25 11:43:17.818725,2026-07-25 11:43:17.818725
6253,253,13,405,80,2026-07-25 11:43:17.818734,2026-07-25 11:43:17.818734,2026-07-25 11:43:17.818734
6254,254,13,163,48,2026-07-25 11:43:17.818744,2026-07-25 11:43:17.818744,2026-07-25 11:43:17.818744
6255,255,13,244,75,2026-07-25 11:43:17.818754,2026-07-25 11:43:17.818754,2026-07-25 11:43:17.818754
6256,256,13,376,28,2026-07-25 11:43:17.818764,2026-07-25 11:43:17.818764,2026-07-25 11:43:17.818764
6257,257,13,133,31,2026-07-25 11:43:17.818773,2026-07-25 11:43:17.818773,2026-07-25 11:43:17.818773
6258,258,13,351,57,2026-07-25 11:43:17.818783,2026-07-25 11:43:17.818783,2026-07-25 11:43:17.818783
6259,259,13,423,40,2026-07-25 11:43:17.818793,2026-07-25 11:43:17.818793,2026-07-25 11:43:17.818793
6260,260,13,409,38,2026-07-25 11:43:17.818803,2026-07-25 11:43:17.818803,2026-07-25 11:43:17.818803
6261,261,13,101,25,2026-07-25 11:43:17.818813,2026-07-25 11:43:17.818813,2026-07-25 11:43:17.818813
6262,262,13,212,43,2026-07-25 11:43:17.818826,2026-07-25 11:43:17.818826,2026-07-25 11:43:17.818826
6263,263,13,93,45,2026-07-25 11:43:17.818836,2026-07-25 11:43:17.818836,2026-07-25 11:43:17.818836
6264,264,13,448,44,2026-07-25 11:43:17.818846,2026-07-25 11:43:17.818846,2026-07-25 11:43:17.818846
6265,265,13,483,73,2026-07-25 11:43:17.818855,2026-07-25 11:43:17.818855,2026-07-25 11:43:17.818855
6266,266,13,452,56,2026-07-25 11:43:17.818865,2026-07-25 11:43:17.818865,2026-07-25 11:43:17.818865
6267,267,13,114,21,2026-07-25 11:43:17.818875,2026-07-25 11:43:17.818875,2026-07-25 11:43:17.818875
6268,268,13,485,21,2026-07-25 11:43:17.818885,2026-07-25 11:43:17.818885,2026-07-25 11:43:17.818885
6269,269,13,472,55,2026-07-25 11:43:17.818894,2026-07-25 11:43:17.818894,2026-07-25 11:43:17.818894
6270,270,13,331,59,2026-07-25 11:43:17.818904,2026-07-25 11:43:17.818904,2026-07-25 11:43:17.818904
6271,271,13,320,34,2026-07-25 11:43:17.818914,2026-07-25 11:43:17.818914,2026-07-25 11:43:17.818914
6272,272,13,464,25,2026-07-25 11:43:17.818923,2026-07-25 11:43:17.818923,2026-07-25 11:43:17.818923
6273,273,13,498,49,2026-07-25 11:43:17.818933,2026-07-25 11:43:17.818933,2026-07-25 11:43:17.818933
6274,274,13,101,36,2026-07-25 11:43:17.818943,2026-07-25 11:43:17.818943,2026-07-25 11:43:17.818943
6275,275,13,359,74,2026-07-25 11:43:17.818952,2026-07-25 11:43:17.818952,2026-07-25 11:43:17.818952
6276,276,13,86,23,2026-07-25 11:43:17.818962,2026-07-25 11:43:17.818962,2026-07-25 11:43:17.818962
6277,277,13,205,59,2026-07-25 11:43:17.818972,2026-07-25 11:43:17.818972,2026-07-25 11:43:17.818972
6278,278,13,219,58,2026-07-25 11:43:17.818982,2026-07-25 11:43:17.818982,2026-07-25 11:43:17.818982
6279,279,13,133,29,2026-07-25 11:43:17.818992,2026-07-25 11:43:17.818992,2026-07-25 11:43:17.818992
6280,280,13,45,43,2026-07-25 11:43:17.819001,2026-07-25 11:43:17.819001,2026-07-25 11:43:17.819001
6281,281,13,87,80,2026-07-25 11:43:17.819011,2026-07-25 11:43:17.819011,2026-07-25 11:43:17.819011
6282,282,13,290,27,2026-07-25 11:43:17.819021,2026-07-25 11:43:17.819021,2026-07-25 11:43:17.819021
6283,283,13,7,65,2026-07-25 11:43:17.819031,2026-07-25 11:43:17.819031,2026-07-25 11:43:17.819031
6284,284,13,269,47,2026-07-25 11:43:17.819040,2026-07-25 11:43:17.819040,2026-07-25 11:43:17.819040
6285,285,13,395,78,2026-07-25 11:43:17.819050,2026-07-25 11:43:17.819050,2026-07-25 11:43:17.819050
6286,286,13,475,49,2026-07-25 11:43:17.819060,2026-07-25 11:43:17.819060,2026-07-25 11:43:17.819060
6287,287,13,423,63,2026-07-25 11:43:17.819070,2026-07-25 11:43:17.819070,2026-07-25 11:43:17.819070
6288,288,13,253,27,2026-07-25 11:43:17.819080,2026-07-25 11:43:17.819080,2026-07-25 11:43:17.819080
6289,289,13,114,65,2026-07-25 11:43:17.819089,2026-07-25 11:43:17.819089,2026-07-25 11:43:17.819089
6290,290,13,104,32,2026-07-25 11:43:17.819099,2026-07-25 11:43:17.819099,2026-07-25 11:43:17.819099
6291,291,13,484,75,2026-07-25 11:43:17.819109,2026-07-25 11:43:17.819109,2026-07-25 11:43:17.819109
6292,292,13,416,70,2026-07-25 11:43:17.819118,2026-07-25 11:43:17.819118,2026-07-25 11:43:17.819118
6293,293,13,136,38,2026-07-25 11:43:17.819128,2026-07-25 11:43:17.819128,2026-07-25 11:43:17.819128
6294,294,13,382,51,2026-07-25 11:43:17.819138,2026-07-25 11:43:17.819138,2026-07-25 11:43:17.819138
6295,295,13,195,28,2026-07-25 11:43:17.819148,2026-07-25 11:43:17.819148,2026-07-25 11:43:17.819148
6296,296,13,220,74,2026-07-25 11:43:17.819158,2026-07-25 11:43:17.819158,2026-07-25 11:43:17.819158
6297,297,13,105,58,2026-07-25 11:43:17.819167,2026-07-25 11:43:17.819167,2026-07-25 11:43:17.819167
6298,298,13,110,72,2026-07-25 11:43:17.819177,2026-07-25 11:43:17.819177,2026-07-25 11:43:17.819177
6299,299,13,144,66,2026-07-25 11:43:17.819187,2026-07-25 11:43:17.819187,2026-07-25 11:43:17.819187
6300,300,13,346,32,2026-07-25 11:43:17.819196,2026-07-25 11:43:17.819196,2026-07-25 11:43:17.819196
6301,301,13,214,31,2026-07-25 11:43:17.819206,2026-07-25 11:43:17.819206,2026-07-25 11:43:17.819206
6302,302,13,209,70,2026-07-25 11:43:17.819216,2026-07-25 11:43:17.819216,2026-07-25 11:43:17.819216
6303,303,13,74,21,2026-07-25 11:43:17.819225,2026-07-25 11:43:17.819225,2026-07-25 11:43:17.819225
6304,304,13,148,36,2026-07-25 11:43:17.819235,2026-07-25 11:43:17.819235,2026-07-25 11:43:17.819235
6305,305,13,120,59,2026-07-25 11:43:17.819245,2026-07-25 11:43:17.819245,2026-07-25 11:43:17.819245
6306,306,13,230,78,2026-07-25 11:43:17.819254,2026-07-25 11:43:17.819254,2026-07-25 11:43:17.819254
6307,307,13,127,43,2026-07-25 11:43:17.819264,2026-07-25 11:43:17.819264,2026-07-25 11:43:17.819264
6308,308,13,298,63,2026-07-25 11:43:17.819274,2026-07-25 11:43:17.819274,2026-07-25 11:43:17.819274
6309,309,13,331,49,2026-07-25 11:43:17.819283,2026-07-25 11:43:17.819283,2026-07-25 11:43:17.819283
6310,310,13,43,20,2026-07-25 11:43:17.819293,2026-07-25 11:43:17.819293,2026-07-25 11:43:17.819293
6311,311,13,240,28,2026-07-25 11:43:17.819302,2026-07-25 11:43:17.819302,2026-07-25 11:43:17.819302
6312,312,13,446,40,2026-07-25 11:43:17.819312,2026-07-25 11:43:17.819312,2026-07-25 11:43:17.819312
6313,313,13,498,64,2026-07-25 11:43:17.819323,2026-07-25 11:43:17.819323,2026-07-25 11:43:17.819323
6314,314,13,203,63,2026-07-25 11:43:17.819333,2026-07-25 11:43:17.819333,2026-07-25 11:43:17.819333
6315,315,13,108,65,2026-07-25 11:43:17.819343,2026-07-25 11:43:17.819343,2026-07-25 11:43:17.819343
6316,316,13,196,65,2026-07-25 11:43:17.819353,2026-07-25 11:43:17.819353,2026-07-25 11:43:17.819353
6317,317,13,216,67,2026-07-25 11:43:17.819362,2026-07-25 11:43:17.819362,2026-07-25 11:43:17.819362
6318,318,13,305,36,2026-07-25 11:43:17.819372,2026-07-25 11:43:17.819372,2026-07-25 11:43:17.819372
6319,319,13,37,26,2026-07-25 11:43:17.819382,2026-07-25 11:43:17.819382,2026-07-25 11:43:17.819382
6320,320,13,285,23,2026-07-25 11:43:17.819392,2026-07-25 11:43:17.819392,2026-07-25 11:43:17.819392
6321,321,13,26,41,2026-07-25 11:43:17.819401,2026-07-25 11:43:17.819401,2026-07-25 11:43:17.819401
6322,322,13,476,35,2026-07-25 11:43:17.819411,2026-07-25 11:43:17.819411,2026-07-25 11:43:17.819411
6323,323,13,241,78,2026-07-25 11:43:17.819421,2026-07-25 11:43:17.819421,2026-07-25 11:43:17.819421
6324,324,13,181,58,2026-07-25 11:43:17.819430,2026-07-25 11:43:17.819430,2026-07-25 11:43:17.819430
6325,325,13,480,62,2026-07-25 11:43:17.819440,2026-07-25 11:43:17.819440,2026-07-25 11:43:17.819440
6326,326,13,495,71,2026-07-25 11:43:17.819450,2026-07-25 11:43:17.819450,2026-07-25 11:43:17.819450
6327,327,13,306,65,2026-07-25 11:43:17.819459,2026-07-25 11:43:17.819459,2026-07-25 11:43:17.819459
6328,328,13,383,71,2026-07-25 11:43:17.819469,2026-07-25 11:43:17.819469,2026-07-25 11:43:17.819469
6329,329,13,23,20,2026-07-25 11:43:17.819479,2026-07-25 11:43:17.819479,2026-07-25 11:43:17.819479
6330,330,13,129,52,2026-07-25 11:43:17.819489,2026-07-25 11:43:17.819489,2026-07-25 11:43:17.819489
6331,331,13,317,44,2026-07-25 11:43:17.819498,2026-07-25 11:43:17.819498,2026-07-25 11:43:17.819498
6332,332,13,154,45,2026-07-25 11:43:17.819508,2026-07-25 11:43:17.819508,2026-07-25 11:43:17.819508
6333,333,13,343,43,2026-07-25 11:43:17.819518,2026-07-25 11:43:17.819518,2026-07-25 11:43:17.819518
6334,334,13,67,77,2026-07-25 11:43:17.819528,2026-07-25 11:43:17.819528,2026-07-25 11:43:17.819528
6335,335,13,286,22,2026-07-25 11:43:17.819538,2026-07-25 11:43:17.819538,2026-07-25 11:43:17.819538
6336,336,13,297,31,2026-07-25 11:43:17.819548,2026-07-25 11:43:17.819548,2026-07-25 11:43:17.819548
6337,337,13,133,30,2026-07-25 11:43:17.819557,2026-07-25 11:43:17.819557,2026-07-25 11:43:17.819557
6338,338,13,257,51,2026-07-25 11:43:17.819567,2026-07-25 11:43:17.819567,2026-07-25 11:43:17.819567
6339,339,13,476,41,2026-07-25 11:43:17.819577,2026-07-25 11:43:17.819577,2026-07-25 11:43:17.819577
6340,340,13,449,49,2026-07-25 11:43:17.819588,2026-07-25 11:43:17.819588,2026-07-25 11:43:17.819588
6341,341,13,67,25,2026-07-25 11:43:17.819598,2026-07-25 11:43:17.819598,2026-07-25 11:43:17.819598
6342,342,13,162,65,2026-07-25 11:43:17.819608,2026-07-25 11:43:17.819608,2026-07-25 11:43:17.819608
6343,343,13,271,47,2026-07-25 11:43:17.819617,2026-07-25 11:43:17.819617,2026-07-25 11:43:17.819617
6344,344,13,72,36,2026-07-25 11:43:17.819627,2026-07-25 11:43:17.819627,2026-07-25 11:43:17.819627
6345,345,13,59,40,2026-07-25 11:43:17.819638,2026-07-25 11:43:17.819638,2026-07-25 11:43:17.819638
6346,346,13,22,28,2026-07-25 11:43:17.819648,2026-07-25 11:43:17.819648,2026-07-25 11:43:17.819648
6347,347,13,255,75,2026-07-25 11:43:17.819659,2026-07-25 11:43:17.819659,2026-07-25 11:43:17.819659
6348,348,13,498,73,2026-07-25 11:43:17.819669,2026-07-25 11:43:17.819669,2026-07-25 11:43:17.819669
6349,349,13,143,67,2026-07-25 11:43:17.819679,2026-07-25 11:43:17.819679,2026-07-25 11:43:17.819679
6350,350,13,184,79,2026-07-25 11:43:17.819689,2026-07-25 11:43:17.819689,2026-07-25 11:43:17.819689
6351,351,13,220,38,2026-07-25 11:43:17.819698,2026-07-25 11:43:17.819698,2026-07-25 11:43:17.819698
6352,352,13,462,76,2026-07-25 11:43:17.819708,2026-07-25 11:43:17.819708,2026-07-25 11:43:17.819708
6353,353,13,134,59,2026-07-25 11:43:17.819718,2026-07-25 11:43:17.819718,2026-07-25 11:43:17.819718
6354,354,13,424,68,2026-07-25 11:43:17.819728,2026-07-25 11:43:17.819728,2026-07-25 11:43:17.819728
6355,355,13,474,36,2026-07-25 11:43:17.819737,2026-07-25 11:43:17.819737,2026-07-25 11:43:17.819737
6356,356,13,264,40,2026-07-25 11:43:17.819747,2026-07-25 11:43:17.819747,2026-07-25 11:43:17.819747
6357,357,13,223,77,2026-07-25 11:43:17.819757,2026-07-25 11:43:17.819757,2026-07-25 11:43:17.819757
6358,358,13,84,40,2026-07-25 11:43:17.819766,2026-07-25 11:43:17.819766,2026-07-25 11:43:17.819766
6359,359,13,377,51,2026-07-25 11:43:17.819776,2026-07-25 11:43:17.819776,2026-07-25 11:43:17.819776
6360,360,13,391,80,2026-07-25 11:43:17.819786,2026-07-25 11:43:17.819786,2026-07-25 11:43:17.819786
6361,361,13,77,55,2026-07-25 11:43:17.819795,2026-07-25 11:43:17.819795,2026-07-25 11:43:17.819795
6362,362,13,436,79,2026-07-25 11:43:17.819805,2026-07-25 11:43:17.819805,2026-07-25 11:43:17.819805
6363,363,13,336,60,2026-07-25 11:43:17.819815,2026-07-25 11:43:17.819815,2026-07-25 11:43:17.819815
6364,364,13,408,48,2026-07-25 11:43:17.819824,2026-07-25 11:43:17.819824,2026-07-25 11:43:17.819824
6365,365,13,27,32,2026-07-25 11:43:17.819834,2026-07-25 11:43:17.819834,2026-07-25 11:43:17.819834
6366,366,13,76,23,2026-07-25 11:43:17.819843,2026-07-25 11:43:17.819843,2026-07-25 11:43:17.819843
6367,367,13,117,31,2026-07-25 11:43:17.819853,2026-07-25 11:43:17.819853,2026-07-25 11:43:17.819853
6368,368,13,18,50,2026-07-25 11:43:17.819863,2026-07-25 11:43:17.819863,2026-07-25 11:43:17.819863
6369,369,13,133,30,2026-07-25 11:43:17.819872,2026-07-25 11:43:17.819872,2026-07-25 11:43:17.819872
6370,370,13,361,49,2026-07-25 11:43:17.819882,2026-07-25 11:43:17.819882,2026-07-25 11:43:17.819882
6371,371,13,223,27,2026-07-25 11:43:17.819892,2026-07-25 11:43:17.819892,2026-07-25 11:43:17.819892
6372,372,13,458,79,2026-07-25 11:43:17.819902,2026-07-25 11:43:17.819902,2026-07-25 11:43:17.819902
6373,373,13,253,22,2026-07-25 11:43:17.819912,2026-07-25 11:43:17.819912,2026-07-25 11:43:17.819912
6374,374,13,226,42,2026-07-25 11:43:17.819921,2026-07-25 11:43:17.819921,2026-07-25 11:43:17.819921
6375,375,13,363,55,2026-07-25 11:43:17.819931,2026-07-25 11:43:17.819931,2026-07-25 11:43:17.819931
6376,376,13,248,49,2026-07-25 11:43:17.819941,2026-07-25 11:43:17.819941,2026-07-25 11:43:17.819941
6377,377,13,252,27,2026-07-25 11:43:17.819950,2026-07-25 11:43:17.819950,2026-07-25 11:43:17.819950
6378,378,13,433,66,2026-07-25 11:43:17.819960,2026-07-25 11:43:17.819960,2026-07-25 11:43:17.819960
6379,379,13,443,29,2026-07-25 11:43:17.819970,2026-07-25 11:43:17.819970,2026-07-25 11:43:17.819970
6380,380,13,63,42,2026-07-25 11:43:17.819979,2026-07-25 11:43:17.819979,2026-07-25 11:43:17.819979
6381,381,13,47,33,2026-07-25 11:43:17.819989,2026-07-25 11:43:17.819989,2026-07-25 11:43:17.819989
6382,382,13,444,38,2026-07-25 11:43:17.819999,2026-07-25 11:43:17.819999,2026-07-25 11:43:17.819999
6383,383,13,92,73,2026-07-25 11:43:17.820008,2026-07-25 11:43:17.820008,2026-07-25 11:43:17.820008
6384,384,13,86,67,2026-07-25 11:43:17.820018,2026-07-25 11:43:17.820018,2026-07-25 11:43:17.820018
6385,385,13,260,72,2026-07-25 11:43:17.820028,2026-07-25 11:43:17.820028,2026-07-25 11:43:17.820028
6386,386,13,139,56,2026-07-25 11:43:17.820037,2026-07-25 11:43:17.820037,2026-07-25 11:43:17.820037
6387,387,13,456,62,2026-07-25 11:43:17.820047,2026-07-25 11:43:17.820047,2026-07-25 11:43:17.820047
6388,388,13,299,33,2026-07-25 11:43:17.820056,2026-07-25 11:43:17.820056,2026-07-25 11:43:17.820056
6389,389,13,298,20,2026-07-25 11:43:17.820066,2026-07-25 11:43:17.820066,2026-07-25 11:43:17.820066
6390,390,13,269,69,2026-07-25 11:43:17.820076,2026-07-25 11:43:17.820076,2026-07-25 11:43:17.820076
6391,391,13,292,31,2026-07-25 11:43:17.820085,2026-07-25 11:43:17.820085,2026-07-25 11:43:17.820085
6392,392,13,213,78,2026-07-25 11:43:17.820095,2026-07-25 11:43:17.820095,2026-07-25 11:43:17.820095
6393,393,13,39,35,2026-07-25 11:43:17.820105,2026-07-25 11:43:17.820105,2026-07-25 11:43:17.820105
6394,394,13,393,51,2026-07-25 11:43:17.820114,2026-07-25 11:43:17.820114,2026-07-25 11:43:17.820114
6395,395,13,346,26,2026-07-25 11:43:17.820124,2026-07-25 11:43:17.820124,2026-07-25 11:43:17.820124
6396,396,13,454,41,2026-07-25 11:43:17.820134,2026-07-25 11:43:17.820134,2026-07-25 11:43:17.820134
6397,397,13,13,38,2026-07-25 11:43:17.820143,2026-07-25 11:43:17.820143,2026-07-25 11:43:17.820143
6398,398,13,348,63,2026-07-25 11:43:17.820153,2026-07-25 11:43:17.820153,2026-07-25 11:43:17.820153
6399,399,13,62,45,2026-07-25 11:43:17.820163,2026-07-25 11:43:17.820163,2026-07-25 11:43:17.820163
6400,400,13,191,57,2026-07-25 11:43:17.820173,2026-07-25 11:43:17.820173,2026-07-25 11:43:17.820173
6401,401,13,475,80,2026-07-25 11:43:17.820182,2026-07-25 11:43:17.820182,2026-07-25 11:43:17.820182
6402,402,13,54,73,2026-07-25 11:43:17.820192,2026-07-25 11:43:17.820192,2026-07-25 11:43:17.820192
6403,403,13,165,29,2026-07-25 11:43:17.820202,2026-07-25 11:43:17.820202,2026-07-25 11:43:17.820202
6404,404,13,14,25,2026-07-25 11:43:17.820211,2026-07-25 11:43:17.820211,2026-07-25 11:43:17.820211
6405,405,13,235,73,2026-07-25 11:43:17.820221,2026-07-25 11:43:17.820221,2026-07-25 11:43:17.820221
6406,406,13,362,62,2026-07-25 11:43:17.820230,2026-07-25 11:43:17.820230,2026-07-25 11:43:17.820230
6407,407,13,245,49,2026-07-25 11:43:17.820240,2026-07-25 11:43:17.820240,2026-07-25 11:43:17.820240
6408,408,13,321,37,2026-07-25 11:43:17.820250,2026-07-25 11:43:17.820250,2026-07-25 11:43:17.820250
6409,409,13,304,62,2026-07-25 11:43:17.820259,2026-07-25 11:43:17.820259,2026-07-25 11:43:17.820259
6410,410,13,2,41,2026-07-25 11:43:17.820269,2026-07-25 11:43:17.820269,2026-07-25 11:43:17.820269
6411,411,13,496,22,2026-07-25 11:43:17.820278,2026-07-25 11:43:17.820278,2026-07-25 11:43:17.820278
6412,412,13,335,59,2026-07-25 11:43:17.820288,2026-07-25 11:43:17.820288,2026-07-25 11:43:17.820288
6413,413,13,486,48,2026-07-25 11:43:17.820298,2026-07-25 11:43:17.820298,2026-07-25 11:43:17.820298
6414,414,13,166,80,2026-07-25 11:43:17.820308,2026-07-25 11:43:17.820308,2026-07-25 11:43:17.820308
6415,415,13,374,66,2026-07-25 11:43:17.820317,2026-07-25 11:43:17.820317,2026-07-25 11:43:17.820317
6416,416,13,464,71,2026-07-25 11:43:17.820327,2026-07-25 11:43:17.820327,2026-07-25 11:43:17.820327
6417,417,13,291,28,2026-07-25 11:43:17.820336,2026-07-25 11:43:17.820336,2026-07-25 11:43:17.820336
6418,418,13,108,75,2026-07-25 11:43:17.820350,2026-07-25 11:43:17.820350,2026-07-25 11:43:17.820350
6419,419,13,24,71,2026-07-25 11:43:17.820360,2026-07-25 11:43:17.820360,2026-07-25 11:43:17.820360
6420,420,13,329,38,2026-07-25 11:43:17.820370,2026-07-25 11:43:17.820370,2026-07-25 11:43:17.820370
6421,421,13,165,71,2026-07-25 11:43:17.820380,2026-07-25 11:43:17.820380,2026-07-25 11:43:17.820380
6422,422,13,28,67,2026-07-25 11:43:17.820389,2026-07-25 11:43:17.820389,2026-07-25 11:43:17.820389
6423,423,13,36,55,2026-07-25 11:43:17.820399,2026-07-25 11:43:17.820399,2026-07-25 11:43:17.820399
6424,424,13,487,58,2026-07-25 11:43:17.820409,2026-07-25 11:43:17.820409,2026-07-25 11:43:17.820409
6425,425,13,195,25,2026-07-25 11:43:17.820418,2026-07-25 11:43:17.820418,2026-07-25 11:43:17.820418
6426,426,13,204,36,2026-07-25 11:43:17.820428,2026-07-25 11:43:17.820428,2026-07-25 11:43:17.820428
6427,427,13,91,35,2026-07-25 11:43:17.820438,2026-07-25 11:43:17.820438,2026-07-25 11:43:17.820438
6428,428,13,494,69,2026-07-25 11:43:17.820447,2026-07-25 11:43:17.820447,2026-07-25 11:43:17.820447
6429,429,13,443,45,2026-07-25 11:43:17.820457,2026-07-25 11:43:17.820457,2026-07-25 11:43:17.820457
6430,430,13,45,21,2026-07-25 11:43:17.820466,2026-07-25 11:43:17.820466,2026-07-25 11:43:17.820466
6431,431,13,436,33,2026-07-25 11:43:17.820476,2026-07-25 11:43:17.820476,2026-07-25 11:43:17.820476
6432,432,13,83,44,2026-07-25 11:43:17.820486,2026-07-25 11:43:17.820486,2026-07-25 11:43:17.820486
6433,433,13,399,45,2026-07-25 11:43:17.820495,2026-07-25 11:43:17.820495,2026-07-25 11:43:17.820495
6434,434,13,145,61,2026-07-25 11:43:17.820505,2026-07-25 11:43:17.820505,2026-07-25 11:43:17.820505
6435,435,13,385,61,2026-07-25 11:43:17.820515,2026-07-25 11:43:17.820515,2026-07-25 11:43:17.820515
6436,436,13,78,27,2026-07-25 11:43:17.820524,2026-07-25 11:43:17.820524,2026-07-25 11:43:17.820524
6437,437,13,152,51,2026-07-25 11:43:17.820534,2026-07-25 11:43:17.820534,2026-07-25 11:43:17.820534
6438,438,13,410,47,2026-07-25 11:43:17.820544,2026-07-25 11:43:17.820544,2026-07-25 11:43:17.820544
6439,439,13,376,71,2026-07-25 11:43:17.820553,2026-07-25 11:43:17.820553,2026-07-25 11:43:17.820553
6440,440,13,471,39,2026-07-25 11:43:17.820563,2026-07-25 11:43:17.820563,2026-07-25 11:43:17.820563
6441,441,13,462,63,2026-07-25 11:43:17.820573,2026-07-25 11:43:17.820573,2026-07-25 11:43:17.820573
6442,442,13,308,28,2026-07-25 11:43:17.820582,2026-07-25 11:43:17.820582,2026-07-25 11:43:17.820582
6443,443,13,183,62,2026-07-25 11:43:17.820592,2026-07-25 11:43:17.820592,2026-07-25 11:43:17.820592
6444,444,13,49,73,2026-07-25 11:43:17.820602,2026-07-25 11:43:17.820602,2026-07-25 11:43:17.820602
6445,445,13,188,52,2026-07-25 11:43:17.820611,2026-07-25 11:43:17.820611,2026-07-25 11:43:17.820611
6446,446,13,102,51,2026-07-25 11:43:17.820621,2026-07-25 11:43:17.820621,2026-07-25 11:43:17.820621
6447,447,13,228,76,2026-07-25 11:43:17.820631,2026-07-25 11:43:17.820631,2026-07-25 11:43:17.820631
6448,448,13,198,50,2026-07-25 11:43:17.820641,2026-07-25 11:43:17.820641,2026-07-25 11:43:17.820641
6449,449,13,137,56,2026-07-25 11:43:17.820650,2026-07-25 11:43:17.820650,2026-07-25 11:43:17.820650
6450,450,13,307,47,2026-07-25 11:43:17.820660,2026-07-25 11:43:17.820660,2026-07-25 11:43:17.820660
6451,451,13,46,68,2026-07-25 11:43:17.820670,2026-07-25 11:43:17.820670,2026-07-25 11:43:17.820670
6452,452,13,216,71,2026-07-25 11:43:17.820679,2026-07-25 11:43:17.820679,2026-07-25 11:43:17.820679
6453,453,13,188,59,2026-07-25 11:43:17.820689,2026-07-25 11:43:17.820689,2026-07-25 11:43:17.820689
6454,454,13,95,47,2026-07-25 11:43:17.820699,2026-07-25 11:43:17.820699,2026-07-25 11:43:17.820699
6455,455,13,322,47,2026-07-25 11:43:17.820708,2026-07-25 11:43:17.820708,2026-07-25 11:43:17.820708
6456,456,13,47,22,2026-07-25 11:43:17.820718,2026-07-25 11:43:17.820718,2026-07-25 11:43:17.820718
6457,457,13,262,41,2026-07-25 11:43:17.820727,2026-07-25 11:43:17.820727,2026-07-25 11:43:17.820727
6458,458,13,498,49,2026-07-25 11:43:17.820737,2026-07-25 11:43:17.820737,2026-07-25 11:43:17.820737
6459,459,13,346,34,2026-07-25 11:43:17.820747,2026-07-25 11:43:17.820747,2026-07-25 11:43:17.820747
6460,460,13,331,63,2026-07-25 11:43:17.820756,2026-07-25 11:43:17.820756,2026-07-25 11:43:17.820756
6461,461,13,365,29,2026-07-25 11:43:17.820766,2026-07-25 11:43:17.820766,2026-07-25 11:43:17.820766
6462,462,13,476,51,2026-07-25 11:43:17.820775,2026-07-25 11:43:17.820775,2026-07-25 11:43:17.820775
6463,463,13,269,60,2026-07-25 11:43:17.820785,2026-07-25 11:43:17.820785,2026-07-25 11:43:17.820785
6464,464,13,331,53,2026-07-25 11:43:17.820795,2026-07-25 11:43:17.820795,2026-07-25 11:43:17.820795
6465,465,13,42,38,2026-07-25 11:43:17.820805,2026-07-25 11:43:17.820805,2026-07-25 11:43:17.820805
6466,466,13,239,47,2026-07-25 11:43:17.820814,2026-07-25 11:43:17.820814,2026-07-25 11:43:17.820814
6467,467,13,40,78,2026-07-25 11:43:17.820824,2026-07-25 11:43:17.820824,2026-07-25 11:43:17.820824
6468,468,13,410,50,2026-07-25 11:43:17.820834,2026-07-25 11:43:17.820834,2026-07-25 11:43:17.820834
6469,469,13,153,29,2026-07-25 11:43:17.820843,2026-07-25 11:43:17.820843,2026-07-25 11:43:17.820843
6470,470,13,65,63,2026-07-25 11:43:17.820853,2026-07-25 11:43:17.820853,2026-07-25 11:43:17.820853
6471,471,13,462,39,2026-07-25 11:43:17.820862,2026-07-25 11:43:17.820862,2026-07-25 11:43:17.820862
6472,472,13,430,35,2026-07-25 11:43:17.820872,2026-07-25 11:43:17.820872,2026-07-25 11:43:17.820872
6473,473,13,267,47,2026-07-25 11:43:17.820884,2026-07-25 11:43:17.820884,2026-07-25 11:43:17.820884
6474,474,13,151,56,2026-07-25 11:43:17.820893,2026-07-25 11:43:17.820893,2026-07-25 11:43:17.820893
6475,475,13,24,55,2026-07-25 11:43:17.820903,2026-07-25 11:43:17.820903,2026-07-25 11:43:17.820903
6476,476,13,39,78,2026-07-25 11:43:17.820913,2026-07-25 11:43:17.820913,2026-07-25 11:43:17.820913
6477,477,13,23,52,2026-07-25 11:43:17.820922,2026-07-25 11:43:17.820922,2026-07-25 11:43:17.820922
6478,478,13,55,52,2026-07-25 11:43:17.820932,2026-07-25 11:43:17.820932,2026-07-25 11:43:17.820932
6479,479,13,217,46,2026-07-25 11:43:17.820942,2026-07-25 11:43:17.820942,2026-07-25 11:43:17.820942
6480,480,13,48,49,2026-07-25 11:43:17.820951,2026-07-25 11:43:17.820951,2026-07-25 11:43:17.820951
6481,481,13,338,66,2026-07-25 11:43:17.820961,2026-07-25 11:43:17.820961,2026-07-25 11:43:17.820961
6482,482,13,291,72,2026-07-25 11:43:17.820971,2026-07-25 11:43:17.820971,2026-07-25 11:43:17.820971
6483,483,13,129,42,2026-07-25 11:43:17.820980,2026-07-25 11:43:17.820980,2026-07-25 11:43:17.820980
6484,484,13,130,57,2026-07-25 11:43:17.820990,2026-07-25 11:43:17.820990,2026-07-25 11:43:17.820990
6485,485,13,41,69,2026-07-25 11:43:17.821000,2026-07-25 11:43:17.821000,2026-07-25 11:43:17.821000
6486,486,13,257,21,2026-07-25 11:43:17.821009,2026-07-25 11:43:17.821009,2026-07-25 11:43:17.821009
6487,487,13,58,67,2026-07-25 11:43:17.821019,2026-07-25 11:43:17.821019,2026-07-25 11:43:17.821019
6488,488,13,338,49,2026-07-25 11:43:17.821029,2026-07-25 11:43:17.821029,2026-07-25 11:43:17.821029
6489,489,13,91,70,2026-07-25 11:43:17.821038,2026-07-25 11:43:17.821038,2026-07-25 11:43:17.821038
6490,490,13,93,73,2026-07-25 11:43:17.821048,2026-07-25 11:43:17.821048,2026-07-25 11:43:17.821048
6491,491,13,201,22,2026-07-25 11:43:17.821057,2026-07-25 11:43:17.821057,2026-07-25 11:43:17.821057
6492,492,13,42,46,2026-07-25 11:43:17.821067,2026-07-25 11:43:17.821067,2026-07-25 11:43:17.821067
6493,493,13,448,65,2026-07-25 11:43:17.821077,2026-07-25 11:43:17.821077,2026-07-25 11:43:17.821077
6494,494,13,152,40,2026-07-25 11:43:17.821086,2026-07-25 11:43:17.821086,2026-07-25 11:43:17.821086
6495,495,13,300,66,2026-07-25 11:43:17.821096,2026-07-25 11:43:17.821096,2026-07-25 11:43:17.821096
6496,496,13,232,68,2026-07-25 11:43:17.821107,2026-07-25 11:43:17.821107,2026-07-25 11:43:17.821107
6497,497,13,343,48,2026-07-25 11:43:17.821117,2026-07-25 11:43:17.821117,2026-07-25 11:43:17.821117
6498,498,13,319,71,2026-07-25 11:43:17.821127,2026-07-25 11:43:17.821127,2026-07-25 11:43:17.821127
6499,499,13,135,41,2026-07-25 11:43:17.821136,2026-07-25 11:43:17.821136,2026-07-25 11:43:17.821136
6500,500,13,494,78,2026-07-25 11:43:17.821146,2026-07-25 11:43:17.821146,2026-07-25 11:43:17.821146
6501,1,14,446,71,2026-07-25 11:43:17.821314,2026-07-25 11:43:17.821314,2026-07-25 11:43:17.821314
6502,2,14,95,33,2026-07-25 11:43:17.821327,2026-07-25 11:43:17.821327,2026-07-25 11:43:17.821327
6503,3,14,94,25,2026-07-25 11:43:17.821338,2026-07-25 11:43:17.821338,2026-07-25 11:43:17.821338
6504,4,14,382,58,2026-07-25 11:43:17.821349,2026-07-25 11:43:17.821349,2026-07-25 11:43:17.821349
6505,5,14,132,75,2026-07-25 11:43:17.821359,2026-07-25 11:43:17.821359,2026-07-25 11:43:17.821359
6506,6,14,344,26,2026-07-25 11:43:17.821369,2026-07-25 11:43:17.821369,2026-07-25 11:43:17.821369
6507,7,14,222,54,2026-07-25 11:43:17.821379,2026-07-25 11:43:17.821379,2026-07-25 11:43:17.821379
6508,8,14,9,20,2026-07-25 11:43:17.821389,2026-07-25 11:43:17.821389,2026-07-25 11:43:17.821389
6509,9,14,202,27,2026-07-25 11:43:17.821399,2026-07-25 11:43:17.821399,2026-07-25 11:43:17.821399
6510,10,14,6,30,2026-07-25 11:43:17.821409,2026-07-25 11:43:17.821409,2026-07-25 11:43:17.821409
6511,11,14,335,50,2026-07-25 11:43:17.821419,2026-07-25 11:43:17.821419,2026-07-25 11:43:17.821419
6512,12,14,235,64,2026-07-25 11:43:17.821428,2026-07-25 11:43:17.821428,2026-07-25 11:43:17.821428
6513,13,14,207,75,2026-07-25 11:43:17.821438,2026-07-25 11:43:17.821438,2026-07-25 11:43:17.821438
6514,14,14,336,67,2026-07-25 11:43:17.821448,2026-07-25 11:43:17.821448,2026-07-25 11:43:17.821448
6515,15,14,308,66,2026-07-25 11:43:17.821458,2026-07-25 11:43:17.821458,2026-07-25 11:43:17.821458
6516,16,14,249,39,2026-07-25 11:43:17.821467,2026-07-25 11:43:17.821467,2026-07-25 11:43:17.821467
6517,17,14,316,72,2026-07-25 11:43:17.821477,2026-07-25 11:43:17.821477,2026-07-25 11:43:17.821477
6518,18,14,498,59,2026-07-25 11:43:17.821487,2026-07-25 11:43:17.821487,2026-07-25 11:43:17.821487
6519,19,14,184,64,2026-07-25 11:43:17.821496,2026-07-25 11:43:17.821496,2026-07-25 11:43:17.821496
6520,20,14,344,64,2026-07-25 11:43:17.821506,2026-07-25 11:43:17.821506,2026-07-25 11:43:17.821506
6521,21,14,345,45,2026-07-25 11:43:17.821516,2026-07-25 11:43:17.821516,2026-07-25 11:43:17.821516
6522,22,14,411,39,2026-07-25 11:43:17.821525,2026-07-25 11:43:17.821525,2026-07-25 11:43:17.821525
6523,23,14,44,28,2026-07-25 11:43:17.821535,2026-07-25 11:43:17.821535,2026-07-25 11:43:17.821535
6524,24,14,69,20,2026-07-25 11:43:17.821545,2026-07-25 11:43:17.821545,2026-07-25 11:43:17.821545
6525,25,14,97,27,2026-07-25 11:43:17.821554,2026-07-25 11:43:17.821554,2026-07-25 11:43:17.821554
6526,26,14,417,21,2026-07-25 11:43:17.821564,2026-07-25 11:43:17.821564,2026-07-25 11:43:17.821564
6527,27,14,356,32,2026-07-25 11:43:17.821574,2026-07-25 11:43:17.821574,2026-07-25 11:43:17.821574
6528,28,14,439,21,2026-07-25 11:43:17.821584,2026-07-25 11:43:17.821584,2026-07-25 11:43:17.821584
6529,29,14,107,50,2026-07-25 11:43:17.821593,2026-07-25 11:43:17.821593,2026-07-25 11:43:17.821593
6530,30,14,332,29,2026-07-25 11:43:17.821603,2026-07-25 11:43:17.821603,2026-07-25 11:43:17.821603
6531,31,14,332,35,2026-07-25 11:43:17.821613,2026-07-25 11:43:17.821613,2026-07-25 11:43:17.821613
6532,32,14,223,73,2026-07-25 11:43:17.821622,2026-07-25 11:43:17.821622,2026-07-25 11:43:17.821622
6533,33,14,320,74,2026-07-25 11:43:17.821632,2026-07-25 11:43:17.821632,2026-07-25 11:43:17.821632
6534,34,14,404,54,2026-07-25 11:43:17.821642,2026-07-25 11:43:17.821642,2026-07-25 11:43:17.821642
6535,35,14,97,25,2026-07-25 11:43:17.821651,2026-07-25 11:43:17.821651,2026-07-25 11:43:17.821651
6536,36,14,154,69,2026-07-25 11:43:17.821661,2026-07-25 11:43:17.821661,2026-07-25 11:43:17.821661
6537,37,14,237,29,2026-07-25 11:43:17.821671,2026-07-25 11:43:17.821671,2026-07-25 11:43:17.821671
6538,38,14,242,47,2026-07-25 11:43:17.821681,2026-07-25 11:43:17.821681,2026-07-25 11:43:17.821681
6539,39,14,11,27,2026-07-25 11:43:17.821690,2026-07-25 11:43:17.821690,2026-07-25 11:43:17.821690
6540,40,14,85,77,2026-07-25 11:43:17.821700,2026-07-25 11:43:17.821700,2026-07-25 11:43:17.821700
6541,41,14,78,67,2026-07-25 11:43:17.821710,2026-07-25 11:43:17.821710,2026-07-25 11:43:17.821710
6542,42,14,359,48,2026-07-25 11:43:17.821719,2026-07-25 11:43:17.821719,2026-07-25 11:43:17.821719
6543,43,14,493,51,2026-07-25 11:43:17.821729,2026-07-25 11:43:17.821729,2026-07-25 11:43:17.821729
6544,44,14,241,21,2026-07-25 11:43:17.821739,2026-07-25 11:43:17.821739,2026-07-25 11:43:17.821739
6545,45,14,440,48,2026-07-25 11:43:17.821748,2026-07-25 11:43:17.821748,2026-07-25 11:43:17.821748
6546,46,14,299,35,2026-07-25 11:43:17.821757,2026-07-25 11:43:17.821757,2026-07-25 11:43:17.821757
6547,47,14,103,38,2026-07-25 11:43:17.821767,2026-07-25 11:43:17.821767,2026-07-25 11:43:17.821767
6548,48,14,291,73,2026-07-25 11:43:17.821777,2026-07-25 11:43:17.821777,2026-07-25 11:43:17.821777
6549,49,14,426,45,2026-07-25 11:43:17.821787,2026-07-25 11:43:17.821787,2026-07-25 11:43:17.821787
6550,50,14,26,41,2026-07-25 11:43:17.821796,2026-07-25 11:43:17.821796,2026-07-25 11:43:17.821796
6551,51,14,4,26,2026-07-25 11:43:17.821806,2026-07-25 11:43:17.821806,2026-07-25 11:43:17.821806
6552,52,14,322,74,2026-07-25 11:43:17.821815,2026-07-25 11:43:17.821815,2026-07-25 11:43:17.821815
6553,53,14,365,47,2026-07-25 11:43:17.821825,2026-07-25 11:43:17.821825,2026-07-25 11:43:17.821825
6554,54,14,212,74,2026-07-25 11:43:17.821835,2026-07-25 11:43:17.821835,2026-07-25 11:43:17.821835
6555,55,14,253,67,2026-07-25 11:43:17.821845,2026-07-25 11:43:17.821845,2026-07-25 11:43:17.821845
6556,56,14,296,58,2026-07-25 11:43:17.821854,2026-07-25 11:43:17.821854,2026-07-25 11:43:17.821854
6557,57,14,374,55,2026-07-25 11:43:17.821864,2026-07-25 11:43:17.821864,2026-07-25 11:43:17.821864
6558,58,14,148,22,2026-07-25 11:43:17.821874,2026-07-25 11:43:17.821874,2026-07-25 11:43:17.821874
6559,59,14,249,45,2026-07-25 11:43:17.821884,2026-07-25 11:43:17.821884,2026-07-25 11:43:17.821884
6560,60,14,248,52,2026-07-25 11:43:17.821893,2026-07-25 11:43:17.821893,2026-07-25 11:43:17.821893
6561,61,14,302,66,2026-07-25 11:43:17.821903,2026-07-25 11:43:17.821903,2026-07-25 11:43:17.821903
6562,62,14,313,79,2026-07-25 11:43:17.821913,2026-07-25 11:43:17.821913,2026-07-25 11:43:17.821913
6563,63,14,347,77,2026-07-25 11:43:17.821922,2026-07-25 11:43:17.821922,2026-07-25 11:43:17.821922
6564,64,14,418,75,2026-07-25 11:43:17.821932,2026-07-25 11:43:17.821932,2026-07-25 11:43:17.821932
6565,65,14,249,34,2026-07-25 11:43:17.821942,2026-07-25 11:43:17.821942,2026-07-25 11:43:17.821942
6566,66,14,365,23,2026-07-25 11:43:17.821951,2026-07-25 11:43:17.821951,2026-07-25 11:43:17.821951
6567,67,14,270,21,2026-07-25 11:43:17.821961,2026-07-25 11:43:17.821961,2026-07-25 11:43:17.821961
6568,68,14,216,56,2026-07-25 11:43:17.821971,2026-07-25 11:43:17.821971,2026-07-25 11:43:17.821971
6569,69,14,161,55,2026-07-25 11:43:17.821981,2026-07-25 11:43:17.821981,2026-07-25 11:43:17.821981
6570,70,14,32,37,2026-07-25 11:43:17.821990,2026-07-25 11:43:17.821990,2026-07-25 11:43:17.821990
6571,71,14,457,61,2026-07-25 11:43:17.822000,2026-07-25 11:43:17.822000,2026-07-25 11:43:17.822000
6572,72,14,213,76,2026-07-25 11:43:17.822010,2026-07-25 11:43:17.822010,2026-07-25 11:43:17.822010
6573,73,14,242,27,2026-07-25 11:43:17.822019,2026-07-25 11:43:17.822019,2026-07-25 11:43:17.822019
6574,74,14,253,59,2026-07-25 11:43:17.822033,2026-07-25 11:43:17.822033,2026-07-25 11:43:17.822033
6575,75,14,480,61,2026-07-25 11:43:17.822043,2026-07-25 11:43:17.822043,2026-07-25 11:43:17.822043
6576,76,14,177,48,2026-07-25 11:43:17.822053,2026-07-25 11:43:17.822053,2026-07-25 11:43:17.822053
6577,77,14,357,47,2026-07-25 11:43:17.822063,2026-07-25 11:43:17.822063,2026-07-25 11:43:17.822063
6578,78,14,10,30,2026-07-25 11:43:17.822088,2026-07-25 11:43:17.822088,2026-07-25 11:43:17.822088
6579,79,14,147,66,2026-07-25 11:43:17.822099,2026-07-25 11:43:17.822099,2026-07-25 11:43:17.822099
6580,80,14,98,50,2026-07-25 11:43:17.822109,2026-07-25 11:43:17.822109,2026-07-25 11:43:17.822109
6581,81,14,176,48,2026-07-25 11:43:17.822119,2026-07-25 11:43:17.822119,2026-07-25 11:43:17.822119
6582,82,14,118,52,2026-07-25 11:43:17.822129,2026-07-25 11:43:17.822129,2026-07-25 11:43:17.822129
6583,83,14,112,57,2026-07-25 11:43:17.822138,2026-07-25 11:43:17.822138,2026-07-25 11:43:17.822138
6584,84,14,465,63,2026-07-25 11:43:17.822148,2026-07-25 11:43:17.822148,2026-07-25 11:43:17.822148
6585,85,14,173,78,2026-07-25 11:43:17.822157,2026-07-25 11:43:17.822157,2026-07-25 11:43:17.822157
6586,86,14,308,74,2026-07-25 11:43:17.822167,2026-07-25 11:43:17.822167,2026-07-25 11:43:17.822167
6587,87,14,431,65,2026-07-25 11:43:17.822177,2026-07-25 11:43:17.822177,2026-07-25 11:43:17.822177
6588,88,14,336,49,2026-07-25 11:43:17.822187,2026-07-25 11:43:17.822187,2026-07-25 11:43:17.822187
6589,89,14,67,76,2026-07-25 11:43:17.822196,2026-07-25 11:43:17.822196,2026-07-25 11:43:17.822196
6590,90,14,150,66,2026-07-25 11:43:17.822206,2026-07-25 11:43:17.822206,2026-07-25 11:43:17.822206
6591,91,14,364,44,2026-07-25 11:43:17.822220,2026-07-25 11:43:17.822220,2026-07-25 11:43:17.822220
6592,92,14,491,46,2026-07-25 11:43:17.822230,2026-07-25 11:43:17.822230,2026-07-25 11:43:17.822230
6593,93,14,426,80,2026-07-25 11:43:17.822240,2026-07-25 11:43:17.822240,2026-07-25 11:43:17.822240
6594,94,14,344,61,2026-07-25 11:43:17.822250,2026-07-25 11:43:17.822250,2026-07-25 11:43:17.822250
6595,95,14,376,43,2026-07-25 11:43:17.822259,2026-07-25 11:43:17.822259,2026-07-25 11:43:17.822259
6596,96,14,407,50,2026-07-25 11:43:17.822269,2026-07-25 11:43:17.822269,2026-07-25 11:43:17.822269
6597,97,14,409,74,2026-07-25 11:43:17.822279,2026-07-25 11:43:17.822279,2026-07-25 11:43:17.822279
6598,98,14,82,59,2026-07-25 11:43:17.822289,2026-07-25 11:43:17.822289,2026-07-25 11:43:17.822289
6599,99,14,106,38,2026-07-25 11:43:17.822298,2026-07-25 11:43:17.822298,2026-07-25 11:43:17.822298
6600,100,14,353,67,2026-07-25 11:43:17.822310,2026-07-25 11:43:17.822310,2026-07-25 11:43:17.822310
6601,101,14,44,62,2026-07-25 11:43:17.822319,2026-07-25 11:43:17.822319,2026-07-25 11:43:17.822319
6602,102,14,247,28,2026-07-25 11:43:17.822329,2026-07-25 11:43:17.822329,2026-07-25 11:43:17.822329
6603,103,14,88,32,2026-07-25 11:43:17.822339,2026-07-25 11:43:17.822339,2026-07-25 11:43:17.822339
6604,104,14,80,58,2026-07-25 11:43:17.822348,2026-07-25 11:43:17.822348,2026-07-25 11:43:17.822348
6605,105,14,251,26,2026-07-25 11:43:17.822358,2026-07-25 11:43:17.822358,2026-07-25 11:43:17.822358
6606,106,14,406,46,2026-07-25 11:43:17.822368,2026-07-25 11:43:17.822368,2026-07-25 11:43:17.822368
6607,107,14,482,51,2026-07-25 11:43:17.822378,2026-07-25 11:43:17.822378,2026-07-25 11:43:17.822378
6608,108,14,155,35,2026-07-25 11:43:17.822387,2026-07-25 11:43:17.822387,2026-07-25 11:43:17.822387
6609,109,14,107,55,2026-07-25 11:43:17.822397,2026-07-25 11:43:17.822397,2026-07-25 11:43:17.822397
6610,110,14,24,21,2026-07-25 11:43:17.822407,2026-07-25 11:43:17.822407,2026-07-25 11:43:17.822407
6611,111,14,183,76,2026-07-25 11:43:17.822416,2026-07-25 11:43:17.822416,2026-07-25 11:43:17.822416
6612,112,14,133,42,2026-07-25 11:43:17.822426,2026-07-25 11:43:17.822426,2026-07-25 11:43:17.822426
6613,113,14,346,30,2026-07-25 11:43:17.822435,2026-07-25 11:43:17.822435,2026-07-25 11:43:17.822435
6614,114,14,89,72,2026-07-25 11:43:17.822445,2026-07-25 11:43:17.822445,2026-07-25 11:43:17.822445
6615,115,14,440,77,2026-07-25 11:43:17.822455,2026-07-25 11:43:17.822455,2026-07-25 11:43:17.822455
6616,116,14,257,22,2026-07-25 11:43:17.822464,2026-07-25 11:43:17.822464,2026-07-25 11:43:17.822464
6617,117,14,413,24,2026-07-25 11:43:17.822474,2026-07-25 11:43:17.822474,2026-07-25 11:43:17.822474
6618,118,14,172,47,2026-07-25 11:43:17.822484,2026-07-25 11:43:17.822484,2026-07-25 11:43:17.822484
6619,119,14,58,59,2026-07-25 11:43:17.822493,2026-07-25 11:43:17.822493,2026-07-25 11:43:17.822493
6620,120,14,116,27,2026-07-25 11:43:17.822503,2026-07-25 11:43:17.822503,2026-07-25 11:43:17.822503
6621,121,14,287,34,2026-07-25 11:43:17.822513,2026-07-25 11:43:17.822513,2026-07-25 11:43:17.822513
6622,122,14,249,36,2026-07-25 11:43:17.822522,2026-07-25 11:43:17.822522,2026-07-25 11:43:17.822522
6623,123,14,174,70,2026-07-25 11:43:17.822532,2026-07-25 11:43:17.822532,2026-07-25 11:43:17.822532
6624,124,14,181,69,2026-07-25 11:43:17.822542,2026-07-25 11:43:17.822542,2026-07-25 11:43:17.822542
6625,125,14,23,69,2026-07-25 11:43:17.822551,2026-07-25 11:43:17.822551,2026-07-25 11:43:17.822551
6626,126,14,449,55,2026-07-25 11:43:17.822561,2026-07-25 11:43:17.822561,2026-07-25 11:43:17.822561
6627,127,14,136,77,2026-07-25 11:43:17.822571,2026-07-25 11:43:17.822571,2026-07-25 11:43:17.822571
6628,128,14,77,74,2026-07-25 11:43:17.822581,2026-07-25 11:43:17.822581,2026-07-25 11:43:17.822581
6629,129,14,353,75,2026-07-25 11:43:17.822590,2026-07-25 11:43:17.822590,2026-07-25 11:43:17.822590
6630,130,14,263,58,2026-07-25 11:43:17.822600,2026-07-25 11:43:17.822600,2026-07-25 11:43:17.822600
6631,131,14,342,26,2026-07-25 11:43:17.822610,2026-07-25 11:43:17.822610,2026-07-25 11:43:17.822610
6632,132,14,361,23,2026-07-25 11:43:17.822619,2026-07-25 11:43:17.822619,2026-07-25 11:43:17.822619
6633,133,14,474,80,2026-07-25 11:43:17.822629,2026-07-25 11:43:17.822629,2026-07-25 11:43:17.822629
6634,134,14,224,71,2026-07-25 11:43:17.822639,2026-07-25 11:43:17.822639,2026-07-25 11:43:17.822639
6635,135,14,234,73,2026-07-25 11:43:17.822649,2026-07-25 11:43:17.822649,2026-07-25 11:43:17.822649
6636,136,14,386,27,2026-07-25 11:43:17.822658,2026-07-25 11:43:17.822658,2026-07-25 11:43:17.822658
6637,137,14,499,26,2026-07-25 11:43:17.822668,2026-07-25 11:43:17.822668,2026-07-25 11:43:17.822668
6638,138,14,400,59,2026-07-25 11:43:17.822677,2026-07-25 11:43:17.822677,2026-07-25 11:43:17.822677
6639,139,14,312,70,2026-07-25 11:43:17.822687,2026-07-25 11:43:17.822687,2026-07-25 11:43:17.822687
6640,140,14,439,80,2026-07-25 11:43:17.822697,2026-07-25 11:43:17.822697,2026-07-25 11:43:17.822697
6641,141,14,52,72,2026-07-25 11:43:17.822706,2026-07-25 11:43:17.822706,2026-07-25 11:43:17.822706
6642,142,14,287,22,2026-07-25 11:43:17.822716,2026-07-25 11:43:17.822716,2026-07-25 11:43:17.822716
6643,143,14,259,26,2026-07-25 11:43:17.822726,2026-07-25 11:43:17.822726,2026-07-25 11:43:17.822726
6644,144,14,85,60,2026-07-25 11:43:17.822736,2026-07-25 11:43:17.822736,2026-07-25 11:43:17.822736
6645,145,14,60,75,2026-07-25 11:43:17.822745,2026-07-25 11:43:17.822745,2026-07-25 11:43:17.822745
6646,146,14,105,78,2026-07-25 11:43:17.822755,2026-07-25 11:43:17.822755,2026-07-25 11:43:17.822755
6647,147,14,185,30,2026-07-25 11:43:17.822765,2026-07-25 11:43:17.822765,2026-07-25 11:43:17.822765
6648,148,14,372,38,2026-07-25 11:43:17.822774,2026-07-25 11:43:17.822774,2026-07-25 11:43:17.822774
6649,149,14,362,48,2026-07-25 11:43:17.822784,2026-07-25 11:43:17.822784,2026-07-25 11:43:17.822784
6650,150,14,390,52,2026-07-25 11:43:17.822793,2026-07-25 11:43:17.822793,2026-07-25 11:43:17.822793
6651,151,14,255,66,2026-07-25 11:43:17.822803,2026-07-25 11:43:17.822803,2026-07-25 11:43:17.822803
6652,152,14,445,26,2026-07-25 11:43:17.822814,2026-07-25 11:43:17.822814,2026-07-25 11:43:17.822814
6653,153,14,78,61,2026-07-25 11:43:17.822824,2026-07-25 11:43:17.822824,2026-07-25 11:43:17.822824
6654,154,14,186,41,2026-07-25 11:43:17.822834,2026-07-25 11:43:17.822834,2026-07-25 11:43:17.822834
6655,155,14,419,28,2026-07-25 11:43:17.822844,2026-07-25 11:43:17.822844,2026-07-25 11:43:17.822844
6656,156,14,62,74,2026-07-25 11:43:17.822853,2026-07-25 11:43:17.822853,2026-07-25 11:43:17.822853
6657,157,14,103,48,2026-07-25 11:43:17.822863,2026-07-25 11:43:17.822863,2026-07-25 11:43:17.822863
6658,158,14,496,46,2026-07-25 11:43:17.822872,2026-07-25 11:43:17.822872,2026-07-25 11:43:17.822872
6659,159,14,393,69,2026-07-25 11:43:17.822882,2026-07-25 11:43:17.822882,2026-07-25 11:43:17.822882
6660,160,14,3,35,2026-07-25 11:43:17.822892,2026-07-25 11:43:17.822892,2026-07-25 11:43:17.822892
6661,161,14,427,71,2026-07-25 11:43:17.822901,2026-07-25 11:43:17.822901,2026-07-25 11:43:17.822901
6662,162,14,242,41,2026-07-25 11:43:17.822911,2026-07-25 11:43:17.822911,2026-07-25 11:43:17.822911
6663,163,14,146,52,2026-07-25 11:43:17.822920,2026-07-25 11:43:17.822920,2026-07-25 11:43:17.822920
6664,164,14,87,25,2026-07-25 11:43:17.822930,2026-07-25 11:43:17.822930,2026-07-25 11:43:17.822930
6665,165,14,136,43,2026-07-25 11:43:17.822939,2026-07-25 11:43:17.822939,2026-07-25 11:43:17.822939
6666,166,14,366,68,2026-07-25 11:43:17.822949,2026-07-25 11:43:17.822949,2026-07-25 11:43:17.822949
6667,167,14,212,43,2026-07-25 11:43:17.822959,2026-07-25 11:43:17.822959,2026-07-25 11:43:17.822959
6668,168,14,322,62,2026-07-25 11:43:17.822968,2026-07-25 11:43:17.822968,2026-07-25 11:43:17.822968
6669,169,14,125,29,2026-07-25 11:43:17.822978,2026-07-25 11:43:17.822978,2026-07-25 11:43:17.822978
6670,170,14,385,68,2026-07-25 11:43:17.822987,2026-07-25 11:43:17.822987,2026-07-25 11:43:17.822987
6671,171,14,271,46,2026-07-25 11:43:17.822997,2026-07-25 11:43:17.822997,2026-07-25 11:43:17.822997
6672,172,14,403,34,2026-07-25 11:43:17.823007,2026-07-25 11:43:17.823007,2026-07-25 11:43:17.823007
6673,173,14,70,71,2026-07-25 11:43:17.823016,2026-07-25 11:43:17.823016,2026-07-25 11:43:17.823016
6674,174,14,219,46,2026-07-25 11:43:17.823026,2026-07-25 11:43:17.823026,2026-07-25 11:43:17.823026
6675,175,14,470,46,2026-07-25 11:43:17.823035,2026-07-25 11:43:17.823035,2026-07-25 11:43:17.823035
6676,176,14,459,49,2026-07-25 11:43:17.823045,2026-07-25 11:43:17.823045,2026-07-25 11:43:17.823045
6677,177,14,487,74,2026-07-25 11:43:17.823054,2026-07-25 11:43:17.823054,2026-07-25 11:43:17.823054
6678,178,14,264,70,2026-07-25 11:43:17.823064,2026-07-25 11:43:17.823064,2026-07-25 11:43:17.823064
6679,179,14,349,43,2026-07-25 11:43:17.823073,2026-07-25 11:43:17.823073,2026-07-25 11:43:17.823073
6680,180,14,483,21,2026-07-25 11:43:17.823083,2026-07-25 11:43:17.823083,2026-07-25 11:43:17.823083
6681,181,14,226,29,2026-07-25 11:43:17.823093,2026-07-25 11:43:17.823093,2026-07-25 11:43:17.823093
6682,182,14,394,20,2026-07-25 11:43:17.823102,2026-07-25 11:43:17.823102,2026-07-25 11:43:17.823102
6683,183,14,367,71,2026-07-25 11:43:17.823112,2026-07-25 11:43:17.823112,2026-07-25 11:43:17.823112
6684,184,14,264,80,2026-07-25 11:43:17.823122,2026-07-25 11:43:17.823122,2026-07-25 11:43:17.823122
6685,185,14,35,25,2026-07-25 11:43:17.823132,2026-07-25 11:43:17.823132,2026-07-25 11:43:17.823132
6686,186,14,173,40,2026-07-25 11:43:17.823141,2026-07-25 11:43:17.823141,2026-07-25 11:43:17.823141
6687,187,14,205,69,2026-07-25 11:43:17.823151,2026-07-25 11:43:17.823151,2026-07-25 11:43:17.823151
6688,188,14,84,47,2026-07-25 11:43:17.823161,2026-07-25 11:43:17.823161,2026-07-25 11:43:17.823161
6689,189,14,31,45,2026-07-25 11:43:17.823170,2026-07-25 11:43:17.823170,2026-07-25 11:43:17.823170
6690,190,14,388,22,2026-07-25 11:43:17.823180,2026-07-25 11:43:17.823180,2026-07-25 11:43:17.823180
6691,191,14,338,79,2026-07-25 11:43:17.823189,2026-07-25 11:43:17.823189,2026-07-25 11:43:17.823189
6692,192,14,328,29,2026-07-25 11:43:17.823199,2026-07-25 11:43:17.823199,2026-07-25 11:43:17.823199
6693,193,14,462,56,2026-07-25 11:43:17.823209,2026-07-25 11:43:17.823209,2026-07-25 11:43:17.823209
6694,194,14,29,60,2026-07-25 11:43:17.823218,2026-07-25 11:43:17.823218,2026-07-25 11:43:17.823218
6695,195,14,365,71,2026-07-25 11:43:17.823228,2026-07-25 11:43:17.823228,2026-07-25 11:43:17.823228
6696,196,14,338,76,2026-07-25 11:43:17.823237,2026-07-25 11:43:17.823237,2026-07-25 11:43:17.823237
6697,197,14,266,38,2026-07-25 11:43:17.823247,2026-07-25 11:43:17.823247,2026-07-25 11:43:17.823247
6698,198,14,214,45,2026-07-25 11:43:17.823256,2026-07-25 11:43:17.823256,2026-07-25 11:43:17.823256
6699,199,14,453,63,2026-07-25 11:43:17.823266,2026-07-25 11:43:17.823266,2026-07-25 11:43:17.823266
6700,200,14,358,55,2026-07-25 11:43:17.823276,2026-07-25 11:43:17.823276,2026-07-25 11:43:17.823276
6701,201,14,447,39,2026-07-25 11:43:17.823285,2026-07-25 11:43:17.823285,2026-07-25 11:43:17.823285
6702,202,14,369,67,2026-07-25 11:43:17.823295,2026-07-25 11:43:17.823295,2026-07-25 11:43:17.823295
6703,203,14,160,78,2026-07-25 11:43:17.823304,2026-07-25 11:43:17.823304,2026-07-25 11:43:17.823304
6704,204,14,176,20,2026-07-25 11:43:17.823314,2026-07-25 11:43:17.823314,2026-07-25 11:43:17.823314
6705,205,14,423,37,2026-07-25 11:43:17.823324,2026-07-25 11:43:17.823324,2026-07-25 11:43:17.823324
6706,206,14,460,53,2026-07-25 11:43:17.823333,2026-07-25 11:43:17.823333,2026-07-25 11:43:17.823333
6707,207,14,312,78,2026-07-25 11:43:17.823343,2026-07-25 11:43:17.823343,2026-07-25 11:43:17.823343
6708,208,14,75,64,2026-07-25 11:43:17.823353,2026-07-25 11:43:17.823353,2026-07-25 11:43:17.823353
6709,209,14,206,48,2026-07-25 11:43:17.823363,2026-07-25 11:43:17.823363,2026-07-25 11:43:17.823363
6710,210,14,329,33,2026-07-25 11:43:17.823372,2026-07-25 11:43:17.823372,2026-07-25 11:43:17.823372
6711,211,14,454,54,2026-07-25 11:43:17.823382,2026-07-25 11:43:17.823382,2026-07-25 11:43:17.823382
6712,212,14,319,70,2026-07-25 11:43:17.823391,2026-07-25 11:43:17.823391,2026-07-25 11:43:17.823391
6713,213,14,316,61,2026-07-25 11:43:17.823401,2026-07-25 11:43:17.823401,2026-07-25 11:43:17.823401
6714,214,14,226,64,2026-07-25 11:43:17.823410,2026-07-25 11:43:17.823410,2026-07-25 11:43:17.823410
6715,215,14,176,76,2026-07-25 11:43:17.823420,2026-07-25 11:43:17.823420,2026-07-25 11:43:17.823420
6716,216,14,415,70,2026-07-25 11:43:17.823430,2026-07-25 11:43:17.823430,2026-07-25 11:43:17.823430
6717,217,14,332,45,2026-07-25 11:43:17.823439,2026-07-25 11:43:17.823439,2026-07-25 11:43:17.823439
6718,218,14,397,32,2026-07-25 11:43:17.823449,2026-07-25 11:43:17.823449,2026-07-25 11:43:17.823449
6719,219,14,451,39,2026-07-25 11:43:17.823458,2026-07-25 11:43:17.823458,2026-07-25 11:43:17.823458
6720,220,14,43,22,2026-07-25 11:43:17.823468,2026-07-25 11:43:17.823468,2026-07-25 11:43:17.823468
6721,221,14,275,41,2026-07-25 11:43:17.823478,2026-07-25 11:43:17.823478,2026-07-25 11:43:17.823478
6722,222,14,199,66,2026-07-25 11:43:17.823487,2026-07-25 11:43:17.823487,2026-07-25 11:43:17.823487
6723,223,14,368,67,2026-07-25 11:43:17.823497,2026-07-25 11:43:17.823497,2026-07-25 11:43:17.823497
6724,224,14,450,28,2026-07-25 11:43:17.823507,2026-07-25 11:43:17.823507,2026-07-25 11:43:17.823507
6725,225,14,266,54,2026-07-25 11:43:17.823516,2026-07-25 11:43:17.823516,2026-07-25 11:43:17.823516
6726,226,14,145,33,2026-07-25 11:43:17.823526,2026-07-25 11:43:17.823526,2026-07-25 11:43:17.823526
6727,227,14,47,52,2026-07-25 11:43:17.823537,2026-07-25 11:43:17.823537,2026-07-25 11:43:17.823537
6728,228,14,282,39,2026-07-25 11:43:17.823546,2026-07-25 11:43:17.823546,2026-07-25 11:43:17.823546
6729,229,14,266,41,2026-07-25 11:43:17.823556,2026-07-25 11:43:17.823556,2026-07-25 11:43:17.823556
6730,230,14,387,60,2026-07-25 11:43:17.823567,2026-07-25 11:43:17.823567,2026-07-25 11:43:17.823567
6731,231,14,81,21,2026-07-25 11:43:17.823576,2026-07-25 11:43:17.823576,2026-07-25 11:43:17.823576
6732,232,14,14,76,2026-07-25 11:43:17.823586,2026-07-25 11:43:17.823586,2026-07-25 11:43:17.823586
6733,233,14,407,54,2026-07-25 11:43:17.823596,2026-07-25 11:43:17.823596,2026-07-25 11:43:17.823596
6734,234,14,303,36,2026-07-25 11:43:17.823605,2026-07-25 11:43:17.823605,2026-07-25 11:43:17.823605
6735,235,14,123,73,2026-07-25 11:43:17.823615,2026-07-25 11:43:17.823615,2026-07-25 11:43:17.823615
6736,236,14,396,39,2026-07-25 11:43:17.823624,2026-07-25 11:43:17.823624,2026-07-25 11:43:17.823624
6737,237,14,371,47,2026-07-25 11:43:17.823634,2026-07-25 11:43:17.823634,2026-07-25 11:43:17.823634
6738,238,14,258,27,2026-07-25 11:43:17.823643,2026-07-25 11:43:17.823643,2026-07-25 11:43:17.823643
6739,239,14,374,23,2026-07-25 11:43:17.823653,2026-07-25 11:43:17.823653,2026-07-25 11:43:17.823653
6740,240,14,430,43,2026-07-25 11:43:17.823663,2026-07-25 11:43:17.823663,2026-07-25 11:43:17.823663
6741,241,14,132,60,2026-07-25 11:43:17.823672,2026-07-25 11:43:17.823672,2026-07-25 11:43:17.823672
6742,242,14,259,42,2026-07-25 11:43:17.823682,2026-07-25 11:43:17.823682,2026-07-25 11:43:17.823682
6743,243,14,63,23,2026-07-25 11:43:17.823691,2026-07-25 11:43:17.823691,2026-07-25 11:43:17.823691
6744,244,14,387,61,2026-07-25 11:43:17.823701,2026-07-25 11:43:17.823701,2026-07-25 11:43:17.823701
6745,245,14,481,27,2026-07-25 11:43:17.823710,2026-07-25 11:43:17.823710,2026-07-25 11:43:17.823710
6746,246,14,229,39,2026-07-25 11:43:17.823720,2026-07-25 11:43:17.823720,2026-07-25 11:43:17.823720
6747,247,14,293,67,2026-07-25 11:43:17.823730,2026-07-25 11:43:17.823730,2026-07-25 11:43:17.823730
6748,248,14,2,49,2026-07-25 11:43:17.823739,2026-07-25 11:43:17.823739,2026-07-25 11:43:17.823739
6749,249,14,173,35,2026-07-25 11:43:17.823749,2026-07-25 11:43:17.823749,2026-07-25 11:43:17.823749
6750,250,14,412,67,2026-07-25 11:43:17.823758,2026-07-25 11:43:17.823758,2026-07-25 11:43:17.823758
6751,251,14,297,56,2026-07-25 11:43:17.823768,2026-07-25 11:43:17.823768,2026-07-25 11:43:17.823768
6752,252,14,365,77,2026-07-25 11:43:17.823778,2026-07-25 11:43:17.823778,2026-07-25 11:43:17.823778
6753,253,14,480,60,2026-07-25 11:43:17.823787,2026-07-25 11:43:17.823787,2026-07-25 11:43:17.823787
6754,254,14,340,54,2026-07-25 11:43:17.823797,2026-07-25 11:43:17.823797,2026-07-25 11:43:17.823797
6755,255,14,432,58,2026-07-25 11:43:17.823806,2026-07-25 11:43:17.823806,2026-07-25 11:43:17.823806
6756,256,14,119,42,2026-07-25 11:43:17.823816,2026-07-25 11:43:17.823816,2026-07-25 11:43:17.823816
6757,257,14,153,38,2026-07-25 11:43:17.823825,2026-07-25 11:43:17.823825,2026-07-25 11:43:17.823825
6758,258,14,341,70,2026-07-25 11:43:17.823835,2026-07-25 11:43:17.823835,2026-07-25 11:43:17.823835
6759,259,14,417,65,2026-07-25 11:43:17.823845,2026-07-25 11:43:17.823845,2026-07-25 11:43:17.823845
6760,260,14,293,63,2026-07-25 11:43:17.823855,2026-07-25 11:43:17.823855,2026-07-25 11:43:17.823855
6761,261,14,71,65,2026-07-25 11:43:17.823864,2026-07-25 11:43:17.823864,2026-07-25 11:43:17.823864
6762,262,14,193,53,2026-07-25 11:43:17.823874,2026-07-25 11:43:17.823874,2026-07-25 11:43:17.823874
6763,263,14,377,35,2026-07-25 11:43:17.823883,2026-07-25 11:43:17.823883,2026-07-25 11:43:17.823883
6764,264,14,53,40,2026-07-25 11:43:17.823893,2026-07-25 11:43:17.823893,2026-07-25 11:43:17.823893
6765,265,14,264,57,2026-07-25 11:43:17.823903,2026-07-25 11:43:17.823903,2026-07-25 11:43:17.823903
6766,266,14,98,72,2026-07-25 11:43:17.823912,2026-07-25 11:43:17.823912,2026-07-25 11:43:17.823912
6767,267,14,398,43,2026-07-25 11:43:17.823922,2026-07-25 11:43:17.823922,2026-07-25 11:43:17.823922
6768,268,14,232,26,2026-07-25 11:43:17.823932,2026-07-25 11:43:17.823932,2026-07-25 11:43:17.823932
6769,269,14,75,65,2026-07-25 11:43:17.823941,2026-07-25 11:43:17.823941,2026-07-25 11:43:17.823941
6770,270,14,217,73,2026-07-25 11:43:17.823951,2026-07-25 11:43:17.823951,2026-07-25 11:43:17.823951
6771,271,14,210,25,2026-07-25 11:43:17.823960,2026-07-25 11:43:17.823960,2026-07-25 11:43:17.823960
6772,272,14,47,23,2026-07-25 11:43:17.823970,2026-07-25 11:43:17.823970,2026-07-25 11:43:17.823970
6773,273,14,217,76,2026-07-25 11:43:17.823979,2026-07-25 11:43:17.823979,2026-07-25 11:43:17.823979
6774,274,14,66,50,2026-07-25 11:43:17.823989,2026-07-25 11:43:17.823989,2026-07-25 11:43:17.823989
6775,275,14,109,48,2026-07-25 11:43:17.823999,2026-07-25 11:43:17.823999,2026-07-25 11:43:17.823999
6776,276,14,39,43,2026-07-25 11:43:17.824008,2026-07-25 11:43:17.824008,2026-07-25 11:43:17.824008
6777,277,14,346,53,2026-07-25 11:43:17.824018,2026-07-25 11:43:17.824018,2026-07-25 11:43:17.824018
6778,278,14,206,57,2026-07-25 11:43:17.824028,2026-07-25 11:43:17.824028,2026-07-25 11:43:17.824028
6779,279,14,286,53,2026-07-25 11:43:17.824037,2026-07-25 11:43:17.824037,2026-07-25 11:43:17.824037
6780,280,14,398,45,2026-07-25 11:43:17.824047,2026-07-25 11:43:17.824047,2026-07-25 11:43:17.824047
6781,281,14,446,36,2026-07-25 11:43:17.824057,2026-07-25 11:43:17.824057,2026-07-25 11:43:17.824057
6782,282,14,299,51,2026-07-25 11:43:17.824066,2026-07-25 11:43:17.824066,2026-07-25 11:43:17.824066
6783,283,14,325,47,2026-07-25 11:43:17.824076,2026-07-25 11:43:17.824076,2026-07-25 11:43:17.824076
6784,284,14,225,64,2026-07-25 11:43:17.824085,2026-07-25 11:43:17.824085,2026-07-25 11:43:17.824085
6785,285,14,476,80,2026-07-25 11:43:17.824095,2026-07-25 11:43:17.824095,2026-07-25 11:43:17.824095
6786,286,14,250,66,2026-07-25 11:43:17.824105,2026-07-25 11:43:17.824105,2026-07-25 11:43:17.824105
6787,287,14,498,46,2026-07-25 11:43:17.824114,2026-07-25 11:43:17.824114,2026-07-25 11:43:17.824114
6788,288,14,421,30,2026-07-25 11:43:17.824124,2026-07-25 11:43:17.824124,2026-07-25 11:43:17.824124
6789,289,14,73,52,2026-07-25 11:43:17.824134,2026-07-25 11:43:17.824134,2026-07-25 11:43:17.824134
6790,290,14,65,51,2026-07-25 11:43:17.824143,2026-07-25 11:43:17.824143,2026-07-25 11:43:17.824143
6791,291,14,364,49,2026-07-25 11:43:17.824153,2026-07-25 11:43:17.824153,2026-07-25 11:43:17.824153
6792,292,14,66,65,2026-07-25 11:43:17.824162,2026-07-25 11:43:17.824162,2026-07-25 11:43:17.824162
6793,293,14,262,75,2026-07-25 11:43:17.824172,2026-07-25 11:43:17.824172,2026-07-25 11:43:17.824172
6794,294,14,270,27,2026-07-25 11:43:17.824182,2026-07-25 11:43:17.824182,2026-07-25 11:43:17.824182
6795,295,14,355,33,2026-07-25 11:43:17.824191,2026-07-25 11:43:17.824191,2026-07-25 11:43:17.824191
6796,296,14,233,50,2026-07-25 11:43:17.824201,2026-07-25 11:43:17.824201,2026-07-25 11:43:17.824201
6797,297,14,16,67,2026-07-25 11:43:17.824211,2026-07-25 11:43:17.824211,2026-07-25 11:43:17.824211
6798,298,14,80,80,2026-07-25 11:43:17.824220,2026-07-25 11:43:17.824220,2026-07-25 11:43:17.824220
6799,299,14,286,43,2026-07-25 11:43:17.824230,2026-07-25 11:43:17.824230,2026-07-25 11:43:17.824230
6800,300,14,471,80,2026-07-25 11:43:17.824240,2026-07-25 11:43:17.824240,2026-07-25 11:43:17.824240
6801,301,14,60,58,2026-07-25 11:43:17.824250,2026-07-25 11:43:17.824250,2026-07-25 11:43:17.824250
6802,302,14,436,46,2026-07-25 11:43:17.824259,2026-07-25 11:43:17.824259,2026-07-25 11:43:17.824259
6803,303,14,56,27,2026-07-25 11:43:17.824269,2026-07-25 11:43:17.824269,2026-07-25 11:43:17.824269
6804,304,14,189,56,2026-07-25 11:43:17.824279,2026-07-25 11:43:17.824279,2026-07-25 11:43:17.824279
6805,305,14,148,22,2026-07-25 11:43:17.824288,2026-07-25 11:43:17.824288,2026-07-25 11:43:17.824288
6806,306,14,267,29,2026-07-25 11:43:17.824298,2026-07-25 11:43:17.824298,2026-07-25 11:43:17.824298
6807,307,14,60,43,2026-07-25 11:43:17.824307,2026-07-25 11:43:17.824307,2026-07-25 11:43:17.824307
6808,308,14,156,43,2026-07-25 11:43:17.824321,2026-07-25 11:43:17.824321,2026-07-25 11:43:17.824321
6809,309,14,155,38,2026-07-25 11:43:17.824331,2026-07-25 11:43:17.824331,2026-07-25 11:43:17.824331
6810,310,14,248,21,2026-07-25 11:43:17.824341,2026-07-25 11:43:17.824341,2026-07-25 11:43:17.824341
6811,311,14,405,29,2026-07-25 11:43:17.824350,2026-07-25 11:43:17.824350,2026-07-25 11:43:17.824350
6812,312,14,72,70,2026-07-25 11:43:17.824360,2026-07-25 11:43:17.824360,2026-07-25 11:43:17.824360
6813,313,14,301,46,2026-07-25 11:43:17.824370,2026-07-25 11:43:17.824370,2026-07-25 11:43:17.824370
6814,314,14,24,79,2026-07-25 11:43:17.824379,2026-07-25 11:43:17.824379,2026-07-25 11:43:17.824379
6815,315,14,457,39,2026-07-25 11:43:17.824389,2026-07-25 11:43:17.824389,2026-07-25 11:43:17.824389
6816,316,14,455,38,2026-07-25 11:43:17.824398,2026-07-25 11:43:17.824398,2026-07-25 11:43:17.824398
6817,317,14,110,31,2026-07-25 11:43:17.824408,2026-07-25 11:43:17.824408,2026-07-25 11:43:17.824408
6818,318,14,419,67,2026-07-25 11:43:17.824417,2026-07-25 11:43:17.824417,2026-07-25 11:43:17.824417
6819,319,14,250,20,2026-07-25 11:43:17.824427,2026-07-25 11:43:17.824427,2026-07-25 11:43:17.824427
6820,320,14,62,55,2026-07-25 11:43:17.824436,2026-07-25 11:43:17.824436,2026-07-25 11:43:17.824436
6821,321,14,178,24,2026-07-25 11:43:17.824446,2026-07-25 11:43:17.824446,2026-07-25 11:43:17.824446
6822,322,14,445,22,2026-07-25 11:43:17.824455,2026-07-25 11:43:17.824455,2026-07-25 11:43:17.824455
6823,323,14,213,50,2026-07-25 11:43:17.824465,2026-07-25 11:43:17.824465,2026-07-25 11:43:17.824465
6824,324,14,293,39,2026-07-25 11:43:17.824475,2026-07-25 11:43:17.824475,2026-07-25 11:43:17.824475
6825,325,14,289,48,2026-07-25 11:43:17.824484,2026-07-25 11:43:17.824484,2026-07-25 11:43:17.824484
6826,326,14,460,41,2026-07-25 11:43:17.824494,2026-07-25 11:43:17.824494,2026-07-25 11:43:17.824494
6827,327,14,400,44,2026-07-25 11:43:17.824504,2026-07-25 11:43:17.824504,2026-07-25 11:43:17.824504
6828,328,14,243,73,2026-07-25 11:43:17.824513,2026-07-25 11:43:17.824513,2026-07-25 11:43:17.824513
6829,329,14,368,73,2026-07-25 11:43:17.824523,2026-07-25 11:43:17.824523,2026-07-25 11:43:17.824523
6830,330,14,310,28,2026-07-25 11:43:17.824533,2026-07-25 11:43:17.824533,2026-07-25 11:43:17.824533
6831,331,14,390,28,2026-07-25 11:43:17.824544,2026-07-25 11:43:17.824544,2026-07-25 11:43:17.824544
6832,332,14,258,60,2026-07-25 11:43:17.824553,2026-07-25 11:43:17.824553,2026-07-25 11:43:17.824553
6833,333,14,235,68,2026-07-25 11:43:17.824563,2026-07-25 11:43:17.824563,2026-07-25 11:43:17.824563
6834,334,14,230,62,2026-07-25 11:43:17.824572,2026-07-25 11:43:17.824572,2026-07-25 11:43:17.824572
6835,335,14,229,29,2026-07-25 11:43:17.824582,2026-07-25 11:43:17.824582,2026-07-25 11:43:17.824582
6836,336,14,443,66,2026-07-25 11:43:17.824592,2026-07-25 11:43:17.824592,2026-07-25 11:43:17.824592
6837,337,14,166,25,2026-07-25 11:43:17.824602,2026-07-25 11:43:17.824602,2026-07-25 11:43:17.824602
6838,338,14,409,59,2026-07-25 11:43:17.824611,2026-07-25 11:43:17.824611,2026-07-25 11:43:17.824611
6839,339,14,340,59,2026-07-25 11:43:17.824621,2026-07-25 11:43:17.824621,2026-07-25 11:43:17.824621
6840,340,14,209,44,2026-07-25 11:43:17.824631,2026-07-25 11:43:17.824631,2026-07-25 11:43:17.824631
6841,341,14,119,77,2026-07-25 11:43:17.824640,2026-07-25 11:43:17.824640,2026-07-25 11:43:17.824640
6842,342,14,202,41,2026-07-25 11:43:17.824650,2026-07-25 11:43:17.824650,2026-07-25 11:43:17.824650
6843,343,14,276,22,2026-07-25 11:43:17.824660,2026-07-25 11:43:17.824660,2026-07-25 11:43:17.824660
6844,344,14,490,62,2026-07-25 11:43:17.824669,2026-07-25 11:43:17.824669,2026-07-25 11:43:17.824669
6845,345,14,455,48,2026-07-25 11:43:17.824679,2026-07-25 11:43:17.824679,2026-07-25 11:43:17.824679
6846,346,14,376,37,2026-07-25 11:43:17.824690,2026-07-25 11:43:17.824690,2026-07-25 11:43:17.824690
6847,347,14,330,25,2026-07-25 11:43:17.824700,2026-07-25 11:43:17.824700,2026-07-25 11:43:17.824700
6848,348,14,443,30,2026-07-25 11:43:17.824710,2026-07-25 11:43:17.824710,2026-07-25 11:43:17.824710
6849,349,14,362,21,2026-07-25 11:43:17.824719,2026-07-25 11:43:17.824719,2026-07-25 11:43:17.824719
6850,350,14,292,60,2026-07-25 11:43:17.824729,2026-07-25 11:43:17.824729,2026-07-25 11:43:17.824729
6851,351,14,407,69,2026-07-25 11:43:17.824739,2026-07-25 11:43:17.824739,2026-07-25 11:43:17.824739
6852,352,14,362,39,2026-07-25 11:43:17.824748,2026-07-25 11:43:17.824748,2026-07-25 11:43:17.824748
6853,353,14,287,61,2026-07-25 11:43:17.824758,2026-07-25 11:43:17.824758,2026-07-25 11:43:17.824758
6854,354,14,63,61,2026-07-25 11:43:17.824768,2026-07-25 11:43:17.824768,2026-07-25 11:43:17.824768
6855,355,14,286,25,2026-07-25 11:43:17.824778,2026-07-25 11:43:17.824778,2026-07-25 11:43:17.824778
6856,356,14,98,59,2026-07-25 11:43:17.824788,2026-07-25 11:43:17.824788,2026-07-25 11:43:17.824788
6857,357,14,277,56,2026-07-25 11:43:17.824798,2026-07-25 11:43:17.824798,2026-07-25 11:43:17.824798
6858,358,14,387,23,2026-07-25 11:43:17.824807,2026-07-25 11:43:17.824807,2026-07-25 11:43:17.824807
6859,359,14,490,56,2026-07-25 11:43:17.824817,2026-07-25 11:43:17.824817,2026-07-25 11:43:17.824817
6860,360,14,267,32,2026-07-25 11:43:17.824827,2026-07-25 11:43:17.824827,2026-07-25 11:43:17.824827
6861,361,14,384,50,2026-07-25 11:43:17.824836,2026-07-25 11:43:17.824836,2026-07-25 11:43:17.824836
6862,362,14,257,77,2026-07-25 11:43:17.824846,2026-07-25 11:43:17.824846,2026-07-25 11:43:17.824846
6863,363,14,9,27,2026-07-25 11:43:17.824855,2026-07-25 11:43:17.824855,2026-07-25 11:43:17.824855
6864,364,14,337,79,2026-07-25 11:43:17.824865,2026-07-25 11:43:17.824865,2026-07-25 11:43:17.824865
6865,365,14,272,31,2026-07-25 11:43:17.824874,2026-07-25 11:43:17.824874,2026-07-25 11:43:17.824874
6866,366,14,492,21,2026-07-25 11:43:17.824884,2026-07-25 11:43:17.824884,2026-07-25 11:43:17.824884
6867,367,14,140,70,2026-07-25 11:43:17.824894,2026-07-25 11:43:17.824894,2026-07-25 11:43:17.824894
6868,368,14,105,35,2026-07-25 11:43:17.824903,2026-07-25 11:43:17.824903,2026-07-25 11:43:17.824903
6869,369,14,424,65,2026-07-25 11:43:17.824913,2026-07-25 11:43:17.824913,2026-07-25 11:43:17.824913
6870,370,14,429,76,2026-07-25 11:43:17.824923,2026-07-25 11:43:17.824923,2026-07-25 11:43:17.824923
6871,371,14,296,48,2026-07-25 11:43:17.824932,2026-07-25 11:43:17.824932,2026-07-25 11:43:17.824932
6872,372,14,43,71,2026-07-25 11:43:17.824942,2026-07-25 11:43:17.824942,2026-07-25 11:43:17.824942
6873,373,14,273,58,2026-07-25 11:43:17.824952,2026-07-25 11:43:17.824952,2026-07-25 11:43:17.824952
6874,374,14,164,45,2026-07-25 11:43:17.824961,2026-07-25 11:43:17.824961,2026-07-25 11:43:17.824961
6875,375,14,301,22,2026-07-25 11:43:17.824971,2026-07-25 11:43:17.824971,2026-07-25 11:43:17.824971
6876,376,14,251,75,2026-07-25 11:43:17.824981,2026-07-25 11:43:17.824981,2026-07-25 11:43:17.824981
6877,377,14,478,21,2026-07-25 11:43:17.824990,2026-07-25 11:43:17.824990,2026-07-25 11:43:17.824990
6878,378,14,174,47,2026-07-25 11:43:17.825000,2026-07-25 11:43:17.825000,2026-07-25 11:43:17.825000
6879,379,14,92,46,2026-07-25 11:43:17.825010,2026-07-25 11:43:17.825010,2026-07-25 11:43:17.825010
6880,380,14,12,75,2026-07-25 11:43:17.825020,2026-07-25 11:43:17.825020,2026-07-25 11:43:17.825020
6881,381,14,270,40,2026-07-25 11:43:17.825029,2026-07-25 11:43:17.825029,2026-07-25 11:43:17.825029
6882,382,14,195,36,2026-07-25 11:43:17.825047,2026-07-25 11:43:17.825047,2026-07-25 11:43:17.825047
6883,383,14,46,27,2026-07-25 11:43:17.825057,2026-07-25 11:43:17.825057,2026-07-25 11:43:17.825057
6884,384,14,50,54,2026-07-25 11:43:17.825066,2026-07-25 11:43:17.825066,2026-07-25 11:43:17.825066
6885,385,14,86,38,2026-07-25 11:43:17.825076,2026-07-25 11:43:17.825076,2026-07-25 11:43:17.825076
6886,386,14,73,31,2026-07-25 11:43:17.825087,2026-07-25 11:43:17.825087,2026-07-25 11:43:17.825087
6887,387,14,130,69,2026-07-25 11:43:17.825097,2026-07-25 11:43:17.825097,2026-07-25 11:43:17.825097
6888,388,14,45,29,2026-07-25 11:43:17.825107,2026-07-25 11:43:17.825107,2026-07-25 11:43:17.825107
6889,389,14,157,80,2026-07-25 11:43:17.825116,2026-07-25 11:43:17.825116,2026-07-25 11:43:17.825116
6890,390,14,208,63,2026-07-25 11:43:17.825126,2026-07-25 11:43:17.825126,2026-07-25 11:43:17.825126
6891,391,14,86,23,2026-07-25 11:43:17.825135,2026-07-25 11:43:17.825135,2026-07-25 11:43:17.825135
6892,392,14,314,40,2026-07-25 11:43:17.825145,2026-07-25 11:43:17.825145,2026-07-25 11:43:17.825145
6893,393,14,92,21,2026-07-25 11:43:17.825155,2026-07-25 11:43:17.825155,2026-07-25 11:43:17.825155
6894,394,14,365,23,2026-07-25 11:43:17.825165,2026-07-25 11:43:17.825165,2026-07-25 11:43:17.825165
6895,395,14,152,44,2026-07-25 11:43:17.825174,2026-07-25 11:43:17.825174,2026-07-25 11:43:17.825174
6896,396,14,50,40,2026-07-25 11:43:17.825184,2026-07-25 11:43:17.825184,2026-07-25 11:43:17.825184
6897,397,14,72,46,2026-07-25 11:43:17.825194,2026-07-25 11:43:17.825194,2026-07-25 11:43:17.825194
6898,398,14,457,40,2026-07-25 11:43:17.825204,2026-07-25 11:43:17.825204,2026-07-25 11:43:17.825204
6899,399,14,132,44,2026-07-25 11:43:17.825213,2026-07-25 11:43:17.825213,2026-07-25 11:43:17.825213
6900,400,14,482,72,2026-07-25 11:43:17.825223,2026-07-25 11:43:17.825223,2026-07-25 11:43:17.825223
6901,401,14,460,27,2026-07-25 11:43:17.825232,2026-07-25 11:43:17.825232,2026-07-25 11:43:17.825232
6902,402,14,26,32,2026-07-25 11:43:17.825242,2026-07-25 11:43:17.825242,2026-07-25 11:43:17.825242
6903,403,14,122,68,2026-07-25 11:43:17.825253,2026-07-25 11:43:17.825253,2026-07-25 11:43:17.825253
6904,404,14,305,57,2026-07-25 11:43:17.825263,2026-07-25 11:43:17.825263,2026-07-25 11:43:17.825263
6905,405,14,121,51,2026-07-25 11:43:17.825273,2026-07-25 11:43:17.825273,2026-07-25 11:43:17.825273
6906,406,14,260,68,2026-07-25 11:43:17.825282,2026-07-25 11:43:17.825282,2026-07-25 11:43:17.825282
6907,407,14,258,44,2026-07-25 11:43:17.825292,2026-07-25 11:43:17.825292,2026-07-25 11:43:17.825292
6908,408,14,486,27,2026-07-25 11:43:17.825302,2026-07-25 11:43:17.825302,2026-07-25 11:43:17.825302
6909,409,14,137,23,2026-07-25 11:43:17.825312,2026-07-25 11:43:17.825312,2026-07-25 11:43:17.825312
6910,410,14,162,49,2026-07-25 11:43:17.825321,2026-07-25 11:43:17.825321,2026-07-25 11:43:17.825321
6911,411,14,283,46,2026-07-25 11:43:17.825331,2026-07-25 11:43:17.825331,2026-07-25 11:43:17.825331
6912,412,14,33,50,2026-07-25 11:43:17.825341,2026-07-25 11:43:17.825341,2026-07-25 11:43:17.825341
6913,413,14,14,46,2026-07-25 11:43:17.825351,2026-07-25 11:43:17.825351,2026-07-25 11:43:17.825351
6914,414,14,324,34,2026-07-25 11:43:17.825360,2026-07-25 11:43:17.825360,2026-07-25 11:43:17.825360
6915,415,14,467,76,2026-07-25 11:43:17.825370,2026-07-25 11:43:17.825370,2026-07-25 11:43:17.825370
6916,416,14,9,37,2026-07-25 11:43:17.825379,2026-07-25 11:43:17.825379,2026-07-25 11:43:17.825379
6917,417,14,283,57,2026-07-25 11:43:17.825389,2026-07-25 11:43:17.825389,2026-07-25 11:43:17.825389
6918,418,14,345,26,2026-07-25 11:43:17.825402,2026-07-25 11:43:17.825402,2026-07-25 11:43:17.825402
6919,419,14,126,68,2026-07-25 11:43:17.825411,2026-07-25 11:43:17.825411,2026-07-25 11:43:17.825411
6920,420,14,284,61,2026-07-25 11:43:17.825421,2026-07-25 11:43:17.825421,2026-07-25 11:43:17.825421
6921,421,14,402,28,2026-07-25 11:43:17.825446,2026-07-25 11:43:17.825446,2026-07-25 11:43:17.825446
6922,422,14,155,56,2026-07-25 11:43:17.825456,2026-07-25 11:43:17.825456,2026-07-25 11:43:17.825456
6923,423,14,208,48,2026-07-25 11:43:17.825466,2026-07-25 11:43:17.825466,2026-07-25 11:43:17.825466
6924,424,14,42,74,2026-07-25 11:43:17.825476,2026-07-25 11:43:17.825476,2026-07-25 11:43:17.825476
6925,425,14,325,52,2026-07-25 11:43:17.825486,2026-07-25 11:43:17.825486,2026-07-25 11:43:17.825486
6926,426,14,104,70,2026-07-25 11:43:17.825495,2026-07-25 11:43:17.825495,2026-07-25 11:43:17.825495
6927,427,14,495,29,2026-07-25 11:43:17.825505,2026-07-25 11:43:17.825505,2026-07-25 11:43:17.825505
6928,428,14,191,54,2026-07-25 11:43:17.825515,2026-07-25 11:43:17.825515,2026-07-25 11:43:17.825515
6929,429,14,86,70,2026-07-25 11:43:17.825524,2026-07-25 11:43:17.825524,2026-07-25 11:43:17.825524
6930,430,14,125,54,2026-07-25 11:43:17.825534,2026-07-25 11:43:17.825534,2026-07-25 11:43:17.825534
6931,431,14,487,47,2026-07-25 11:43:17.825545,2026-07-25 11:43:17.825545,2026-07-25 11:43:17.825545
6932,432,14,492,78,2026-07-25 11:43:17.825556,2026-07-25 11:43:17.825556,2026-07-25 11:43:17.825556
6933,433,14,284,48,2026-07-25 11:43:17.825567,2026-07-25 11:43:17.825567,2026-07-25 11:43:17.825567
6934,434,14,21,20,2026-07-25 11:43:17.825579,2026-07-25 11:43:17.825579,2026-07-25 11:43:17.825579
6935,435,14,416,49,2026-07-25 11:43:17.825591,2026-07-25 11:43:17.825591,2026-07-25 11:43:17.825591
6936,436,14,492,73,2026-07-25 11:43:17.825603,2026-07-25 11:43:17.825603,2026-07-25 11:43:17.825603
6937,437,14,317,38,2026-07-25 11:43:17.825615,2026-07-25 11:43:17.825615,2026-07-25 11:43:17.825615
6938,438,14,334,30,2026-07-25 11:43:17.825628,2026-07-25 11:43:17.825628,2026-07-25 11:43:17.825628
6939,439,14,0,23,2026-07-25 11:43:17.825637,2026-07-25 11:43:17.825637,2026-07-25 11:43:17.825637
6940,440,14,477,78,2026-07-25 11:43:17.825647,2026-07-25 11:43:17.825647,2026-07-25 11:43:17.825647
6941,441,14,246,37,2026-07-25 11:43:17.825657,2026-07-25 11:43:17.825657,2026-07-25 11:43:17.825657
6942,442,14,306,36,2026-07-25 11:43:17.825666,2026-07-25 11:43:17.825666,2026-07-25 11:43:17.825666
6943,443,14,429,63,2026-07-25 11:43:17.825676,2026-07-25 11:43:17.825676,2026-07-25 11:43:17.825676
6944,444,14,194,42,2026-07-25 11:43:17.825686,2026-07-25 11:43:17.825686,2026-07-25 11:43:17.825686
6945,445,14,431,60,2026-07-25 11:43:17.825695,2026-07-25 11:43:17.825695,2026-07-25 11:43:17.825695
6946,446,14,108,57,2026-07-25 11:43:17.825705,2026-07-25 11:43:17.825705,2026-07-25 11:43:17.825705
6947,447,14,430,52,2026-07-25 11:43:17.825715,2026-07-25 11:43:17.825715,2026-07-25 11:43:17.825715
6948,448,14,144,22,2026-07-25 11:43:17.825725,2026-07-25 11:43:17.825725,2026-07-25 11:43:17.825725
6949,449,14,82,67,2026-07-25 11:43:17.825734,2026-07-25 11:43:17.825734,2026-07-25 11:43:17.825734
6950,450,14,273,56,2026-07-25 11:43:17.825744,2026-07-25 11:43:17.825744,2026-07-25 11:43:17.825744
6951,451,14,35,39,2026-07-25 11:43:17.825754,2026-07-25 11:43:17.825754,2026-07-25 11:43:17.825754
6952,452,14,45,45,2026-07-25 11:43:17.825763,2026-07-25 11:43:17.825763,2026-07-25 11:43:17.825763
6953,453,14,357,27,2026-07-25 11:43:17.825773,2026-07-25 11:43:17.825773,2026-07-25 11:43:17.825773
6954,454,14,425,28,2026-07-25 11:43:17.825783,2026-07-25 11:43:17.825783,2026-07-25 11:43:17.825783
6955,455,14,371,55,2026-07-25 11:43:17.825792,2026-07-25 11:43:17.825792,2026-07-25 11:43:17.825792
6956,456,14,143,76,2026-07-25 11:43:17.825802,2026-07-25 11:43:17.825802,2026-07-25 11:43:17.825802
6957,457,14,221,33,2026-07-25 11:43:17.825812,2026-07-25 11:43:17.825812,2026-07-25 11:43:17.825812
6958,458,14,312,52,2026-07-25 11:43:17.825821,2026-07-25 11:43:17.825821,2026-07-25 11:43:17.825821
6959,459,14,490,71,2026-07-25 11:43:17.825831,2026-07-25 11:43:17.825831,2026-07-25 11:43:17.825831
6960,460,14,162,76,2026-07-25 11:43:17.825840,2026-07-25 11:43:17.825840,2026-07-25 11:43:17.825840
6961,461,14,349,80,2026-07-25 11:43:17.825850,2026-07-25 11:43:17.825850,2026-07-25 11:43:17.825850
6962,462,14,175,60,2026-07-25 11:43:17.825860,2026-07-25 11:43:17.825860,2026-07-25 11:43:17.825860
6963,463,14,133,68,2026-07-25 11:43:17.825869,2026-07-25 11:43:17.825869,2026-07-25 11:43:17.825869
6964,464,14,362,48,2026-07-25 11:43:17.825883,2026-07-25 11:43:17.825883,2026-07-25 11:43:17.825883
6965,465,14,139,35,2026-07-25 11:43:17.825893,2026-07-25 11:43:17.825893,2026-07-25 11:43:17.825893
6966,466,14,339,40,2026-07-25 11:43:17.825903,2026-07-25 11:43:17.825903,2026-07-25 11:43:17.825903
6967,467,14,174,33,2026-07-25 11:43:17.825912,2026-07-25 11:43:17.825912,2026-07-25 11:43:17.825912
6968,468,14,235,58,2026-07-25 11:43:17.825922,2026-07-25 11:43:17.825922,2026-07-25 11:43:17.825922
6969,469,14,168,21,2026-07-25 11:43:17.825931,2026-07-25 11:43:17.825931,2026-07-25 11:43:17.825931
6970,470,14,467,64,2026-07-25 11:43:17.825941,2026-07-25 11:43:17.825941,2026-07-25 11:43:17.825941
6971,471,14,68,61,2026-07-25 11:43:17.825950,2026-07-25 11:43:17.825950,2026-07-25 11:43:17.825950
6972,472,14,472,20,2026-07-25 11:43:17.825958,2026-07-25 11:43:17.825958,2026-07-25 11:43:17.825958
6973,473,14,311,50,2026-07-25 11:43:17.825967,2026-07-25 11:43:17.825967,2026-07-25 11:43:17.825967
6974,474,14,2,77,2026-07-25 11:43:17.825976,2026-07-25 11:43:17.825976,2026-07-25 11:43:17.825976
6975,475,14,4,63,2026-07-25 11:43:17.825985,2026-07-25 11:43:17.825985,2026-07-25 11:43:17.825985
6976,476,14,88,46,2026-07-25 11:43:17.825993,2026-07-25 11:43:17.825993,2026-07-25 11:43:17.825993
6977,477,14,284,77,2026-07-25 11:43:17.826003,2026-07-25 11:43:17.826003,2026-07-25 11:43:17.826003
6978,478,14,356,65,2026-07-25 11:43:17.826012,2026-07-25 11:43:17.826012,2026-07-25 11:43:17.826012
6979,479,14,250,68,2026-07-25 11:43:17.826022,2026-07-25 11:43:17.826022,2026-07-25 11:43:17.826022
6980,480,14,201,54,2026-07-25 11:43:17.826031,2026-07-25 11:43:17.826031,2026-07-25 11:43:17.826031
6981,481,14,41,70,2026-07-25 11:43:17.826043,2026-07-25 11:43:17.826043,2026-07-25 11:43:17.826043
6982,482,14,448,61,2026-07-25 11:43:17.826052,2026-07-25 11:43:17.826052,2026-07-25 11:43:17.826052
6983,483,14,333,24,2026-07-25 11:43:17.826062,2026-07-25 11:43:17.826062,2026-07-25 11:43:17.826062
6984,484,14,275,21,2026-07-25 11:43:17.826072,2026-07-25 11:43:17.826072,2026-07-25 11:43:17.826072
6985,485,14,456,73,2026-07-25 11:43:17.826081,2026-07-25 11:43:17.826081,2026-07-25 11:43:17.826081
6986,486,14,417,62,2026-07-25 11:43:17.826091,2026-07-25 11:43:17.826091,2026-07-25 11:43:17.826091
6987,487,14,227,63,2026-07-25 11:43:17.826100,2026-07-25 11:43:17.826100,2026-07-25 11:43:17.826100
6988,488,14,63,42,2026-07-25 11:43:17.826110,2026-07-25 11:43:17.826110,2026-07-25 11:43:17.826110
6989,489,14,497,72,2026-07-25 11:43:17.826120,2026-07-25 11:43:17.826120,2026-07-25 11:43:17.826120
6990,490,14,192,72,2026-07-25 11:43:17.826130,2026-07-25 11:43:17.826130,2026-07-25 11:43:17.826130
6991,491,14,307,42,2026-07-25 11:43:17.826139,2026-07-25 11:43:17.826139,2026-07-25 11:43:17.826139
6992,492,14,198,31,2026-07-25 11:43:17.826149,2026-07-25 11:43:17.826149,2026-07-25 11:43:17.826149
6993,493,14,429,69,2026-07-25 11:43:17.826158,2026-07-25 11:43:17.826158,2026-07-25 11:43:17.826158
6994,494,14,415,64,2026-07-25 11:43:17.826168,2026-07-25 11:43:17.826168,2026-07-25 11:43:17.826168
6995,495,14,4,27,2026-07-25 11:43:17.826178,2026-07-25 11:43:17.826178,2026-07-25 11:43:17.826178
6996,496,14,236,43,2026-07-25 11:43:17.826188,2026-07-25 11:43:17.826188,2026-07-25 11:43:17.826188
6997,497,14,479,32,2026-07-25 11:43:17.826197,2026-07-25 11:43:17.826197,2026-07-25 11:43:17.826197
6998,498,14,227,20,2026-07-25 11:43:17.826207,2026-07-25 11:43:17.826207,2026-07-25 11:43:17.826207
6999,499,14,113,67,2026-07-25 11:43:17.826217,2026-07-25 11:43:17.826217,2026-07-25 11:43:17.826217
7000,500,14,10,68,2026-07-25 11:43:17.826226,2026-07-25 11:43:17.826226,2026-07-25 11:43:17.826226
7001,1,15,143,63,2026-07-25 11:43:17.826392,2026-07-25 11:43:17.826392,2026-07-25 11:43:17.826392
7002,2,15,471,65,2026-07-25 11:43:17.826405,2026-07-25 11:43:17.826405,2026-07-25 11:43:17.826405
7003,3,15,183,32,2026-07-25 11:43:17.826416,2026-07-25 11:43:17.826416,2026-07-25 11:43:17.826416
7004,4,15,46,72,2026-07-25 11:43:17.826426,2026-07-25 11:43:17.826426,2026-07-25 11:43:17.826426
7005,5,15,314,60,2026-07-25 11:43:17.826436,2026-07-25 11:43:17.826436,2026-07-25 11:43:17.826436
7006,6,15,155,71,2026-07-25 11:43:17.826445,2026-07-25 11:43:17.826445,2026-07-25 11:43:17.826445
7007,7,15,367,34,2026-07-25 11:43:17.826457,2026-07-25 11:43:17.826457,2026-07-25 11:43:17.826457
7008,8,15,119,51,2026-07-25 11:43:17.826467,2026-07-25 11:43:17.826467,2026-07-25 11:43:17.826467
7009,9,15,495,43,2026-07-25 11:43:17.826476,2026-07-25 11:43:17.826476,2026-07-25 11:43:17.826476
7010,10,15,18,37,2026-07-25 11:43:17.826485,2026-07-25 11:43:17.826485,2026-07-25 11:43:17.826485
7011,11,15,252,77,2026-07-25 11:43:17.826494,2026-07-25 11:43:17.826494,2026-07-25 11:43:17.826494
7012,12,15,360,65,2026-07-25 11:43:17.826503,2026-07-25 11:43:17.826503,2026-07-25 11:43:17.826503
7013,13,15,310,33,2026-07-25 11:43:17.826513,2026-07-25 11:43:17.826513,2026-07-25 11:43:17.826513
7014,14,15,3,32,2026-07-25 11:43:17.826523,2026-07-25 11:43:17.826523,2026-07-25 11:43:17.826523
7015,15,15,420,60,2026-07-25 11:43:17.826533,2026-07-25 11:43:17.826533,2026-07-25 11:43:17.826533
7016,16,15,202,27,2026-07-25 11:43:17.826543,2026-07-25 11:43:17.826543,2026-07-25 11:43:17.826543
7017,17,15,445,37,2026-07-25 11:43:17.826553,2026-07-25 11:43:17.826553,2026-07-25 11:43:17.826553
7018,18,15,291,52,2026-07-25 11:43:17.826562,2026-07-25 11:43:17.826562,2026-07-25 11:43:17.826562
7019,19,15,252,30,2026-07-25 11:43:17.826572,2026-07-25 11:43:17.826572,2026-07-25 11:43:17.826572
7020,20,15,282,32,2026-07-25 11:43:17.826582,2026-07-25 11:43:17.826582,2026-07-25 11:43:17.826582
7021,21,15,337,67,2026-07-25 11:43:17.826591,2026-07-25 11:43:17.826591,2026-07-25 11:43:17.826591
7022,22,15,289,63,2026-07-25 11:43:17.826601,2026-07-25 11:43:17.826601,2026-07-25 11:43:17.826601
7023,23,15,349,58,2026-07-25 11:43:17.826611,2026-07-25 11:43:17.826611,2026-07-25 11:43:17.826611
7024,24,15,289,31,2026-07-25 11:43:17.826620,2026-07-25 11:43:17.826620,2026-07-25 11:43:17.826620
7025,25,15,33,57,2026-07-25 11:43:17.826630,2026-07-25 11:43:17.826630,2026-07-25 11:43:17.826630
7026,26,15,65,67,2026-07-25 11:43:17.826640,2026-07-25 11:43:17.826640,2026-07-25 11:43:17.826640
7027,27,15,33,28,2026-07-25 11:43:17.826649,2026-07-25 11:43:17.826649,2026-07-25 11:43:17.826649
7028,28,15,132,79,2026-07-25 11:43:17.826659,2026-07-25 11:43:17.826659,2026-07-25 11:43:17.826659
7029,29,15,291,74,2026-07-25 11:43:17.826669,2026-07-25 11:43:17.826669,2026-07-25 11:43:17.826669
7030,30,15,116,76,2026-07-25 11:43:17.826678,2026-07-25 11:43:17.826678,2026-07-25 11:43:17.826678
7031,31,15,267,66,2026-07-25 11:43:17.826688,2026-07-25 11:43:17.826688,2026-07-25 11:43:17.826688
7032,32,15,400,37,2026-07-25 11:43:17.826698,2026-07-25 11:43:17.826698,2026-07-25 11:43:17.826698
7033,33,15,98,74,2026-07-25 11:43:17.826708,2026-07-25 11:43:17.826708,2026-07-25 11:43:17.826708
7034,34,15,347,21,2026-07-25 11:43:17.826717,2026-07-25 11:43:17.826717,2026-07-25 11:43:17.826717
7035,35,15,496,64,2026-07-25 11:43:17.826727,2026-07-25 11:43:17.826727,2026-07-25 11:43:17.826727
7036,36,15,347,54,2026-07-25 11:43:17.826737,2026-07-25 11:43:17.826737,2026-07-25 11:43:17.826737
7037,37,15,314,36,2026-07-25 11:43:17.826746,2026-07-25 11:43:17.826746,2026-07-25 11:43:17.826746
7038,38,15,348,55,2026-07-25 11:43:17.826756,2026-07-25 11:43:17.826756,2026-07-25 11:43:17.826756
7039,39,15,452,49,2026-07-25 11:43:17.826766,2026-07-25 11:43:17.826766,2026-07-25 11:43:17.826766
7040,40,15,1,80,2026-07-25 11:43:17.826775,2026-07-25 11:43:17.826775,2026-07-25 11:43:17.826775
7041,41,15,218,61,2026-07-25 11:43:17.826785,2026-07-25 11:43:17.826785,2026-07-25 11:43:17.826785
7042,42,15,344,80,2026-07-25 11:43:17.826796,2026-07-25 11:43:17.826796,2026-07-25 11:43:17.826796
7043,43,15,332,23,2026-07-25 11:43:17.826806,2026-07-25 11:43:17.826806,2026-07-25 11:43:17.826806
7044,44,15,437,80,2026-07-25 11:43:17.826815,2026-07-25 11:43:17.826815,2026-07-25 11:43:17.826815
7045,45,15,165,47,2026-07-25 11:43:17.826825,2026-07-25 11:43:17.826825,2026-07-25 11:43:17.826825
7046,46,15,432,46,2026-07-25 11:43:17.826835,2026-07-25 11:43:17.826835,2026-07-25 11:43:17.826835
7047,47,15,140,27,2026-07-25 11:43:17.826845,2026-07-25 11:43:17.826845,2026-07-25 11:43:17.826845
7048,48,15,348,53,2026-07-25 11:43:17.826855,2026-07-25 11:43:17.826855,2026-07-25 11:43:17.826855
7049,49,15,238,51,2026-07-25 11:43:17.826865,2026-07-25 11:43:17.826865,2026-07-25 11:43:17.826865
7050,50,15,185,53,2026-07-25 11:43:17.826874,2026-07-25 11:43:17.826874,2026-07-25 11:43:17.826874
7051,51,15,388,22,2026-07-25 11:43:17.826884,2026-07-25 11:43:17.826884,2026-07-25 11:43:17.826884
7052,52,15,452,66,2026-07-25 11:43:17.826894,2026-07-25 11:43:17.826894,2026-07-25 11:43:17.826894
7053,53,15,114,23,2026-07-25 11:43:17.826903,2026-07-25 11:43:17.826903,2026-07-25 11:43:17.826903
7054,54,15,142,78,2026-07-25 11:43:17.826913,2026-07-25 11:43:17.826913,2026-07-25 11:43:17.826913
7055,55,15,215,54,2026-07-25 11:43:17.826923,2026-07-25 11:43:17.826923,2026-07-25 11:43:17.826923
7056,56,15,229,40,2026-07-25 11:43:17.826932,2026-07-25 11:43:17.826932,2026-07-25 11:43:17.826932
7057,57,15,2,45,2026-07-25 11:43:17.826942,2026-07-25 11:43:17.826942,2026-07-25 11:43:17.826942
7058,58,15,99,41,2026-07-25 11:43:17.826952,2026-07-25 11:43:17.826952,2026-07-25 11:43:17.826952
7059,59,15,41,76,2026-07-25 11:43:17.826961,2026-07-25 11:43:17.826961,2026-07-25 11:43:17.826961
7060,60,15,292,71,2026-07-25 11:43:17.826971,2026-07-25 11:43:17.826971,2026-07-25 11:43:17.826971
7061,61,15,12,67,2026-07-25 11:43:17.826981,2026-07-25 11:43:17.826981,2026-07-25 11:43:17.826981
7062,62,15,115,64,2026-07-25 11:43:17.826990,2026-07-25 11:43:17.826990,2026-07-25 11:43:17.826990
7063,63,15,216,24,2026-07-25 11:43:17.827000,2026-07-25 11:43:17.827000,2026-07-25 11:43:17.827000
7064,64,15,469,35,2026-07-25 11:43:17.827010,2026-07-25 11:43:17.827010,2026-07-25 11:43:17.827010
7065,65,15,100,30,2026-07-25 11:43:17.827020,2026-07-25 11:43:17.827020,2026-07-25 11:43:17.827020
7066,66,15,168,39,2026-07-25 11:43:17.827029,2026-07-25 11:43:17.827029,2026-07-25 11:43:17.827029
7067,67,15,32,60,2026-07-25 11:43:17.827039,2026-07-25 11:43:17.827039,2026-07-25 11:43:17.827039
7068,68,15,320,26,2026-07-25 11:43:17.827049,2026-07-25 11:43:17.827049,2026-07-25 11:43:17.827049
7069,69,15,14,50,2026-07-25 11:43:17.827059,2026-07-25 11:43:17.827059,2026-07-25 11:43:17.827059
7070,70,15,221,71,2026-07-25 11:43:17.827068,2026-07-25 11:43:17.827068,2026-07-25 11:43:17.827068
7071,71,15,12,57,2026-07-25 11:43:17.827078,2026-07-25 11:43:17.827078,2026-07-25 11:43:17.827078
7072,72,15,408,60,2026-07-25 11:43:17.827087,2026-07-25 11:43:17.827087,2026-07-25 11:43:17.827087
7073,73,15,478,41,2026-07-25 11:43:17.827097,2026-07-25 11:43:17.827097,2026-07-25 11:43:17.827097
7074,74,15,430,36,2026-07-25 11:43:17.827107,2026-07-25 11:43:17.827107,2026-07-25 11:43:17.827107
7075,75,15,126,26,2026-07-25 11:43:17.827117,2026-07-25 11:43:17.827117,2026-07-25 11:43:17.827117
7076,76,15,242,35,2026-07-25 11:43:17.827126,2026-07-25 11:43:17.827126,2026-07-25 11:43:17.827126
7077,77,15,490,41,2026-07-25 11:43:17.827136,2026-07-25 11:43:17.827136,2026-07-25 11:43:17.827136
7078,78,15,426,23,2026-07-25 11:43:17.827146,2026-07-25 11:43:17.827146,2026-07-25 11:43:17.827146
7079,79,15,420,41,2026-07-25 11:43:17.827155,2026-07-25 11:43:17.827155,2026-07-25 11:43:17.827155
7080,80,15,266,70,2026-07-25 11:43:17.827165,2026-07-25 11:43:17.827165,2026-07-25 11:43:17.827165
7081,81,15,121,80,2026-07-25 11:43:17.827175,2026-07-25 11:43:17.827175,2026-07-25 11:43:17.827175
7082,82,15,37,69,2026-07-25 11:43:17.827185,2026-07-25 11:43:17.827185,2026-07-25 11:43:17.827185
7083,83,15,307,59,2026-07-25 11:43:17.827194,2026-07-25 11:43:17.827194,2026-07-25 11:43:17.827194
7084,84,15,224,68,2026-07-25 11:43:17.827204,2026-07-25 11:43:17.827204,2026-07-25 11:43:17.827204
7085,85,15,48,60,2026-07-25 11:43:17.827214,2026-07-25 11:43:17.827214,2026-07-25 11:43:17.827214
7086,86,15,228,57,2026-07-25 11:43:17.827223,2026-07-25 11:43:17.827223,2026-07-25 11:43:17.827223
7087,87,15,63,25,2026-07-25 11:43:17.827233,2026-07-25 11:43:17.827233,2026-07-25 11:43:17.827233
7088,88,15,498,23,2026-07-25 11:43:17.827243,2026-07-25 11:43:17.827243,2026-07-25 11:43:17.827243
7089,89,15,469,22,2026-07-25 11:43:17.827252,2026-07-25 11:43:17.827252,2026-07-25 11:43:17.827252
7090,90,15,193,40,2026-07-25 11:43:17.827262,2026-07-25 11:43:17.827262,2026-07-25 11:43:17.827262
7091,91,15,455,74,2026-07-25 11:43:17.827272,2026-07-25 11:43:17.827272,2026-07-25 11:43:17.827272
7092,92,15,355,24,2026-07-25 11:43:17.827283,2026-07-25 11:43:17.827283,2026-07-25 11:43:17.827283
7093,93,15,400,28,2026-07-25 11:43:17.827293,2026-07-25 11:43:17.827293,2026-07-25 11:43:17.827293
7094,94,15,31,78,2026-07-25 11:43:17.827303,2026-07-25 11:43:17.827303,2026-07-25 11:43:17.827303
7095,95,15,410,48,2026-07-25 11:43:17.827313,2026-07-25 11:43:17.827313,2026-07-25 11:43:17.827313
7096,96,15,28,39,2026-07-25 11:43:17.827322,2026-07-25 11:43:17.827322,2026-07-25 11:43:17.827322
7097,97,15,312,60,2026-07-25 11:43:17.827332,2026-07-25 11:43:17.827332,2026-07-25 11:43:17.827332
7098,98,15,221,24,2026-07-25 11:43:17.827342,2026-07-25 11:43:17.827342,2026-07-25 11:43:17.827342
7099,99,15,52,63,2026-07-25 11:43:17.827351,2026-07-25 11:43:17.827351,2026-07-25 11:43:17.827351
7100,100,15,28,55,2026-07-25 11:43:17.827361,2026-07-25 11:43:17.827361,2026-07-25 11:43:17.827361
7101,101,15,26,38,2026-07-25 11:43:17.827370,2026-07-25 11:43:17.827370,2026-07-25 11:43:17.827370
7102,102,15,435,44,2026-07-25 11:43:17.827380,2026-07-25 11:43:17.827380,2026-07-25 11:43:17.827380
7103,103,15,205,26,2026-07-25 11:43:17.827390,2026-07-25 11:43:17.827390,2026-07-25 11:43:17.827390
7104,104,15,316,68,2026-07-25 11:43:17.827399,2026-07-25 11:43:17.827399,2026-07-25 11:43:17.827399
7105,105,15,210,34,2026-07-25 11:43:17.827409,2026-07-25 11:43:17.827409,2026-07-25 11:43:17.827409
7106,106,15,442,58,2026-07-25 11:43:17.827418,2026-07-25 11:43:17.827418,2026-07-25 11:43:17.827418
7107,107,15,403,62,2026-07-25 11:43:17.827428,2026-07-25 11:43:17.827428,2026-07-25 11:43:17.827428
7108,108,15,319,20,2026-07-25 11:43:17.827439,2026-07-25 11:43:17.827439,2026-07-25 11:43:17.827439
7109,109,15,232,44,2026-07-25 11:43:17.827449,2026-07-25 11:43:17.827449,2026-07-25 11:43:17.827449
7110,110,15,237,70,2026-07-25 11:43:17.827458,2026-07-25 11:43:17.827458,2026-07-25 11:43:17.827458
7111,111,15,219,76,2026-07-25 11:43:17.827468,2026-07-25 11:43:17.827468,2026-07-25 11:43:17.827468
7112,112,15,317,59,2026-07-25 11:43:17.827478,2026-07-25 11:43:17.827478,2026-07-25 11:43:17.827478
7113,113,15,51,41,2026-07-25 11:43:17.827488,2026-07-25 11:43:17.827488,2026-07-25 11:43:17.827488
7114,114,15,333,80,2026-07-25 11:43:17.827497,2026-07-25 11:43:17.827497,2026-07-25 11:43:17.827497
7115,115,15,345,70,2026-07-25 11:43:17.827507,2026-07-25 11:43:17.827507,2026-07-25 11:43:17.827507
7116,116,15,13,49,2026-07-25 11:43:17.827517,2026-07-25 11:43:17.827517,2026-07-25 11:43:17.827517
7117,117,15,264,41,2026-07-25 11:43:17.827527,2026-07-25 11:43:17.827527,2026-07-25 11:43:17.827527
7118,118,15,300,32,2026-07-25 11:43:17.827536,2026-07-25 11:43:17.827536,2026-07-25 11:43:17.827536
7119,119,15,55,26,2026-07-25 11:43:17.827546,2026-07-25 11:43:17.827546,2026-07-25 11:43:17.827546
7120,120,15,6,58,2026-07-25 11:43:17.827557,2026-07-25 11:43:17.827557,2026-07-25 11:43:17.827557
7121,121,15,365,24,2026-07-25 11:43:17.827566,2026-07-25 11:43:17.827566,2026-07-25 11:43:17.827566
7122,122,15,303,70,2026-07-25 11:43:17.827576,2026-07-25 11:43:17.827576,2026-07-25 11:43:17.827576
7123,123,15,430,32,2026-07-25 11:43:17.827586,2026-07-25 11:43:17.827586,2026-07-25 11:43:17.827586
7124,124,15,463,56,2026-07-25 11:43:17.827595,2026-07-25 11:43:17.827595,2026-07-25 11:43:17.827595
7125,125,15,64,60,2026-07-25 11:43:17.827605,2026-07-25 11:43:17.827605,2026-07-25 11:43:17.827605
7126,126,15,260,36,2026-07-25 11:43:17.827615,2026-07-25 11:43:17.827615,2026-07-25 11:43:17.827615
7127,127,15,181,46,2026-07-25 11:43:17.827625,2026-07-25 11:43:17.827625,2026-07-25 11:43:17.827625
7128,128,15,246,66,2026-07-25 11:43:17.827634,2026-07-25 11:43:17.827634,2026-07-25 11:43:17.827634
7129,129,15,317,48,2026-07-25 11:43:17.827644,2026-07-25 11:43:17.827644,2026-07-25 11:43:17.827644
7130,130,15,95,35,2026-07-25 11:43:17.827654,2026-07-25 11:43:17.827654,2026-07-25 11:43:17.827654
7131,131,15,70,71,2026-07-25 11:43:17.827663,2026-07-25 11:43:17.827663,2026-07-25 11:43:17.827663
7132,132,15,22,23,2026-07-25 11:43:17.827673,2026-07-25 11:43:17.827673,2026-07-25 11:43:17.827673
7133,133,15,65,39,2026-07-25 11:43:17.827683,2026-07-25 11:43:17.827683,2026-07-25 11:43:17.827683
7134,134,15,299,47,2026-07-25 11:43:17.827693,2026-07-25 11:43:17.827693,2026-07-25 11:43:17.827693
7135,135,15,262,61,2026-07-25 11:43:17.827702,2026-07-25 11:43:17.827702,2026-07-25 11:43:17.827702
7136,136,15,386,42,2026-07-25 11:43:17.827712,2026-07-25 11:43:17.827712,2026-07-25 11:43:17.827712
7137,137,15,159,57,2026-07-25 11:43:17.827722,2026-07-25 11:43:17.827722,2026-07-25 11:43:17.827722
7138,138,15,453,54,2026-07-25 11:43:17.827731,2026-07-25 11:43:17.827731,2026-07-25 11:43:17.827731
7139,139,15,397,29,2026-07-25 11:43:17.827741,2026-07-25 11:43:17.827741,2026-07-25 11:43:17.827741
7140,140,15,75,50,2026-07-25 11:43:17.827751,2026-07-25 11:43:17.827751,2026-07-25 11:43:17.827751
7141,141,15,158,58,2026-07-25 11:43:17.827761,2026-07-25 11:43:17.827761,2026-07-25 11:43:17.827761
7142,142,15,175,38,2026-07-25 11:43:17.827770,2026-07-25 11:43:17.827770,2026-07-25 11:43:17.827770
7143,143,15,188,20,2026-07-25 11:43:17.827780,2026-07-25 11:43:17.827780,2026-07-25 11:43:17.827780
7144,144,15,265,57,2026-07-25 11:43:17.827790,2026-07-25 11:43:17.827790,2026-07-25 11:43:17.827790
7145,145,15,336,63,2026-07-25 11:43:17.827799,2026-07-25 11:43:17.827799,2026-07-25 11:43:17.827799
7146,146,15,74,23,2026-07-25 11:43:17.827809,2026-07-25 11:43:17.827809,2026-07-25 11:43:17.827809
7147,147,15,121,52,2026-07-25 11:43:17.827819,2026-07-25 11:43:17.827819,2026-07-25 11:43:17.827819
7148,148,15,419,73,2026-07-25 11:43:17.827828,2026-07-25 11:43:17.827828,2026-07-25 11:43:17.827828
7149,149,15,286,74,2026-07-25 11:43:17.827838,2026-07-25 11:43:17.827838,2026-07-25 11:43:17.827838
7150,150,15,27,47,2026-07-25 11:43:17.827848,2026-07-25 11:43:17.827848,2026-07-25 11:43:17.827848
7151,151,15,176,32,2026-07-25 11:43:17.827858,2026-07-25 11:43:17.827858,2026-07-25 11:43:17.827858
7152,152,15,499,32,2026-07-25 11:43:17.827867,2026-07-25 11:43:17.827867,2026-07-25 11:43:17.827867
7153,153,15,327,78,2026-07-25 11:43:17.827877,2026-07-25 11:43:17.827877,2026-07-25 11:43:17.827877
7154,154,15,103,70,2026-07-25 11:43:17.827886,2026-07-25 11:43:17.827886,2026-07-25 11:43:17.827886
7155,155,15,35,41,2026-07-25 11:43:17.827896,2026-07-25 11:43:17.827896,2026-07-25 11:43:17.827896
7156,156,15,96,62,2026-07-25 11:43:17.827906,2026-07-25 11:43:17.827906,2026-07-25 11:43:17.827906
7157,157,15,243,64,2026-07-25 11:43:17.827915,2026-07-25 11:43:17.827915,2026-07-25 11:43:17.827915
7158,158,15,354,49,2026-07-25 11:43:17.827925,2026-07-25 11:43:17.827925,2026-07-25 11:43:17.827925
7159,159,15,307,64,2026-07-25 11:43:17.827935,2026-07-25 11:43:17.827935,2026-07-25 11:43:17.827935
7160,160,15,169,74,2026-07-25 11:43:17.827945,2026-07-25 11:43:17.827945,2026-07-25 11:43:17.827945
7161,161,15,296,56,2026-07-25 11:43:17.827954,2026-07-25 11:43:17.827954,2026-07-25 11:43:17.827954
7162,162,15,493,41,2026-07-25 11:43:17.827964,2026-07-25 11:43:17.827964,2026-07-25 11:43:17.827964
7163,163,15,315,39,2026-07-25 11:43:17.827974,2026-07-25 11:43:17.827974,2026-07-25 11:43:17.827974
7164,164,15,214,41,2026-07-25 11:43:17.827983,2026-07-25 11:43:17.827983,2026-07-25 11:43:17.827983
7165,165,15,83,26,2026-07-25 11:43:17.827993,2026-07-25 11:43:17.827993,2026-07-25 11:43:17.827993
7166,166,15,232,76,2026-07-25 11:43:17.828002,2026-07-25 11:43:17.828002,2026-07-25 11:43:17.828002
7167,167,15,404,78,2026-07-25 11:43:17.828012,2026-07-25 11:43:17.828012,2026-07-25 11:43:17.828012
7168,168,15,21,51,2026-07-25 11:43:17.828022,2026-07-25 11:43:17.828022,2026-07-25 11:43:17.828022
7169,169,15,112,78,2026-07-25 11:43:17.828032,2026-07-25 11:43:17.828032,2026-07-25 11:43:17.828032
7170,170,15,1,60,2026-07-25 11:43:17.828041,2026-07-25 11:43:17.828041,2026-07-25 11:43:17.828041
7171,171,15,114,64,2026-07-25 11:43:17.828051,2026-07-25 11:43:17.828051,2026-07-25 11:43:17.828051
7172,172,15,117,49,2026-07-25 11:43:17.828061,2026-07-25 11:43:17.828061,2026-07-25 11:43:17.828061
7173,173,15,319,33,2026-07-25 11:43:17.828070,2026-07-25 11:43:17.828070,2026-07-25 11:43:17.828070
7174,174,15,122,50,2026-07-25 11:43:17.828080,2026-07-25 11:43:17.828080,2026-07-25 11:43:17.828080
7175,175,15,376,69,2026-07-25 11:43:17.828089,2026-07-25 11:43:17.828089,2026-07-25 11:43:17.828089
7176,176,15,487,72,2026-07-25 11:43:17.828099,2026-07-25 11:43:17.828099,2026-07-25 11:43:17.828099
7177,177,15,169,71,2026-07-25 11:43:17.828109,2026-07-25 11:43:17.828109,2026-07-25 11:43:17.828109
7178,178,15,378,44,2026-07-25 11:43:17.828118,2026-07-25 11:43:17.828118,2026-07-25 11:43:17.828118
7179,179,15,105,45,2026-07-25 11:43:17.828128,2026-07-25 11:43:17.828128,2026-07-25 11:43:17.828128
7180,180,15,94,72,2026-07-25 11:43:17.828137,2026-07-25 11:43:17.828137,2026-07-25 11:43:17.828137
7181,181,15,3,43,2026-07-25 11:43:17.828147,2026-07-25 11:43:17.828147,2026-07-25 11:43:17.828147
7182,182,15,5,24,2026-07-25 11:43:17.828157,2026-07-25 11:43:17.828157,2026-07-25 11:43:17.828157
7183,183,15,183,21,2026-07-25 11:43:17.828166,2026-07-25 11:43:17.828166,2026-07-25 11:43:17.828166
7184,184,15,284,27,2026-07-25 11:43:17.828176,2026-07-25 11:43:17.828176,2026-07-25 11:43:17.828176
7185,185,15,72,38,2026-07-25 11:43:17.828186,2026-07-25 11:43:17.828186,2026-07-25 11:43:17.828186
7186,186,15,225,32,2026-07-25 11:43:17.828195,2026-07-25 11:43:17.828195,2026-07-25 11:43:17.828195
7187,187,15,323,57,2026-07-25 11:43:17.828205,2026-07-25 11:43:17.828205,2026-07-25 11:43:17.828205
7188,188,15,467,68,2026-07-25 11:43:17.828215,2026-07-25 11:43:17.828215,2026-07-25 11:43:17.828215
7189,189,15,184,22,2026-07-25 11:43:17.828225,2026-07-25 11:43:17.828225,2026-07-25 11:43:17.828225
7190,190,15,499,21,2026-07-25 11:43:17.828234,2026-07-25 11:43:17.828234,2026-07-25 11:43:17.828234
7191,191,15,101,32,2026-07-25 11:43:17.828244,2026-07-25 11:43:17.828244,2026-07-25 11:43:17.828244
7192,192,15,145,31,2026-07-25 11:43:17.828253,2026-07-25 11:43:17.828253,2026-07-25 11:43:17.828253
7193,193,15,112,76,2026-07-25 11:43:17.828263,2026-07-25 11:43:17.828263,2026-07-25 11:43:17.828263
7194,194,15,134,66,2026-07-25 11:43:17.828273,2026-07-25 11:43:17.828273,2026-07-25 11:43:17.828273
7195,195,15,89,41,2026-07-25 11:43:17.828282,2026-07-25 11:43:17.828282,2026-07-25 11:43:17.828282
7196,196,15,433,55,2026-07-25 11:43:17.828292,2026-07-25 11:43:17.828292,2026-07-25 11:43:17.828292
7197,197,15,125,31,2026-07-25 11:43:17.828302,2026-07-25 11:43:17.828302,2026-07-25 11:43:17.828302
7198,198,15,100,21,2026-07-25 11:43:17.828315,2026-07-25 11:43:17.828315,2026-07-25 11:43:17.828315
7199,199,15,90,73,2026-07-25 11:43:17.828325,2026-07-25 11:43:17.828325,2026-07-25 11:43:17.828325
7200,200,15,134,78,2026-07-25 11:43:17.828335,2026-07-25 11:43:17.828335,2026-07-25 11:43:17.828335
7201,201,15,51,21,2026-07-25 11:43:17.828345,2026-07-25 11:43:17.828345,2026-07-25 11:43:17.828345
7202,202,15,425,63,2026-07-25 11:43:17.828354,2026-07-25 11:43:17.828354,2026-07-25 11:43:17.828354
7203,203,15,70,44,2026-07-25 11:43:17.828364,2026-07-25 11:43:17.828364,2026-07-25 11:43:17.828364
7204,204,15,335,70,2026-07-25 11:43:17.828373,2026-07-25 11:43:17.828373,2026-07-25 11:43:17.828373
7205,205,15,453,27,2026-07-25 11:43:17.828383,2026-07-25 11:43:17.828383,2026-07-25 11:43:17.828383
7206,206,15,173,79,2026-07-25 11:43:17.828393,2026-07-25 11:43:17.828393,2026-07-25 11:43:17.828393
7207,207,15,107,39,2026-07-25 11:43:17.828403,2026-07-25 11:43:17.828403,2026-07-25 11:43:17.828403
7208,208,15,233,35,2026-07-25 11:43:17.828412,2026-07-25 11:43:17.828412,2026-07-25 11:43:17.828412
7209,209,15,189,71,2026-07-25 11:43:17.828422,2026-07-25 11:43:17.828422,2026-07-25 11:43:17.828422
7210,210,15,190,62,2026-07-25 11:43:17.828431,2026-07-25 11:43:17.828431,2026-07-25 11:43:17.828431
7211,211,15,87,80,2026-07-25 11:43:17.828441,2026-07-25 11:43:17.828441,2026-07-25 11:43:17.828441
7212,212,15,269,71,2026-07-25 11:43:17.828451,2026-07-25 11:43:17.828451,2026-07-25 11:43:17.828451
7213,213,15,319,76,2026-07-25 11:43:17.828461,2026-07-25 11:43:17.828461,2026-07-25 11:43:17.828461
7214,214,15,222,76,2026-07-25 11:43:17.828471,2026-07-25 11:43:17.828471,2026-07-25 11:43:17.828471
7215,215,15,364,24,2026-07-25 11:43:17.828480,2026-07-25 11:43:17.828480,2026-07-25 11:43:17.828480
7216,216,15,60,29,2026-07-25 11:43:17.828490,2026-07-25 11:43:17.828490,2026-07-25 11:43:17.828490
7217,217,15,451,79,2026-07-25 11:43:17.828500,2026-07-25 11:43:17.828500,2026-07-25 11:43:17.828500
7218,218,15,66,70,2026-07-25 11:43:17.828509,2026-07-25 11:43:17.828509,2026-07-25 11:43:17.828509
7219,219,15,97,32,2026-07-25 11:43:17.828519,2026-07-25 11:43:17.828519,2026-07-25 11:43:17.828519
7220,220,15,272,44,2026-07-25 11:43:17.828529,2026-07-25 11:43:17.828529,2026-07-25 11:43:17.828529
7221,221,15,355,43,2026-07-25 11:43:17.828538,2026-07-25 11:43:17.828538,2026-07-25 11:43:17.828538
7222,222,15,162,58,2026-07-25 11:43:17.828548,2026-07-25 11:43:17.828548,2026-07-25 11:43:17.828548
7223,223,15,219,60,2026-07-25 11:43:17.828558,2026-07-25 11:43:17.828558,2026-07-25 11:43:17.828558
7224,224,15,125,78,2026-07-25 11:43:17.828567,2026-07-25 11:43:17.828567,2026-07-25 11:43:17.828567
7225,225,15,23,68,2026-07-25 11:43:17.828577,2026-07-25 11:43:17.828577,2026-07-25 11:43:17.828577
7226,226,15,315,57,2026-07-25 11:43:17.828586,2026-07-25 11:43:17.828586,2026-07-25 11:43:17.828586
7227,227,15,96,74,2026-07-25 11:43:17.828596,2026-07-25 11:43:17.828596,2026-07-25 11:43:17.828596
7228,228,15,274,38,2026-07-25 11:43:17.828606,2026-07-25 11:43:17.828606,2026-07-25 11:43:17.828606
7229,229,15,404,29,2026-07-25 11:43:17.828615,2026-07-25 11:43:17.828615,2026-07-25 11:43:17.828615
7230,230,15,167,35,2026-07-25 11:43:17.828625,2026-07-25 11:43:17.828625,2026-07-25 11:43:17.828625
7231,231,15,27,60,2026-07-25 11:43:17.828634,2026-07-25 11:43:17.828634,2026-07-25 11:43:17.828634
7232,232,15,407,37,2026-07-25 11:43:17.828644,2026-07-25 11:43:17.828644,2026-07-25 11:43:17.828644
7233,233,15,446,28,2026-07-25 11:43:17.828654,2026-07-25 11:43:17.828654,2026-07-25 11:43:17.828654
7234,234,15,435,52,2026-07-25 11:43:17.828664,2026-07-25 11:43:17.828664,2026-07-25 11:43:17.828664
7235,235,15,495,57,2026-07-25 11:43:17.828675,2026-07-25 11:43:17.828675,2026-07-25 11:43:17.828675
7236,236,15,453,51,2026-07-25 11:43:17.828685,2026-07-25 11:43:17.828685,2026-07-25 11:43:17.828685
7237,237,15,107,66,2026-07-25 11:43:17.828695,2026-07-25 11:43:17.828695,2026-07-25 11:43:17.828695
7238,238,15,41,70,2026-07-25 11:43:17.828705,2026-07-25 11:43:17.828705,2026-07-25 11:43:17.828705
7239,239,15,240,70,2026-07-25 11:43:17.828714,2026-07-25 11:43:17.828714,2026-07-25 11:43:17.828714
7240,240,15,339,59,2026-07-25 11:43:17.828724,2026-07-25 11:43:17.828724,2026-07-25 11:43:17.828724
7241,241,15,33,30,2026-07-25 11:43:17.828734,2026-07-25 11:43:17.828734,2026-07-25 11:43:17.828734
7242,242,15,260,44,2026-07-25 11:43:17.828743,2026-07-25 11:43:17.828743,2026-07-25 11:43:17.828743
7243,243,15,384,76,2026-07-25 11:43:17.828753,2026-07-25 11:43:17.828753,2026-07-25 11:43:17.828753
7244,244,15,330,68,2026-07-25 11:43:17.828763,2026-07-25 11:43:17.828763,2026-07-25 11:43:17.828763
7245,245,15,260,43,2026-07-25 11:43:17.828772,2026-07-25 11:43:17.828772,2026-07-25 11:43:17.828772
7246,246,15,255,53,2026-07-25 11:43:17.828782,2026-07-25 11:43:17.828782,2026-07-25 11:43:17.828782
7247,247,15,237,31,2026-07-25 11:43:17.828791,2026-07-25 11:43:17.828791,2026-07-25 11:43:17.828791
7248,248,15,164,65,2026-07-25 11:43:17.828801,2026-07-25 11:43:17.828801,2026-07-25 11:43:17.828801
7249,249,15,191,53,2026-07-25 11:43:17.828811,2026-07-25 11:43:17.828811,2026-07-25 11:43:17.828811
7250,250,15,355,50,2026-07-25 11:43:17.828820,2026-07-25 11:43:17.828820,2026-07-25 11:43:17.828820
7251,251,15,366,51,2026-07-25 11:43:17.828830,2026-07-25 11:43:17.828830,2026-07-25 11:43:17.828830
7252,252,15,242,37,2026-07-25 11:43:17.828840,2026-07-25 11:43:17.828840,2026-07-25 11:43:17.828840
7253,253,15,297,45,2026-07-25 11:43:17.828850,2026-07-25 11:43:17.828850,2026-07-25 11:43:17.828850
7254,254,15,326,78,2026-07-25 11:43:17.828859,2026-07-25 11:43:17.828859,2026-07-25 11:43:17.828859
7255,255,15,404,57,2026-07-25 11:43:17.828869,2026-07-25 11:43:17.828869,2026-07-25 11:43:17.828869
7256,256,15,332,22,2026-07-25 11:43:17.828878,2026-07-25 11:43:17.828878,2026-07-25 11:43:17.828878
7257,257,15,106,34,2026-07-25 11:43:17.828888,2026-07-25 11:43:17.828888,2026-07-25 11:43:17.828888
7258,258,15,458,32,2026-07-25 11:43:17.828898,2026-07-25 11:43:17.828898,2026-07-25 11:43:17.828898
7259,259,15,231,75,2026-07-25 11:43:17.828907,2026-07-25 11:43:17.828907,2026-07-25 11:43:17.828907
7260,260,15,120,45,2026-07-25 11:43:17.828933,2026-07-25 11:43:17.828933,2026-07-25 11:43:17.828933
7261,261,15,111,39,2026-07-25 11:43:17.828944,2026-07-25 11:43:17.828944,2026-07-25 11:43:17.828944
7262,262,15,217,76,2026-07-25 11:43:17.828954,2026-07-25 11:43:17.828954,2026-07-25 11:43:17.828954
7263,263,15,193,56,2026-07-25 11:43:17.828964,2026-07-25 11:43:17.828964,2026-07-25 11:43:17.828964
7264,264,15,80,79,2026-07-25 11:43:17.828974,2026-07-25 11:43:17.828974,2026-07-25 11:43:17.828974
7265,265,15,431,43,2026-07-25 11:43:17.828984,2026-07-25 11:43:17.828984,2026-07-25 11:43:17.828984
7266,266,15,130,55,2026-07-25 11:43:17.828994,2026-07-25 11:43:17.828994,2026-07-25 11:43:17.828994
7267,267,15,43,28,2026-07-25 11:43:17.829003,2026-07-25 11:43:17.829003,2026-07-25 11:43:17.829003
7268,268,15,384,25,2026-07-25 11:43:17.829013,2026-07-25 11:43:17.829013,2026-07-25 11:43:17.829013
7269,269,15,151,48,2026-07-25 11:43:17.829023,2026-07-25 11:43:17.829023,2026-07-25 11:43:17.829023
7270,270,15,265,42,2026-07-25 11:43:17.829032,2026-07-25 11:43:17.829032,2026-07-25 11:43:17.829032
7271,271,15,117,57,2026-07-25 11:43:17.829042,2026-07-25 11:43:17.829042,2026-07-25 11:43:17.829042
7272,272,15,21,49,2026-07-25 11:43:17.829052,2026-07-25 11:43:17.829052,2026-07-25 11:43:17.829052
7273,273,15,262,59,2026-07-25 11:43:17.829061,2026-07-25 11:43:17.829061,2026-07-25 11:43:17.829061
7274,274,15,172,47,2026-07-25 11:43:17.829071,2026-07-25 11:43:17.829071,2026-07-25 11:43:17.829071
7275,275,15,230,49,2026-07-25 11:43:17.829081,2026-07-25 11:43:17.829081,2026-07-25 11:43:17.829081
7276,276,15,221,46,2026-07-25 11:43:17.829092,2026-07-25 11:43:17.829092,2026-07-25 11:43:17.829092
7277,277,15,188,71,2026-07-25 11:43:17.829101,2026-07-25 11:43:17.829101,2026-07-25 11:43:17.829101
7278,278,15,254,40,2026-07-25 11:43:17.829111,2026-07-25 11:43:17.829111,2026-07-25 11:43:17.829111
7279,279,15,139,44,2026-07-25 11:43:17.829121,2026-07-25 11:43:17.829121,2026-07-25 11:43:17.829121
7280,280,15,12,31,2026-07-25 11:43:17.829131,2026-07-25 11:43:17.829131,2026-07-25 11:43:17.829131
7281,281,15,226,34,2026-07-25 11:43:17.829141,2026-07-25 11:43:17.829141,2026-07-25 11:43:17.829141
7282,282,15,135,61,2026-07-25 11:43:17.829150,2026-07-25 11:43:17.829150,2026-07-25 11:43:17.829150
7283,283,15,38,42,2026-07-25 11:43:17.829160,2026-07-25 11:43:17.829160,2026-07-25 11:43:17.829160
7284,284,15,461,25,2026-07-25 11:43:17.829170,2026-07-25 11:43:17.829170,2026-07-25 11:43:17.829170
7285,285,15,150,73,2026-07-25 11:43:17.829179,2026-07-25 11:43:17.829179,2026-07-25 11:43:17.829179
7286,286,15,256,52,2026-07-25 11:43:17.829189,2026-07-25 11:43:17.829189,2026-07-25 11:43:17.829189
7287,287,15,279,61,2026-07-25 11:43:17.829199,2026-07-25 11:43:17.829199,2026-07-25 11:43:17.829199
7288,288,15,40,70,2026-07-25 11:43:17.829209,2026-07-25 11:43:17.829209,2026-07-25 11:43:17.829209
7289,289,15,141,79,2026-07-25 11:43:17.829218,2026-07-25 11:43:17.829218,2026-07-25 11:43:17.829218
7290,290,15,116,26,2026-07-25 11:43:17.829228,2026-07-25 11:43:17.829228,2026-07-25 11:43:17.829228
7291,291,15,60,24,2026-07-25 11:43:17.829238,2026-07-25 11:43:17.829238,2026-07-25 11:43:17.829238
7292,292,15,184,22,2026-07-25 11:43:17.829247,2026-07-25 11:43:17.829247,2026-07-25 11:43:17.829247
7293,293,15,279,32,2026-07-25 11:43:17.829257,2026-07-25 11:43:17.829257,2026-07-25 11:43:17.829257
7294,294,15,170,32,2026-07-25 11:43:17.829267,2026-07-25 11:43:17.829267,2026-07-25 11:43:17.829267
7295,295,15,345,41,2026-07-25 11:43:17.829276,2026-07-25 11:43:17.829276,2026-07-25 11:43:17.829276
7296,296,15,128,39,2026-07-25 11:43:17.829286,2026-07-25 11:43:17.829286,2026-07-25 11:43:17.829286
7297,297,15,381,72,2026-07-25 11:43:17.829296,2026-07-25 11:43:17.829296,2026-07-25 11:43:17.829296
7298,298,15,393,63,2026-07-25 11:43:17.829305,2026-07-25 11:43:17.829305,2026-07-25 11:43:17.829305
7299,299,15,432,37,2026-07-25 11:43:17.829315,2026-07-25 11:43:17.829315,2026-07-25 11:43:17.829315
7300,300,15,97,65,2026-07-25 11:43:17.829325,2026-07-25 11:43:17.829325,2026-07-25 11:43:17.829325
7301,301,15,309,28,2026-07-25 11:43:17.829334,2026-07-25 11:43:17.829334,2026-07-25 11:43:17.829334
7302,302,15,437,68,2026-07-25 11:43:17.829344,2026-07-25 11:43:17.829344,2026-07-25 11:43:17.829344
7303,303,15,366,67,2026-07-25 11:43:17.829354,2026-07-25 11:43:17.829354,2026-07-25 11:43:17.829354
7304,304,15,278,78,2026-07-25 11:43:17.829364,2026-07-25 11:43:17.829364,2026-07-25 11:43:17.829364
7305,305,15,133,20,2026-07-25 11:43:17.829373,2026-07-25 11:43:17.829373,2026-07-25 11:43:17.829373
7306,306,15,394,39,2026-07-25 11:43:17.829383,2026-07-25 11:43:17.829383,2026-07-25 11:43:17.829383
7307,307,15,144,72,2026-07-25 11:43:17.829393,2026-07-25 11:43:17.829393,2026-07-25 11:43:17.829393
7308,308,15,177,70,2026-07-25 11:43:17.829403,2026-07-25 11:43:17.829403,2026-07-25 11:43:17.829403
7309,309,15,206,80,2026-07-25 11:43:17.829412,2026-07-25 11:43:17.829412,2026-07-25 11:43:17.829412
7310,310,15,207,72,2026-07-25 11:43:17.829422,2026-07-25 11:43:17.829422,2026-07-25 11:43:17.829422
7311,311,15,296,68,2026-07-25 11:43:17.829432,2026-07-25 11:43:17.829432,2026-07-25 11:43:17.829432
7312,312,15,335,20,2026-07-25 11:43:17.829441,2026-07-25 11:43:17.829441,2026-07-25 11:43:17.829441
7313,313,15,241,61,2026-07-25 11:43:17.829451,2026-07-25 11:43:17.829451,2026-07-25 11:43:17.829451
7314,314,15,262,68,2026-07-25 11:43:17.829461,2026-07-25 11:43:17.829461,2026-07-25 11:43:17.829461
7315,315,15,487,29,2026-07-25 11:43:17.829470,2026-07-25 11:43:17.829470,2026-07-25 11:43:17.829470
7316,316,15,443,45,2026-07-25 11:43:17.829480,2026-07-25 11:43:17.829480,2026-07-25 11:43:17.829480
7317,317,15,116,34,2026-07-25 11:43:17.829490,2026-07-25 11:43:17.829490,2026-07-25 11:43:17.829490
7318,318,15,370,67,2026-07-25 11:43:17.829500,2026-07-25 11:43:17.829500,2026-07-25 11:43:17.829500
7319,319,15,107,50,2026-07-25 11:43:17.829509,2026-07-25 11:43:17.829509,2026-07-25 11:43:17.829509
7320,320,15,119,53,2026-07-25 11:43:17.829519,2026-07-25 11:43:17.829519,2026-07-25 11:43:17.829519
7321,321,15,300,70,2026-07-25 11:43:17.829529,2026-07-25 11:43:17.829529,2026-07-25 11:43:17.829529
7322,322,15,282,68,2026-07-25 11:43:17.829539,2026-07-25 11:43:17.829539,2026-07-25 11:43:17.829539
7323,323,15,239,66,2026-07-25 11:43:17.829548,2026-07-25 11:43:17.829548,2026-07-25 11:43:17.829548
7324,324,15,416,49,2026-07-25 11:43:17.829558,2026-07-25 11:43:17.829558,2026-07-25 11:43:17.829558
7325,325,15,174,70,2026-07-25 11:43:17.829568,2026-07-25 11:43:17.829568,2026-07-25 11:43:17.829568
7326,326,15,43,40,2026-07-25 11:43:17.829577,2026-07-25 11:43:17.829577,2026-07-25 11:43:17.829577
7327,327,15,433,32,2026-07-25 11:43:17.829587,2026-07-25 11:43:17.829587,2026-07-25 11:43:17.829587
7328,328,15,219,69,2026-07-25 11:43:17.829597,2026-07-25 11:43:17.829597,2026-07-25 11:43:17.829597
7329,329,15,482,64,2026-07-25 11:43:17.829606,2026-07-25 11:43:17.829606,2026-07-25 11:43:17.829606
7330,330,15,213,33,2026-07-25 11:43:17.829616,2026-07-25 11:43:17.829616,2026-07-25 11:43:17.829616
7331,331,15,224,48,2026-07-25 11:43:17.829626,2026-07-25 11:43:17.829626,2026-07-25 11:43:17.829626
7332,332,15,436,55,2026-07-25 11:43:17.829635,2026-07-25 11:43:17.829635,2026-07-25 11:43:17.829635
7333,333,15,15,43,2026-07-25 11:43:17.829645,2026-07-25 11:43:17.829645,2026-07-25 11:43:17.829645
7334,334,15,71,56,2026-07-25 11:43:17.829655,2026-07-25 11:43:17.829655,2026-07-25 11:43:17.829655
7335,335,15,447,28,2026-07-25 11:43:17.829665,2026-07-25 11:43:17.829665,2026-07-25 11:43:17.829665
7336,336,15,156,80,2026-07-25 11:43:17.829674,2026-07-25 11:43:17.829674,2026-07-25 11:43:17.829674
7337,337,15,377,20,2026-07-25 11:43:17.829684,2026-07-25 11:43:17.829684,2026-07-25 11:43:17.829684
7338,338,15,255,71,2026-07-25 11:43:17.829694,2026-07-25 11:43:17.829694,2026-07-25 11:43:17.829694
7339,339,15,337,73,2026-07-25 11:43:17.829704,2026-07-25 11:43:17.829704,2026-07-25 11:43:17.829704
7340,340,15,181,41,2026-07-25 11:43:17.829713,2026-07-25 11:43:17.829713,2026-07-25 11:43:17.829713
7341,341,15,115,46,2026-07-25 11:43:17.829723,2026-07-25 11:43:17.829723,2026-07-25 11:43:17.829723
7342,342,15,217,63,2026-07-25 11:43:17.829732,2026-07-25 11:43:17.829732,2026-07-25 11:43:17.829732
7343,343,15,385,45,2026-07-25 11:43:17.829742,2026-07-25 11:43:17.829742,2026-07-25 11:43:17.829742
7344,344,15,390,69,2026-07-25 11:43:17.829752,2026-07-25 11:43:17.829752,2026-07-25 11:43:17.829752
7345,345,15,353,54,2026-07-25 11:43:17.829762,2026-07-25 11:43:17.829762,2026-07-25 11:43:17.829762
7346,346,15,153,40,2026-07-25 11:43:17.829771,2026-07-25 11:43:17.829771,2026-07-25 11:43:17.829771
7347,347,15,300,21,2026-07-25 11:43:17.829782,2026-07-25 11:43:17.829782,2026-07-25 11:43:17.829782
7348,348,15,290,70,2026-07-25 11:43:17.829793,2026-07-25 11:43:17.829793,2026-07-25 11:43:17.829793
7349,349,15,16,79,2026-07-25 11:43:17.829803,2026-07-25 11:43:17.829803,2026-07-25 11:43:17.829803
7350,350,15,71,29,2026-07-25 11:43:17.829812,2026-07-25 11:43:17.829812,2026-07-25 11:43:17.829812
7351,351,15,500,80,2026-07-25 11:43:17.829822,2026-07-25 11:43:17.829822,2026-07-25 11:43:17.829822
7352,352,15,169,56,2026-07-25 11:43:17.829832,2026-07-25 11:43:17.829832,2026-07-25 11:43:17.829832
7353,353,15,322,71,2026-07-25 11:43:17.829841,2026-07-25 11:43:17.829841,2026-07-25 11:43:17.829841
7354,354,15,308,78,2026-07-25 11:43:17.829853,2026-07-25 11:43:17.829853,2026-07-25 11:43:17.829853
7355,355,15,311,56,2026-07-25 11:43:17.829862,2026-07-25 11:43:17.829862,2026-07-25 11:43:17.829862
7356,356,15,443,45,2026-07-25 11:43:17.829872,2026-07-25 11:43:17.829872,2026-07-25 11:43:17.829872
7357,357,15,195,33,2026-07-25 11:43:17.829882,2026-07-25 11:43:17.829882,2026-07-25 11:43:17.829882
7358,358,15,485,45,2026-07-25 11:43:17.829893,2026-07-25 11:43:17.829893,2026-07-25 11:43:17.829893
7359,359,15,32,54,2026-07-25 11:43:17.829903,2026-07-25 11:43:17.829903,2026-07-25 11:43:17.829903
7360,360,15,197,32,2026-07-25 11:43:17.829913,2026-07-25 11:43:17.829913,2026-07-25 11:43:17.829913
7361,361,15,243,26,2026-07-25 11:43:17.829922,2026-07-25 11:43:17.829922,2026-07-25 11:43:17.829922
7362,362,15,168,56,2026-07-25 11:43:17.829934,2026-07-25 11:43:17.829934,2026-07-25 11:43:17.829934
7363,363,15,492,48,2026-07-25 11:43:17.829943,2026-07-25 11:43:17.829943,2026-07-25 11:43:17.829943
7364,364,15,327,77,2026-07-25 11:43:17.829953,2026-07-25 11:43:17.829953,2026-07-25 11:43:17.829953
7365,365,15,155,25,2026-07-25 11:43:17.829963,2026-07-25 11:43:17.829963,2026-07-25 11:43:17.829963
7366,366,15,87,26,2026-07-25 11:43:17.829972,2026-07-25 11:43:17.829972,2026-07-25 11:43:17.829972
7367,367,15,345,55,2026-07-25 11:43:17.829982,2026-07-25 11:43:17.829982,2026-07-25 11:43:17.829982
7368,368,15,90,22,2026-07-25 11:43:17.829991,2026-07-25 11:43:17.829991,2026-07-25 11:43:17.829991
7369,369,15,423,64,2026-07-25 11:43:17.830001,2026-07-25 11:43:17.830001,2026-07-25 11:43:17.830001
7370,370,15,308,51,2026-07-25 11:43:17.830011,2026-07-25 11:43:17.830011,2026-07-25 11:43:17.830011
7371,371,15,13,31,2026-07-25 11:43:17.830021,2026-07-25 11:43:17.830021,2026-07-25 11:43:17.830021
7372,372,15,101,24,2026-07-25 11:43:17.830030,2026-07-25 11:43:17.830030,2026-07-25 11:43:17.830030
7373,373,15,466,44,2026-07-25 11:43:17.830040,2026-07-25 11:43:17.830040,2026-07-25 11:43:17.830040
7374,374,15,145,33,2026-07-25 11:43:17.830050,2026-07-25 11:43:17.830050,2026-07-25 11:43:17.830050
7375,375,15,119,38,2026-07-25 11:43:17.830059,2026-07-25 11:43:17.830059,2026-07-25 11:43:17.830059
7376,376,15,337,53,2026-07-25 11:43:17.830069,2026-07-25 11:43:17.830069,2026-07-25 11:43:17.830069
7377,377,15,35,49,2026-07-25 11:43:17.830079,2026-07-25 11:43:17.830079,2026-07-25 11:43:17.830079
7378,378,15,29,43,2026-07-25 11:43:17.830097,2026-07-25 11:43:17.830097,2026-07-25 11:43:17.830097
7379,379,15,265,20,2026-07-25 11:43:17.830107,2026-07-25 11:43:17.830107,2026-07-25 11:43:17.830107
7380,380,15,87,40,2026-07-25 11:43:17.830117,2026-07-25 11:43:17.830117,2026-07-25 11:43:17.830117
7381,381,15,440,78,2026-07-25 11:43:17.830126,2026-07-25 11:43:17.830126,2026-07-25 11:43:17.830126
7382,382,15,210,45,2026-07-25 11:43:17.830136,2026-07-25 11:43:17.830136,2026-07-25 11:43:17.830136
7383,383,15,80,27,2026-07-25 11:43:17.830146,2026-07-25 11:43:17.830146,2026-07-25 11:43:17.830146
7384,384,15,66,54,2026-07-25 11:43:17.830155,2026-07-25 11:43:17.830155,2026-07-25 11:43:17.830155
7385,385,15,214,50,2026-07-25 11:43:17.830165,2026-07-25 11:43:17.830165,2026-07-25 11:43:17.830165
7386,386,15,380,24,2026-07-25 11:43:17.830174,2026-07-25 11:43:17.830174,2026-07-25 11:43:17.830174
7387,387,15,199,77,2026-07-25 11:43:17.830184,2026-07-25 11:43:17.830184,2026-07-25 11:43:17.830184
7388,388,15,443,33,2026-07-25 11:43:17.830194,2026-07-25 11:43:17.830194,2026-07-25 11:43:17.830194
7389,389,15,66,75,2026-07-25 11:43:17.830203,2026-07-25 11:43:17.830203,2026-07-25 11:43:17.830203
7390,390,15,105,39,2026-07-25 11:43:17.830213,2026-07-25 11:43:17.830213,2026-07-25 11:43:17.830213
7391,391,15,221,72,2026-07-25 11:43:17.830223,2026-07-25 11:43:17.830223,2026-07-25 11:43:17.830223
7392,392,15,363,62,2026-07-25 11:43:17.830232,2026-07-25 11:43:17.830232,2026-07-25 11:43:17.830232
7393,393,15,243,30,2026-07-25 11:43:17.830242,2026-07-25 11:43:17.830242,2026-07-25 11:43:17.830242
7394,394,15,309,56,2026-07-25 11:43:17.830252,2026-07-25 11:43:17.830252,2026-07-25 11:43:17.830252
7395,395,15,480,39,2026-07-25 11:43:17.830261,2026-07-25 11:43:17.830261,2026-07-25 11:43:17.830261
7396,396,15,300,32,2026-07-25 11:43:17.830271,2026-07-25 11:43:17.830271,2026-07-25 11:43:17.830271
7397,397,15,257,65,2026-07-25 11:43:17.830280,2026-07-25 11:43:17.830280,2026-07-25 11:43:17.830280
7398,398,15,350,49,2026-07-25 11:43:17.830290,2026-07-25 11:43:17.830290,2026-07-25 11:43:17.830290
7399,399,15,141,32,2026-07-25 11:43:17.830300,2026-07-25 11:43:17.830300,2026-07-25 11:43:17.830300
7400,400,15,3,29,2026-07-25 11:43:17.830309,2026-07-25 11:43:17.830309,2026-07-25 11:43:17.830309
7401,401,15,228,24,2026-07-25 11:43:17.830319,2026-07-25 11:43:17.830319,2026-07-25 11:43:17.830319
7402,402,15,422,45,2026-07-25 11:43:17.830329,2026-07-25 11:43:17.830329,2026-07-25 11:43:17.830329
7403,403,15,309,71,2026-07-25 11:43:17.830338,2026-07-25 11:43:17.830338,2026-07-25 11:43:17.830338
7404,404,15,126,53,2026-07-25 11:43:17.830348,2026-07-25 11:43:17.830348,2026-07-25 11:43:17.830348
7405,405,15,168,78,2026-07-25 11:43:17.830358,2026-07-25 11:43:17.830358,2026-07-25 11:43:17.830358
7406,406,15,291,76,2026-07-25 11:43:17.830368,2026-07-25 11:43:17.830368,2026-07-25 11:43:17.830368
7407,407,15,251,49,2026-07-25 11:43:17.830377,2026-07-25 11:43:17.830377,2026-07-25 11:43:17.830377
7408,408,15,236,56,2026-07-25 11:43:17.830387,2026-07-25 11:43:17.830387,2026-07-25 11:43:17.830387
7409,409,15,20,67,2026-07-25 11:43:17.830397,2026-07-25 11:43:17.830397,2026-07-25 11:43:17.830397
7410,410,15,46,38,2026-07-25 11:43:17.830406,2026-07-25 11:43:17.830406,2026-07-25 11:43:17.830406
7411,411,15,330,76,2026-07-25 11:43:17.830416,2026-07-25 11:43:17.830416,2026-07-25 11:43:17.830416
7412,412,15,470,49,2026-07-25 11:43:17.830426,2026-07-25 11:43:17.830426,2026-07-25 11:43:17.830426
7413,413,15,177,64,2026-07-25 11:43:17.830435,2026-07-25 11:43:17.830435,2026-07-25 11:43:17.830435
7414,414,15,431,65,2026-07-25 11:43:17.830445,2026-07-25 11:43:17.830445,2026-07-25 11:43:17.830445
7415,415,15,405,39,2026-07-25 11:43:17.830455,2026-07-25 11:43:17.830455,2026-07-25 11:43:17.830455
7416,416,15,200,59,2026-07-25 11:43:17.830464,2026-07-25 11:43:17.830464,2026-07-25 11:43:17.830464
7417,417,15,421,71,2026-07-25 11:43:17.830474,2026-07-25 11:43:17.830474,2026-07-25 11:43:17.830474
7418,418,15,435,31,2026-07-25 11:43:17.830485,2026-07-25 11:43:17.830485,2026-07-25 11:43:17.830485
7419,419,15,212,35,2026-07-25 11:43:17.830496,2026-07-25 11:43:17.830496,2026-07-25 11:43:17.830496
7420,420,15,91,77,2026-07-25 11:43:17.830506,2026-07-25 11:43:17.830506,2026-07-25 11:43:17.830506
7421,421,15,316,66,2026-07-25 11:43:17.830516,2026-07-25 11:43:17.830516,2026-07-25 11:43:17.830516
7422,422,15,221,49,2026-07-25 11:43:17.830526,2026-07-25 11:43:17.830526,2026-07-25 11:43:17.830526
7423,423,15,196,78,2026-07-25 11:43:17.830536,2026-07-25 11:43:17.830536,2026-07-25 11:43:17.830536
7424,424,15,337,31,2026-07-25 11:43:17.830546,2026-07-25 11:43:17.830546,2026-07-25 11:43:17.830546
7425,425,15,357,56,2026-07-25 11:43:17.830558,2026-07-25 11:43:17.830558,2026-07-25 11:43:17.830558
7426,426,15,48,45,2026-07-25 11:43:17.830568,2026-07-25 11:43:17.830568,2026-07-25 11:43:17.830568
7427,427,15,357,80,2026-07-25 11:43:17.830578,2026-07-25 11:43:17.830578,2026-07-25 11:43:17.830578
7428,428,15,22,35,2026-07-25 11:43:17.830587,2026-07-25 11:43:17.830587,2026-07-25 11:43:17.830587
7429,429,15,453,75,2026-07-25 11:43:17.830597,2026-07-25 11:43:17.830597,2026-07-25 11:43:17.830597
7430,430,15,80,37,2026-07-25 11:43:17.830606,2026-07-25 11:43:17.830606,2026-07-25 11:43:17.830606
7431,431,15,451,60,2026-07-25 11:43:17.830616,2026-07-25 11:43:17.830616,2026-07-25 11:43:17.830616
7432,432,15,275,38,2026-07-25 11:43:17.830627,2026-07-25 11:43:17.830627,2026-07-25 11:43:17.830627
7433,433,15,341,78,2026-07-25 11:43:17.830636,2026-07-25 11:43:17.830636,2026-07-25 11:43:17.830636
7434,434,15,34,64,2026-07-25 11:43:17.830646,2026-07-25 11:43:17.830646,2026-07-25 11:43:17.830646
7435,435,15,371,66,2026-07-25 11:43:17.830655,2026-07-25 11:43:17.830655,2026-07-25 11:43:17.830655
7436,436,15,461,33,2026-07-25 11:43:17.830665,2026-07-25 11:43:17.830665,2026-07-25 11:43:17.830665
7437,437,15,465,51,2026-07-25 11:43:17.830675,2026-07-25 11:43:17.830675,2026-07-25 11:43:17.830675
7438,438,15,210,68,2026-07-25 11:43:17.830684,2026-07-25 11:43:17.830684,2026-07-25 11:43:17.830684
7439,439,15,283,27,2026-07-25 11:43:17.830694,2026-07-25 11:43:17.830694,2026-07-25 11:43:17.830694
7440,440,15,188,24,2026-07-25 11:43:17.830704,2026-07-25 11:43:17.830704,2026-07-25 11:43:17.830704
7441,441,15,386,26,2026-07-25 11:43:17.830714,2026-07-25 11:43:17.830714,2026-07-25 11:43:17.830714
7442,442,15,258,69,2026-07-25 11:43:17.830723,2026-07-25 11:43:17.830723,2026-07-25 11:43:17.830723
7443,443,15,399,40,2026-07-25 11:43:17.830733,2026-07-25 11:43:17.830733,2026-07-25 11:43:17.830733
7444,444,15,209,48,2026-07-25 11:43:17.830743,2026-07-25 11:43:17.830743,2026-07-25 11:43:17.830743
7445,445,15,84,36,2026-07-25 11:43:17.830753,2026-07-25 11:43:17.830753,2026-07-25 11:43:17.830753
7446,446,15,106,52,2026-07-25 11:43:17.830762,2026-07-25 11:43:17.830762,2026-07-25 11:43:17.830762
7447,447,15,22,49,2026-07-25 11:43:17.830772,2026-07-25 11:43:17.830772,2026-07-25 11:43:17.830772
7448,448,15,13,24,2026-07-25 11:43:17.830781,2026-07-25 11:43:17.830781,2026-07-25 11:43:17.830781
7449,449,15,327,64,2026-07-25 11:43:17.830791,2026-07-25 11:43:17.830791,2026-07-25 11:43:17.830791
7450,450,15,345,67,2026-07-25 11:43:17.830801,2026-07-25 11:43:17.830801,2026-07-25 11:43:17.830801
7451,451,15,236,44,2026-07-25 11:43:17.830810,2026-07-25 11:43:17.830810,2026-07-25 11:43:17.830810
7452,452,15,175,67,2026-07-25 11:43:17.830820,2026-07-25 11:43:17.830820,2026-07-25 11:43:17.830820
7453,453,15,204,74,2026-07-25 11:43:17.830829,2026-07-25 11:43:17.830829,2026-07-25 11:43:17.830829
7454,454,15,99,45,2026-07-25 11:43:17.830839,2026-07-25 11:43:17.830839,2026-07-25 11:43:17.830839
7455,455,15,19,20,2026-07-25 11:43:17.830849,2026-07-25 11:43:17.830849,2026-07-25 11:43:17.830849
7456,456,15,128,27,2026-07-25 11:43:17.830858,2026-07-25 11:43:17.830858,2026-07-25 11:43:17.830858
7457,457,15,363,78,2026-07-25 11:43:17.830868,2026-07-25 11:43:17.830868,2026-07-25 11:43:17.830868
7458,458,15,69,40,2026-07-25 11:43:17.830878,2026-07-25 11:43:17.830878,2026-07-25 11:43:17.830878
7459,459,15,343,67,2026-07-25 11:43:17.830887,2026-07-25 11:43:17.830887,2026-07-25 11:43:17.830887
7460,460,15,237,51,2026-07-25 11:43:17.830897,2026-07-25 11:43:17.830897,2026-07-25 11:43:17.830897
7461,461,15,236,24,2026-07-25 11:43:17.830906,2026-07-25 11:43:17.830906,2026-07-25 11:43:17.830906
7462,462,15,42,55,2026-07-25 11:43:17.830919,2026-07-25 11:43:17.830919,2026-07-25 11:43:17.830919
7463,463,15,336,35,2026-07-25 11:43:17.830928,2026-07-25 11:43:17.830928,2026-07-25 11:43:17.830928
7464,464,15,365,80,2026-07-25 11:43:17.830938,2026-07-25 11:43:17.830938,2026-07-25 11:43:17.830938
7465,465,15,224,28,2026-07-25 11:43:17.830948,2026-07-25 11:43:17.830948,2026-07-25 11:43:17.830948
7466,466,15,241,72,2026-07-25 11:43:17.830958,2026-07-25 11:43:17.830958,2026-07-25 11:43:17.830958
7467,467,15,142,73,2026-07-25 11:43:17.830967,2026-07-25 11:43:17.830967,2026-07-25 11:43:17.830967
7468,468,15,82,30,2026-07-25 11:43:17.830977,2026-07-25 11:43:17.830977,2026-07-25 11:43:17.830977
7469,469,15,429,21,2026-07-25 11:43:17.830987,2026-07-25 11:43:17.830987,2026-07-25 11:43:17.830987
7470,470,15,310,26,2026-07-25 11:43:17.830996,2026-07-25 11:43:17.830996,2026-07-25 11:43:17.830996
7471,471,15,90,38,2026-07-25 11:43:17.831006,2026-07-25 11:43:17.831006,2026-07-25 11:43:17.831006
7472,472,15,63,54,2026-07-25 11:43:17.831016,2026-07-25 11:43:17.831016,2026-07-25 11:43:17.831016
7473,473,15,379,45,2026-07-25 11:43:17.831025,2026-07-25 11:43:17.831025,2026-07-25 11:43:17.831025
7474,474,15,86,24,2026-07-25 11:43:17.831035,2026-07-25 11:43:17.831035,2026-07-25 11:43:17.831035
7475,475,15,343,68,2026-07-25 11:43:17.831045,2026-07-25 11:43:17.831045,2026-07-25 11:43:17.831045
7476,476,15,5,63,2026-07-25 11:43:17.831054,2026-07-25 11:43:17.831054,2026-07-25 11:43:17.831054
7477,477,15,139,29,2026-07-25 11:43:17.831064,2026-07-25 11:43:17.831064,2026-07-25 11:43:17.831064
7478,478,15,225,42,2026-07-25 11:43:17.831074,2026-07-25 11:43:17.831074,2026-07-25 11:43:17.831074
7479,479,15,91,33,2026-07-25 11:43:17.831083,2026-07-25 11:43:17.831083,2026-07-25 11:43:17.831083
7480,480,15,365,22,2026-07-25 11:43:17.831093,2026-07-25 11:43:17.831093,2026-07-25 11:43:17.831093
7481,481,15,457,63,2026-07-25 11:43:17.831103,2026-07-25 11:43:17.831103,2026-07-25 11:43:17.831103
7482,482,15,272,33,2026-07-25 11:43:17.831112,2026-07-25 11:43:17.831112,2026-07-25 11:43:17.831112
7483,483,15,226,64,2026-07-25 11:43:17.831122,2026-07-25 11:43:17.831122,2026-07-25 11:43:17.831122
7484,484,15,24,73,2026-07-25 11:43:17.831131,2026-07-25 11:43:17.831131,2026-07-25 11:43:17.831131
7485,485,15,325,71,2026-07-25 11:43:17.831141,2026-07-25 11:43:17.831141,2026-07-25 11:43:17.831141
7486,486,15,267,61,2026-07-25 11:43:17.831151,2026-07-25 11:43:17.831151,2026-07-25 11:43:17.831151
7487,487,15,339,65,2026-07-25 11:43:17.831160,2026-07-25 11:43:17.831160,2026-07-25 11:43:17.831160
7488,488,15,337,77,2026-07-25 11:43:17.831170,2026-07-25 11:43:17.831170,2026-07-25 11:43:17.831170
7489,489,15,52,44,2026-07-25 11:43:17.831181,2026-07-25 11:43:17.831181,2026-07-25 11:43:17.831181
7490,490,15,353,39,2026-07-25 11:43:17.831191,2026-07-25 11:43:17.831191,2026-07-25 11:43:17.831191
7491,491,15,227,23,2026-07-25 11:43:17.831201,2026-07-25 11:43:17.831201,2026-07-25 11:43:17.831201
7492,492,15,306,20,2026-07-25 11:43:17.831210,2026-07-25 11:43:17.831210,2026-07-25 11:43:17.831210
7493,493,15,24,69,2026-07-25 11:43:17.831220,2026-07-25 11:43:17.831220,2026-07-25 11:43:17.831220
7494,494,15,193,69,2026-07-25 11:43:17.831229,2026-07-25 11:43:17.831229,2026-07-25 11:43:17.831229
7495,495,15,103,79,2026-07-25 11:43:17.831239,2026-07-25 11:43:17.831239,2026-07-25 11:43:17.831239
7496,496,15,127,43,2026-07-25 11:43:17.831249,2026-07-25 11:43:17.831249,2026-07-25 11:43:17.831249
7497,497,15,465,35,2026-07-25 11:43:17.831258,2026-07-25 11:43:17.831258,2026-07-25 11:43:17.831258
7498,498,15,102,25,2026-07-25 11:43:17.831268,2026-07-25 11:43:17.831268,2026-07-25 11:43:17.831268
7499,499,15,8,46,2026-07-25 11:43:17.831277,2026-07-25 11:43:17.831277,2026-07-25 11:43:17.831277
7500,500,15,14,20,2026-07-25 11:43:17.831287,2026-07-25 11:43:17.831287,2026-07-25 11:43:17.831287
7501,1,16,172,72,2026-07-25 11:43:17.831451,2026-07-25 11:43:17.831451,2026-07-25 11:43:17.831451
7502,2,16,98,63,2026-07-25 11:43:17.831462,2026-07-25 11:43:17.831462,2026-07-25 11:43:17.831462
7503,3,16,342,24,2026-07-25 11:43:17.831471,2026-07-25 11:43:17.831471,2026-07-25 11:43:17.831471
7504,4,16,112,76,2026-07-25 11:43:17.831480,2026-07-25 11:43:17.831480,2026-07-25 11:43:17.831480
7505,5,16,49,71,2026-07-25 11:43:17.831490,2026-07-25 11:43:17.831490,2026-07-25 11:43:17.831490
7506,6,16,427,73,2026-07-25 11:43:17.831499,2026-07-25 11:43:17.831499,2026-07-25 11:43:17.831499
7507,7,16,340,30,2026-07-25 11:43:17.831509,2026-07-25 11:43:17.831509,2026-07-25 11:43:17.831509
7508,8,16,370,30,2026-07-25 11:43:17.831519,2026-07-25 11:43:17.831519,2026-07-25 11:43:17.831519
7509,9,16,22,46,2026-07-25 11:43:17.831528,2026-07-25 11:43:17.831528,2026-07-25 11:43:17.831528
7510,10,16,262,26,2026-07-25 11:43:17.831539,2026-07-25 11:43:17.831539,2026-07-25 11:43:17.831539
7511,11,16,417,40,2026-07-25 11:43:17.831549,2026-07-25 11:43:17.831549,2026-07-25 11:43:17.831549
7512,12,16,165,55,2026-07-25 11:43:17.831559,2026-07-25 11:43:17.831559,2026-07-25 11:43:17.831559
7513,13,16,320,32,2026-07-25 11:43:17.831569,2026-07-25 11:43:17.831569,2026-07-25 11:43:17.831569
7514,14,16,319,33,2026-07-25 11:43:17.831579,2026-07-25 11:43:17.831579,2026-07-25 11:43:17.831579
7515,15,16,478,54,2026-07-25 11:43:17.831588,2026-07-25 11:43:17.831588,2026-07-25 11:43:17.831588
7516,16,16,202,80,2026-07-25 11:43:17.831598,2026-07-25 11:43:17.831598,2026-07-25 11:43:17.831598
7517,17,16,219,27,2026-07-25 11:43:17.831608,2026-07-25 11:43:17.831608,2026-07-25 11:43:17.831608
7518,18,16,118,33,2026-07-25 11:43:17.831618,2026-07-25 11:43:17.831618,2026-07-25 11:43:17.831618
7519,19,16,54,42,2026-07-25 11:43:17.831627,2026-07-25 11:43:17.831627,2026-07-25 11:43:17.831627
7520,20,16,165,31,2026-07-25 11:43:17.831637,2026-07-25 11:43:17.831637,2026-07-25 11:43:17.831637
7521,21,16,7,45,2026-07-25 11:43:17.831647,2026-07-25 11:43:17.831647,2026-07-25 11:43:17.831647
7522,22,16,334,40,2026-07-25 11:43:17.831656,2026-07-25 11:43:17.831656,2026-07-25 11:43:17.831656
7523,23,16,6,44,2026-07-25 11:43:17.831666,2026-07-25 11:43:17.831666,2026-07-25 11:43:17.831666
7524,24,16,108,49,2026-07-25 11:43:17.831676,2026-07-25 11:43:17.831676,2026-07-25 11:43:17.831676
7525,25,16,112,24,2026-07-25 11:43:17.831686,2026-07-25 11:43:17.831686,2026-07-25 11:43:17.831686
7526,26,16,336,72,2026-07-25 11:43:17.831695,2026-07-25 11:43:17.831695,2026-07-25 11:43:17.831695
7527,27,16,142,61,2026-07-25 11:43:17.831705,2026-07-25 11:43:17.831705,2026-07-25 11:43:17.831705
7528,28,16,319,43,2026-07-25 11:43:17.831715,2026-07-25 11:43:17.831715,2026-07-25 11:43:17.831715
7529,29,16,22,24,2026-07-25 11:43:17.831724,2026-07-25 11:43:17.831724,2026-07-25 11:43:17.831724
7530,30,16,453,33,2026-07-25 11:43:17.831734,2026-07-25 11:43:17.831734,2026-07-25 11:43:17.831734
7531,31,16,210,39,2026-07-25 11:43:17.831744,2026-07-25 11:43:17.831744,2026-07-25 11:43:17.831744
7532,32,16,392,58,2026-07-25 11:43:17.831753,2026-07-25 11:43:17.831753,2026-07-25 11:43:17.831753
7533,33,16,255,26,2026-07-25 11:43:17.831763,2026-07-25 11:43:17.831763,2026-07-25 11:43:17.831763
7534,34,16,364,54,2026-07-25 11:43:17.831772,2026-07-25 11:43:17.831772,2026-07-25 11:43:17.831772
7535,35,16,405,79,2026-07-25 11:43:17.831782,2026-07-25 11:43:17.831782,2026-07-25 11:43:17.831782
7536,36,16,435,56,2026-07-25 11:43:17.831792,2026-07-25 11:43:17.831792,2026-07-25 11:43:17.831792
7537,37,16,87,36,2026-07-25 11:43:17.831801,2026-07-25 11:43:17.831801,2026-07-25 11:43:17.831801
7538,38,16,491,26,2026-07-25 11:43:17.831811,2026-07-25 11:43:17.831811,2026-07-25 11:43:17.831811
7539,39,16,307,40,2026-07-25 11:43:17.831821,2026-07-25 11:43:17.831821,2026-07-25 11:43:17.831821
7540,40,16,323,64,2026-07-25 11:43:17.831831,2026-07-25 11:43:17.831831,2026-07-25 11:43:17.831831
7541,41,16,198,63,2026-07-25 11:43:17.831841,2026-07-25 11:43:17.831841,2026-07-25 11:43:17.831841
7542,42,16,473,69,2026-07-25 11:43:17.831850,2026-07-25 11:43:17.831850,2026-07-25 11:43:17.831850
7543,43,16,355,28,2026-07-25 11:43:17.831861,2026-07-25 11:43:17.831861,2026-07-25 11:43:17.831861
7544,44,16,170,31,2026-07-25 11:43:17.831871,2026-07-25 11:43:17.831871,2026-07-25 11:43:17.831871
7545,45,16,325,68,2026-07-25 11:43:17.831881,2026-07-25 11:43:17.831881,2026-07-25 11:43:17.831881
7546,46,16,452,64,2026-07-25 11:43:17.831890,2026-07-25 11:43:17.831890,2026-07-25 11:43:17.831890
7547,47,16,162,74,2026-07-25 11:43:17.831900,2026-07-25 11:43:17.831900,2026-07-25 11:43:17.831900
7548,48,16,341,50,2026-07-25 11:43:17.831910,2026-07-25 11:43:17.831910,2026-07-25 11:43:17.831910
7549,49,16,34,41,2026-07-25 11:43:17.831919,2026-07-25 11:43:17.831919,2026-07-25 11:43:17.831919
7550,50,16,9,58,2026-07-25 11:43:17.831929,2026-07-25 11:43:17.831929,2026-07-25 11:43:17.831929
7551,51,16,466,57,2026-07-25 11:43:17.831939,2026-07-25 11:43:17.831939,2026-07-25 11:43:17.831939
7552,52,16,229,44,2026-07-25 11:43:17.831949,2026-07-25 11:43:17.831949,2026-07-25 11:43:17.831949
7553,53,16,261,60,2026-07-25 11:43:17.831958,2026-07-25 11:43:17.831958,2026-07-25 11:43:17.831958
7554,54,16,379,34,2026-07-25 11:43:17.831968,2026-07-25 11:43:17.831968,2026-07-25 11:43:17.831968
7555,55,16,257,57,2026-07-25 11:43:17.831978,2026-07-25 11:43:17.831978,2026-07-25 11:43:17.831978
7556,56,16,360,20,2026-07-25 11:43:17.831987,2026-07-25 11:43:17.831987,2026-07-25 11:43:17.831987
7557,57,16,119,21,2026-07-25 11:43:17.831997,2026-07-25 11:43:17.831997,2026-07-25 11:43:17.831997
7558,58,16,315,68,2026-07-25 11:43:17.832007,2026-07-25 11:43:17.832007,2026-07-25 11:43:17.832007
7559,59,16,459,27,2026-07-25 11:43:17.832017,2026-07-25 11:43:17.832017,2026-07-25 11:43:17.832017
7560,60,16,158,35,2026-07-25 11:43:17.832027,2026-07-25 11:43:17.832027,2026-07-25 11:43:17.832027
7561,61,16,377,47,2026-07-25 11:43:17.832036,2026-07-25 11:43:17.832036,2026-07-25 11:43:17.832036
7562,62,16,387,35,2026-07-25 11:43:17.832046,2026-07-25 11:43:17.832046,2026-07-25 11:43:17.832046
7563,63,16,317,25,2026-07-25 11:43:17.832055,2026-07-25 11:43:17.832055,2026-07-25 11:43:17.832055
7564,64,16,30,28,2026-07-25 11:43:17.832065,2026-07-25 11:43:17.832065,2026-07-25 11:43:17.832065
7565,65,16,191,51,2026-07-25 11:43:17.832075,2026-07-25 11:43:17.832075,2026-07-25 11:43:17.832075
7566,66,16,151,32,2026-07-25 11:43:17.832084,2026-07-25 11:43:17.832084,2026-07-25 11:43:17.832084
7567,67,16,77,44,2026-07-25 11:43:17.832094,2026-07-25 11:43:17.832094,2026-07-25 11:43:17.832094
7568,68,16,104,61,2026-07-25 11:43:17.832103,2026-07-25 11:43:17.832103,2026-07-25 11:43:17.832103
7569,69,16,19,35,2026-07-25 11:43:17.832113,2026-07-25 11:43:17.832113,2026-07-25 11:43:17.832113
7570,70,16,472,66,2026-07-25 11:43:17.832123,2026-07-25 11:43:17.832123,2026-07-25 11:43:17.832123
7571,71,16,306,80,2026-07-25 11:43:17.832133,2026-07-25 11:43:17.832133,2026-07-25 11:43:17.832133
7572,72,16,227,67,2026-07-25 11:43:17.832142,2026-07-25 11:43:17.832142,2026-07-25 11:43:17.832142
7573,73,16,449,41,2026-07-25 11:43:17.832152,2026-07-25 11:43:17.832152,2026-07-25 11:43:17.832152
7574,74,16,68,37,2026-07-25 11:43:17.832162,2026-07-25 11:43:17.832162,2026-07-25 11:43:17.832162
7575,75,16,162,61,2026-07-25 11:43:17.832171,2026-07-25 11:43:17.832171,2026-07-25 11:43:17.832171
7576,76,16,402,68,2026-07-25 11:43:17.832181,2026-07-25 11:43:17.832181,2026-07-25 11:43:17.832181
7577,77,16,20,53,2026-07-25 11:43:17.832191,2026-07-25 11:43:17.832191,2026-07-25 11:43:17.832191
7578,78,16,405,46,2026-07-25 11:43:17.832200,2026-07-25 11:43:17.832200,2026-07-25 11:43:17.832200
7579,79,16,331,72,2026-07-25 11:43:17.832210,2026-07-25 11:43:17.832210,2026-07-25 11:43:17.832210
7580,80,16,147,68,2026-07-25 11:43:17.832220,2026-07-25 11:43:17.832220,2026-07-25 11:43:17.832220
7581,81,16,12,34,2026-07-25 11:43:17.832229,2026-07-25 11:43:17.832229,2026-07-25 11:43:17.832229
7582,82,16,433,66,2026-07-25 11:43:17.832239,2026-07-25 11:43:17.832239,2026-07-25 11:43:17.832239
7583,83,16,169,41,2026-07-25 11:43:17.832248,2026-07-25 11:43:17.832248,2026-07-25 11:43:17.832248
7584,84,16,124,33,2026-07-25 11:43:17.832258,2026-07-25 11:43:17.832258,2026-07-25 11:43:17.832258
7585,85,16,276,23,2026-07-25 11:43:17.832267,2026-07-25 11:43:17.832267,2026-07-25 11:43:17.832267
7586,86,16,464,78,2026-07-25 11:43:17.832277,2026-07-25 11:43:17.832277,2026-07-25 11:43:17.832277
7587,87,16,340,35,2026-07-25 11:43:17.832287,2026-07-25 11:43:17.832287,2026-07-25 11:43:17.832287
7588,88,16,410,63,2026-07-25 11:43:17.832298,2026-07-25 11:43:17.832298,2026-07-25 11:43:17.832298
7589,89,16,356,66,2026-07-25 11:43:17.832307,2026-07-25 11:43:17.832307,2026-07-25 11:43:17.832307
7590,90,16,113,58,2026-07-25 11:43:17.832317,2026-07-25 11:43:17.832317,2026-07-25 11:43:17.832317
7591,91,16,446,44,2026-07-25 11:43:17.832327,2026-07-25 11:43:17.832327,2026-07-25 11:43:17.832327
7592,92,16,266,40,2026-07-25 11:43:17.832336,2026-07-25 11:43:17.832336,2026-07-25 11:43:17.832336
7593,93,16,93,48,2026-07-25 11:43:17.832347,2026-07-25 11:43:17.832347,2026-07-25 11:43:17.832347
7594,94,16,322,20,2026-07-25 11:43:17.832357,2026-07-25 11:43:17.832357,2026-07-25 11:43:17.832357
7595,95,16,33,75,2026-07-25 11:43:17.832367,2026-07-25 11:43:17.832367,2026-07-25 11:43:17.832367
7596,96,16,251,24,2026-07-25 11:43:17.832377,2026-07-25 11:43:17.832377,2026-07-25 11:43:17.832377
7597,97,16,488,32,2026-07-25 11:43:17.832386,2026-07-25 11:43:17.832386,2026-07-25 11:43:17.832386
7598,98,16,26,60,2026-07-25 11:43:17.832396,2026-07-25 11:43:17.832396,2026-07-25 11:43:17.832396
7599,99,16,72,80,2026-07-25 11:43:17.832422,2026-07-25 11:43:17.832422,2026-07-25 11:43:17.832422
7600,100,16,104,28,2026-07-25 11:43:17.832432,2026-07-25 11:43:17.832432,2026-07-25 11:43:17.832432
7601,101,16,46,31,2026-07-25 11:43:17.832442,2026-07-25 11:43:17.832442,2026-07-25 11:43:17.832442
7602,102,16,303,55,2026-07-25 11:43:17.832452,2026-07-25 11:43:17.832452,2026-07-25 11:43:17.832452
7603,103,16,425,70,2026-07-25 11:43:17.832462,2026-07-25 11:43:17.832462,2026-07-25 11:43:17.832462
7604,104,16,477,33,2026-07-25 11:43:17.832471,2026-07-25 11:43:17.832471,2026-07-25 11:43:17.832471
7605,105,16,120,52,2026-07-25 11:43:17.832481,2026-07-25 11:43:17.832481,2026-07-25 11:43:17.832481
7606,106,16,40,47,2026-07-25 11:43:17.832491,2026-07-25 11:43:17.832491,2026-07-25 11:43:17.832491
7607,107,16,371,49,2026-07-25 11:43:17.832501,2026-07-25 11:43:17.832501,2026-07-25 11:43:17.832501
7608,108,16,159,30,2026-07-25 11:43:17.832511,2026-07-25 11:43:17.832511,2026-07-25 11:43:17.832511
7609,109,16,369,32,2026-07-25 11:43:17.832520,2026-07-25 11:43:17.832520,2026-07-25 11:43:17.832520
7610,110,16,125,47,2026-07-25 11:43:17.832530,2026-07-25 11:43:17.832530,2026-07-25 11:43:17.832530
7611,111,16,90,58,2026-07-25 11:43:17.832539,2026-07-25 11:43:17.832539,2026-07-25 11:43:17.832539
7612,112,16,127,39,2026-07-25 11:43:17.832549,2026-07-25 11:43:17.832549,2026-07-25 11:43:17.832549
7613,113,16,146,56,2026-07-25 11:43:17.832559,2026-07-25 11:43:17.832559,2026-07-25 11:43:17.832559
7614,114,16,229,60,2026-07-25 11:43:17.832568,2026-07-25 11:43:17.832568,2026-07-25 11:43:17.832568
7615,115,16,103,37,2026-07-25 11:43:17.832578,2026-07-25 11:43:17.832578,2026-07-25 11:43:17.832578
7616,116,16,441,70,2026-07-25 11:43:17.832589,2026-07-25 11:43:17.832589,2026-07-25 11:43:17.832589
7617,117,16,246,25,2026-07-25 11:43:17.832598,2026-07-25 11:43:17.832598,2026-07-25 11:43:17.832598
7618,118,16,486,43,2026-07-25 11:43:17.832608,2026-07-25 11:43:17.832608,2026-07-25 11:43:17.832608
7619,119,16,203,44,2026-07-25 11:43:17.832618,2026-07-25 11:43:17.832618,2026-07-25 11:43:17.832618
7620,120,16,85,50,2026-07-25 11:43:17.832627,2026-07-25 11:43:17.832627,2026-07-25 11:43:17.832627
7621,121,16,225,47,2026-07-25 11:43:17.832637,2026-07-25 11:43:17.832637,2026-07-25 11:43:17.832637
7622,122,16,258,59,2026-07-25 11:43:17.832647,2026-07-25 11:43:17.832647,2026-07-25 11:43:17.832647
7623,123,16,376,47,2026-07-25 11:43:17.832656,2026-07-25 11:43:17.832656,2026-07-25 11:43:17.832656
7624,124,16,389,29,2026-07-25 11:43:17.832666,2026-07-25 11:43:17.832666,2026-07-25 11:43:17.832666
7625,125,16,419,70,2026-07-25 11:43:17.832675,2026-07-25 11:43:17.832675,2026-07-25 11:43:17.832675
7626,126,16,246,21,2026-07-25 11:43:17.832685,2026-07-25 11:43:17.832685,2026-07-25 11:43:17.832685
7627,127,16,390,44,2026-07-25 11:43:17.832694,2026-07-25 11:43:17.832694,2026-07-25 11:43:17.832694
7628,128,16,218,74,2026-07-25 11:43:17.832704,2026-07-25 11:43:17.832704,2026-07-25 11:43:17.832704
7629,129,16,42,68,2026-07-25 11:43:17.832713,2026-07-25 11:43:17.832713,2026-07-25 11:43:17.832713
7630,130,16,464,78,2026-07-25 11:43:17.832723,2026-07-25 11:43:17.832723,2026-07-25 11:43:17.832723
7631,131,16,153,58,2026-07-25 11:43:17.832733,2026-07-25 11:43:17.832733,2026-07-25 11:43:17.832733
7632,132,16,275,29,2026-07-25 11:43:17.832742,2026-07-25 11:43:17.832742,2026-07-25 11:43:17.832742
7633,133,16,283,66,2026-07-25 11:43:17.832752,2026-07-25 11:43:17.832752,2026-07-25 11:43:17.832752
7634,134,16,89,36,2026-07-25 11:43:17.832762,2026-07-25 11:43:17.832762,2026-07-25 11:43:17.832762
7635,135,16,194,49,2026-07-25 11:43:17.832771,2026-07-25 11:43:17.832771,2026-07-25 11:43:17.832771
7636,136,16,156,49,2026-07-25 11:43:17.832781,2026-07-25 11:43:17.832781,2026-07-25 11:43:17.832781
7637,137,16,145,44,2026-07-25 11:43:17.832791,2026-07-25 11:43:17.832791,2026-07-25 11:43:17.832791
7638,138,16,287,58,2026-07-25 11:43:17.832800,2026-07-25 11:43:17.832800,2026-07-25 11:43:17.832800
7639,139,16,246,24,2026-07-25 11:43:17.832810,2026-07-25 11:43:17.832810,2026-07-25 11:43:17.832810
7640,140,16,170,28,2026-07-25 11:43:17.832820,2026-07-25 11:43:17.832820,2026-07-25 11:43:17.832820
7641,141,16,366,50,2026-07-25 11:43:17.832830,2026-07-25 11:43:17.832830,2026-07-25 11:43:17.832830
7642,142,16,100,29,2026-07-25 11:43:17.832839,2026-07-25 11:43:17.832839,2026-07-25 11:43:17.832839
7643,143,16,469,32,2026-07-25 11:43:17.832849,2026-07-25 11:43:17.832849,2026-07-25 11:43:17.832849
7644,144,16,2,20,2026-07-25 11:43:17.832859,2026-07-25 11:43:17.832859,2026-07-25 11:43:17.832859
7645,145,16,441,52,2026-07-25 11:43:17.832868,2026-07-25 11:43:17.832868,2026-07-25 11:43:17.832868
7646,146,16,373,66,2026-07-25 11:43:17.832878,2026-07-25 11:43:17.832878,2026-07-25 11:43:17.832878
7647,147,16,191,51,2026-07-25 11:43:17.832888,2026-07-25 11:43:17.832888,2026-07-25 11:43:17.832888
7648,148,16,207,79,2026-07-25 11:43:17.832897,2026-07-25 11:43:17.832897,2026-07-25 11:43:17.832897
7649,149,16,212,80,2026-07-25 11:43:17.832907,2026-07-25 11:43:17.832907,2026-07-25 11:43:17.832907
7650,150,16,202,67,2026-07-25 11:43:17.832917,2026-07-25 11:43:17.832917,2026-07-25 11:43:17.832917
7651,151,16,191,44,2026-07-25 11:43:17.832926,2026-07-25 11:43:17.832926,2026-07-25 11:43:17.832926
7652,152,16,250,39,2026-07-25 11:43:17.832936,2026-07-25 11:43:17.832936,2026-07-25 11:43:17.832936
7653,153,16,328,57,2026-07-25 11:43:17.832946,2026-07-25 11:43:17.832946,2026-07-25 11:43:17.832946
7654,154,16,36,46,2026-07-25 11:43:17.832955,2026-07-25 11:43:17.832955,2026-07-25 11:43:17.832955
7655,155,16,453,22,2026-07-25 11:43:17.832965,2026-07-25 11:43:17.832965,2026-07-25 11:43:17.832965
7656,156,16,471,27,2026-07-25 11:43:17.832975,2026-07-25 11:43:17.832975,2026-07-25 11:43:17.832975
7657,157,16,197,79,2026-07-25 11:43:17.832984,2026-07-25 11:43:17.832984,2026-07-25 11:43:17.832984
7658,158,16,289,30,2026-07-25 11:43:17.832994,2026-07-25 11:43:17.832994,2026-07-25 11:43:17.832994
7659,159,16,99,68,2026-07-25 11:43:17.833004,2026-07-25 11:43:17.833004,2026-07-25 11:43:17.833004
7660,160,16,223,36,2026-07-25 11:43:17.833014,2026-07-25 11:43:17.833014,2026-07-25 11:43:17.833014
7661,161,16,394,78,2026-07-25 11:43:17.833023,2026-07-25 11:43:17.833023,2026-07-25 11:43:17.833023
7662,162,16,384,66,2026-07-25 11:43:17.833033,2026-07-25 11:43:17.833033,2026-07-25 11:43:17.833033
7663,163,16,178,52,2026-07-25 11:43:17.833043,2026-07-25 11:43:17.833043,2026-07-25 11:43:17.833043
7664,164,16,363,51,2026-07-25 11:43:17.833052,2026-07-25 11:43:17.833052,2026-07-25 11:43:17.833052
7665,165,16,325,64,2026-07-25 11:43:17.833062,2026-07-25 11:43:17.833062,2026-07-25 11:43:17.833062
7666,166,16,188,64,2026-07-25 11:43:17.833073,2026-07-25 11:43:17.833073,2026-07-25 11:43:17.833073
7667,167,16,29,61,2026-07-25 11:43:17.833082,2026-07-25 11:43:17.833082,2026-07-25 11:43:17.833082
7668,168,16,197,79,2026-07-25 11:43:17.833092,2026-07-25 11:43:17.833092,2026-07-25 11:43:17.833092
7669,169,16,217,67,2026-07-25 11:43:17.833101,2026-07-25 11:43:17.833101,2026-07-25 11:43:17.833101
7670,170,16,126,35,2026-07-25 11:43:17.833111,2026-07-25 11:43:17.833111,2026-07-25 11:43:17.833111
7671,171,16,244,22,2026-07-25 11:43:17.833120,2026-07-25 11:43:17.833120,2026-07-25 11:43:17.833120
7672,172,16,471,72,2026-07-25 11:43:17.833130,2026-07-25 11:43:17.833130,2026-07-25 11:43:17.833130
7673,173,16,185,60,2026-07-25 11:43:17.833140,2026-07-25 11:43:17.833140,2026-07-25 11:43:17.833140
7674,174,16,361,63,2026-07-25 11:43:17.833149,2026-07-25 11:43:17.833149,2026-07-25 11:43:17.833149
7675,175,16,14,64,2026-07-25 11:43:17.833159,2026-07-25 11:43:17.833159,2026-07-25 11:43:17.833159
7676,176,16,340,61,2026-07-25 11:43:17.833169,2026-07-25 11:43:17.833169,2026-07-25 11:43:17.833169
7677,177,16,75,36,2026-07-25 11:43:17.833178,2026-07-25 11:43:17.833178,2026-07-25 11:43:17.833178
7678,178,16,309,49,2026-07-25 11:43:17.833188,2026-07-25 11:43:17.833188,2026-07-25 11:43:17.833188
7679,179,16,483,63,2026-07-25 11:43:17.833198,2026-07-25 11:43:17.833198,2026-07-25 11:43:17.833198
7680,180,16,75,36,2026-07-25 11:43:17.833208,2026-07-25 11:43:17.833208,2026-07-25 11:43:17.833208
7681,181,16,126,58,2026-07-25 11:43:17.833217,2026-07-25 11:43:17.833217,2026-07-25 11:43:17.833217
7682,182,16,296,80,2026-07-25 11:43:17.833227,2026-07-25 11:43:17.833227,2026-07-25 11:43:17.833227
7683,183,16,339,73,2026-07-25 11:43:17.833236,2026-07-25 11:43:17.833236,2026-07-25 11:43:17.833236
7684,184,16,82,20,2026-07-25 11:43:17.833246,2026-07-25 11:43:17.833246,2026-07-25 11:43:17.833246
7685,185,16,59,69,2026-07-25 11:43:17.833255,2026-07-25 11:43:17.833255,2026-07-25 11:43:17.833255
7686,186,16,47,61,2026-07-25 11:43:17.833265,2026-07-25 11:43:17.833265,2026-07-25 11:43:17.833265
7687,187,16,364,78,2026-07-25 11:43:17.833275,2026-07-25 11:43:17.833275,2026-07-25 11:43:17.833275
7688,188,16,196,45,2026-07-25 11:43:17.833284,2026-07-25 11:43:17.833284,2026-07-25 11:43:17.833284
7689,189,16,361,57,2026-07-25 11:43:17.833294,2026-07-25 11:43:17.833294,2026-07-25 11:43:17.833294
7690,190,16,498,77,2026-07-25 11:43:17.833304,2026-07-25 11:43:17.833304,2026-07-25 11:43:17.833304
7691,191,16,41,53,2026-07-25 11:43:17.833313,2026-07-25 11:43:17.833313,2026-07-25 11:43:17.833313
7692,192,16,465,32,2026-07-25 11:43:17.833323,2026-07-25 11:43:17.833323,2026-07-25 11:43:17.833323
7693,193,16,448,47,2026-07-25 11:43:17.833333,2026-07-25 11:43:17.833333,2026-07-25 11:43:17.833333
7694,194,16,84,73,2026-07-25 11:43:17.833343,2026-07-25 11:43:17.833343,2026-07-25 11:43:17.833343
7695,195,16,218,36,2026-07-25 11:43:17.833352,2026-07-25 11:43:17.833352,2026-07-25 11:43:17.833352
7696,196,16,354,39,2026-07-25 11:43:17.833362,2026-07-25 11:43:17.833362,2026-07-25 11:43:17.833362
7697,197,16,256,54,2026-07-25 11:43:17.833372,2026-07-25 11:43:17.833372,2026-07-25 11:43:17.833372
7698,198,16,337,76,2026-07-25 11:43:17.833381,2026-07-25 11:43:17.833381,2026-07-25 11:43:17.833381
7699,199,16,195,57,2026-07-25 11:43:17.833391,2026-07-25 11:43:17.833391,2026-07-25 11:43:17.833391
7700,200,16,157,66,2026-07-25 11:43:17.833401,2026-07-25 11:43:17.833401,2026-07-25 11:43:17.833401
7701,201,16,210,68,2026-07-25 11:43:17.833410,2026-07-25 11:43:17.833410,2026-07-25 11:43:17.833410
7702,202,16,448,79,2026-07-25 11:43:17.833420,2026-07-25 11:43:17.833420,2026-07-25 11:43:17.833420
7703,203,16,372,75,2026-07-25 11:43:17.833429,2026-07-25 11:43:17.833429,2026-07-25 11:43:17.833429
7704,204,16,45,26,2026-07-25 11:43:17.833439,2026-07-25 11:43:17.833439,2026-07-25 11:43:17.833439
7705,205,16,325,56,2026-07-25 11:43:17.833449,2026-07-25 11:43:17.833449,2026-07-25 11:43:17.833449
7706,206,16,397,71,2026-07-25 11:43:17.833458,2026-07-25 11:43:17.833458,2026-07-25 11:43:17.833458
7707,207,16,176,72,2026-07-25 11:43:17.833468,2026-07-25 11:43:17.833468,2026-07-25 11:43:17.833468
7708,208,16,73,37,2026-07-25 11:43:17.833478,2026-07-25 11:43:17.833478,2026-07-25 11:43:17.833478
7709,209,16,383,33,2026-07-25 11:43:17.833487,2026-07-25 11:43:17.833487,2026-07-25 11:43:17.833487
7710,210,16,476,67,2026-07-25 11:43:17.833497,2026-07-25 11:43:17.833497,2026-07-25 11:43:17.833497
7711,211,16,203,64,2026-07-25 11:43:17.833507,2026-07-25 11:43:17.833507,2026-07-25 11:43:17.833507
7712,212,16,157,20,2026-07-25 11:43:17.833516,2026-07-25 11:43:17.833516,2026-07-25 11:43:17.833516
7713,213,16,86,72,2026-07-25 11:43:17.833526,2026-07-25 11:43:17.833526,2026-07-25 11:43:17.833526
7714,214,16,251,20,2026-07-25 11:43:17.833536,2026-07-25 11:43:17.833536,2026-07-25 11:43:17.833536
7715,215,16,49,24,2026-07-25 11:43:17.833546,2026-07-25 11:43:17.833546,2026-07-25 11:43:17.833546
7716,216,16,396,64,2026-07-25 11:43:17.833555,2026-07-25 11:43:17.833555,2026-07-25 11:43:17.833555
7717,217,16,213,53,2026-07-25 11:43:17.833565,2026-07-25 11:43:17.833565,2026-07-25 11:43:17.833565
7718,218,16,213,61,2026-07-25 11:43:17.833574,2026-07-25 11:43:17.833574,2026-07-25 11:43:17.833574
7719,219,16,147,66,2026-07-25 11:43:17.833584,2026-07-25 11:43:17.833584,2026-07-25 11:43:17.833584
7720,220,16,220,30,2026-07-25 11:43:17.833593,2026-07-25 11:43:17.833593,2026-07-25 11:43:17.833593
7721,221,16,90,43,2026-07-25 11:43:17.833603,2026-07-25 11:43:17.833603,2026-07-25 11:43:17.833603
7722,222,16,95,65,2026-07-25 11:43:17.833613,2026-07-25 11:43:17.833613,2026-07-25 11:43:17.833613
7723,223,16,68,32,2026-07-25 11:43:17.833623,2026-07-25 11:43:17.833623,2026-07-25 11:43:17.833623
7724,224,16,249,31,2026-07-25 11:43:17.833632,2026-07-25 11:43:17.833632,2026-07-25 11:43:17.833632
7725,225,16,257,80,2026-07-25 11:43:17.833642,2026-07-25 11:43:17.833642,2026-07-25 11:43:17.833642
7726,226,16,56,48,2026-07-25 11:43:17.833651,2026-07-25 11:43:17.833651,2026-07-25 11:43:17.833651
7727,227,16,290,72,2026-07-25 11:43:17.833661,2026-07-25 11:43:17.833661,2026-07-25 11:43:17.833661
7728,228,16,108,31,2026-07-25 11:43:17.833671,2026-07-25 11:43:17.833671,2026-07-25 11:43:17.833671
7729,229,16,102,23,2026-07-25 11:43:17.833681,2026-07-25 11:43:17.833681,2026-07-25 11:43:17.833681
7730,230,16,383,31,2026-07-25 11:43:17.833691,2026-07-25 11:43:17.833691,2026-07-25 11:43:17.833691
7731,231,16,414,68,2026-07-25 11:43:17.833700,2026-07-25 11:43:17.833700,2026-07-25 11:43:17.833700
7732,232,16,98,36,2026-07-25 11:43:17.833710,2026-07-25 11:43:17.833710,2026-07-25 11:43:17.833710
7733,233,16,461,75,2026-07-25 11:43:17.833720,2026-07-25 11:43:17.833720,2026-07-25 11:43:17.833720
7734,234,16,209,48,2026-07-25 11:43:17.833729,2026-07-25 11:43:17.833729,2026-07-25 11:43:17.833729
7735,235,16,320,78,2026-07-25 11:43:17.833739,2026-07-25 11:43:17.833739,2026-07-25 11:43:17.833739
7736,236,16,319,26,2026-07-25 11:43:17.833749,2026-07-25 11:43:17.833749,2026-07-25 11:43:17.833749
7737,237,16,444,60,2026-07-25 11:43:17.833759,2026-07-25 11:43:17.833759,2026-07-25 11:43:17.833759
7738,238,16,85,25,2026-07-25 11:43:17.833768,2026-07-25 11:43:17.833768,2026-07-25 11:43:17.833768
7739,239,16,150,25,2026-07-25 11:43:17.833778,2026-07-25 11:43:17.833778,2026-07-25 11:43:17.833778
7740,240,16,193,27,2026-07-25 11:43:17.833788,2026-07-25 11:43:17.833788,2026-07-25 11:43:17.833788
7741,241,16,141,24,2026-07-25 11:43:17.833797,2026-07-25 11:43:17.833797,2026-07-25 11:43:17.833797
7742,242,16,175,21,2026-07-25 11:43:17.833807,2026-07-25 11:43:17.833807,2026-07-25 11:43:17.833807
7743,243,16,299,35,2026-07-25 11:43:17.833821,2026-07-25 11:43:17.833821,2026-07-25 11:43:17.833821
7744,244,16,244,51,2026-07-25 11:43:17.833832,2026-07-25 11:43:17.833832,2026-07-25 11:43:17.833832
7745,245,16,344,68,2026-07-25 11:43:17.833842,2026-07-25 11:43:17.833842,2026-07-25 11:43:17.833842
7746,246,16,51,20,2026-07-25 11:43:17.833852,2026-07-25 11:43:17.833852,2026-07-25 11:43:17.833852
7747,247,16,31,37,2026-07-25 11:43:17.833862,2026-07-25 11:43:17.833862,2026-07-25 11:43:17.833862
7748,248,16,384,20,2026-07-25 11:43:17.833872,2026-07-25 11:43:17.833872,2026-07-25 11:43:17.833872
7749,249,16,340,57,2026-07-25 11:43:17.833881,2026-07-25 11:43:17.833881,2026-07-25 11:43:17.833881
7750,250,16,404,22,2026-07-25 11:43:17.833891,2026-07-25 11:43:17.833891,2026-07-25 11:43:17.833891
7751,251,16,49,33,2026-07-25 11:43:17.833900,2026-07-25 11:43:17.833900,2026-07-25 11:43:17.833900
7752,252,16,267,70,2026-07-25 11:43:17.833910,2026-07-25 11:43:17.833910,2026-07-25 11:43:17.833910
7753,253,16,3,44,2026-07-25 11:43:17.833919,2026-07-25 11:43:17.833919,2026-07-25 11:43:17.833919
7754,254,16,308,53,2026-07-25 11:43:17.833929,2026-07-25 11:43:17.833929,2026-07-25 11:43:17.833929
7755,255,16,492,68,2026-07-25 11:43:17.833939,2026-07-25 11:43:17.833939,2026-07-25 11:43:17.833939
7756,256,16,136,79,2026-07-25 11:43:17.833948,2026-07-25 11:43:17.833948,2026-07-25 11:43:17.833948
7757,257,16,248,50,2026-07-25 11:43:17.833958,2026-07-25 11:43:17.833958,2026-07-25 11:43:17.833958
7758,258,16,387,41,2026-07-25 11:43:17.833968,2026-07-25 11:43:17.833968,2026-07-25 11:43:17.833968
7759,259,16,309,47,2026-07-25 11:43:17.833978,2026-07-25 11:43:17.833978,2026-07-25 11:43:17.833978
7760,260,16,172,43,2026-07-25 11:43:17.833988,2026-07-25 11:43:17.833988,2026-07-25 11:43:17.833988
7761,261,16,349,76,2026-07-25 11:43:17.833997,2026-07-25 11:43:17.833997,2026-07-25 11:43:17.833997
7762,262,16,175,40,2026-07-25 11:43:17.834007,2026-07-25 11:43:17.834007,2026-07-25 11:43:17.834007
7763,263,16,418,35,2026-07-25 11:43:17.834017,2026-07-25 11:43:17.834017,2026-07-25 11:43:17.834017
7764,264,16,481,43,2026-07-25 11:43:17.834027,2026-07-25 11:43:17.834027,2026-07-25 11:43:17.834027
7765,265,16,340,45,2026-07-25 11:43:17.834036,2026-07-25 11:43:17.834036,2026-07-25 11:43:17.834036
7766,266,16,193,59,2026-07-25 11:43:17.834046,2026-07-25 11:43:17.834046,2026-07-25 11:43:17.834046
7767,267,16,29,42,2026-07-25 11:43:17.834056,2026-07-25 11:43:17.834056,2026-07-25 11:43:17.834056
7768,268,16,447,41,2026-07-25 11:43:17.834065,2026-07-25 11:43:17.834065,2026-07-25 11:43:17.834065
7769,269,16,412,26,2026-07-25 11:43:17.834075,2026-07-25 11:43:17.834075,2026-07-25 11:43:17.834075
7770,270,16,1,49,2026-07-25 11:43:17.834085,2026-07-25 11:43:17.834085,2026-07-25 11:43:17.834085
7771,271,16,445,64,2026-07-25 11:43:17.834094,2026-07-25 11:43:17.834094,2026-07-25 11:43:17.834094
7772,272,16,205,66,2026-07-25 11:43:17.834104,2026-07-25 11:43:17.834104,2026-07-25 11:43:17.834104
7773,273,16,427,76,2026-07-25 11:43:17.834114,2026-07-25 11:43:17.834114,2026-07-25 11:43:17.834114
7774,274,16,473,28,2026-07-25 11:43:17.834123,2026-07-25 11:43:17.834123,2026-07-25 11:43:17.834123
7775,275,16,13,58,2026-07-25 11:43:17.834133,2026-07-25 11:43:17.834133,2026-07-25 11:43:17.834133
7776,276,16,62,75,2026-07-25 11:43:17.834143,2026-07-25 11:43:17.834143,2026-07-25 11:43:17.834143
7777,277,16,271,37,2026-07-25 11:43:17.834153,2026-07-25 11:43:17.834153,2026-07-25 11:43:17.834153
7778,278,16,486,64,2026-07-25 11:43:17.834162,2026-07-25 11:43:17.834162,2026-07-25 11:43:17.834162
7779,279,16,384,72,2026-07-25 11:43:17.834172,2026-07-25 11:43:17.834172,2026-07-25 11:43:17.834172
7780,280,16,127,43,2026-07-25 11:43:17.834182,2026-07-25 11:43:17.834182,2026-07-25 11:43:17.834182
7781,281,16,231,59,2026-07-25 11:43:17.834191,2026-07-25 11:43:17.834191,2026-07-25 11:43:17.834191
7782,282,16,351,62,2026-07-25 11:43:17.834201,2026-07-25 11:43:17.834201,2026-07-25 11:43:17.834201
7783,283,16,445,50,2026-07-25 11:43:17.834211,2026-07-25 11:43:17.834211,2026-07-25 11:43:17.834211
7784,284,16,263,46,2026-07-25 11:43:17.834220,2026-07-25 11:43:17.834220,2026-07-25 11:43:17.834220
7785,285,16,338,32,2026-07-25 11:43:17.834230,2026-07-25 11:43:17.834230,2026-07-25 11:43:17.834230
7786,286,16,1,60,2026-07-25 11:43:17.834240,2026-07-25 11:43:17.834240,2026-07-25 11:43:17.834240
7787,287,16,490,80,2026-07-25 11:43:17.834249,2026-07-25 11:43:17.834249,2026-07-25 11:43:17.834249
7788,288,16,416,40,2026-07-25 11:43:17.834259,2026-07-25 11:43:17.834259,2026-07-25 11:43:17.834259
7789,289,16,8,60,2026-07-25 11:43:17.834268,2026-07-25 11:43:17.834268,2026-07-25 11:43:17.834268
7790,290,16,184,75,2026-07-25 11:43:17.834278,2026-07-25 11:43:17.834278,2026-07-25 11:43:17.834278
7791,291,16,23,71,2026-07-25 11:43:17.834288,2026-07-25 11:43:17.834288,2026-07-25 11:43:17.834288
7792,292,16,376,40,2026-07-25 11:43:17.834297,2026-07-25 11:43:17.834297,2026-07-25 11:43:17.834297
7793,293,16,347,48,2026-07-25 11:43:17.834307,2026-07-25 11:43:17.834307,2026-07-25 11:43:17.834307
7794,294,16,119,58,2026-07-25 11:43:17.834317,2026-07-25 11:43:17.834317,2026-07-25 11:43:17.834317
7795,295,16,248,45,2026-07-25 11:43:17.834326,2026-07-25 11:43:17.834326,2026-07-25 11:43:17.834326
7796,296,16,378,59,2026-07-25 11:43:17.834336,2026-07-25 11:43:17.834336,2026-07-25 11:43:17.834336
7797,297,16,406,25,2026-07-25 11:43:17.834346,2026-07-25 11:43:17.834346,2026-07-25 11:43:17.834346
7798,298,16,178,47,2026-07-25 11:43:17.834356,2026-07-25 11:43:17.834356,2026-07-25 11:43:17.834356
7799,299,16,480,79,2026-07-25 11:43:17.834365,2026-07-25 11:43:17.834365,2026-07-25 11:43:17.834365
7800,300,16,482,79,2026-07-25 11:43:17.834375,2026-07-25 11:43:17.834375,2026-07-25 11:43:17.834375
7801,301,16,243,62,2026-07-25 11:43:17.834384,2026-07-25 11:43:17.834384,2026-07-25 11:43:17.834384
7802,302,16,438,64,2026-07-25 11:43:17.834394,2026-07-25 11:43:17.834394,2026-07-25 11:43:17.834394
7803,303,16,463,26,2026-07-25 11:43:17.834404,2026-07-25 11:43:17.834404,2026-07-25 11:43:17.834404
7804,304,16,375,44,2026-07-25 11:43:17.834413,2026-07-25 11:43:17.834413,2026-07-25 11:43:17.834413
7805,305,16,150,58,2026-07-25 11:43:17.834423,2026-07-25 11:43:17.834423,2026-07-25 11:43:17.834423
7806,306,16,99,65,2026-07-25 11:43:17.834433,2026-07-25 11:43:17.834433,2026-07-25 11:43:17.834433
7807,307,16,73,75,2026-07-25 11:43:17.834442,2026-07-25 11:43:17.834442,2026-07-25 11:43:17.834442
7808,308,16,266,76,2026-07-25 11:43:17.834452,2026-07-25 11:43:17.834452,2026-07-25 11:43:17.834452
7809,309,16,292,70,2026-07-25 11:43:17.834462,2026-07-25 11:43:17.834462,2026-07-25 11:43:17.834462
7810,310,16,438,65,2026-07-25 11:43:17.834472,2026-07-25 11:43:17.834472,2026-07-25 11:43:17.834472
7811,311,16,258,22,2026-07-25 11:43:17.834481,2026-07-25 11:43:17.834481,2026-07-25 11:43:17.834481
7812,312,16,65,51,2026-07-25 11:43:17.834491,2026-07-25 11:43:17.834491,2026-07-25 11:43:17.834491
7813,313,16,407,25,2026-07-25 11:43:17.834501,2026-07-25 11:43:17.834501,2026-07-25 11:43:17.834501
7814,314,16,154,73,2026-07-25 11:43:17.834510,2026-07-25 11:43:17.834510,2026-07-25 11:43:17.834510
7815,315,16,344,55,2026-07-25 11:43:17.834520,2026-07-25 11:43:17.834520,2026-07-25 11:43:17.834520
7816,316,16,447,49,2026-07-25 11:43:17.834529,2026-07-25 11:43:17.834529,2026-07-25 11:43:17.834529
7817,317,16,86,77,2026-07-25 11:43:17.834539,2026-07-25 11:43:17.834539,2026-07-25 11:43:17.834539
7818,318,16,228,27,2026-07-25 11:43:17.834549,2026-07-25 11:43:17.834549,2026-07-25 11:43:17.834549
7819,319,16,246,62,2026-07-25 11:43:17.834559,2026-07-25 11:43:17.834559,2026-07-25 11:43:17.834559
7820,320,16,276,35,2026-07-25 11:43:17.834568,2026-07-25 11:43:17.834568,2026-07-25 11:43:17.834568
7821,321,16,124,33,2026-07-25 11:43:17.834578,2026-07-25 11:43:17.834578,2026-07-25 11:43:17.834578
7822,322,16,87,68,2026-07-25 11:43:17.834592,2026-07-25 11:43:17.834592,2026-07-25 11:43:17.834592
7823,323,16,483,62,2026-07-25 11:43:17.834601,2026-07-25 11:43:17.834601,2026-07-25 11:43:17.834601
7824,324,16,358,25,2026-07-25 11:43:17.834611,2026-07-25 11:43:17.834611,2026-07-25 11:43:17.834611
7825,325,16,54,47,2026-07-25 11:43:17.834621,2026-07-25 11:43:17.834621,2026-07-25 11:43:17.834621
7826,326,16,366,21,2026-07-25 11:43:17.834630,2026-07-25 11:43:17.834630,2026-07-25 11:43:17.834630
7827,327,16,82,79,2026-07-25 11:43:17.834640,2026-07-25 11:43:17.834640,2026-07-25 11:43:17.834640
7828,328,16,475,40,2026-07-25 11:43:17.834650,2026-07-25 11:43:17.834650,2026-07-25 11:43:17.834650
7829,329,16,462,44,2026-07-25 11:43:17.834659,2026-07-25 11:43:17.834659,2026-07-25 11:43:17.834659
7830,330,16,392,37,2026-07-25 11:43:17.834669,2026-07-25 11:43:17.834669,2026-07-25 11:43:17.834669
7831,331,16,112,66,2026-07-25 11:43:17.834679,2026-07-25 11:43:17.834679,2026-07-25 11:43:17.834679
7832,332,16,131,62,2026-07-25 11:43:17.834689,2026-07-25 11:43:17.834689,2026-07-25 11:43:17.834689
7833,333,16,243,80,2026-07-25 11:43:17.834698,2026-07-25 11:43:17.834698,2026-07-25 11:43:17.834698
7834,334,16,459,62,2026-07-25 11:43:17.834708,2026-07-25 11:43:17.834708,2026-07-25 11:43:17.834708
7835,335,16,63,62,2026-07-25 11:43:17.834718,2026-07-25 11:43:17.834718,2026-07-25 11:43:17.834718
7836,336,16,69,79,2026-07-25 11:43:17.834728,2026-07-25 11:43:17.834728,2026-07-25 11:43:17.834728
7837,337,16,273,60,2026-07-25 11:43:17.834737,2026-07-25 11:43:17.834737,2026-07-25 11:43:17.834737
7838,338,16,371,51,2026-07-25 11:43:17.834747,2026-07-25 11:43:17.834747,2026-07-25 11:43:17.834747
7839,339,16,46,70,2026-07-25 11:43:17.834757,2026-07-25 11:43:17.834757,2026-07-25 11:43:17.834757
7840,340,16,354,41,2026-07-25 11:43:17.834766,2026-07-25 11:43:17.834766,2026-07-25 11:43:17.834766
7841,341,16,446,34,2026-07-25 11:43:17.834776,2026-07-25 11:43:17.834776,2026-07-25 11:43:17.834776
7842,342,16,477,56,2026-07-25 11:43:17.834786,2026-07-25 11:43:17.834786,2026-07-25 11:43:17.834786
7843,343,16,392,79,2026-07-25 11:43:17.834795,2026-07-25 11:43:17.834795,2026-07-25 11:43:17.834795
7844,344,16,307,24,2026-07-25 11:43:17.834805,2026-07-25 11:43:17.834805,2026-07-25 11:43:17.834805
7845,345,16,329,41,2026-07-25 11:43:17.834815,2026-07-25 11:43:17.834815,2026-07-25 11:43:17.834815
7846,346,16,193,78,2026-07-25 11:43:17.834825,2026-07-25 11:43:17.834825,2026-07-25 11:43:17.834825
7847,347,16,367,67,2026-07-25 11:43:17.834834,2026-07-25 11:43:17.834834,2026-07-25 11:43:17.834834
7848,348,16,376,66,2026-07-25 11:43:17.834845,2026-07-25 11:43:17.834845,2026-07-25 11:43:17.834845
7849,349,16,195,61,2026-07-25 11:43:17.834855,2026-07-25 11:43:17.834855,2026-07-25 11:43:17.834855
7850,350,16,328,70,2026-07-25 11:43:17.834865,2026-07-25 11:43:17.834865,2026-07-25 11:43:17.834865
7851,351,16,287,74,2026-07-25 11:43:17.834875,2026-07-25 11:43:17.834875,2026-07-25 11:43:17.834875
7852,352,16,223,71,2026-07-25 11:43:17.834885,2026-07-25 11:43:17.834885,2026-07-25 11:43:17.834885
7853,353,16,119,34,2026-07-25 11:43:17.834894,2026-07-25 11:43:17.834894,2026-07-25 11:43:17.834894
7854,354,16,132,27,2026-07-25 11:43:17.834904,2026-07-25 11:43:17.834904,2026-07-25 11:43:17.834904
7855,355,16,148,25,2026-07-25 11:43:17.834914,2026-07-25 11:43:17.834914,2026-07-25 11:43:17.834914
7856,356,16,57,25,2026-07-25 11:43:17.834923,2026-07-25 11:43:17.834923,2026-07-25 11:43:17.834923
7857,357,16,174,67,2026-07-25 11:43:17.834933,2026-07-25 11:43:17.834933,2026-07-25 11:43:17.834933
7858,358,16,303,79,2026-07-25 11:43:17.834943,2026-07-25 11:43:17.834943,2026-07-25 11:43:17.834943
7859,359,16,96,67,2026-07-25 11:43:17.834952,2026-07-25 11:43:17.834952,2026-07-25 11:43:17.834952
7860,360,16,482,27,2026-07-25 11:43:17.834962,2026-07-25 11:43:17.834962,2026-07-25 11:43:17.834962
7861,361,16,293,43,2026-07-25 11:43:17.834972,2026-07-25 11:43:17.834972,2026-07-25 11:43:17.834972
7862,362,16,65,74,2026-07-25 11:43:17.834981,2026-07-25 11:43:17.834981,2026-07-25 11:43:17.834981
7863,363,16,160,44,2026-07-25 11:43:17.834991,2026-07-25 11:43:17.834991,2026-07-25 11:43:17.834991
7864,364,16,295,67,2026-07-25 11:43:17.835001,2026-07-25 11:43:17.835001,2026-07-25 11:43:17.835001
7865,365,16,0,39,2026-07-25 11:43:17.835011,2026-07-25 11:43:17.835011,2026-07-25 11:43:17.835011
7866,366,16,31,57,2026-07-25 11:43:17.835020,2026-07-25 11:43:17.835020,2026-07-25 11:43:17.835020
7867,367,16,274,32,2026-07-25 11:43:17.835030,2026-07-25 11:43:17.835030,2026-07-25 11:43:17.835030
7868,368,16,433,44,2026-07-25 11:43:17.835039,2026-07-25 11:43:17.835039,2026-07-25 11:43:17.835039
7869,369,16,216,40,2026-07-25 11:43:17.835049,2026-07-25 11:43:17.835049,2026-07-25 11:43:17.835049
7870,370,16,394,43,2026-07-25 11:43:17.835060,2026-07-25 11:43:17.835060,2026-07-25 11:43:17.835060
7871,371,16,408,63,2026-07-25 11:43:17.835070,2026-07-25 11:43:17.835070,2026-07-25 11:43:17.835070
7872,372,16,478,70,2026-07-25 11:43:17.835080,2026-07-25 11:43:17.835080,2026-07-25 11:43:17.835080
7873,373,16,64,53,2026-07-25 11:43:17.835090,2026-07-25 11:43:17.835090,2026-07-25 11:43:17.835090
7874,374,16,339,58,2026-07-25 11:43:17.835099,2026-07-25 11:43:17.835099,2026-07-25 11:43:17.835099
7875,375,16,302,34,2026-07-25 11:43:17.835109,2026-07-25 11:43:17.835109,2026-07-25 11:43:17.835109
7876,376,16,54,45,2026-07-25 11:43:17.835119,2026-07-25 11:43:17.835119,2026-07-25 11:43:17.835119
7877,377,16,4,54,2026-07-25 11:43:17.835128,2026-07-25 11:43:17.835128,2026-07-25 11:43:17.835128
7878,378,16,436,49,2026-07-25 11:43:17.835138,2026-07-25 11:43:17.835138,2026-07-25 11:43:17.835138
7879,379,16,161,29,2026-07-25 11:43:17.835148,2026-07-25 11:43:17.835148,2026-07-25 11:43:17.835148
7880,380,16,417,80,2026-07-25 11:43:17.835158,2026-07-25 11:43:17.835158,2026-07-25 11:43:17.835158
7881,381,16,151,73,2026-07-25 11:43:17.835167,2026-07-25 11:43:17.835167,2026-07-25 11:43:17.835167
7882,382,16,112,51,2026-07-25 11:43:17.835177,2026-07-25 11:43:17.835177,2026-07-25 11:43:17.835177
7883,383,16,348,49,2026-07-25 11:43:17.835187,2026-07-25 11:43:17.835187,2026-07-25 11:43:17.835187
7884,384,16,75,58,2026-07-25 11:43:17.835196,2026-07-25 11:43:17.835196,2026-07-25 11:43:17.835196
7885,385,16,145,29,2026-07-25 11:43:17.835206,2026-07-25 11:43:17.835206,2026-07-25 11:43:17.835206
7886,386,16,382,62,2026-07-25 11:43:17.835217,2026-07-25 11:43:17.835217,2026-07-25 11:43:17.835217
7887,387,16,434,71,2026-07-25 11:43:17.835227,2026-07-25 11:43:17.835227,2026-07-25 11:43:17.835227
7888,388,16,423,64,2026-07-25 11:43:17.835236,2026-07-25 11:43:17.835236,2026-07-25 11:43:17.835236
7889,389,16,17,58,2026-07-25 11:43:17.835246,2026-07-25 11:43:17.835246,2026-07-25 11:43:17.835246
7890,390,16,163,39,2026-07-25 11:43:17.835257,2026-07-25 11:43:17.835257,2026-07-25 11:43:17.835257
7891,391,16,257,64,2026-07-25 11:43:17.835267,2026-07-25 11:43:17.835267,2026-07-25 11:43:17.835267
7892,392,16,63,37,2026-07-25 11:43:17.835277,2026-07-25 11:43:17.835277,2026-07-25 11:43:17.835277
7893,393,16,434,65,2026-07-25 11:43:17.835287,2026-07-25 11:43:17.835287,2026-07-25 11:43:17.835287
7894,394,16,293,50,2026-07-25 11:43:17.835296,2026-07-25 11:43:17.835296,2026-07-25 11:43:17.835296
7895,395,16,323,73,2026-07-25 11:43:17.835306,2026-07-25 11:43:17.835306,2026-07-25 11:43:17.835306
7896,396,16,110,51,2026-07-25 11:43:17.835316,2026-07-25 11:43:17.835316,2026-07-25 11:43:17.835316
7897,397,16,149,65,2026-07-25 11:43:17.835325,2026-07-25 11:43:17.835325,2026-07-25 11:43:17.835325
7898,398,16,494,44,2026-07-25 11:43:17.835335,2026-07-25 11:43:17.835335,2026-07-25 11:43:17.835335
7899,399,16,30,71,2026-07-25 11:43:17.835345,2026-07-25 11:43:17.835345,2026-07-25 11:43:17.835345
7900,400,16,170,29,2026-07-25 11:43:17.835356,2026-07-25 11:43:17.835356,2026-07-25 11:43:17.835356
7901,401,16,423,65,2026-07-25 11:43:17.835365,2026-07-25 11:43:17.835365,2026-07-25 11:43:17.835365
7902,402,16,107,74,2026-07-25 11:43:17.835375,2026-07-25 11:43:17.835375,2026-07-25 11:43:17.835375
7903,403,16,375,79,2026-07-25 11:43:17.835385,2026-07-25 11:43:17.835385,2026-07-25 11:43:17.835385
7904,404,16,414,34,2026-07-25 11:43:17.835394,2026-07-25 11:43:17.835394,2026-07-25 11:43:17.835394
7905,405,16,358,67,2026-07-25 11:43:17.835404,2026-07-25 11:43:17.835404,2026-07-25 11:43:17.835404
7906,406,16,26,79,2026-07-25 11:43:17.835413,2026-07-25 11:43:17.835413,2026-07-25 11:43:17.835413
7907,407,16,443,69,2026-07-25 11:43:17.835423,2026-07-25 11:43:17.835423,2026-07-25 11:43:17.835423
7908,408,16,91,74,2026-07-25 11:43:17.835433,2026-07-25 11:43:17.835433,2026-07-25 11:43:17.835433
7909,409,16,249,66,2026-07-25 11:43:17.835442,2026-07-25 11:43:17.835442,2026-07-25 11:43:17.835442
7910,410,16,200,39,2026-07-25 11:43:17.835452,2026-07-25 11:43:17.835452,2026-07-25 11:43:17.835452
7911,411,16,417,62,2026-07-25 11:43:17.835462,2026-07-25 11:43:17.835462,2026-07-25 11:43:17.835462
7912,412,16,467,74,2026-07-25 11:43:17.835472,2026-07-25 11:43:17.835472,2026-07-25 11:43:17.835472
7913,413,16,81,21,2026-07-25 11:43:17.835481,2026-07-25 11:43:17.835481,2026-07-25 11:43:17.835481
7914,414,16,280,45,2026-07-25 11:43:17.835491,2026-07-25 11:43:17.835491,2026-07-25 11:43:17.835491
7915,415,16,172,47,2026-07-25 11:43:17.835501,2026-07-25 11:43:17.835501,2026-07-25 11:43:17.835501
7916,416,16,347,50,2026-07-25 11:43:17.835510,2026-07-25 11:43:17.835510,2026-07-25 11:43:17.835510
7917,417,16,178,68,2026-07-25 11:43:17.835520,2026-07-25 11:43:17.835520,2026-07-25 11:43:17.835520
7918,418,16,200,45,2026-07-25 11:43:17.835529,2026-07-25 11:43:17.835529,2026-07-25 11:43:17.835529
7919,419,16,36,53,2026-07-25 11:43:17.835539,2026-07-25 11:43:17.835539,2026-07-25 11:43:17.835539
7920,420,16,372,38,2026-07-25 11:43:17.835549,2026-07-25 11:43:17.835549,2026-07-25 11:43:17.835549
7921,421,16,144,64,2026-07-25 11:43:17.835558,2026-07-25 11:43:17.835558,2026-07-25 11:43:17.835558
7922,422,16,472,32,2026-07-25 11:43:17.835568,2026-07-25 11:43:17.835568,2026-07-25 11:43:17.835568
7923,423,16,358,74,2026-07-25 11:43:17.835578,2026-07-25 11:43:17.835578,2026-07-25 11:43:17.835578
7924,424,16,280,45,2026-07-25 11:43:17.835587,2026-07-25 11:43:17.835587,2026-07-25 11:43:17.835587
7925,425,16,49,28,2026-07-25 11:43:17.835597,2026-07-25 11:43:17.835597,2026-07-25 11:43:17.835597
7926,426,16,165,68,2026-07-25 11:43:17.835607,2026-07-25 11:43:17.835607,2026-07-25 11:43:17.835607
7927,427,16,405,57,2026-07-25 11:43:17.835616,2026-07-25 11:43:17.835616,2026-07-25 11:43:17.835616
7928,428,16,443,71,2026-07-25 11:43:17.835626,2026-07-25 11:43:17.835626,2026-07-25 11:43:17.835626
7929,429,16,27,74,2026-07-25 11:43:17.835636,2026-07-25 11:43:17.835636,2026-07-25 11:43:17.835636
7930,430,16,478,65,2026-07-25 11:43:17.835645,2026-07-25 11:43:17.835645,2026-07-25 11:43:17.835645
7931,431,16,155,49,2026-07-25 11:43:17.835655,2026-07-25 11:43:17.835655,2026-07-25 11:43:17.835655
7932,432,16,335,30,2026-07-25 11:43:17.835665,2026-07-25 11:43:17.835665,2026-07-25 11:43:17.835665
7933,433,16,295,28,2026-07-25 11:43:17.835674,2026-07-25 11:43:17.835674,2026-07-25 11:43:17.835674
7934,434,16,226,64,2026-07-25 11:43:17.835684,2026-07-25 11:43:17.835684,2026-07-25 11:43:17.835684
7935,435,16,247,38,2026-07-25 11:43:17.835694,2026-07-25 11:43:17.835694,2026-07-25 11:43:17.835694
7936,436,16,459,29,2026-07-25 11:43:17.835703,2026-07-25 11:43:17.835703,2026-07-25 11:43:17.835703
7937,437,16,107,33,2026-07-25 11:43:17.835713,2026-07-25 11:43:17.835713,2026-07-25 11:43:17.835713
7938,438,16,411,67,2026-07-25 11:43:17.835723,2026-07-25 11:43:17.835723,2026-07-25 11:43:17.835723
7939,439,16,100,67,2026-07-25 11:43:17.835732,2026-07-25 11:43:17.835732,2026-07-25 11:43:17.835732
7940,440,16,333,20,2026-07-25 11:43:17.835742,2026-07-25 11:43:17.835742,2026-07-25 11:43:17.835742
7941,441,16,185,66,2026-07-25 11:43:17.835752,2026-07-25 11:43:17.835752,2026-07-25 11:43:17.835752
7942,442,16,438,56,2026-07-25 11:43:17.835776,2026-07-25 11:43:17.835776,2026-07-25 11:43:17.835776
7943,443,16,52,63,2026-07-25 11:43:17.835787,2026-07-25 11:43:17.835787,2026-07-25 11:43:17.835787
7944,444,16,402,74,2026-07-25 11:43:17.835797,2026-07-25 11:43:17.835797,2026-07-25 11:43:17.835797
7945,445,16,75,44,2026-07-25 11:43:17.835807,2026-07-25 11:43:17.835807,2026-07-25 11:43:17.835807
7946,446,16,486,47,2026-07-25 11:43:17.835817,2026-07-25 11:43:17.835817,2026-07-25 11:43:17.835817
7947,447,16,347,73,2026-07-25 11:43:17.835826,2026-07-25 11:43:17.835826,2026-07-25 11:43:17.835826
7948,448,16,86,79,2026-07-25 11:43:17.835836,2026-07-25 11:43:17.835836,2026-07-25 11:43:17.835836
7949,449,16,28,26,2026-07-25 11:43:17.835846,2026-07-25 11:43:17.835846,2026-07-25 11:43:17.835846
7950,450,16,182,50,2026-07-25 11:43:17.835856,2026-07-25 11:43:17.835856,2026-07-25 11:43:17.835856
7951,451,16,91,80,2026-07-25 11:43:17.835865,2026-07-25 11:43:17.835865,2026-07-25 11:43:17.835865
7952,452,16,26,27,2026-07-25 11:43:17.835875,2026-07-25 11:43:17.835875,2026-07-25 11:43:17.835875
7953,453,16,263,61,2026-07-25 11:43:17.835885,2026-07-25 11:43:17.835885,2026-07-25 11:43:17.835885
7954,454,16,173,57,2026-07-25 11:43:17.835895,2026-07-25 11:43:17.835895,2026-07-25 11:43:17.835895
7955,455,16,222,29,2026-07-25 11:43:17.835904,2026-07-25 11:43:17.835904,2026-07-25 11:43:17.835904
7956,456,16,321,66,2026-07-25 11:43:17.835914,2026-07-25 11:43:17.835914,2026-07-25 11:43:17.835914
7957,457,16,206,35,2026-07-25 11:43:17.835923,2026-07-25 11:43:17.835923,2026-07-25 11:43:17.835923
7958,458,16,17,27,2026-07-25 11:43:17.835933,2026-07-25 11:43:17.835933,2026-07-25 11:43:17.835933
7959,459,16,123,45,2026-07-25 11:43:17.835943,2026-07-25 11:43:17.835943,2026-07-25 11:43:17.835943
7960,460,16,250,39,2026-07-25 11:43:17.835953,2026-07-25 11:43:17.835953,2026-07-25 11:43:17.835953
7961,461,16,352,58,2026-07-25 11:43:17.835962,2026-07-25 11:43:17.835962,2026-07-25 11:43:17.835962
7962,462,16,488,31,2026-07-25 11:43:17.835972,2026-07-25 11:43:17.835972,2026-07-25 11:43:17.835972
7963,463,16,334,67,2026-07-25 11:43:17.835982,2026-07-25 11:43:17.835982,2026-07-25 11:43:17.835982
7964,464,16,192,69,2026-07-25 11:43:17.835992,2026-07-25 11:43:17.835992,2026-07-25 11:43:17.835992
7965,465,16,354,70,2026-07-25 11:43:17.836001,2026-07-25 11:43:17.836001,2026-07-25 11:43:17.836001
7966,466,16,343,62,2026-07-25 11:43:17.836011,2026-07-25 11:43:17.836011,2026-07-25 11:43:17.836011
7967,467,16,45,69,2026-07-25 11:43:17.836021,2026-07-25 11:43:17.836021,2026-07-25 11:43:17.836021
7968,468,16,237,75,2026-07-25 11:43:17.836030,2026-07-25 11:43:17.836030,2026-07-25 11:43:17.836030
7969,469,16,418,61,2026-07-25 11:43:17.836040,2026-07-25 11:43:17.836040,2026-07-25 11:43:17.836040
7970,470,16,195,37,2026-07-25 11:43:17.836050,2026-07-25 11:43:17.836050,2026-07-25 11:43:17.836050
7971,471,16,323,61,2026-07-25 11:43:17.836059,2026-07-25 11:43:17.836059,2026-07-25 11:43:17.836059
7972,472,16,227,43,2026-07-25 11:43:17.836069,2026-07-25 11:43:17.836069,2026-07-25 11:43:17.836069
7973,473,16,5,27,2026-07-25 11:43:17.836079,2026-07-25 11:43:17.836079,2026-07-25 11:43:17.836079
7974,474,16,59,25,2026-07-25 11:43:17.836089,2026-07-25 11:43:17.836089,2026-07-25 11:43:17.836089
7975,475,16,62,51,2026-07-25 11:43:17.836098,2026-07-25 11:43:17.836098,2026-07-25 11:43:17.836098
7976,476,16,328,62,2026-07-25 11:43:17.836108,2026-07-25 11:43:17.836108,2026-07-25 11:43:17.836108
7977,477,16,465,52,2026-07-25 11:43:17.836117,2026-07-25 11:43:17.836117,2026-07-25 11:43:17.836117
7978,478,16,115,21,2026-07-25 11:43:17.836129,2026-07-25 11:43:17.836129,2026-07-25 11:43:17.836129
7979,479,16,300,56,2026-07-25 11:43:17.836139,2026-07-25 11:43:17.836139,2026-07-25 11:43:17.836139
7980,480,16,293,50,2026-07-25 11:43:17.836148,2026-07-25 11:43:17.836148,2026-07-25 11:43:17.836148
7981,481,16,140,64,2026-07-25 11:43:17.836158,2026-07-25 11:43:17.836158,2026-07-25 11:43:17.836158
7982,482,16,381,26,2026-07-25 11:43:17.836168,2026-07-25 11:43:17.836168,2026-07-25 11:43:17.836168
7983,483,16,406,57,2026-07-25 11:43:17.836178,2026-07-25 11:43:17.836178,2026-07-25 11:43:17.836178
7984,484,16,92,44,2026-07-25 11:43:17.836187,2026-07-25 11:43:17.836187,2026-07-25 11:43:17.836187
7985,485,16,247,61,2026-07-25 11:43:17.836197,2026-07-25 11:43:17.836197,2026-07-25 11:43:17.836197
7986,486,16,359,47,2026-07-25 11:43:17.836206,2026-07-25 11:43:17.836206,2026-07-25 11:43:17.836206
7987,487,16,152,56,2026-07-25 11:43:17.836216,2026-07-25 11:43:17.836216,2026-07-25 11:43:17.836216
7988,488,16,64,26,2026-07-25 11:43:17.836226,2026-07-25 11:43:17.836226,2026-07-25 11:43:17.836226
7989,489,16,166,24,2026-07-25 11:43:17.836235,2026-07-25 11:43:17.836235,2026-07-25 11:43:17.836235
7990,490,16,365,78,2026-07-25 11:43:17.836245,2026-07-25 11:43:17.836245,2026-07-25 11:43:17.836245
7991,491,16,441,70,2026-07-25 11:43:17.836255,2026-07-25 11:43:17.836255,2026-07-25 11:43:17.836255
7992,492,16,275,31,2026-07-25 11:43:17.836265,2026-07-25 11:43:17.836265,2026-07-25 11:43:17.836265
7993,493,16,207,72,2026-07-25 11:43:17.836274,2026-07-25 11:43:17.836274,2026-07-25 11:43:17.836274
7994,494,16,358,21,2026-07-25 11:43:17.836284,2026-07-25 11:43:17.836284,2026-07-25 11:43:17.836284
7995,495,16,201,55,2026-07-25 11:43:17.836294,2026-07-25 11:43:17.836294,2026-07-25 11:43:17.836294
7996,496,16,418,54,2026-07-25 11:43:17.836303,2026-07-25 11:43:17.836303,2026-07-25 11:43:17.836303
7997,497,16,401,71,2026-07-25 11:43:17.836315,2026-07-25 11:43:17.836315,2026-07-25 11:43:17.836315
7998,498,16,271,51,2026-07-25 11:43:17.836324,2026-07-25 11:43:17.836324,2026-07-25 11:43:17.836324
7999,499,16,32,53,2026-07-25 11:43:17.836334,2026-07-25 11:43:17.836334,2026-07-25 11:43:17.836334
8000,500,16,428,57,2026-07-25 11:43:17.836344,2026-07-25 11:43:17.836344,2026-07-25 11:43:17.836344
8001,1,17,275,65,2026-07-25 11:43:17.836506,2026-07-25 11:43:17.836506,2026-07-25 11:43:17.836506
8002,2,17,419,70,2026-07-25 11:43:17.836519,2026-07-25 11:43:17.836519,2026-07-25 11:43:17.836519
8003,3,17,333,27,2026-07-25 11:43:17.836530,2026-07-25 11:43:17.836530,2026-07-25 11:43:17.836530
8004,4,17,385,68,2026-07-25 11:43:17.836540,2026-07-25 11:43:17.836540,2026-07-25 11:43:17.836540
8005,5,17,106,62,2026-07-25 11:43:17.836550,2026-07-25 11:43:17.836550,2026-07-25 11:43:17.836550
8006,6,17,459,27,2026-07-25 11:43:17.836560,2026-07-25 11:43:17.836560,2026-07-25 11:43:17.836560
8007,7,17,92,75,2026-07-25 11:43:17.836570,2026-07-25 11:43:17.836570,2026-07-25 11:43:17.836570
8008,8,17,306,64,2026-07-25 11:43:17.836580,2026-07-25 11:43:17.836580,2026-07-25 11:43:17.836580
8009,9,17,92,20,2026-07-25 11:43:17.836590,2026-07-25 11:43:17.836590,2026-07-25 11:43:17.836590
8010,10,17,284,48,2026-07-25 11:43:17.836600,2026-07-25 11:43:17.836600,2026-07-25 11:43:17.836600
8011,11,17,409,40,2026-07-25 11:43:17.836610,2026-07-25 11:43:17.836610,2026-07-25 11:43:17.836610
8012,12,17,62,22,2026-07-25 11:43:17.836620,2026-07-25 11:43:17.836620,2026-07-25 11:43:17.836620
8013,13,17,65,56,2026-07-25 11:43:17.836629,2026-07-25 11:43:17.836629,2026-07-25 11:43:17.836629
8014,14,17,105,61,2026-07-25 11:43:17.836639,2026-07-25 11:43:17.836639,2026-07-25 11:43:17.836639
8015,15,17,82,25,2026-07-25 11:43:17.836649,2026-07-25 11:43:17.836649,2026-07-25 11:43:17.836649
8016,16,17,287,36,2026-07-25 11:43:17.836659,2026-07-25 11:43:17.836659,2026-07-25 11:43:17.836659
8017,17,17,435,68,2026-07-25 11:43:17.836669,2026-07-25 11:43:17.836669,2026-07-25 11:43:17.836669
8018,18,17,17,25,2026-07-25 11:43:17.836678,2026-07-25 11:43:17.836678,2026-07-25 11:43:17.836678
8019,19,17,63,52,2026-07-25 11:43:17.836688,2026-07-25 11:43:17.836688,2026-07-25 11:43:17.836688
8020,20,17,152,43,2026-07-25 11:43:17.836698,2026-07-25 11:43:17.836698,2026-07-25 11:43:17.836698
8021,21,17,494,54,2026-07-25 11:43:17.836707,2026-07-25 11:43:17.836707,2026-07-25 11:43:17.836707
8022,22,17,87,47,2026-07-25 11:43:17.836717,2026-07-25 11:43:17.836717,2026-07-25 11:43:17.836717
8023,23,17,500,80,2026-07-25 11:43:17.836727,2026-07-25 11:43:17.836727,2026-07-25 11:43:17.836727
8024,24,17,336,20,2026-07-25 11:43:17.836737,2026-07-25 11:43:17.836737,2026-07-25 11:43:17.836737
8025,25,17,127,39,2026-07-25 11:43:17.836746,2026-07-25 11:43:17.836746,2026-07-25 11:43:17.836746
8026,26,17,23,80,2026-07-25 11:43:17.836756,2026-07-25 11:43:17.836756,2026-07-25 11:43:17.836756
8027,27,17,484,53,2026-07-25 11:43:17.836766,2026-07-25 11:43:17.836766,2026-07-25 11:43:17.836766
8028,28,17,463,70,2026-07-25 11:43:17.836775,2026-07-25 11:43:17.836775,2026-07-25 11:43:17.836775
8029,29,17,150,62,2026-07-25 11:43:17.836785,2026-07-25 11:43:17.836785,2026-07-25 11:43:17.836785
8030,30,17,273,48,2026-07-25 11:43:17.836795,2026-07-25 11:43:17.836795,2026-07-25 11:43:17.836795
8031,31,17,71,56,2026-07-25 11:43:17.836805,2026-07-25 11:43:17.836805,2026-07-25 11:43:17.836805
8032,32,17,251,64,2026-07-25 11:43:17.836814,2026-07-25 11:43:17.836814,2026-07-25 11:43:17.836814
8033,33,17,160,53,2026-07-25 11:43:17.836824,2026-07-25 11:43:17.836824,2026-07-25 11:43:17.836824
8034,34,17,466,42,2026-07-25 11:43:17.836834,2026-07-25 11:43:17.836834,2026-07-25 11:43:17.836834
8035,35,17,310,54,2026-07-25 11:43:17.836844,2026-07-25 11:43:17.836844,2026-07-25 11:43:17.836844
8036,36,17,261,33,2026-07-25 11:43:17.836854,2026-07-25 11:43:17.836854,2026-07-25 11:43:17.836854
8037,37,17,352,26,2026-07-25 11:43:17.836863,2026-07-25 11:43:17.836863,2026-07-25 11:43:17.836863
8038,38,17,339,72,2026-07-25 11:43:17.836873,2026-07-25 11:43:17.836873,2026-07-25 11:43:17.836873
8039,39,17,22,35,2026-07-25 11:43:17.836883,2026-07-25 11:43:17.836883,2026-07-25 11:43:17.836883
8040,40,17,18,32,2026-07-25 11:43:17.836893,2026-07-25 11:43:17.836893,2026-07-25 11:43:17.836893
8041,41,17,72,39,2026-07-25 11:43:17.836902,2026-07-25 11:43:17.836902,2026-07-25 11:43:17.836902
8042,42,17,438,73,2026-07-25 11:43:17.836912,2026-07-25 11:43:17.836912,2026-07-25 11:43:17.836912
8043,43,17,110,28,2026-07-25 11:43:17.836921,2026-07-25 11:43:17.836921,2026-07-25 11:43:17.836921
8044,44,17,308,55,2026-07-25 11:43:17.836931,2026-07-25 11:43:17.836931,2026-07-25 11:43:17.836931
8045,45,17,110,57,2026-07-25 11:43:17.836941,2026-07-25 11:43:17.836941,2026-07-25 11:43:17.836941
8046,46,17,183,37,2026-07-25 11:43:17.836951,2026-07-25 11:43:17.836951,2026-07-25 11:43:17.836951
8047,47,17,65,66,2026-07-25 11:43:17.836961,2026-07-25 11:43:17.836961,2026-07-25 11:43:17.836961
8048,48,17,318,47,2026-07-25 11:43:17.836970,2026-07-25 11:43:17.836970,2026-07-25 11:43:17.836970
8049,49,17,38,55,2026-07-25 11:43:17.836980,2026-07-25 11:43:17.836980,2026-07-25 11:43:17.836980
8050,50,17,130,36,2026-07-25 11:43:17.836990,2026-07-25 11:43:17.836990,2026-07-25 11:43:17.836990
8051,51,17,195,61,2026-07-25 11:43:17.837000,2026-07-25 11:43:17.837000,2026-07-25 11:43:17.837000
8052,52,17,462,30,2026-07-25 11:43:17.837009,2026-07-25 11:43:17.837009,2026-07-25 11:43:17.837009
8053,53,17,204,49,2026-07-25 11:43:17.837019,2026-07-25 11:43:17.837019,2026-07-25 11:43:17.837019
8054,54,17,42,80,2026-07-25 11:43:17.837029,2026-07-25 11:43:17.837029,2026-07-25 11:43:17.837029
8055,55,17,130,63,2026-07-25 11:43:17.837038,2026-07-25 11:43:17.837038,2026-07-25 11:43:17.837038
8056,56,17,217,80,2026-07-25 11:43:17.837049,2026-07-25 11:43:17.837049,2026-07-25 11:43:17.837049
8057,57,17,355,29,2026-07-25 11:43:17.837059,2026-07-25 11:43:17.837059,2026-07-25 11:43:17.837059
8058,58,17,274,33,2026-07-25 11:43:17.837069,2026-07-25 11:43:17.837069,2026-07-25 11:43:17.837069
8059,59,17,36,60,2026-07-25 11:43:17.837079,2026-07-25 11:43:17.837079,2026-07-25 11:43:17.837079
8060,60,17,375,37,2026-07-25 11:43:17.837088,2026-07-25 11:43:17.837088,2026-07-25 11:43:17.837088
8061,61,17,324,64,2026-07-25 11:43:17.837098,2026-07-25 11:43:17.837098,2026-07-25 11:43:17.837098
8062,62,17,330,32,2026-07-25 11:43:17.837108,2026-07-25 11:43:17.837108,2026-07-25 11:43:17.837108
8063,63,17,365,43,2026-07-25 11:43:17.837118,2026-07-25 11:43:17.837118,2026-07-25 11:43:17.837118
8064,64,17,288,62,2026-07-25 11:43:17.837127,2026-07-25 11:43:17.837127,2026-07-25 11:43:17.837127
8065,65,17,331,72,2026-07-25 11:43:17.837139,2026-07-25 11:43:17.837139,2026-07-25 11:43:17.837139
8066,66,17,261,58,2026-07-25 11:43:17.837149,2026-07-25 11:43:17.837149,2026-07-25 11:43:17.837149
8067,67,17,83,46,2026-07-25 11:43:17.837159,2026-07-25 11:43:17.837159,2026-07-25 11:43:17.837159
8068,68,17,420,29,2026-07-25 11:43:17.837169,2026-07-25 11:43:17.837169,2026-07-25 11:43:17.837169
8069,69,17,161,70,2026-07-25 11:43:17.837179,2026-07-25 11:43:17.837179,2026-07-25 11:43:17.837179
8070,70,17,222,44,2026-07-25 11:43:17.837188,2026-07-25 11:43:17.837188,2026-07-25 11:43:17.837188
8071,71,17,13,58,2026-07-25 11:43:17.837198,2026-07-25 11:43:17.837198,2026-07-25 11:43:17.837198
8072,72,17,126,24,2026-07-25 11:43:17.837208,2026-07-25 11:43:17.837208,2026-07-25 11:43:17.837208
8073,73,17,138,27,2026-07-25 11:43:17.837218,2026-07-25 11:43:17.837218,2026-07-25 11:43:17.837218
8074,74,17,272,27,2026-07-25 11:43:17.837227,2026-07-25 11:43:17.837227,2026-07-25 11:43:17.837227
8075,75,17,350,55,2026-07-25 11:43:17.837237,2026-07-25 11:43:17.837237,2026-07-25 11:43:17.837237
8076,76,17,208,24,2026-07-25 11:43:17.837247,2026-07-25 11:43:17.837247,2026-07-25 11:43:17.837247
8077,77,17,168,60,2026-07-25 11:43:17.837256,2026-07-25 11:43:17.837256,2026-07-25 11:43:17.837256
8078,78,17,45,43,2026-07-25 11:43:17.837266,2026-07-25 11:43:17.837266,2026-07-25 11:43:17.837266
8079,79,17,465,41,2026-07-25 11:43:17.837276,2026-07-25 11:43:17.837276,2026-07-25 11:43:17.837276
8080,80,17,398,37,2026-07-25 11:43:17.837286,2026-07-25 11:43:17.837286,2026-07-25 11:43:17.837286
8081,81,17,74,75,2026-07-25 11:43:17.837295,2026-07-25 11:43:17.837295,2026-07-25 11:43:17.837295
8082,82,17,408,34,2026-07-25 11:43:17.837305,2026-07-25 11:43:17.837305,2026-07-25 11:43:17.837305
8083,83,17,140,20,2026-07-25 11:43:17.837315,2026-07-25 11:43:17.837315,2026-07-25 11:43:17.837315
8084,84,17,50,44,2026-07-25 11:43:17.837324,2026-07-25 11:43:17.837324,2026-07-25 11:43:17.837324
8085,85,17,496,34,2026-07-25 11:43:17.837334,2026-07-25 11:43:17.837334,2026-07-25 11:43:17.837334
8086,86,17,193,80,2026-07-25 11:43:17.837344,2026-07-25 11:43:17.837344,2026-07-25 11:43:17.837344
8087,87,17,53,70,2026-07-25 11:43:17.837354,2026-07-25 11:43:17.837354,2026-07-25 11:43:17.837354
8088,88,17,473,27,2026-07-25 11:43:17.837363,2026-07-25 11:43:17.837363,2026-07-25 11:43:17.837363
8089,89,17,89,53,2026-07-25 11:43:17.837373,2026-07-25 11:43:17.837373,2026-07-25 11:43:17.837373
8090,90,17,372,76,2026-07-25 11:43:17.837383,2026-07-25 11:43:17.837383,2026-07-25 11:43:17.837383
8091,91,17,156,57,2026-07-25 11:43:17.837392,2026-07-25 11:43:17.837392,2026-07-25 11:43:17.837392
8092,92,17,420,71,2026-07-25 11:43:17.837402,2026-07-25 11:43:17.837402,2026-07-25 11:43:17.837402
8093,93,17,250,26,2026-07-25 11:43:17.837412,2026-07-25 11:43:17.837412,2026-07-25 11:43:17.837412
8094,94,17,270,42,2026-07-25 11:43:17.837423,2026-07-25 11:43:17.837423,2026-07-25 11:43:17.837423
8095,95,17,358,56,2026-07-25 11:43:17.837433,2026-07-25 11:43:17.837433,2026-07-25 11:43:17.837433
8096,96,17,443,38,2026-07-25 11:43:17.837443,2026-07-25 11:43:17.837443,2026-07-25 11:43:17.837443
8097,97,17,282,37,2026-07-25 11:43:17.837453,2026-07-25 11:43:17.837453,2026-07-25 11:43:17.837453
8098,98,17,311,26,2026-07-25 11:43:17.837462,2026-07-25 11:43:17.837462,2026-07-25 11:43:17.837462
8099,99,17,459,23,2026-07-25 11:43:17.837472,2026-07-25 11:43:17.837472,2026-07-25 11:43:17.837472
8100,100,17,87,40,2026-07-25 11:43:17.837482,2026-07-25 11:43:17.837482,2026-07-25 11:43:17.837482
8101,101,17,484,68,2026-07-25 11:43:17.837492,2026-07-25 11:43:17.837492,2026-07-25 11:43:17.837492
8102,102,17,199,31,2026-07-25 11:43:17.837501,2026-07-25 11:43:17.837501,2026-07-25 11:43:17.837501
8103,103,17,176,71,2026-07-25 11:43:17.837511,2026-07-25 11:43:17.837511,2026-07-25 11:43:17.837511
8104,104,17,379,63,2026-07-25 11:43:17.837521,2026-07-25 11:43:17.837521,2026-07-25 11:43:17.837521
8105,105,17,495,70,2026-07-25 11:43:17.837530,2026-07-25 11:43:17.837530,2026-07-25 11:43:17.837530
8106,106,17,272,55,2026-07-25 11:43:17.837540,2026-07-25 11:43:17.837540,2026-07-25 11:43:17.837540
8107,107,17,304,76,2026-07-25 11:43:17.837550,2026-07-25 11:43:17.837550,2026-07-25 11:43:17.837550
8108,108,17,435,45,2026-07-25 11:43:17.837559,2026-07-25 11:43:17.837559,2026-07-25 11:43:17.837559
8109,109,17,244,57,2026-07-25 11:43:17.837569,2026-07-25 11:43:17.837569,2026-07-25 11:43:17.837569
8110,110,17,65,36,2026-07-25 11:43:17.837579,2026-07-25 11:43:17.837579,2026-07-25 11:43:17.837579
8111,111,17,4,63,2026-07-25 11:43:17.837588,2026-07-25 11:43:17.837588,2026-07-25 11:43:17.837588
8112,112,17,262,65,2026-07-25 11:43:17.837598,2026-07-25 11:43:17.837598,2026-07-25 11:43:17.837598
8113,113,17,79,62,2026-07-25 11:43:17.837608,2026-07-25 11:43:17.837608,2026-07-25 11:43:17.837608
8114,114,17,64,29,2026-07-25 11:43:17.837618,2026-07-25 11:43:17.837618,2026-07-25 11:43:17.837618
8115,115,17,193,56,2026-07-25 11:43:17.837627,2026-07-25 11:43:17.837627,2026-07-25 11:43:17.837627
8116,116,17,376,37,2026-07-25 11:43:17.837637,2026-07-25 11:43:17.837637,2026-07-25 11:43:17.837637
8117,117,17,27,78,2026-07-25 11:43:17.837647,2026-07-25 11:43:17.837647,2026-07-25 11:43:17.837647
8118,118,17,371,60,2026-07-25 11:43:17.837657,2026-07-25 11:43:17.837657,2026-07-25 11:43:17.837657
8119,119,17,498,43,2026-07-25 11:43:17.837666,2026-07-25 11:43:17.837666,2026-07-25 11:43:17.837666
8120,120,17,362,69,2026-07-25 11:43:17.837676,2026-07-25 11:43:17.837676,2026-07-25 11:43:17.837676
8121,121,17,127,63,2026-07-25 11:43:17.837686,2026-07-25 11:43:17.837686,2026-07-25 11:43:17.837686
8122,122,17,311,46,2026-07-25 11:43:17.837695,2026-07-25 11:43:17.837695,2026-07-25 11:43:17.837695
8123,123,17,361,49,2026-07-25 11:43:17.837705,2026-07-25 11:43:17.837705,2026-07-25 11:43:17.837705
8124,124,17,93,48,2026-07-25 11:43:17.837716,2026-07-25 11:43:17.837716,2026-07-25 11:43:17.837716
8125,125,17,181,71,2026-07-25 11:43:17.837726,2026-07-25 11:43:17.837726,2026-07-25 11:43:17.837726
8126,126,17,239,52,2026-07-25 11:43:17.837736,2026-07-25 11:43:17.837736,2026-07-25 11:43:17.837736
8127,127,17,146,37,2026-07-25 11:43:17.837745,2026-07-25 11:43:17.837745,2026-07-25 11:43:17.837745
8128,128,17,487,47,2026-07-25 11:43:17.837755,2026-07-25 11:43:17.837755,2026-07-25 11:43:17.837755
8129,129,17,266,80,2026-07-25 11:43:17.837765,2026-07-25 11:43:17.837765,2026-07-25 11:43:17.837765
8130,130,17,367,76,2026-07-25 11:43:17.837775,2026-07-25 11:43:17.837775,2026-07-25 11:43:17.837775
8131,131,17,472,72,2026-07-25 11:43:17.837785,2026-07-25 11:43:17.837785,2026-07-25 11:43:17.837785
8132,132,17,117,39,2026-07-25 11:43:17.837794,2026-07-25 11:43:17.837794,2026-07-25 11:43:17.837794
8133,133,17,325,74,2026-07-25 11:43:17.837804,2026-07-25 11:43:17.837804,2026-07-25 11:43:17.837804
8134,134,17,44,80,2026-07-25 11:43:17.837816,2026-07-25 11:43:17.837816,2026-07-25 11:43:17.837816
8135,135,17,156,46,2026-07-25 11:43:17.837825,2026-07-25 11:43:17.837825,2026-07-25 11:43:17.837825
8136,136,17,394,40,2026-07-25 11:43:17.837835,2026-07-25 11:43:17.837835,2026-07-25 11:43:17.837835
8137,137,17,432,25,2026-07-25 11:43:17.837845,2026-07-25 11:43:17.837845,2026-07-25 11:43:17.837845
8138,138,17,324,25,2026-07-25 11:43:17.837855,2026-07-25 11:43:17.837855,2026-07-25 11:43:17.837855
8139,139,17,39,66,2026-07-25 11:43:17.837864,2026-07-25 11:43:17.837864,2026-07-25 11:43:17.837864
8140,140,17,122,80,2026-07-25 11:43:17.837874,2026-07-25 11:43:17.837874,2026-07-25 11:43:17.837874
8141,141,17,47,30,2026-07-25 11:43:17.837884,2026-07-25 11:43:17.837884,2026-07-25 11:43:17.837884
8142,142,17,294,23,2026-07-25 11:43:17.837894,2026-07-25 11:43:17.837894,2026-07-25 11:43:17.837894
8143,143,17,43,67,2026-07-25 11:43:17.837904,2026-07-25 11:43:17.837904,2026-07-25 11:43:17.837904
8144,144,17,146,55,2026-07-25 11:43:17.837913,2026-07-25 11:43:17.837913,2026-07-25 11:43:17.837913
8145,145,17,475,51,2026-07-25 11:43:17.837923,2026-07-25 11:43:17.837923,2026-07-25 11:43:17.837923
8146,146,17,413,75,2026-07-25 11:43:17.837933,2026-07-25 11:43:17.837933,2026-07-25 11:43:17.837933
8147,147,17,5,80,2026-07-25 11:43:17.837943,2026-07-25 11:43:17.837943,2026-07-25 11:43:17.837943
8148,148,17,217,63,2026-07-25 11:43:17.837953,2026-07-25 11:43:17.837953,2026-07-25 11:43:17.837953
8149,149,17,260,79,2026-07-25 11:43:17.837963,2026-07-25 11:43:17.837963,2026-07-25 11:43:17.837963
8150,150,17,374,28,2026-07-25 11:43:17.837972,2026-07-25 11:43:17.837972,2026-07-25 11:43:17.837972
8151,151,17,245,51,2026-07-25 11:43:17.837982,2026-07-25 11:43:17.837982,2026-07-25 11:43:17.837982
8152,152,17,263,63,2026-07-25 11:43:17.837992,2026-07-25 11:43:17.837992,2026-07-25 11:43:17.837992
8153,153,17,346,76,2026-07-25 11:43:17.838001,2026-07-25 11:43:17.838001,2026-07-25 11:43:17.838001
8154,154,17,272,64,2026-07-25 11:43:17.838011,2026-07-25 11:43:17.838011,2026-07-25 11:43:17.838011
8155,155,17,63,45,2026-07-25 11:43:17.838021,2026-07-25 11:43:17.838021,2026-07-25 11:43:17.838021
8156,156,17,7,59,2026-07-25 11:43:17.838030,2026-07-25 11:43:17.838030,2026-07-25 11:43:17.838030
8157,157,17,97,78,2026-07-25 11:43:17.838040,2026-07-25 11:43:17.838040,2026-07-25 11:43:17.838040
8158,158,17,425,67,2026-07-25 11:43:17.838050,2026-07-25 11:43:17.838050,2026-07-25 11:43:17.838050
8159,159,17,3,65,2026-07-25 11:43:17.838060,2026-07-25 11:43:17.838060,2026-07-25 11:43:17.838060
8160,160,17,217,64,2026-07-25 11:43:17.838069,2026-07-25 11:43:17.838069,2026-07-25 11:43:17.838069
8161,161,17,273,67,2026-07-25 11:43:17.838079,2026-07-25 11:43:17.838079,2026-07-25 11:43:17.838079
8162,162,17,176,35,2026-07-25 11:43:17.838089,2026-07-25 11:43:17.838089,2026-07-25 11:43:17.838089
8163,163,17,378,62,2026-07-25 11:43:17.838099,2026-07-25 11:43:17.838099,2026-07-25 11:43:17.838099
8164,164,17,486,78,2026-07-25 11:43:17.838108,2026-07-25 11:43:17.838108,2026-07-25 11:43:17.838108
8165,165,17,421,76,2026-07-25 11:43:17.838118,2026-07-25 11:43:17.838118,2026-07-25 11:43:17.838118
8166,166,17,483,53,2026-07-25 11:43:17.838128,2026-07-25 11:43:17.838128,2026-07-25 11:43:17.838128
8167,167,17,350,58,2026-07-25 11:43:17.838138,2026-07-25 11:43:17.838138,2026-07-25 11:43:17.838138
8168,168,17,21,58,2026-07-25 11:43:17.838148,2026-07-25 11:43:17.838148,2026-07-25 11:43:17.838148
8169,169,17,229,30,2026-07-25 11:43:17.838158,2026-07-25 11:43:17.838158,2026-07-25 11:43:17.838158
8170,170,17,345,79,2026-07-25 11:43:17.838167,2026-07-25 11:43:17.838167,2026-07-25 11:43:17.838167
8171,171,17,451,68,2026-07-25 11:43:17.838177,2026-07-25 11:43:17.838177,2026-07-25 11:43:17.838177
8172,172,17,268,77,2026-07-25 11:43:17.838187,2026-07-25 11:43:17.838187,2026-07-25 11:43:17.838187
8173,173,17,115,31,2026-07-25 11:43:17.838196,2026-07-25 11:43:17.838196,2026-07-25 11:43:17.838196
8174,174,17,38,43,2026-07-25 11:43:17.838206,2026-07-25 11:43:17.838206,2026-07-25 11:43:17.838206
8175,175,17,429,28,2026-07-25 11:43:17.838216,2026-07-25 11:43:17.838216,2026-07-25 11:43:17.838216
8176,176,17,263,42,2026-07-25 11:43:17.838226,2026-07-25 11:43:17.838226,2026-07-25 11:43:17.838226
8177,177,17,487,23,2026-07-25 11:43:17.838235,2026-07-25 11:43:17.838235,2026-07-25 11:43:17.838235
8178,178,17,216,51,2026-07-25 11:43:17.838245,2026-07-25 11:43:17.838245,2026-07-25 11:43:17.838245
8179,179,17,194,30,2026-07-25 11:43:17.838255,2026-07-25 11:43:17.838255,2026-07-25 11:43:17.838255
8180,180,17,191,27,2026-07-25 11:43:17.838265,2026-07-25 11:43:17.838265,2026-07-25 11:43:17.838265
8181,181,17,173,78,2026-07-25 11:43:17.838274,2026-07-25 11:43:17.838274,2026-07-25 11:43:17.838274
8182,182,17,347,35,2026-07-25 11:43:17.838284,2026-07-25 11:43:17.838284,2026-07-25 11:43:17.838284
8183,183,17,425,54,2026-07-25 11:43:17.838294,2026-07-25 11:43:17.838294,2026-07-25 11:43:17.838294
8184,184,17,435,69,2026-07-25 11:43:17.838303,2026-07-25 11:43:17.838303,2026-07-25 11:43:17.838303
8185,185,17,439,27,2026-07-25 11:43:17.838313,2026-07-25 11:43:17.838313,2026-07-25 11:43:17.838313
8186,186,17,148,39,2026-07-25 11:43:17.838323,2026-07-25 11:43:17.838323,2026-07-25 11:43:17.838323
8187,187,17,247,38,2026-07-25 11:43:17.838332,2026-07-25 11:43:17.838332,2026-07-25 11:43:17.838332
8188,188,17,135,33,2026-07-25 11:43:17.838342,2026-07-25 11:43:17.838342,2026-07-25 11:43:17.838342
8189,189,17,1,67,2026-07-25 11:43:17.838352,2026-07-25 11:43:17.838352,2026-07-25 11:43:17.838352
8190,190,17,323,56,2026-07-25 11:43:17.838362,2026-07-25 11:43:17.838362,2026-07-25 11:43:17.838362
8191,191,17,201,33,2026-07-25 11:43:17.838372,2026-07-25 11:43:17.838372,2026-07-25 11:43:17.838372
8192,192,17,472,39,2026-07-25 11:43:17.838381,2026-07-25 11:43:17.838381,2026-07-25 11:43:17.838381
8193,193,17,475,79,2026-07-25 11:43:17.838391,2026-07-25 11:43:17.838391,2026-07-25 11:43:17.838391
8194,194,17,491,61,2026-07-25 11:43:17.838401,2026-07-25 11:43:17.838401,2026-07-25 11:43:17.838401
8195,195,17,263,72,2026-07-25 11:43:17.838410,2026-07-25 11:43:17.838410,2026-07-25 11:43:17.838410
8196,196,17,457,22,2026-07-25 11:43:17.838420,2026-07-25 11:43:17.838420,2026-07-25 11:43:17.838420
8197,197,17,478,49,2026-07-25 11:43:17.838430,2026-07-25 11:43:17.838430,2026-07-25 11:43:17.838430
8198,198,17,456,59,2026-07-25 11:43:17.838440,2026-07-25 11:43:17.838440,2026-07-25 11:43:17.838440
8199,199,17,434,51,2026-07-25 11:43:17.838449,2026-07-25 11:43:17.838449,2026-07-25 11:43:17.838449
8200,200,17,29,42,2026-07-25 11:43:17.838459,2026-07-25 11:43:17.838459,2026-07-25 11:43:17.838459
8201,201,17,3,59,2026-07-25 11:43:17.838469,2026-07-25 11:43:17.838469,2026-07-25 11:43:17.838469
8202,202,17,235,41,2026-07-25 11:43:17.838478,2026-07-25 11:43:17.838478,2026-07-25 11:43:17.838478
8203,203,17,152,42,2026-07-25 11:43:17.838488,2026-07-25 11:43:17.838488,2026-07-25 11:43:17.838488
8204,204,17,54,20,2026-07-25 11:43:17.838498,2026-07-25 11:43:17.838498,2026-07-25 11:43:17.838498
8205,205,17,179,76,2026-07-25 11:43:17.838508,2026-07-25 11:43:17.838508,2026-07-25 11:43:17.838508
8206,206,17,369,31,2026-07-25 11:43:17.838517,2026-07-25 11:43:17.838517,2026-07-25 11:43:17.838517
8207,207,17,205,42,2026-07-25 11:43:17.838527,2026-07-25 11:43:17.838527,2026-07-25 11:43:17.838527
8208,208,17,4,26,2026-07-25 11:43:17.838537,2026-07-25 11:43:17.838537,2026-07-25 11:43:17.838537
8209,209,17,220,51,2026-07-25 11:43:17.838546,2026-07-25 11:43:17.838546,2026-07-25 11:43:17.838546
8210,210,17,101,25,2026-07-25 11:43:17.838556,2026-07-25 11:43:17.838556,2026-07-25 11:43:17.838556
8211,211,17,270,52,2026-07-25 11:43:17.838566,2026-07-25 11:43:17.838566,2026-07-25 11:43:17.838566
8212,212,17,460,29,2026-07-25 11:43:17.838580,2026-07-25 11:43:17.838580,2026-07-25 11:43:17.838580
8213,213,17,210,27,2026-07-25 11:43:17.838589,2026-07-25 11:43:17.838589,2026-07-25 11:43:17.838589
8214,214,17,467,51,2026-07-25 11:43:17.838599,2026-07-25 11:43:17.838599,2026-07-25 11:43:17.838599
8215,215,17,3,29,2026-07-25 11:43:17.838609,2026-07-25 11:43:17.838609,2026-07-25 11:43:17.838609
8216,216,17,393,62,2026-07-25 11:43:17.838619,2026-07-25 11:43:17.838619,2026-07-25 11:43:17.838619
8217,217,17,128,34,2026-07-25 11:43:17.838628,2026-07-25 11:43:17.838628,2026-07-25 11:43:17.838628
8218,218,17,240,45,2026-07-25 11:43:17.838638,2026-07-25 11:43:17.838638,2026-07-25 11:43:17.838638
8219,219,17,191,39,2026-07-25 11:43:17.838648,2026-07-25 11:43:17.838648,2026-07-25 11:43:17.838648
8220,220,17,186,47,2026-07-25 11:43:17.838657,2026-07-25 11:43:17.838657,2026-07-25 11:43:17.838657
8221,221,17,456,31,2026-07-25 11:43:17.838667,2026-07-25 11:43:17.838667,2026-07-25 11:43:17.838667
8222,222,17,274,71,2026-07-25 11:43:17.838676,2026-07-25 11:43:17.838676,2026-07-25 11:43:17.838676
8223,223,17,137,26,2026-07-25 11:43:17.838686,2026-07-25 11:43:17.838686,2026-07-25 11:43:17.838686
8224,224,17,224,62,2026-07-25 11:43:17.838696,2026-07-25 11:43:17.838696,2026-07-25 11:43:17.838696
8225,225,17,429,48,2026-07-25 11:43:17.838706,2026-07-25 11:43:17.838706,2026-07-25 11:43:17.838706
8226,226,17,82,28,2026-07-25 11:43:17.838716,2026-07-25 11:43:17.838716,2026-07-25 11:43:17.838716
8227,227,17,181,67,2026-07-25 11:43:17.838725,2026-07-25 11:43:17.838725,2026-07-25 11:43:17.838725
8228,228,17,222,20,2026-07-25 11:43:17.838735,2026-07-25 11:43:17.838735,2026-07-25 11:43:17.838735
8229,229,17,183,76,2026-07-25 11:43:17.838744,2026-07-25 11:43:17.838744,2026-07-25 11:43:17.838744
8230,230,17,445,65,2026-07-25 11:43:17.838754,2026-07-25 11:43:17.838754,2026-07-25 11:43:17.838754
8231,231,17,101,27,2026-07-25 11:43:17.838764,2026-07-25 11:43:17.838764,2026-07-25 11:43:17.838764
8232,232,17,97,38,2026-07-25 11:43:17.838773,2026-07-25 11:43:17.838773,2026-07-25 11:43:17.838773
8233,233,17,20,28,2026-07-25 11:43:17.838783,2026-07-25 11:43:17.838783,2026-07-25 11:43:17.838783
8234,234,17,202,46,2026-07-25 11:43:17.838793,2026-07-25 11:43:17.838793,2026-07-25 11:43:17.838793
8235,235,17,380,41,2026-07-25 11:43:17.838802,2026-07-25 11:43:17.838802,2026-07-25 11:43:17.838802
8236,236,17,461,22,2026-07-25 11:43:17.838812,2026-07-25 11:43:17.838812,2026-07-25 11:43:17.838812
8237,237,17,82,62,2026-07-25 11:43:17.838822,2026-07-25 11:43:17.838822,2026-07-25 11:43:17.838822
8238,238,17,101,80,2026-07-25 11:43:17.838832,2026-07-25 11:43:17.838832,2026-07-25 11:43:17.838832
8239,239,17,245,62,2026-07-25 11:43:17.838841,2026-07-25 11:43:17.838841,2026-07-25 11:43:17.838841
8240,240,17,136,27,2026-07-25 11:43:17.838851,2026-07-25 11:43:17.838851,2026-07-25 11:43:17.838851
8241,241,17,215,51,2026-07-25 11:43:17.838861,2026-07-25 11:43:17.838861,2026-07-25 11:43:17.838861
8242,242,17,281,51,2026-07-25 11:43:17.838871,2026-07-25 11:43:17.838871,2026-07-25 11:43:17.838871
8243,243,17,409,63,2026-07-25 11:43:17.838880,2026-07-25 11:43:17.838880,2026-07-25 11:43:17.838880
8244,244,17,365,28,2026-07-25 11:43:17.838890,2026-07-25 11:43:17.838890,2026-07-25 11:43:17.838890
8245,245,17,166,68,2026-07-25 11:43:17.838900,2026-07-25 11:43:17.838900,2026-07-25 11:43:17.838900
8246,246,17,391,69,2026-07-25 11:43:17.838910,2026-07-25 11:43:17.838910,2026-07-25 11:43:17.838910
8247,247,17,451,45,2026-07-25 11:43:17.838919,2026-07-25 11:43:17.838919,2026-07-25 11:43:17.838919
8248,248,17,256,66,2026-07-25 11:43:17.838929,2026-07-25 11:43:17.838929,2026-07-25 11:43:17.838929
8249,249,17,472,67,2026-07-25 11:43:17.838939,2026-07-25 11:43:17.838939,2026-07-25 11:43:17.838939
8250,250,17,431,72,2026-07-25 11:43:17.838948,2026-07-25 11:43:17.838948,2026-07-25 11:43:17.838948
8251,251,17,199,28,2026-07-25 11:43:17.838963,2026-07-25 11:43:17.838963,2026-07-25 11:43:17.838963
8252,252,17,56,26,2026-07-25 11:43:17.838973,2026-07-25 11:43:17.838973,2026-07-25 11:43:17.838973
8253,253,17,405,21,2026-07-25 11:43:17.838982,2026-07-25 11:43:17.838982,2026-07-25 11:43:17.838982
8254,254,17,64,29,2026-07-25 11:43:17.838992,2026-07-25 11:43:17.838992,2026-07-25 11:43:17.838992
8255,255,17,176,52,2026-07-25 11:43:17.839002,2026-07-25 11:43:17.839002,2026-07-25 11:43:17.839002
8256,256,17,6,69,2026-07-25 11:43:17.839011,2026-07-25 11:43:17.839011,2026-07-25 11:43:17.839011
8257,257,17,350,35,2026-07-25 11:43:17.839021,2026-07-25 11:43:17.839021,2026-07-25 11:43:17.839021
8258,258,17,26,63,2026-07-25 11:43:17.839031,2026-07-25 11:43:17.839031,2026-07-25 11:43:17.839031
8259,259,17,424,41,2026-07-25 11:43:17.839041,2026-07-25 11:43:17.839041,2026-07-25 11:43:17.839041
8260,260,17,219,58,2026-07-25 11:43:17.839051,2026-07-25 11:43:17.839051,2026-07-25 11:43:17.839051
8261,261,17,377,20,2026-07-25 11:43:17.839060,2026-07-25 11:43:17.839060,2026-07-25 11:43:17.839060
8262,262,17,222,50,2026-07-25 11:43:17.839070,2026-07-25 11:43:17.839070,2026-07-25 11:43:17.839070
8263,263,17,148,38,2026-07-25 11:43:17.839079,2026-07-25 11:43:17.839079,2026-07-25 11:43:17.839079
8264,264,17,248,25,2026-07-25 11:43:17.839089,2026-07-25 11:43:17.839089,2026-07-25 11:43:17.839089
8265,265,17,389,47,2026-07-25 11:43:17.839099,2026-07-25 11:43:17.839099,2026-07-25 11:43:17.839099
8266,266,17,126,59,2026-07-25 11:43:17.839108,2026-07-25 11:43:17.839108,2026-07-25 11:43:17.839108
8267,267,17,78,66,2026-07-25 11:43:17.839118,2026-07-25 11:43:17.839118,2026-07-25 11:43:17.839118
8268,268,17,261,31,2026-07-25 11:43:17.839128,2026-07-25 11:43:17.839128,2026-07-25 11:43:17.839128
8269,269,17,127,37,2026-07-25 11:43:17.839138,2026-07-25 11:43:17.839138,2026-07-25 11:43:17.839138
8270,270,17,392,27,2026-07-25 11:43:17.839147,2026-07-25 11:43:17.839147,2026-07-25 11:43:17.839147
8271,271,17,442,36,2026-07-25 11:43:17.839157,2026-07-25 11:43:17.839157,2026-07-25 11:43:17.839157
8272,272,17,358,35,2026-07-25 11:43:17.839167,2026-07-25 11:43:17.839167,2026-07-25 11:43:17.839167
8273,273,17,341,72,2026-07-25 11:43:17.839176,2026-07-25 11:43:17.839176,2026-07-25 11:43:17.839176
8274,274,17,219,32,2026-07-25 11:43:17.839186,2026-07-25 11:43:17.839186,2026-07-25 11:43:17.839186
8275,275,17,242,65,2026-07-25 11:43:17.839196,2026-07-25 11:43:17.839196,2026-07-25 11:43:17.839196
8276,276,17,400,71,2026-07-25 11:43:17.839205,2026-07-25 11:43:17.839205,2026-07-25 11:43:17.839205
8277,277,17,52,64,2026-07-25 11:43:17.839215,2026-07-25 11:43:17.839215,2026-07-25 11:43:17.839215
8278,278,17,373,52,2026-07-25 11:43:17.839225,2026-07-25 11:43:17.839225,2026-07-25 11:43:17.839225
8279,279,17,312,31,2026-07-25 11:43:17.839234,2026-07-25 11:43:17.839234,2026-07-25 11:43:17.839234
8280,280,17,96,74,2026-07-25 11:43:17.839244,2026-07-25 11:43:17.839244,2026-07-25 11:43:17.839244
8281,281,17,302,60,2026-07-25 11:43:17.839270,2026-07-25 11:43:17.839270,2026-07-25 11:43:17.839270
8282,282,17,324,29,2026-07-25 11:43:17.839281,2026-07-25 11:43:17.839281,2026-07-25 11:43:17.839281
8283,283,17,117,27,2026-07-25 11:43:17.839290,2026-07-25 11:43:17.839290,2026-07-25 11:43:17.839290
8284,284,17,67,45,2026-07-25 11:43:17.839300,2026-07-25 11:43:17.839300,2026-07-25 11:43:17.839300
8285,285,17,19,37,2026-07-25 11:43:17.839310,2026-07-25 11:43:17.839310,2026-07-25 11:43:17.839310
8286,286,17,98,79,2026-07-25 11:43:17.839320,2026-07-25 11:43:17.839320,2026-07-25 11:43:17.839320
8287,287,17,74,47,2026-07-25 11:43:17.839329,2026-07-25 11:43:17.839329,2026-07-25 11:43:17.839329
8288,288,17,9,59,2026-07-25 11:43:17.839339,2026-07-25 11:43:17.839339,2026-07-25 11:43:17.839339
8289,289,17,102,25,2026-07-25 11:43:17.839349,2026-07-25 11:43:17.839349,2026-07-25 11:43:17.839349
8290,290,17,442,23,2026-07-25 11:43:17.839360,2026-07-25 11:43:17.839360,2026-07-25 11:43:17.839360
8291,291,17,194,46,2026-07-25 11:43:17.839369,2026-07-25 11:43:17.839369,2026-07-25 11:43:17.839369
8292,292,17,268,39,2026-07-25 11:43:17.839379,2026-07-25 11:43:17.839379,2026-07-25 11:43:17.839379
8293,293,17,358,60,2026-07-25 11:43:17.839389,2026-07-25 11:43:17.839389,2026-07-25 11:43:17.839389
8294,294,17,118,34,2026-07-25 11:43:17.839399,2026-07-25 11:43:17.839399,2026-07-25 11:43:17.839399
8295,295,17,172,47,2026-07-25 11:43:17.839408,2026-07-25 11:43:17.839408,2026-07-25 11:43:17.839408
8296,296,17,245,23,2026-07-25 11:43:17.839418,2026-07-25 11:43:17.839418,2026-07-25 11:43:17.839418
8297,297,17,261,47,2026-07-25 11:43:17.839428,2026-07-25 11:43:17.839428,2026-07-25 11:43:17.839428
8298,298,17,329,23,2026-07-25 11:43:17.839438,2026-07-25 11:43:17.839438,2026-07-25 11:43:17.839438
8299,299,17,155,27,2026-07-25 11:43:17.839448,2026-07-25 11:43:17.839448,2026-07-25 11:43:17.839448
8300,300,17,137,43,2026-07-25 11:43:17.839457,2026-07-25 11:43:17.839457,2026-07-25 11:43:17.839457
8301,301,17,143,80,2026-07-25 11:43:17.839467,2026-07-25 11:43:17.839467,2026-07-25 11:43:17.839467
8302,302,17,179,65,2026-07-25 11:43:17.839477,2026-07-25 11:43:17.839477,2026-07-25 11:43:17.839477
8303,303,17,214,35,2026-07-25 11:43:17.839487,2026-07-25 11:43:17.839487,2026-07-25 11:43:17.839487
8304,304,17,163,77,2026-07-25 11:43:17.839497,2026-07-25 11:43:17.839497,2026-07-25 11:43:17.839497
8305,305,17,24,31,2026-07-25 11:43:17.839506,2026-07-25 11:43:17.839506,2026-07-25 11:43:17.839506
8306,306,17,20,20,2026-07-25 11:43:17.839516,2026-07-25 11:43:17.839516,2026-07-25 11:43:17.839516
8307,307,17,26,62,2026-07-25 11:43:17.839526,2026-07-25 11:43:17.839526,2026-07-25 11:43:17.839526
8308,308,17,381,40,2026-07-25 11:43:17.839535,2026-07-25 11:43:17.839535,2026-07-25 11:43:17.839535
8309,309,17,108,38,2026-07-25 11:43:17.839545,2026-07-25 11:43:17.839545,2026-07-25 11:43:17.839545
8310,310,17,241,37,2026-07-25 11:43:17.839555,2026-07-25 11:43:17.839555,2026-07-25 11:43:17.839555
8311,311,17,465,58,2026-07-25 11:43:17.839565,2026-07-25 11:43:17.839565,2026-07-25 11:43:17.839565
8312,312,17,51,47,2026-07-25 11:43:17.839575,2026-07-25 11:43:17.839575,2026-07-25 11:43:17.839575
8313,313,17,94,36,2026-07-25 11:43:17.839584,2026-07-25 11:43:17.839584,2026-07-25 11:43:17.839584
8314,314,17,485,51,2026-07-25 11:43:17.839594,2026-07-25 11:43:17.839594,2026-07-25 11:43:17.839594
8315,315,17,186,41,2026-07-25 11:43:17.839604,2026-07-25 11:43:17.839604,2026-07-25 11:43:17.839604
8316,316,17,155,27,2026-07-25 11:43:17.839614,2026-07-25 11:43:17.839614,2026-07-25 11:43:17.839614
8317,317,17,49,62,2026-07-25 11:43:17.839623,2026-07-25 11:43:17.839623,2026-07-25 11:43:17.839623
8318,318,17,6,63,2026-07-25 11:43:17.839633,2026-07-25 11:43:17.839633,2026-07-25 11:43:17.839633
8319,319,17,282,69,2026-07-25 11:43:17.839643,2026-07-25 11:43:17.839643,2026-07-25 11:43:17.839643
8320,320,17,441,28,2026-07-25 11:43:17.839653,2026-07-25 11:43:17.839653,2026-07-25 11:43:17.839653
8321,321,17,169,43,2026-07-25 11:43:17.839662,2026-07-25 11:43:17.839662,2026-07-25 11:43:17.839662
8322,322,17,379,71,2026-07-25 11:43:17.839672,2026-07-25 11:43:17.839672,2026-07-25 11:43:17.839672
8323,323,17,185,67,2026-07-25 11:43:17.839682,2026-07-25 11:43:17.839682,2026-07-25 11:43:17.839682
8324,324,17,398,57,2026-07-25 11:43:17.839692,2026-07-25 11:43:17.839692,2026-07-25 11:43:17.839692
8325,325,17,270,58,2026-07-25 11:43:17.839701,2026-07-25 11:43:17.839701,2026-07-25 11:43:17.839701
8326,326,17,190,35,2026-07-25 11:43:17.839711,2026-07-25 11:43:17.839711,2026-07-25 11:43:17.839711
8327,327,17,332,37,2026-07-25 11:43:17.839721,2026-07-25 11:43:17.839721,2026-07-25 11:43:17.839721
8328,328,17,107,57,2026-07-25 11:43:17.839731,2026-07-25 11:43:17.839731,2026-07-25 11:43:17.839731
8329,329,17,196,25,2026-07-25 11:43:17.839741,2026-07-25 11:43:17.839741,2026-07-25 11:43:17.839741
8330,330,17,454,26,2026-07-25 11:43:17.839750,2026-07-25 11:43:17.839750,2026-07-25 11:43:17.839750
8331,331,17,66,60,2026-07-25 11:43:17.839760,2026-07-25 11:43:17.839760,2026-07-25 11:43:17.839760
8332,332,17,380,58,2026-07-25 11:43:17.839770,2026-07-25 11:43:17.839770,2026-07-25 11:43:17.839770
8333,333,17,61,22,2026-07-25 11:43:17.839780,2026-07-25 11:43:17.839780,2026-07-25 11:43:17.839780
8334,334,17,300,78,2026-07-25 11:43:17.839790,2026-07-25 11:43:17.839790,2026-07-25 11:43:17.839790
8335,335,17,452,61,2026-07-25 11:43:17.839799,2026-07-25 11:43:17.839799,2026-07-25 11:43:17.839799
8336,336,17,418,32,2026-07-25 11:43:17.839809,2026-07-25 11:43:17.839809,2026-07-25 11:43:17.839809
8337,337,17,98,65,2026-07-25 11:43:17.839819,2026-07-25 11:43:17.839819,2026-07-25 11:43:17.839819
8338,338,17,228,79,2026-07-25 11:43:17.839829,2026-07-25 11:43:17.839829,2026-07-25 11:43:17.839829
8339,339,17,50,24,2026-07-25 11:43:17.839838,2026-07-25 11:43:17.839838,2026-07-25 11:43:17.839838
8340,340,17,482,54,2026-07-25 11:43:17.839848,2026-07-25 11:43:17.839848,2026-07-25 11:43:17.839848
8341,341,17,316,41,2026-07-25 11:43:17.839858,2026-07-25 11:43:17.839858,2026-07-25 11:43:17.839858
8342,342,17,154,66,2026-07-25 11:43:17.839868,2026-07-25 11:43:17.839868,2026-07-25 11:43:17.839868
8343,343,17,242,68,2026-07-25 11:43:17.839877,2026-07-25 11:43:17.839877,2026-07-25 11:43:17.839877
8344,344,17,103,54,2026-07-25 11:43:17.839887,2026-07-25 11:43:17.839887,2026-07-25 11:43:17.839887
8345,345,17,369,29,2026-07-25 11:43:17.839897,2026-07-25 11:43:17.839897,2026-07-25 11:43:17.839897
8346,346,17,22,28,2026-07-25 11:43:17.839906,2026-07-25 11:43:17.839906,2026-07-25 11:43:17.839906
8347,347,17,98,46,2026-07-25 11:43:17.839916,2026-07-25 11:43:17.839916,2026-07-25 11:43:17.839916
8348,348,17,281,65,2026-07-25 11:43:17.839926,2026-07-25 11:43:17.839926,2026-07-25 11:43:17.839926
8349,349,17,129,77,2026-07-25 11:43:17.839937,2026-07-25 11:43:17.839937,2026-07-25 11:43:17.839937
8350,350,17,449,68,2026-07-25 11:43:17.839947,2026-07-25 11:43:17.839947,2026-07-25 11:43:17.839947
8351,351,17,436,74,2026-07-25 11:43:17.839957,2026-07-25 11:43:17.839957,2026-07-25 11:43:17.839957
8352,352,17,464,55,2026-07-25 11:43:17.839967,2026-07-25 11:43:17.839967,2026-07-25 11:43:17.839967
8353,353,17,499,42,2026-07-25 11:43:17.839977,2026-07-25 11:43:17.839977,2026-07-25 11:43:17.839977
8354,354,17,458,43,2026-07-25 11:43:17.839986,2026-07-25 11:43:17.839986,2026-07-25 11:43:17.839986
8355,355,17,229,60,2026-07-25 11:43:17.839996,2026-07-25 11:43:17.839996,2026-07-25 11:43:17.839996
8356,356,17,367,27,2026-07-25 11:43:17.840006,2026-07-25 11:43:17.840006,2026-07-25 11:43:17.840006
8357,357,17,466,47,2026-07-25 11:43:17.840016,2026-07-25 11:43:17.840016,2026-07-25 11:43:17.840016
8358,358,17,34,50,2026-07-25 11:43:17.840025,2026-07-25 11:43:17.840025,2026-07-25 11:43:17.840025
8359,359,17,214,53,2026-07-25 11:43:17.840035,2026-07-25 11:43:17.840035,2026-07-25 11:43:17.840035
8360,360,17,476,80,2026-07-25 11:43:17.840045,2026-07-25 11:43:17.840045,2026-07-25 11:43:17.840045
8361,361,17,257,70,2026-07-25 11:43:17.840055,2026-07-25 11:43:17.840055,2026-07-25 11:43:17.840055
8362,362,17,11,30,2026-07-25 11:43:17.840064,2026-07-25 11:43:17.840064,2026-07-25 11:43:17.840064
8363,363,17,306,37,2026-07-25 11:43:17.840074,2026-07-25 11:43:17.840074,2026-07-25 11:43:17.840074
8364,364,17,356,28,2026-07-25 11:43:17.840084,2026-07-25 11:43:17.840084,2026-07-25 11:43:17.840084
8365,365,17,148,22,2026-07-25 11:43:17.840093,2026-07-25 11:43:17.840093,2026-07-25 11:43:17.840093
8366,366,17,489,56,2026-07-25 11:43:17.840103,2026-07-25 11:43:17.840103,2026-07-25 11:43:17.840103
8367,367,17,31,70,2026-07-25 11:43:17.840113,2026-07-25 11:43:17.840113,2026-07-25 11:43:17.840113
8368,368,17,497,64,2026-07-25 11:43:17.840126,2026-07-25 11:43:17.840126,2026-07-25 11:43:17.840126
8369,369,17,97,67,2026-07-25 11:43:17.840136,2026-07-25 11:43:17.840136,2026-07-25 11:43:17.840136
8370,370,17,417,45,2026-07-25 11:43:17.840146,2026-07-25 11:43:17.840146,2026-07-25 11:43:17.840146
8371,371,17,253,63,2026-07-25 11:43:17.840156,2026-07-25 11:43:17.840156,2026-07-25 11:43:17.840156
8372,372,17,272,75,2026-07-25 11:43:17.840165,2026-07-25 11:43:17.840165,2026-07-25 11:43:17.840165
8373,373,17,262,24,2026-07-25 11:43:17.840175,2026-07-25 11:43:17.840175,2026-07-25 11:43:17.840175
8374,374,17,84,48,2026-07-25 11:43:17.840185,2026-07-25 11:43:17.840185,2026-07-25 11:43:17.840185
8375,375,17,384,52,2026-07-25 11:43:17.840194,2026-07-25 11:43:17.840194,2026-07-25 11:43:17.840194
8376,376,17,196,55,2026-07-25 11:43:17.840204,2026-07-25 11:43:17.840204,2026-07-25 11:43:17.840204
8377,377,17,399,44,2026-07-25 11:43:17.840214,2026-07-25 11:43:17.840214,2026-07-25 11:43:17.840214
8378,378,17,205,58,2026-07-25 11:43:17.840225,2026-07-25 11:43:17.840225,2026-07-25 11:43:17.840225
8379,379,17,139,33,2026-07-25 11:43:17.840235,2026-07-25 11:43:17.840235,2026-07-25 11:43:17.840235
8380,380,17,94,20,2026-07-25 11:43:17.840245,2026-07-25 11:43:17.840245,2026-07-25 11:43:17.840245
8381,381,17,81,56,2026-07-25 11:43:17.840254,2026-07-25 11:43:17.840254,2026-07-25 11:43:17.840254
8382,382,17,111,57,2026-07-25 11:43:17.840264,2026-07-25 11:43:17.840264,2026-07-25 11:43:17.840264
8383,383,17,356,20,2026-07-25 11:43:17.840274,2026-07-25 11:43:17.840274,2026-07-25 11:43:17.840274
8384,384,17,450,79,2026-07-25 11:43:17.840283,2026-07-25 11:43:17.840283,2026-07-25 11:43:17.840283
8385,385,17,404,52,2026-07-25 11:43:17.840293,2026-07-25 11:43:17.840293,2026-07-25 11:43:17.840293
8386,386,17,233,52,2026-07-25 11:43:17.840303,2026-07-25 11:43:17.840303,2026-07-25 11:43:17.840303
8387,387,17,362,66,2026-07-25 11:43:17.840312,2026-07-25 11:43:17.840312,2026-07-25 11:43:17.840312
8388,388,17,268,36,2026-07-25 11:43:17.840322,2026-07-25 11:43:17.840322,2026-07-25 11:43:17.840322
8389,389,17,155,74,2026-07-25 11:43:17.840332,2026-07-25 11:43:17.840332,2026-07-25 11:43:17.840332
8390,390,17,112,38,2026-07-25 11:43:17.840342,2026-07-25 11:43:17.840342,2026-07-25 11:43:17.840342
8391,391,17,362,37,2026-07-25 11:43:17.840352,2026-07-25 11:43:17.840352,2026-07-25 11:43:17.840352
8392,392,17,282,27,2026-07-25 11:43:17.840362,2026-07-25 11:43:17.840362,2026-07-25 11:43:17.840362
8393,393,17,87,34,2026-07-25 11:43:17.840371,2026-07-25 11:43:17.840371,2026-07-25 11:43:17.840371
8394,394,17,23,54,2026-07-25 11:43:17.840381,2026-07-25 11:43:17.840381,2026-07-25 11:43:17.840381
8395,395,17,121,38,2026-07-25 11:43:17.840391,2026-07-25 11:43:17.840391,2026-07-25 11:43:17.840391
8396,396,17,20,60,2026-07-25 11:43:17.840400,2026-07-25 11:43:17.840400,2026-07-25 11:43:17.840400
8397,397,17,75,80,2026-07-25 11:43:17.840410,2026-07-25 11:43:17.840410,2026-07-25 11:43:17.840410
8398,398,17,452,37,2026-07-25 11:43:17.840420,2026-07-25 11:43:17.840420,2026-07-25 11:43:17.840420
8399,399,17,474,28,2026-07-25 11:43:17.840430,2026-07-25 11:43:17.840430,2026-07-25 11:43:17.840430
8400,400,17,138,75,2026-07-25 11:43:17.840439,2026-07-25 11:43:17.840439,2026-07-25 11:43:17.840439
8401,401,17,404,23,2026-07-25 11:43:17.840449,2026-07-25 11:43:17.840449,2026-07-25 11:43:17.840449
8402,402,17,328,35,2026-07-25 11:43:17.840458,2026-07-25 11:43:17.840458,2026-07-25 11:43:17.840458
8403,403,17,421,33,2026-07-25 11:43:17.840468,2026-07-25 11:43:17.840468,2026-07-25 11:43:17.840468
8404,404,17,273,27,2026-07-25 11:43:17.840478,2026-07-25 11:43:17.840478,2026-07-25 11:43:17.840478
8405,405,17,0,61,2026-07-25 11:43:17.840487,2026-07-25 11:43:17.840487,2026-07-25 11:43:17.840487
8406,406,17,177,60,2026-07-25 11:43:17.840497,2026-07-25 11:43:17.840497,2026-07-25 11:43:17.840497
8407,407,17,309,43,2026-07-25 11:43:17.840507,2026-07-25 11:43:17.840507,2026-07-25 11:43:17.840507
8408,408,17,166,25,2026-07-25 11:43:17.840516,2026-07-25 11:43:17.840516,2026-07-25 11:43:17.840516
8409,409,17,484,65,2026-07-25 11:43:17.840526,2026-07-25 11:43:17.840526,2026-07-25 11:43:17.840526
8410,410,17,452,55,2026-07-25 11:43:17.840536,2026-07-25 11:43:17.840536,2026-07-25 11:43:17.840536
8411,411,17,135,66,2026-07-25 11:43:17.840547,2026-07-25 11:43:17.840547,2026-07-25 11:43:17.840547
8412,412,17,68,46,2026-07-25 11:43:17.840556,2026-07-25 11:43:17.840556,2026-07-25 11:43:17.840556
8413,413,17,459,59,2026-07-25 11:43:17.840566,2026-07-25 11:43:17.840566,2026-07-25 11:43:17.840566
8414,414,17,150,40,2026-07-25 11:43:17.840576,2026-07-25 11:43:17.840576,2026-07-25 11:43:17.840576
8415,415,17,29,60,2026-07-25 11:43:17.840586,2026-07-25 11:43:17.840586,2026-07-25 11:43:17.840586
8416,416,17,417,20,2026-07-25 11:43:17.840595,2026-07-25 11:43:17.840595,2026-07-25 11:43:17.840595
8417,417,17,421,42,2026-07-25 11:43:17.840605,2026-07-25 11:43:17.840605,2026-07-25 11:43:17.840605
8418,418,17,112,66,2026-07-25 11:43:17.840615,2026-07-25 11:43:17.840615,2026-07-25 11:43:17.840615
8419,419,17,494,37,2026-07-25 11:43:17.840624,2026-07-25 11:43:17.840624,2026-07-25 11:43:17.840624
8420,420,17,90,36,2026-07-25 11:43:17.840634,2026-07-25 11:43:17.840634,2026-07-25 11:43:17.840634
8421,421,17,497,21,2026-07-25 11:43:17.840644,2026-07-25 11:43:17.840644,2026-07-25 11:43:17.840644
8422,422,17,275,62,2026-07-25 11:43:17.840653,2026-07-25 11:43:17.840653,2026-07-25 11:43:17.840653
8423,423,17,444,69,2026-07-25 11:43:17.840663,2026-07-25 11:43:17.840663,2026-07-25 11:43:17.840663
8424,424,17,480,69,2026-07-25 11:43:17.840673,2026-07-25 11:43:17.840673,2026-07-25 11:43:17.840673
8425,425,17,298,26,2026-07-25 11:43:17.840682,2026-07-25 11:43:17.840682,2026-07-25 11:43:17.840682
8426,426,17,369,67,2026-07-25 11:43:17.840692,2026-07-25 11:43:17.840692,2026-07-25 11:43:17.840692
8427,427,17,352,44,2026-07-25 11:43:17.840702,2026-07-25 11:43:17.840702,2026-07-25 11:43:17.840702
8428,428,17,484,61,2026-07-25 11:43:17.840711,2026-07-25 11:43:17.840711,2026-07-25 11:43:17.840711
8429,429,17,131,75,2026-07-25 11:43:17.840721,2026-07-25 11:43:17.840721,2026-07-25 11:43:17.840721
8430,430,17,320,60,2026-07-25 11:43:17.840731,2026-07-25 11:43:17.840731,2026-07-25 11:43:17.840731
8431,431,17,309,55,2026-07-25 11:43:17.840740,2026-07-25 11:43:17.840740,2026-07-25 11:43:17.840740
8432,432,17,105,72,2026-07-25 11:43:17.840750,2026-07-25 11:43:17.840750,2026-07-25 11:43:17.840750
8433,433,17,226,34,2026-07-25 11:43:17.840760,2026-07-25 11:43:17.840760,2026-07-25 11:43:17.840760
8434,434,17,166,37,2026-07-25 11:43:17.840770,2026-07-25 11:43:17.840770,2026-07-25 11:43:17.840770
8435,435,17,104,57,2026-07-25 11:43:17.840779,2026-07-25 11:43:17.840779,2026-07-25 11:43:17.840779
8436,436,17,322,71,2026-07-25 11:43:17.840789,2026-07-25 11:43:17.840789,2026-07-25 11:43:17.840789
8437,437,17,439,68,2026-07-25 11:43:17.840799,2026-07-25 11:43:17.840799,2026-07-25 11:43:17.840799
8438,438,17,202,29,2026-07-25 11:43:17.840809,2026-07-25 11:43:17.840809,2026-07-25 11:43:17.840809
8439,439,17,228,34,2026-07-25 11:43:17.840819,2026-07-25 11:43:17.840819,2026-07-25 11:43:17.840819
8440,440,17,373,66,2026-07-25 11:43:17.840828,2026-07-25 11:43:17.840828,2026-07-25 11:43:17.840828
8441,441,17,222,43,2026-07-25 11:43:17.840838,2026-07-25 11:43:17.840838,2026-07-25 11:43:17.840838
8442,442,17,75,77,2026-07-25 11:43:17.840848,2026-07-25 11:43:17.840848,2026-07-25 11:43:17.840848
8443,443,17,245,25,2026-07-25 11:43:17.840858,2026-07-25 11:43:17.840858,2026-07-25 11:43:17.840858
8444,444,17,253,31,2026-07-25 11:43:17.840867,2026-07-25 11:43:17.840867,2026-07-25 11:43:17.840867
8445,445,17,235,31,2026-07-25 11:43:17.840877,2026-07-25 11:43:17.840877,2026-07-25 11:43:17.840877
8446,446,17,417,75,2026-07-25 11:43:17.840888,2026-07-25 11:43:17.840888,2026-07-25 11:43:17.840888
8447,447,17,90,32,2026-07-25 11:43:17.840898,2026-07-25 11:43:17.840898,2026-07-25 11:43:17.840898
8448,448,17,291,51,2026-07-25 11:43:17.840908,2026-07-25 11:43:17.840908,2026-07-25 11:43:17.840908
8449,449,17,482,66,2026-07-25 11:43:17.840917,2026-07-25 11:43:17.840917,2026-07-25 11:43:17.840917
8450,450,17,92,61,2026-07-25 11:43:17.840927,2026-07-25 11:43:17.840927,2026-07-25 11:43:17.840927
8451,451,17,144,21,2026-07-25 11:43:17.840937,2026-07-25 11:43:17.840937,2026-07-25 11:43:17.840937
8452,452,17,158,30,2026-07-25 11:43:17.840947,2026-07-25 11:43:17.840947,2026-07-25 11:43:17.840947
8453,453,17,453,31,2026-07-25 11:43:17.840956,2026-07-25 11:43:17.840956,2026-07-25 11:43:17.840956
8454,454,17,418,45,2026-07-25 11:43:17.840966,2026-07-25 11:43:17.840966,2026-07-25 11:43:17.840966
8455,455,17,351,58,2026-07-25 11:43:17.840976,2026-07-25 11:43:17.840976,2026-07-25 11:43:17.840976
8456,456,17,96,24,2026-07-25 11:43:17.840985,2026-07-25 11:43:17.840985,2026-07-25 11:43:17.840985
8457,457,17,73,24,2026-07-25 11:43:17.840995,2026-07-25 11:43:17.840995,2026-07-25 11:43:17.840995
8458,458,17,218,35,2026-07-25 11:43:17.841005,2026-07-25 11:43:17.841005,2026-07-25 11:43:17.841005
8459,459,17,232,78,2026-07-25 11:43:17.841015,2026-07-25 11:43:17.841015,2026-07-25 11:43:17.841015
8460,460,17,330,45,2026-07-25 11:43:17.841024,2026-07-25 11:43:17.841024,2026-07-25 11:43:17.841024
8461,461,17,51,66,2026-07-25 11:43:17.841034,2026-07-25 11:43:17.841034,2026-07-25 11:43:17.841034
8462,462,17,269,28,2026-07-25 11:43:17.841044,2026-07-25 11:43:17.841044,2026-07-25 11:43:17.841044
8463,463,17,372,68,2026-07-25 11:43:17.841054,2026-07-25 11:43:17.841054,2026-07-25 11:43:17.841054
8464,464,17,413,20,2026-07-25 11:43:17.841063,2026-07-25 11:43:17.841063,2026-07-25 11:43:17.841063
8465,465,17,308,26,2026-07-25 11:43:17.841073,2026-07-25 11:43:17.841073,2026-07-25 11:43:17.841073
8466,466,17,193,44,2026-07-25 11:43:17.841082,2026-07-25 11:43:17.841082,2026-07-25 11:43:17.841082
8467,467,17,10,27,2026-07-25 11:43:17.841092,2026-07-25 11:43:17.841092,2026-07-25 11:43:17.841092
8468,468,17,423,20,2026-07-25 11:43:17.841102,2026-07-25 11:43:17.841102,2026-07-25 11:43:17.841102
8469,469,17,390,73,2026-07-25 11:43:17.841112,2026-07-25 11:43:17.841112,2026-07-25 11:43:17.841112
8470,470,17,329,79,2026-07-25 11:43:17.841121,2026-07-25 11:43:17.841121,2026-07-25 11:43:17.841121
8471,471,17,22,28,2026-07-25 11:43:17.841131,2026-07-25 11:43:17.841131,2026-07-25 11:43:17.841131
8472,472,17,127,69,2026-07-25 11:43:17.841141,2026-07-25 11:43:17.841141,2026-07-25 11:43:17.841141
8473,473,17,42,37,2026-07-25 11:43:17.841151,2026-07-25 11:43:17.841151,2026-07-25 11:43:17.841151
8474,474,17,73,80,2026-07-25 11:43:17.841160,2026-07-25 11:43:17.841160,2026-07-25 11:43:17.841160
8475,475,17,321,58,2026-07-25 11:43:17.841170,2026-07-25 11:43:17.841170,2026-07-25 11:43:17.841170
8476,476,17,6,70,2026-07-25 11:43:17.841180,2026-07-25 11:43:17.841180,2026-07-25 11:43:17.841180
8477,477,17,494,20,2026-07-25 11:43:17.841189,2026-07-25 11:43:17.841189,2026-07-25 11:43:17.841189
8478,478,17,490,70,2026-07-25 11:43:17.841199,2026-07-25 11:43:17.841199,2026-07-25 11:43:17.841199
8479,479,17,54,54,2026-07-25 11:43:17.841209,2026-07-25 11:43:17.841209,2026-07-25 11:43:17.841209
8480,480,17,376,72,2026-07-25 11:43:17.841219,2026-07-25 11:43:17.841219,2026-07-25 11:43:17.841219
8481,481,17,173,74,2026-07-25 11:43:17.841235,2026-07-25 11:43:17.841235,2026-07-25 11:43:17.841235
8482,482,17,362,25,2026-07-25 11:43:17.841246,2026-07-25 11:43:17.841246,2026-07-25 11:43:17.841246
8483,483,17,103,28,2026-07-25 11:43:17.841255,2026-07-25 11:43:17.841255,2026-07-25 11:43:17.841255
8484,484,17,245,68,2026-07-25 11:43:17.841265,2026-07-25 11:43:17.841265,2026-07-25 11:43:17.841265
8485,485,17,288,77,2026-07-25 11:43:17.841275,2026-07-25 11:43:17.841275,2026-07-25 11:43:17.841275
8486,486,17,227,72,2026-07-25 11:43:17.841285,2026-07-25 11:43:17.841285,2026-07-25 11:43:17.841285
8487,487,17,83,39,2026-07-25 11:43:17.841294,2026-07-25 11:43:17.841294,2026-07-25 11:43:17.841294
8488,488,17,169,50,2026-07-25 11:43:17.841304,2026-07-25 11:43:17.841304,2026-07-25 11:43:17.841304
8489,489,17,79,35,2026-07-25 11:43:17.841314,2026-07-25 11:43:17.841314,2026-07-25 11:43:17.841314
8490,490,17,28,54,2026-07-25 11:43:17.841324,2026-07-25 11:43:17.841324,2026-07-25 11:43:17.841324
8491,491,17,354,37,2026-07-25 11:43:17.841334,2026-07-25 11:43:17.841334,2026-07-25 11:43:17.841334
8492,492,17,321,54,2026-07-25 11:43:17.841343,2026-07-25 11:43:17.841343,2026-07-25 11:43:17.841343
8493,493,17,63,21,2026-07-25 11:43:17.841353,2026-07-25 11:43:17.841353,2026-07-25 11:43:17.841353
8494,494,17,422,22,2026-07-25 11:43:17.841363,2026-07-25 11:43:17.841363,2026-07-25 11:43:17.841363
8495,495,17,52,54,2026-07-25 11:43:17.841372,2026-07-25 11:43:17.841372,2026-07-25 11:43:17.841372
8496,496,17,151,26,2026-07-25 11:43:17.841382,2026-07-25 11:43:17.841382,2026-07-25 11:43:17.841382
8497,497,17,261,76,2026-07-25 11:43:17.841391,2026-07-25 11:43:17.841391,2026-07-25 11:43:17.841391
8498,498,17,428,46,2026-07-25 11:43:17.841401,2026-07-25 11:43:17.841401,2026-07-25 11:43:17.841401
8499,499,17,72,20,2026-07-25 11:43:17.841411,2026-07-25 11:43:17.841411,2026-07-25 11:43:17.841411
8500,500,17,467,34,2026-07-25 11:43:17.841420,2026-07-25 11:43:17.841420,2026-07-25 11:43:17.841420
8501,1,18,12,34,2026-07-25 11:43:17.841587,2026-07-25 11:43:17.841587,2026-07-25 11:43:17.841587
8502,2,18,218,44,2026-07-25 11:43:17.841599,2026-07-25 11:43:17.841599,2026-07-25 11:43:17.841599
8503,3,18,75,42,2026-07-25 11:43:17.841609,2026-07-25 11:43:17.841609,2026-07-25 11:43:17.841609
8504,4,18,335,38,2026-07-25 11:43:17.841620,2026-07-25 11:43:17.841620,2026-07-25 11:43:17.841620
8505,5,18,115,78,2026-07-25 11:43:17.841631,2026-07-25 11:43:17.841631,2026-07-25 11:43:17.841631
8506,6,18,450,63,2026-07-25 11:43:17.841642,2026-07-25 11:43:17.841642,2026-07-25 11:43:17.841642
8507,7,18,196,63,2026-07-25 11:43:17.841652,2026-07-25 11:43:17.841652,2026-07-25 11:43:17.841652
8508,8,18,452,65,2026-07-25 11:43:17.841663,2026-07-25 11:43:17.841663,2026-07-25 11:43:17.841663
8509,9,18,421,77,2026-07-25 11:43:17.841674,2026-07-25 11:43:17.841674,2026-07-25 11:43:17.841674
8510,10,18,57,51,2026-07-25 11:43:17.841684,2026-07-25 11:43:17.841684,2026-07-25 11:43:17.841684
8511,11,18,86,27,2026-07-25 11:43:17.841694,2026-07-25 11:43:17.841694,2026-07-25 11:43:17.841694
8512,12,18,114,26,2026-07-25 11:43:17.841703,2026-07-25 11:43:17.841703,2026-07-25 11:43:17.841703
8513,13,18,489,38,2026-07-25 11:43:17.841713,2026-07-25 11:43:17.841713,2026-07-25 11:43:17.841713
8514,14,18,182,24,2026-07-25 11:43:17.841723,2026-07-25 11:43:17.841723,2026-07-25 11:43:17.841723
8515,15,18,315,41,2026-07-25 11:43:17.841732,2026-07-25 11:43:17.841732,2026-07-25 11:43:17.841732
8516,16,18,60,43,2026-07-25 11:43:17.841742,2026-07-25 11:43:17.841742,2026-07-25 11:43:17.841742
8517,17,18,472,79,2026-07-25 11:43:17.841752,2026-07-25 11:43:17.841752,2026-07-25 11:43:17.841752
8518,18,18,470,25,2026-07-25 11:43:17.841762,2026-07-25 11:43:17.841762,2026-07-25 11:43:17.841762
8519,19,18,458,22,2026-07-25 11:43:17.841771,2026-07-25 11:43:17.841771,2026-07-25 11:43:17.841771
8520,20,18,309,29,2026-07-25 11:43:17.841781,2026-07-25 11:43:17.841781,2026-07-25 11:43:17.841781
8521,21,18,91,47,2026-07-25 11:43:17.841791,2026-07-25 11:43:17.841791,2026-07-25 11:43:17.841791
8522,22,18,271,41,2026-07-25 11:43:17.841801,2026-07-25 11:43:17.841801,2026-07-25 11:43:17.841801
8523,23,18,307,31,2026-07-25 11:43:17.841810,2026-07-25 11:43:17.841810,2026-07-25 11:43:17.841810
8524,24,18,347,47,2026-07-25 11:43:17.841822,2026-07-25 11:43:17.841822,2026-07-25 11:43:17.841822
8525,25,18,76,77,2026-07-25 11:43:17.841831,2026-07-25 11:43:17.841831,2026-07-25 11:43:17.841831
8526,26,18,341,63,2026-07-25 11:43:17.841841,2026-07-25 11:43:17.841841,2026-07-25 11:43:17.841841
8527,27,18,154,59,2026-07-25 11:43:17.841851,2026-07-25 11:43:17.841851,2026-07-25 11:43:17.841851
8528,28,18,418,38,2026-07-25 11:43:17.841860,2026-07-25 11:43:17.841860,2026-07-25 11:43:17.841860
8529,29,18,178,76,2026-07-25 11:43:17.841870,2026-07-25 11:43:17.841870,2026-07-25 11:43:17.841870
8530,30,18,53,37,2026-07-25 11:43:17.841882,2026-07-25 11:43:17.841882,2026-07-25 11:43:17.841882
8531,31,18,469,51,2026-07-25 11:43:17.841892,2026-07-25 11:43:17.841892,2026-07-25 11:43:17.841892
8532,32,18,338,43,2026-07-25 11:43:17.841905,2026-07-25 11:43:17.841905,2026-07-25 11:43:17.841905
8533,33,18,477,36,2026-07-25 11:43:17.841917,2026-07-25 11:43:17.841917,2026-07-25 11:43:17.841917
8534,34,18,415,78,2026-07-25 11:43:17.841929,2026-07-25 11:43:17.841929,2026-07-25 11:43:17.841929
8535,35,18,364,71,2026-07-25 11:43:17.841941,2026-07-25 11:43:17.841941,2026-07-25 11:43:17.841941
8536,36,18,39,70,2026-07-25 11:43:17.841953,2026-07-25 11:43:17.841953,2026-07-25 11:43:17.841953
8537,37,18,1,75,2026-07-25 11:43:17.841963,2026-07-25 11:43:17.841963,2026-07-25 11:43:17.841963
8538,38,18,477,29,2026-07-25 11:43:17.841974,2026-07-25 11:43:17.841974,2026-07-25 11:43:17.841974
8539,39,18,398,61,2026-07-25 11:43:17.841984,2026-07-25 11:43:17.841984,2026-07-25 11:43:17.841984
8540,40,18,75,40,2026-07-25 11:43:17.841993,2026-07-25 11:43:17.841993,2026-07-25 11:43:17.841993
8541,41,18,75,44,2026-07-25 11:43:17.842002,2026-07-25 11:43:17.842002,2026-07-25 11:43:17.842002
8542,42,18,228,66,2026-07-25 11:43:17.842011,2026-07-25 11:43:17.842011,2026-07-25 11:43:17.842011
8543,43,18,407,70,2026-07-25 11:43:17.842020,2026-07-25 11:43:17.842020,2026-07-25 11:43:17.842020
8544,44,18,499,50,2026-07-25 11:43:17.842029,2026-07-25 11:43:17.842029,2026-07-25 11:43:17.842029
8545,45,18,417,24,2026-07-25 11:43:17.842039,2026-07-25 11:43:17.842039,2026-07-25 11:43:17.842039
8546,46,18,57,56,2026-07-25 11:43:17.842049,2026-07-25 11:43:17.842049,2026-07-25 11:43:17.842049
8547,47,18,218,66,2026-07-25 11:43:17.842058,2026-07-25 11:43:17.842058,2026-07-25 11:43:17.842058
8548,48,18,142,29,2026-07-25 11:43:17.842068,2026-07-25 11:43:17.842068,2026-07-25 11:43:17.842068
8549,49,18,46,40,2026-07-25 11:43:17.842078,2026-07-25 11:43:17.842078,2026-07-25 11:43:17.842078
8550,50,18,65,31,2026-07-25 11:43:17.842087,2026-07-25 11:43:17.842087,2026-07-25 11:43:17.842087
8551,51,18,392,44,2026-07-25 11:43:17.842097,2026-07-25 11:43:17.842097,2026-07-25 11:43:17.842097
8552,52,18,180,40,2026-07-25 11:43:17.842107,2026-07-25 11:43:17.842107,2026-07-25 11:43:17.842107
8553,53,18,253,47,2026-07-25 11:43:17.842117,2026-07-25 11:43:17.842117,2026-07-25 11:43:17.842117
8554,54,18,246,64,2026-07-25 11:43:17.842127,2026-07-25 11:43:17.842127,2026-07-25 11:43:17.842127
8555,55,18,498,46,2026-07-25 11:43:17.842136,2026-07-25 11:43:17.842136,2026-07-25 11:43:17.842136
8556,56,18,308,70,2026-07-25 11:43:17.842146,2026-07-25 11:43:17.842146,2026-07-25 11:43:17.842146
8557,57,18,325,41,2026-07-25 11:43:17.842156,2026-07-25 11:43:17.842156,2026-07-25 11:43:17.842156
8558,58,18,70,71,2026-07-25 11:43:17.842166,2026-07-25 11:43:17.842166,2026-07-25 11:43:17.842166
8559,59,18,483,61,2026-07-25 11:43:17.842175,2026-07-25 11:43:17.842175,2026-07-25 11:43:17.842175
8560,60,18,471,35,2026-07-25 11:43:17.842185,2026-07-25 11:43:17.842185,2026-07-25 11:43:17.842185
8561,61,18,196,46,2026-07-25 11:43:17.842195,2026-07-25 11:43:17.842195,2026-07-25 11:43:17.842195
8562,62,18,281,51,2026-07-25 11:43:17.842204,2026-07-25 11:43:17.842204,2026-07-25 11:43:17.842204
8563,63,18,275,54,2026-07-25 11:43:17.842214,2026-07-25 11:43:17.842214,2026-07-25 11:43:17.842214
8564,64,18,252,54,2026-07-25 11:43:17.842224,2026-07-25 11:43:17.842224,2026-07-25 11:43:17.842224
8565,65,18,274,72,2026-07-25 11:43:17.842234,2026-07-25 11:43:17.842234,2026-07-25 11:43:17.842234
8566,66,18,117,44,2026-07-25 11:43:17.842244,2026-07-25 11:43:17.842244,2026-07-25 11:43:17.842244
8567,67,18,42,57,2026-07-25 11:43:17.842253,2026-07-25 11:43:17.842253,2026-07-25 11:43:17.842253
8568,68,18,366,46,2026-07-25 11:43:17.842263,2026-07-25 11:43:17.842263,2026-07-25 11:43:17.842263
8569,69,18,269,56,2026-07-25 11:43:17.842273,2026-07-25 11:43:17.842273,2026-07-25 11:43:17.842273
8570,70,18,397,64,2026-07-25 11:43:17.842282,2026-07-25 11:43:17.842282,2026-07-25 11:43:17.842282
8571,71,18,415,67,2026-07-25 11:43:17.842292,2026-07-25 11:43:17.842292,2026-07-25 11:43:17.842292
8572,72,18,112,64,2026-07-25 11:43:17.842302,2026-07-25 11:43:17.842302,2026-07-25 11:43:17.842302
8573,73,18,44,35,2026-07-25 11:43:17.842312,2026-07-25 11:43:17.842312,2026-07-25 11:43:17.842312
8574,74,18,185,20,2026-07-25 11:43:17.842322,2026-07-25 11:43:17.842322,2026-07-25 11:43:17.842322
8575,75,18,104,74,2026-07-25 11:43:17.842331,2026-07-25 11:43:17.842331,2026-07-25 11:43:17.842331
8576,76,18,8,43,2026-07-25 11:43:17.842341,2026-07-25 11:43:17.842341,2026-07-25 11:43:17.842341
8577,77,18,285,50,2026-07-25 11:43:17.842351,2026-07-25 11:43:17.842351,2026-07-25 11:43:17.842351
8578,78,18,490,28,2026-07-25 11:43:17.842360,2026-07-25 11:43:17.842360,2026-07-25 11:43:17.842360
8579,79,18,471,27,2026-07-25 11:43:17.842370,2026-07-25 11:43:17.842370,2026-07-25 11:43:17.842370
8580,80,18,30,78,2026-07-25 11:43:17.842380,2026-07-25 11:43:17.842380,2026-07-25 11:43:17.842380
8581,81,18,178,43,2026-07-25 11:43:17.842389,2026-07-25 11:43:17.842389,2026-07-25 11:43:17.842389
8582,82,18,434,74,2026-07-25 11:43:17.842399,2026-07-25 11:43:17.842399,2026-07-25 11:43:17.842399
8583,83,18,443,69,2026-07-25 11:43:17.842409,2026-07-25 11:43:17.842409,2026-07-25 11:43:17.842409
8584,84,18,419,28,2026-07-25 11:43:17.842419,2026-07-25 11:43:17.842419,2026-07-25 11:43:17.842419
8585,85,18,150,49,2026-07-25 11:43:17.842429,2026-07-25 11:43:17.842429,2026-07-25 11:43:17.842429
8586,86,18,73,73,2026-07-25 11:43:17.842438,2026-07-25 11:43:17.842438,2026-07-25 11:43:17.842438
8587,87,18,436,55,2026-07-25 11:43:17.842448,2026-07-25 11:43:17.842448,2026-07-25 11:43:17.842448
8588,88,18,497,79,2026-07-25 11:43:17.842458,2026-07-25 11:43:17.842458,2026-07-25 11:43:17.842458
8589,89,18,467,46,2026-07-25 11:43:17.842471,2026-07-25 11:43:17.842471,2026-07-25 11:43:17.842471
8590,90,18,124,33,2026-07-25 11:43:17.842481,2026-07-25 11:43:17.842481,2026-07-25 11:43:17.842481
8591,91,18,423,34,2026-07-25 11:43:17.842491,2026-07-25 11:43:17.842491,2026-07-25 11:43:17.842491
8592,92,18,28,67,2026-07-25 11:43:17.842501,2026-07-25 11:43:17.842501,2026-07-25 11:43:17.842501
8593,93,18,70,27,2026-07-25 11:43:17.842511,2026-07-25 11:43:17.842511,2026-07-25 11:43:17.842511
8594,94,18,492,64,2026-07-25 11:43:17.842521,2026-07-25 11:43:17.842521,2026-07-25 11:43:17.842521
8595,95,18,360,29,2026-07-25 11:43:17.842532,2026-07-25 11:43:17.842532,2026-07-25 11:43:17.842532
8596,96,18,193,66,2026-07-25 11:43:17.842542,2026-07-25 11:43:17.842542,2026-07-25 11:43:17.842542
8597,97,18,13,64,2026-07-25 11:43:17.842552,2026-07-25 11:43:17.842552,2026-07-25 11:43:17.842552
8598,98,18,494,47,2026-07-25 11:43:17.842562,2026-07-25 11:43:17.842562,2026-07-25 11:43:17.842562
8599,99,18,190,23,2026-07-25 11:43:17.842572,2026-07-25 11:43:17.842572,2026-07-25 11:43:17.842572
8600,100,18,359,26,2026-07-25 11:43:17.842581,2026-07-25 11:43:17.842581,2026-07-25 11:43:17.842581
8601,101,18,339,57,2026-07-25 11:43:17.842591,2026-07-25 11:43:17.842591,2026-07-25 11:43:17.842591
8602,102,18,37,50,2026-07-25 11:43:17.842602,2026-07-25 11:43:17.842602,2026-07-25 11:43:17.842602
8603,103,18,428,58,2026-07-25 11:43:17.842611,2026-07-25 11:43:17.842611,2026-07-25 11:43:17.842611
8604,104,18,445,30,2026-07-25 11:43:17.842621,2026-07-25 11:43:17.842621,2026-07-25 11:43:17.842621
8605,105,18,15,29,2026-07-25 11:43:17.842631,2026-07-25 11:43:17.842631,2026-07-25 11:43:17.842631
8606,106,18,187,29,2026-07-25 11:43:17.842640,2026-07-25 11:43:17.842640,2026-07-25 11:43:17.842640
8607,107,18,40,35,2026-07-25 11:43:17.842650,2026-07-25 11:43:17.842650,2026-07-25 11:43:17.842650
8608,108,18,39,20,2026-07-25 11:43:17.842660,2026-07-25 11:43:17.842660,2026-07-25 11:43:17.842660
8609,109,18,291,73,2026-07-25 11:43:17.842669,2026-07-25 11:43:17.842669,2026-07-25 11:43:17.842669
8610,110,18,416,46,2026-07-25 11:43:17.842679,2026-07-25 11:43:17.842679,2026-07-25 11:43:17.842679
8611,111,18,76,68,2026-07-25 11:43:17.842689,2026-07-25 11:43:17.842689,2026-07-25 11:43:17.842689
8612,112,18,93,50,2026-07-25 11:43:17.842699,2026-07-25 11:43:17.842699,2026-07-25 11:43:17.842699
8613,113,18,380,28,2026-07-25 11:43:17.842708,2026-07-25 11:43:17.842708,2026-07-25 11:43:17.842708
8614,114,18,383,53,2026-07-25 11:43:17.842718,2026-07-25 11:43:17.842718,2026-07-25 11:43:17.842718
8615,115,18,357,80,2026-07-25 11:43:17.842728,2026-07-25 11:43:17.842728,2026-07-25 11:43:17.842728
8616,116,18,153,50,2026-07-25 11:43:17.842737,2026-07-25 11:43:17.842737,2026-07-25 11:43:17.842737
8617,117,18,210,66,2026-07-25 11:43:17.842747,2026-07-25 11:43:17.842747,2026-07-25 11:43:17.842747
8618,118,18,172,48,2026-07-25 11:43:17.842756,2026-07-25 11:43:17.842756,2026-07-25 11:43:17.842756
8619,119,18,400,61,2026-07-25 11:43:17.842766,2026-07-25 11:43:17.842766,2026-07-25 11:43:17.842766
8620,120,18,355,20,2026-07-25 11:43:17.842792,2026-07-25 11:43:17.842792,2026-07-25 11:43:17.842792
8621,121,18,146,27,2026-07-25 11:43:17.842803,2026-07-25 11:43:17.842803,2026-07-25 11:43:17.842803
8622,122,18,79,23,2026-07-25 11:43:17.842812,2026-07-25 11:43:17.842812,2026-07-25 11:43:17.842812
8623,123,18,451,61,2026-07-25 11:43:17.842822,2026-07-25 11:43:17.842822,2026-07-25 11:43:17.842822
8624,124,18,16,58,2026-07-25 11:43:17.842832,2026-07-25 11:43:17.842832,2026-07-25 11:43:17.842832
8625,125,18,384,31,2026-07-25 11:43:17.842841,2026-07-25 11:43:17.842841,2026-07-25 11:43:17.842841
8626,126,18,257,30,2026-07-25 11:43:17.842851,2026-07-25 11:43:17.842851,2026-07-25 11:43:17.842851
8627,127,18,5,45,2026-07-25 11:43:17.842861,2026-07-25 11:43:17.842861,2026-07-25 11:43:17.842861
8628,128,18,426,47,2026-07-25 11:43:17.842871,2026-07-25 11:43:17.842871,2026-07-25 11:43:17.842871
8629,129,18,348,80,2026-07-25 11:43:17.842880,2026-07-25 11:43:17.842880,2026-07-25 11:43:17.842880
8630,130,18,448,49,2026-07-25 11:43:17.842890,2026-07-25 11:43:17.842890,2026-07-25 11:43:17.842890
8631,131,18,283,65,2026-07-25 11:43:17.842900,2026-07-25 11:43:17.842900,2026-07-25 11:43:17.842900
8632,132,18,424,36,2026-07-25 11:43:17.842911,2026-07-25 11:43:17.842911,2026-07-25 11:43:17.842911
8633,133,18,470,56,2026-07-25 11:43:17.842921,2026-07-25 11:43:17.842921,2026-07-25 11:43:17.842921
8634,134,18,256,39,2026-07-25 11:43:17.842931,2026-07-25 11:43:17.842931,2026-07-25 11:43:17.842931
8635,135,18,363,34,2026-07-25 11:43:17.842940,2026-07-25 11:43:17.842940,2026-07-25 11:43:17.842940
8636,136,18,216,79,2026-07-25 11:43:17.842950,2026-07-25 11:43:17.842950,2026-07-25 11:43:17.842950
8637,137,18,80,37,2026-07-25 11:43:17.842960,2026-07-25 11:43:17.842960,2026-07-25 11:43:17.842960
8638,138,18,498,25,2026-07-25 11:43:17.842969,2026-07-25 11:43:17.842969,2026-07-25 11:43:17.842969
8639,139,18,267,44,2026-07-25 11:43:17.842979,2026-07-25 11:43:17.842979,2026-07-25 11:43:17.842979
8640,140,18,500,80,2026-07-25 11:43:17.842989,2026-07-25 11:43:17.842989,2026-07-25 11:43:17.842989
8641,141,18,64,67,2026-07-25 11:43:17.842999,2026-07-25 11:43:17.842999,2026-07-25 11:43:17.842999
8642,142,18,108,45,2026-07-25 11:43:17.843008,2026-07-25 11:43:17.843008,2026-07-25 11:43:17.843008
8643,143,18,316,23,2026-07-25 11:43:17.843018,2026-07-25 11:43:17.843018,2026-07-25 11:43:17.843018
8644,144,18,112,45,2026-07-25 11:43:17.843027,2026-07-25 11:43:17.843027,2026-07-25 11:43:17.843027
8645,145,18,94,72,2026-07-25 11:43:17.843037,2026-07-25 11:43:17.843037,2026-07-25 11:43:17.843037
8646,146,18,381,55,2026-07-25 11:43:17.843047,2026-07-25 11:43:17.843047,2026-07-25 11:43:17.843047
8647,147,18,309,73,2026-07-25 11:43:17.843056,2026-07-25 11:43:17.843056,2026-07-25 11:43:17.843056
8648,148,18,39,72,2026-07-25 11:43:17.843066,2026-07-25 11:43:17.843066,2026-07-25 11:43:17.843066
8649,149,18,354,49,2026-07-25 11:43:17.843076,2026-07-25 11:43:17.843076,2026-07-25 11:43:17.843076
8650,150,18,244,40,2026-07-25 11:43:17.843085,2026-07-25 11:43:17.843085,2026-07-25 11:43:17.843085
8651,151,18,334,61,2026-07-25 11:43:17.843095,2026-07-25 11:43:17.843095,2026-07-25 11:43:17.843095
8652,152,18,207,72,2026-07-25 11:43:17.843105,2026-07-25 11:43:17.843105,2026-07-25 11:43:17.843105
8653,153,18,194,30,2026-07-25 11:43:17.843115,2026-07-25 11:43:17.843115,2026-07-25 11:43:17.843115
8654,154,18,27,71,2026-07-25 11:43:17.843124,2026-07-25 11:43:17.843124,2026-07-25 11:43:17.843124
8655,155,18,190,61,2026-07-25 11:43:17.843134,2026-07-25 11:43:17.843134,2026-07-25 11:43:17.843134
8656,156,18,217,32,2026-07-25 11:43:17.843144,2026-07-25 11:43:17.843144,2026-07-25 11:43:17.843144
8657,157,18,138,26,2026-07-25 11:43:17.843154,2026-07-25 11:43:17.843154,2026-07-25 11:43:17.843154
8658,158,18,53,24,2026-07-25 11:43:17.843163,2026-07-25 11:43:17.843163,2026-07-25 11:43:17.843163
8659,159,18,185,58,2026-07-25 11:43:17.843173,2026-07-25 11:43:17.843173,2026-07-25 11:43:17.843173
8660,160,18,398,74,2026-07-25 11:43:17.843183,2026-07-25 11:43:17.843183,2026-07-25 11:43:17.843183
8661,161,18,171,21,2026-07-25 11:43:17.843192,2026-07-25 11:43:17.843192,2026-07-25 11:43:17.843192
8662,162,18,122,38,2026-07-25 11:43:17.843202,2026-07-25 11:43:17.843202,2026-07-25 11:43:17.843202
8663,163,18,83,54,2026-07-25 11:43:17.843211,2026-07-25 11:43:17.843211,2026-07-25 11:43:17.843211
8664,164,18,54,24,2026-07-25 11:43:17.843221,2026-07-25 11:43:17.843221,2026-07-25 11:43:17.843221
8665,165,18,108,58,2026-07-25 11:43:17.843231,2026-07-25 11:43:17.843231,2026-07-25 11:43:17.843231
8666,166,18,5,68,2026-07-25 11:43:17.843240,2026-07-25 11:43:17.843240,2026-07-25 11:43:17.843240
8667,167,18,465,39,2026-07-25 11:43:17.843250,2026-07-25 11:43:17.843250,2026-07-25 11:43:17.843250
8668,168,18,96,55,2026-07-25 11:43:17.843259,2026-07-25 11:43:17.843259,2026-07-25 11:43:17.843259
8669,169,18,103,60,2026-07-25 11:43:17.843269,2026-07-25 11:43:17.843269,2026-07-25 11:43:17.843269
8670,170,18,475,22,2026-07-25 11:43:17.843279,2026-07-25 11:43:17.843279,2026-07-25 11:43:17.843279
8671,171,18,123,37,2026-07-25 11:43:17.843288,2026-07-25 11:43:17.843288,2026-07-25 11:43:17.843288
8672,172,18,43,56,2026-07-25 11:43:17.843298,2026-07-25 11:43:17.843298,2026-07-25 11:43:17.843298
8673,173,18,289,22,2026-07-25 11:43:17.843308,2026-07-25 11:43:17.843308,2026-07-25 11:43:17.843308
8674,174,18,288,70,2026-07-25 11:43:17.843317,2026-07-25 11:43:17.843317,2026-07-25 11:43:17.843317
8675,175,18,247,22,2026-07-25 11:43:17.843327,2026-07-25 11:43:17.843327,2026-07-25 11:43:17.843327
8676,176,18,24,40,2026-07-25 11:43:17.843337,2026-07-25 11:43:17.843337,2026-07-25 11:43:17.843337
8677,177,18,47,80,2026-07-25 11:43:17.843346,2026-07-25 11:43:17.843346,2026-07-25 11:43:17.843346
8678,178,18,158,20,2026-07-25 11:43:17.843356,2026-07-25 11:43:17.843356,2026-07-25 11:43:17.843356
8679,179,18,182,68,2026-07-25 11:43:17.843366,2026-07-25 11:43:17.843366,2026-07-25 11:43:17.843366
8680,180,18,144,45,2026-07-25 11:43:17.843377,2026-07-25 11:43:17.843377,2026-07-25 11:43:17.843377
8681,181,18,256,32,2026-07-25 11:43:17.843387,2026-07-25 11:43:17.843387,2026-07-25 11:43:17.843387
8682,182,18,161,68,2026-07-25 11:43:17.843396,2026-07-25 11:43:17.843396,2026-07-25 11:43:17.843396
8683,183,18,200,66,2026-07-25 11:43:17.843406,2026-07-25 11:43:17.843406,2026-07-25 11:43:17.843406
8684,184,18,182,28,2026-07-25 11:43:17.843416,2026-07-25 11:43:17.843416,2026-07-25 11:43:17.843416
8685,185,18,359,63,2026-07-25 11:43:17.843426,2026-07-25 11:43:17.843426,2026-07-25 11:43:17.843426
8686,186,18,49,41,2026-07-25 11:43:17.843435,2026-07-25 11:43:17.843435,2026-07-25 11:43:17.843435
8687,187,18,208,77,2026-07-25 11:43:17.843445,2026-07-25 11:43:17.843445,2026-07-25 11:43:17.843445
8688,188,18,379,52,2026-07-25 11:43:17.843455,2026-07-25 11:43:17.843455,2026-07-25 11:43:17.843455
8689,189,18,51,52,2026-07-25 11:43:17.843464,2026-07-25 11:43:17.843464,2026-07-25 11:43:17.843464
8690,190,18,413,69,2026-07-25 11:43:17.843474,2026-07-25 11:43:17.843474,2026-07-25 11:43:17.843474
8691,191,18,76,21,2026-07-25 11:43:17.843484,2026-07-25 11:43:17.843484,2026-07-25 11:43:17.843484
8692,192,18,300,70,2026-07-25 11:43:17.843494,2026-07-25 11:43:17.843494,2026-07-25 11:43:17.843494
8693,193,18,195,50,2026-07-25 11:43:17.843503,2026-07-25 11:43:17.843503,2026-07-25 11:43:17.843503
8694,194,18,300,75,2026-07-25 11:43:17.843513,2026-07-25 11:43:17.843513,2026-07-25 11:43:17.843513
8695,195,18,436,22,2026-07-25 11:43:17.843523,2026-07-25 11:43:17.843523,2026-07-25 11:43:17.843523
8696,196,18,148,30,2026-07-25 11:43:17.843532,2026-07-25 11:43:17.843532,2026-07-25 11:43:17.843532
8697,197,18,77,63,2026-07-25 11:43:17.843542,2026-07-25 11:43:17.843542,2026-07-25 11:43:17.843542
8698,198,18,237,25,2026-07-25 11:43:17.843552,2026-07-25 11:43:17.843552,2026-07-25 11:43:17.843552
8699,199,18,453,60,2026-07-25 11:43:17.843561,2026-07-25 11:43:17.843561,2026-07-25 11:43:17.843561
8700,200,18,47,80,2026-07-25 11:43:17.843571,2026-07-25 11:43:17.843571,2026-07-25 11:43:17.843571
8701,201,18,367,34,2026-07-25 11:43:17.843580,2026-07-25 11:43:17.843580,2026-07-25 11:43:17.843580
8702,202,18,452,33,2026-07-25 11:43:17.843590,2026-07-25 11:43:17.843590,2026-07-25 11:43:17.843590
8703,203,18,413,63,2026-07-25 11:43:17.843600,2026-07-25 11:43:17.843600,2026-07-25 11:43:17.843600
8704,204,18,334,29,2026-07-25 11:43:17.843609,2026-07-25 11:43:17.843609,2026-07-25 11:43:17.843609
8705,205,18,393,65,2026-07-25 11:43:17.843619,2026-07-25 11:43:17.843619,2026-07-25 11:43:17.843619
8706,206,18,82,52,2026-07-25 11:43:17.843629,2026-07-25 11:43:17.843629,2026-07-25 11:43:17.843629
8707,207,18,264,66,2026-07-25 11:43:17.843639,2026-07-25 11:43:17.843639,2026-07-25 11:43:17.843639
8708,208,18,311,61,2026-07-25 11:43:17.843648,2026-07-25 11:43:17.843648,2026-07-25 11:43:17.843648
8709,209,18,267,79,2026-07-25 11:43:17.843658,2026-07-25 11:43:17.843658,2026-07-25 11:43:17.843658
8710,210,18,393,41,2026-07-25 11:43:17.843667,2026-07-25 11:43:17.843667,2026-07-25 11:43:17.843667
8711,211,18,229,70,2026-07-25 11:43:17.843677,2026-07-25 11:43:17.843677,2026-07-25 11:43:17.843677
8712,212,18,67,41,2026-07-25 11:43:17.843687,2026-07-25 11:43:17.843687,2026-07-25 11:43:17.843687
8713,213,18,148,43,2026-07-25 11:43:17.843696,2026-07-25 11:43:17.843696,2026-07-25 11:43:17.843696
8714,214,18,319,74,2026-07-25 11:43:17.843706,2026-07-25 11:43:17.843706,2026-07-25 11:43:17.843706
8715,215,18,481,47,2026-07-25 11:43:17.843715,2026-07-25 11:43:17.843715,2026-07-25 11:43:17.843715
8716,216,18,20,77,2026-07-25 11:43:17.843725,2026-07-25 11:43:17.843725,2026-07-25 11:43:17.843725
8717,217,18,364,69,2026-07-25 11:43:17.843735,2026-07-25 11:43:17.843735,2026-07-25 11:43:17.843735
8718,218,18,349,44,2026-07-25 11:43:17.843744,2026-07-25 11:43:17.843744,2026-07-25 11:43:17.843744
8719,219,18,122,33,2026-07-25 11:43:17.843754,2026-07-25 11:43:17.843754,2026-07-25 11:43:17.843754
8720,220,18,312,58,2026-07-25 11:43:17.843764,2026-07-25 11:43:17.843764,2026-07-25 11:43:17.843764
8721,221,18,38,29,2026-07-25 11:43:17.843773,2026-07-25 11:43:17.843773,2026-07-25 11:43:17.843773
8722,222,18,290,60,2026-07-25 11:43:17.843783,2026-07-25 11:43:17.843783,2026-07-25 11:43:17.843783
8723,223,18,254,26,2026-07-25 11:43:17.843793,2026-07-25 11:43:17.843793,2026-07-25 11:43:17.843793
8724,224,18,412,20,2026-07-25 11:43:17.843802,2026-07-25 11:43:17.843802,2026-07-25 11:43:17.843802
8725,225,18,73,69,2026-07-25 11:43:17.843812,2026-07-25 11:43:17.843812,2026-07-25 11:43:17.843812
8726,226,18,445,39,2026-07-25 11:43:17.843821,2026-07-25 11:43:17.843821,2026-07-25 11:43:17.843821
8727,227,18,280,75,2026-07-25 11:43:17.843831,2026-07-25 11:43:17.843831,2026-07-25 11:43:17.843831
8728,228,18,496,71,2026-07-25 11:43:17.843841,2026-07-25 11:43:17.843841,2026-07-25 11:43:17.843841
8729,229,18,400,77,2026-07-25 11:43:17.843851,2026-07-25 11:43:17.843851,2026-07-25 11:43:17.843851
8730,230,18,44,51,2026-07-25 11:43:17.843860,2026-07-25 11:43:17.843860,2026-07-25 11:43:17.843860
8731,231,18,48,49,2026-07-25 11:43:17.843870,2026-07-25 11:43:17.843870,2026-07-25 11:43:17.843870
8732,232,18,160,30,2026-07-25 11:43:17.843880,2026-07-25 11:43:17.843880,2026-07-25 11:43:17.843880
8733,233,18,478,38,2026-07-25 11:43:17.843889,2026-07-25 11:43:17.843889,2026-07-25 11:43:17.843889
8734,234,18,82,24,2026-07-25 11:43:17.843899,2026-07-25 11:43:17.843899,2026-07-25 11:43:17.843899
8735,235,18,143,56,2026-07-25 11:43:17.843909,2026-07-25 11:43:17.843909,2026-07-25 11:43:17.843909
8736,236,18,186,42,2026-07-25 11:43:17.843918,2026-07-25 11:43:17.843918,2026-07-25 11:43:17.843918
8737,237,18,45,24,2026-07-25 11:43:17.843928,2026-07-25 11:43:17.843928,2026-07-25 11:43:17.843928
8738,238,18,91,65,2026-07-25 11:43:17.843938,2026-07-25 11:43:17.843938,2026-07-25 11:43:17.843938
8739,239,18,395,49,2026-07-25 11:43:17.843947,2026-07-25 11:43:17.843947,2026-07-25 11:43:17.843947
8740,240,18,132,50,2026-07-25 11:43:17.843957,2026-07-25 11:43:17.843957,2026-07-25 11:43:17.843957
8741,241,18,500,36,2026-07-25 11:43:17.843967,2026-07-25 11:43:17.843967,2026-07-25 11:43:17.843967
8742,242,18,390,76,2026-07-25 11:43:17.843976,2026-07-25 11:43:17.843976,2026-07-25 11:43:17.843976
8743,243,18,226,61,2026-07-25 11:43:17.843986,2026-07-25 11:43:17.843986,2026-07-25 11:43:17.843986
8744,244,18,473,28,2026-07-25 11:43:17.843996,2026-07-25 11:43:17.843996,2026-07-25 11:43:17.843996
8745,245,18,481,27,2026-07-25 11:43:17.844005,2026-07-25 11:43:17.844005,2026-07-25 11:43:17.844005
8746,246,18,497,56,2026-07-25 11:43:17.844015,2026-07-25 11:43:17.844015,2026-07-25 11:43:17.844015
8747,247,18,249,22,2026-07-25 11:43:17.844025,2026-07-25 11:43:17.844025,2026-07-25 11:43:17.844025
8748,248,18,186,74,2026-07-25 11:43:17.844034,2026-07-25 11:43:17.844034,2026-07-25 11:43:17.844034
8749,249,18,146,45,2026-07-25 11:43:17.844044,2026-07-25 11:43:17.844044,2026-07-25 11:43:17.844044
8750,250,18,209,74,2026-07-25 11:43:17.844054,2026-07-25 11:43:17.844054,2026-07-25 11:43:17.844054
8751,251,18,317,78,2026-07-25 11:43:17.844063,2026-07-25 11:43:17.844063,2026-07-25 11:43:17.844063
8752,252,18,348,28,2026-07-25 11:43:17.844073,2026-07-25 11:43:17.844073,2026-07-25 11:43:17.844073
8753,253,18,225,43,2026-07-25 11:43:17.844082,2026-07-25 11:43:17.844082,2026-07-25 11:43:17.844082
8754,254,18,262,74,2026-07-25 11:43:17.844092,2026-07-25 11:43:17.844092,2026-07-25 11:43:17.844092
8755,255,18,319,80,2026-07-25 11:43:17.844102,2026-07-25 11:43:17.844102,2026-07-25 11:43:17.844102
8756,256,18,160,43,2026-07-25 11:43:17.844111,2026-07-25 11:43:17.844111,2026-07-25 11:43:17.844111
8757,257,18,42,63,2026-07-25 11:43:17.844121,2026-07-25 11:43:17.844121,2026-07-25 11:43:17.844121
8758,258,18,211,52,2026-07-25 11:43:17.844134,2026-07-25 11:43:17.844134,2026-07-25 11:43:17.844134
8759,259,18,230,36,2026-07-25 11:43:17.844146,2026-07-25 11:43:17.844146,2026-07-25 11:43:17.844146
8760,260,18,449,76,2026-07-25 11:43:17.844156,2026-07-25 11:43:17.844156,2026-07-25 11:43:17.844156
8761,261,18,349,22,2026-07-25 11:43:17.844165,2026-07-25 11:43:17.844165,2026-07-25 11:43:17.844165
8762,262,18,317,61,2026-07-25 11:43:17.844175,2026-07-25 11:43:17.844175,2026-07-25 11:43:17.844175
8763,263,18,29,67,2026-07-25 11:43:17.844185,2026-07-25 11:43:17.844185,2026-07-25 11:43:17.844185
8764,264,18,404,35,2026-07-25 11:43:17.844195,2026-07-25 11:43:17.844195,2026-07-25 11:43:17.844195
8765,265,18,358,72,2026-07-25 11:43:17.844204,2026-07-25 11:43:17.844204,2026-07-25 11:43:17.844204
8766,266,18,287,20,2026-07-25 11:43:17.844214,2026-07-25 11:43:17.844214,2026-07-25 11:43:17.844214
8767,267,18,79,74,2026-07-25 11:43:17.844223,2026-07-25 11:43:17.844223,2026-07-25 11:43:17.844223
8768,268,18,53,38,2026-07-25 11:43:17.844233,2026-07-25 11:43:17.844233,2026-07-25 11:43:17.844233
8769,269,18,192,30,2026-07-25 11:43:17.844243,2026-07-25 11:43:17.844243,2026-07-25 11:43:17.844243
8770,270,18,291,45,2026-07-25 11:43:17.844252,2026-07-25 11:43:17.844252,2026-07-25 11:43:17.844252
8771,271,18,437,24,2026-07-25 11:43:17.844262,2026-07-25 11:43:17.844262,2026-07-25 11:43:17.844262
8772,272,18,114,44,2026-07-25 11:43:17.844272,2026-07-25 11:43:17.844272,2026-07-25 11:43:17.844272
8773,273,18,447,49,2026-07-25 11:43:17.844281,2026-07-25 11:43:17.844281,2026-07-25 11:43:17.844281
8774,274,18,342,25,2026-07-25 11:43:17.844291,2026-07-25 11:43:17.844291,2026-07-25 11:43:17.844291
8775,275,18,178,49,2026-07-25 11:43:17.844301,2026-07-25 11:43:17.844301,2026-07-25 11:43:17.844301
8776,276,18,239,61,2026-07-25 11:43:17.844311,2026-07-25 11:43:17.844311,2026-07-25 11:43:17.844311
8777,277,18,273,77,2026-07-25 11:43:17.844320,2026-07-25 11:43:17.844320,2026-07-25 11:43:17.844320
8778,278,18,418,49,2026-07-25 11:43:17.844330,2026-07-25 11:43:17.844330,2026-07-25 11:43:17.844330
8779,279,18,55,25,2026-07-25 11:43:17.844340,2026-07-25 11:43:17.844340,2026-07-25 11:43:17.844340
8780,280,18,92,66,2026-07-25 11:43:17.844349,2026-07-25 11:43:17.844349,2026-07-25 11:43:17.844349
8781,281,18,55,78,2026-07-25 11:43:17.844359,2026-07-25 11:43:17.844359,2026-07-25 11:43:17.844359
8782,282,18,491,79,2026-07-25 11:43:17.844369,2026-07-25 11:43:17.844369,2026-07-25 11:43:17.844369
8783,283,18,203,69,2026-07-25 11:43:17.844378,2026-07-25 11:43:17.844378,2026-07-25 11:43:17.844378
8784,284,18,221,32,2026-07-25 11:43:17.844388,2026-07-25 11:43:17.844388,2026-07-25 11:43:17.844388
8785,285,18,205,41,2026-07-25 11:43:17.844397,2026-07-25 11:43:17.844397,2026-07-25 11:43:17.844397
8786,286,18,33,40,2026-07-25 11:43:17.844407,2026-07-25 11:43:17.844407,2026-07-25 11:43:17.844407
8787,287,18,175,58,2026-07-25 11:43:17.844417,2026-07-25 11:43:17.844417,2026-07-25 11:43:17.844417
8788,288,18,248,33,2026-07-25 11:43:17.844426,2026-07-25 11:43:17.844426,2026-07-25 11:43:17.844426
8789,289,18,359,67,2026-07-25 11:43:17.844436,2026-07-25 11:43:17.844436,2026-07-25 11:43:17.844436
8790,290,18,243,27,2026-07-25 11:43:17.844445,2026-07-25 11:43:17.844445,2026-07-25 11:43:17.844445
8791,291,18,142,49,2026-07-25 11:43:17.844455,2026-07-25 11:43:17.844455,2026-07-25 11:43:17.844455
8792,292,18,19,54,2026-07-25 11:43:17.844465,2026-07-25 11:43:17.844465,2026-07-25 11:43:17.844465
8793,293,18,79,80,2026-07-25 11:43:17.844474,2026-07-25 11:43:17.844474,2026-07-25 11:43:17.844474
8794,294,18,240,29,2026-07-25 11:43:17.844484,2026-07-25 11:43:17.844484,2026-07-25 11:43:17.844484
8795,295,18,327,33,2026-07-25 11:43:17.844494,2026-07-25 11:43:17.844494,2026-07-25 11:43:17.844494
8796,296,18,163,56,2026-07-25 11:43:17.844503,2026-07-25 11:43:17.844503,2026-07-25 11:43:17.844503
8797,297,18,16,58,2026-07-25 11:43:17.844513,2026-07-25 11:43:17.844513,2026-07-25 11:43:17.844513
8798,298,18,396,44,2026-07-25 11:43:17.844522,2026-07-25 11:43:17.844522,2026-07-25 11:43:17.844522
8799,299,18,31,79,2026-07-25 11:43:17.844532,2026-07-25 11:43:17.844532,2026-07-25 11:43:17.844532
8800,300,18,413,43,2026-07-25 11:43:17.844542,2026-07-25 11:43:17.844542,2026-07-25 11:43:17.844542
8801,301,18,404,47,2026-07-25 11:43:17.844552,2026-07-25 11:43:17.844552,2026-07-25 11:43:17.844552
8802,302,18,242,33,2026-07-25 11:43:17.844561,2026-07-25 11:43:17.844561,2026-07-25 11:43:17.844561
8803,303,18,27,33,2026-07-25 11:43:17.844571,2026-07-25 11:43:17.844571,2026-07-25 11:43:17.844571
8804,304,18,444,21,2026-07-25 11:43:17.844581,2026-07-25 11:43:17.844581,2026-07-25 11:43:17.844581
8805,305,18,487,68,2026-07-25 11:43:17.844590,2026-07-25 11:43:17.844590,2026-07-25 11:43:17.844590
8806,306,18,350,47,2026-07-25 11:43:17.844600,2026-07-25 11:43:17.844600,2026-07-25 11:43:17.844600
8807,307,18,138,36,2026-07-25 11:43:17.844609,2026-07-25 11:43:17.844609,2026-07-25 11:43:17.844609
8808,308,18,325,31,2026-07-25 11:43:17.844619,2026-07-25 11:43:17.844619,2026-07-25 11:43:17.844619
8809,309,18,42,29,2026-07-25 11:43:17.844628,2026-07-25 11:43:17.844628,2026-07-25 11:43:17.844628
8810,310,18,35,37,2026-07-25 11:43:17.844638,2026-07-25 11:43:17.844638,2026-07-25 11:43:17.844638
8811,311,18,207,25,2026-07-25 11:43:17.844648,2026-07-25 11:43:17.844648,2026-07-25 11:43:17.844648
8812,312,18,152,75,2026-07-25 11:43:17.844657,2026-07-25 11:43:17.844657,2026-07-25 11:43:17.844657
8813,313,18,364,48,2026-07-25 11:43:17.844667,2026-07-25 11:43:17.844667,2026-07-25 11:43:17.844667
8814,314,18,446,46,2026-07-25 11:43:17.844677,2026-07-25 11:43:17.844677,2026-07-25 11:43:17.844677
8815,315,18,268,33,2026-07-25 11:43:17.844686,2026-07-25 11:43:17.844686,2026-07-25 11:43:17.844686
8816,316,18,342,77,2026-07-25 11:43:17.844696,2026-07-25 11:43:17.844696,2026-07-25 11:43:17.844696
8817,317,18,132,31,2026-07-25 11:43:17.844706,2026-07-25 11:43:17.844706,2026-07-25 11:43:17.844706
8818,318,18,425,23,2026-07-25 11:43:17.844715,2026-07-25 11:43:17.844715,2026-07-25 11:43:17.844715
8819,319,18,47,77,2026-07-25 11:43:17.844725,2026-07-25 11:43:17.844725,2026-07-25 11:43:17.844725
8820,320,18,461,47,2026-07-25 11:43:17.844734,2026-07-25 11:43:17.844734,2026-07-25 11:43:17.844734
8821,321,18,175,68,2026-07-25 11:43:17.844744,2026-07-25 11:43:17.844744,2026-07-25 11:43:17.844744
8822,322,18,152,30,2026-07-25 11:43:17.844754,2026-07-25 11:43:17.844754,2026-07-25 11:43:17.844754
8823,323,18,101,42,2026-07-25 11:43:17.844763,2026-07-25 11:43:17.844763,2026-07-25 11:43:17.844763
8824,324,18,482,46,2026-07-25 11:43:17.844773,2026-07-25 11:43:17.844773,2026-07-25 11:43:17.844773
8825,325,18,246,50,2026-07-25 11:43:17.844783,2026-07-25 11:43:17.844783,2026-07-25 11:43:17.844783
8826,326,18,274,64,2026-07-25 11:43:17.844792,2026-07-25 11:43:17.844792,2026-07-25 11:43:17.844792
8827,327,18,401,30,2026-07-25 11:43:17.844802,2026-07-25 11:43:17.844802,2026-07-25 11:43:17.844802
8828,328,18,494,64,2026-07-25 11:43:17.844811,2026-07-25 11:43:17.844811,2026-07-25 11:43:17.844811
8829,329,18,223,42,2026-07-25 11:43:17.844821,2026-07-25 11:43:17.844821,2026-07-25 11:43:17.844821
8830,330,18,467,64,2026-07-25 11:43:17.844831,2026-07-25 11:43:17.844831,2026-07-25 11:43:17.844831
8831,331,18,292,44,2026-07-25 11:43:17.844841,2026-07-25 11:43:17.844841,2026-07-25 11:43:17.844841
8832,332,18,421,20,2026-07-25 11:43:17.844850,2026-07-25 11:43:17.844850,2026-07-25 11:43:17.844850
8833,333,18,287,70,2026-07-25 11:43:17.844860,2026-07-25 11:43:17.844860,2026-07-25 11:43:17.844860
8834,334,18,457,58,2026-07-25 11:43:17.844870,2026-07-25 11:43:17.844870,2026-07-25 11:43:17.844870
8835,335,18,101,24,2026-07-25 11:43:17.844879,2026-07-25 11:43:17.844879,2026-07-25 11:43:17.844879
8836,336,18,370,62,2026-07-25 11:43:17.844890,2026-07-25 11:43:17.844890,2026-07-25 11:43:17.844890
8837,337,18,296,59,2026-07-25 11:43:17.844900,2026-07-25 11:43:17.844900,2026-07-25 11:43:17.844900
8838,338,18,74,40,2026-07-25 11:43:17.844910,2026-07-25 11:43:17.844910,2026-07-25 11:43:17.844910
8839,339,18,340,72,2026-07-25 11:43:17.844919,2026-07-25 11:43:17.844919,2026-07-25 11:43:17.844919
8840,340,18,480,66,2026-07-25 11:43:17.844929,2026-07-25 11:43:17.844929,2026-07-25 11:43:17.844929
8841,341,18,380,72,2026-07-25 11:43:17.844939,2026-07-25 11:43:17.844939,2026-07-25 11:43:17.844939
8842,342,18,377,66,2026-07-25 11:43:17.844949,2026-07-25 11:43:17.844949,2026-07-25 11:43:17.844949
8843,343,18,162,20,2026-07-25 11:43:17.844958,2026-07-25 11:43:17.844958,2026-07-25 11:43:17.844958
8844,344,18,77,77,2026-07-25 11:43:17.844968,2026-07-25 11:43:17.844968,2026-07-25 11:43:17.844968
8845,345,18,234,79,2026-07-25 11:43:17.844978,2026-07-25 11:43:17.844978,2026-07-25 11:43:17.844978
8846,346,18,75,51,2026-07-25 11:43:17.844987,2026-07-25 11:43:17.844987,2026-07-25 11:43:17.844987
8847,347,18,442,40,2026-07-25 11:43:17.844997,2026-07-25 11:43:17.844997,2026-07-25 11:43:17.844997
8848,348,18,58,70,2026-07-25 11:43:17.845007,2026-07-25 11:43:17.845007,2026-07-25 11:43:17.845007
8849,349,18,496,63,2026-07-25 11:43:17.845016,2026-07-25 11:43:17.845016,2026-07-25 11:43:17.845016
8850,350,18,208,36,2026-07-25 11:43:17.845027,2026-07-25 11:43:17.845027,2026-07-25 11:43:17.845027
8851,351,18,266,66,2026-07-25 11:43:17.845037,2026-07-25 11:43:17.845037,2026-07-25 11:43:17.845037
8852,352,18,1,48,2026-07-25 11:43:17.845047,2026-07-25 11:43:17.845047,2026-07-25 11:43:17.845047
8853,353,18,482,73,2026-07-25 11:43:17.845057,2026-07-25 11:43:17.845057,2026-07-25 11:43:17.845057
8854,354,18,438,28,2026-07-25 11:43:17.845067,2026-07-25 11:43:17.845067,2026-07-25 11:43:17.845067
8855,355,18,324,48,2026-07-25 11:43:17.845076,2026-07-25 11:43:17.845076,2026-07-25 11:43:17.845076
8856,356,18,327,57,2026-07-25 11:43:17.845086,2026-07-25 11:43:17.845086,2026-07-25 11:43:17.845086
8857,357,18,49,22,2026-07-25 11:43:17.845096,2026-07-25 11:43:17.845096,2026-07-25 11:43:17.845096
8858,358,18,111,67,2026-07-25 11:43:17.845105,2026-07-25 11:43:17.845105,2026-07-25 11:43:17.845105
8859,359,18,96,46,2026-07-25 11:43:17.845115,2026-07-25 11:43:17.845115,2026-07-25 11:43:17.845115
8860,360,18,356,54,2026-07-25 11:43:17.845124,2026-07-25 11:43:17.845124,2026-07-25 11:43:17.845124
8861,361,18,396,30,2026-07-25 11:43:17.845134,2026-07-25 11:43:17.845134,2026-07-25 11:43:17.845134
8862,362,18,307,44,2026-07-25 11:43:17.845144,2026-07-25 11:43:17.845144,2026-07-25 11:43:17.845144
8863,363,18,110,42,2026-07-25 11:43:17.845154,2026-07-25 11:43:17.845154,2026-07-25 11:43:17.845154
8864,364,18,107,80,2026-07-25 11:43:17.845163,2026-07-25 11:43:17.845163,2026-07-25 11:43:17.845163
8865,365,18,97,63,2026-07-25 11:43:17.845173,2026-07-25 11:43:17.845173,2026-07-25 11:43:17.845173
8866,366,18,295,20,2026-07-25 11:43:17.845183,2026-07-25 11:43:17.845183,2026-07-25 11:43:17.845183
8867,367,18,189,72,2026-07-25 11:43:17.845192,2026-07-25 11:43:17.845192,2026-07-25 11:43:17.845192
8868,368,18,186,21,2026-07-25 11:43:17.845202,2026-07-25 11:43:17.845202,2026-07-25 11:43:17.845202
8869,369,18,154,77,2026-07-25 11:43:17.845212,2026-07-25 11:43:17.845212,2026-07-25 11:43:17.845212
8870,370,18,157,52,2026-07-25 11:43:17.845222,2026-07-25 11:43:17.845222,2026-07-25 11:43:17.845222
8871,371,18,419,75,2026-07-25 11:43:17.845231,2026-07-25 11:43:17.845231,2026-07-25 11:43:17.845231
8872,372,18,63,64,2026-07-25 11:43:17.845241,2026-07-25 11:43:17.845241,2026-07-25 11:43:17.845241
8873,373,18,255,61,2026-07-25 11:43:17.845250,2026-07-25 11:43:17.845250,2026-07-25 11:43:17.845250
8874,374,18,233,46,2026-07-25 11:43:17.845265,2026-07-25 11:43:17.845265,2026-07-25 11:43:17.845265
8875,375,18,210,42,2026-07-25 11:43:17.845275,2026-07-25 11:43:17.845275,2026-07-25 11:43:17.845275
8876,376,18,180,73,2026-07-25 11:43:17.845285,2026-07-25 11:43:17.845285,2026-07-25 11:43:17.845285
8877,377,18,277,47,2026-07-25 11:43:17.845294,2026-07-25 11:43:17.845294,2026-07-25 11:43:17.845294
8878,378,18,267,68,2026-07-25 11:43:17.845304,2026-07-25 11:43:17.845304,2026-07-25 11:43:17.845304
8879,379,18,171,27,2026-07-25 11:43:17.845314,2026-07-25 11:43:17.845314,2026-07-25 11:43:17.845314
8880,380,18,474,31,2026-07-25 11:43:17.845324,2026-07-25 11:43:17.845324,2026-07-25 11:43:17.845324
8881,381,18,234,47,2026-07-25 11:43:17.845333,2026-07-25 11:43:17.845333,2026-07-25 11:43:17.845333
8882,382,18,191,31,2026-07-25 11:43:17.845343,2026-07-25 11:43:17.845343,2026-07-25 11:43:17.845343
8883,383,18,283,58,2026-07-25 11:43:17.845353,2026-07-25 11:43:17.845353,2026-07-25 11:43:17.845353
8884,384,18,83,54,2026-07-25 11:43:17.845362,2026-07-25 11:43:17.845362,2026-07-25 11:43:17.845362
8885,385,18,223,44,2026-07-25 11:43:17.845372,2026-07-25 11:43:17.845372,2026-07-25 11:43:17.845372
8886,386,18,145,74,2026-07-25 11:43:17.845383,2026-07-25 11:43:17.845383,2026-07-25 11:43:17.845383
8887,387,18,337,64,2026-07-25 11:43:17.845392,2026-07-25 11:43:17.845392,2026-07-25 11:43:17.845392
8888,388,18,348,47,2026-07-25 11:43:17.845402,2026-07-25 11:43:17.845402,2026-07-25 11:43:17.845402
8889,389,18,324,38,2026-07-25 11:43:17.845412,2026-07-25 11:43:17.845412,2026-07-25 11:43:17.845412
8890,390,18,359,59,2026-07-25 11:43:17.845422,2026-07-25 11:43:17.845422,2026-07-25 11:43:17.845422
8891,391,18,480,79,2026-07-25 11:43:17.845431,2026-07-25 11:43:17.845431,2026-07-25 11:43:17.845431
8892,392,18,463,74,2026-07-25 11:43:17.845441,2026-07-25 11:43:17.845441,2026-07-25 11:43:17.845441
8893,393,18,50,25,2026-07-25 11:43:17.845450,2026-07-25 11:43:17.845450,2026-07-25 11:43:17.845450
8894,394,18,412,73,2026-07-25 11:43:17.845460,2026-07-25 11:43:17.845460,2026-07-25 11:43:17.845460
8895,395,18,53,25,2026-07-25 11:43:17.845470,2026-07-25 11:43:17.845470,2026-07-25 11:43:17.845470
8896,396,18,332,21,2026-07-25 11:43:17.845479,2026-07-25 11:43:17.845479,2026-07-25 11:43:17.845479
8897,397,18,315,79,2026-07-25 11:43:17.845489,2026-07-25 11:43:17.845489,2026-07-25 11:43:17.845489
8898,398,18,210,26,2026-07-25 11:43:17.845499,2026-07-25 11:43:17.845499,2026-07-25 11:43:17.845499
8899,399,18,254,67,2026-07-25 11:43:17.845509,2026-07-25 11:43:17.845509,2026-07-25 11:43:17.845509
8900,400,18,384,59,2026-07-25 11:43:17.845518,2026-07-25 11:43:17.845518,2026-07-25 11:43:17.845518
8901,401,18,474,54,2026-07-25 11:43:17.845528,2026-07-25 11:43:17.845528,2026-07-25 11:43:17.845528
8902,402,18,51,60,2026-07-25 11:43:17.845538,2026-07-25 11:43:17.845538,2026-07-25 11:43:17.845538
8903,403,18,227,52,2026-07-25 11:43:17.845548,2026-07-25 11:43:17.845548,2026-07-25 11:43:17.845548
8904,404,18,297,71,2026-07-25 11:43:17.845557,2026-07-25 11:43:17.845557,2026-07-25 11:43:17.845557
8905,405,18,16,62,2026-07-25 11:43:17.845567,2026-07-25 11:43:17.845567,2026-07-25 11:43:17.845567
8906,406,18,148,74,2026-07-25 11:43:17.845577,2026-07-25 11:43:17.845577,2026-07-25 11:43:17.845577
8907,407,18,215,33,2026-07-25 11:43:17.845587,2026-07-25 11:43:17.845587,2026-07-25 11:43:17.845587
8908,408,18,114,69,2026-07-25 11:43:17.845596,2026-07-25 11:43:17.845596,2026-07-25 11:43:17.845596
8909,409,18,232,55,2026-07-25 11:43:17.845606,2026-07-25 11:43:17.845606,2026-07-25 11:43:17.845606
8910,410,18,195,27,2026-07-25 11:43:17.845615,2026-07-25 11:43:17.845615,2026-07-25 11:43:17.845615
8911,411,18,100,74,2026-07-25 11:43:17.845625,2026-07-25 11:43:17.845625,2026-07-25 11:43:17.845625
8912,412,18,240,80,2026-07-25 11:43:17.845635,2026-07-25 11:43:17.845635,2026-07-25 11:43:17.845635
8913,413,18,63,42,2026-07-25 11:43:17.845645,2026-07-25 11:43:17.845645,2026-07-25 11:43:17.845645
8914,414,18,495,70,2026-07-25 11:43:17.845656,2026-07-25 11:43:17.845656,2026-07-25 11:43:17.845656
8915,415,18,467,49,2026-07-25 11:43:17.845666,2026-07-25 11:43:17.845666,2026-07-25 11:43:17.845666
8916,416,18,211,78,2026-07-25 11:43:17.845675,2026-07-25 11:43:17.845675,2026-07-25 11:43:17.845675
8917,417,18,420,61,2026-07-25 11:43:17.845685,2026-07-25 11:43:17.845685,2026-07-25 11:43:17.845685
8918,418,18,360,70,2026-07-25 11:43:17.845695,2026-07-25 11:43:17.845695,2026-07-25 11:43:17.845695
8919,419,18,379,45,2026-07-25 11:43:17.845705,2026-07-25 11:43:17.845705,2026-07-25 11:43:17.845705
8920,420,18,3,80,2026-07-25 11:43:17.845714,2026-07-25 11:43:17.845714,2026-07-25 11:43:17.845714
8921,421,18,191,70,2026-07-25 11:43:17.845724,2026-07-25 11:43:17.845724,2026-07-25 11:43:17.845724
8922,422,18,114,52,2026-07-25 11:43:17.845734,2026-07-25 11:43:17.845734,2026-07-25 11:43:17.845734
8923,423,18,145,37,2026-07-25 11:43:17.845743,2026-07-25 11:43:17.845743,2026-07-25 11:43:17.845743
8924,424,18,450,62,2026-07-25 11:43:17.845753,2026-07-25 11:43:17.845753,2026-07-25 11:43:17.845753
8925,425,18,135,39,2026-07-25 11:43:17.845763,2026-07-25 11:43:17.845763,2026-07-25 11:43:17.845763
8926,426,18,429,77,2026-07-25 11:43:17.845772,2026-07-25 11:43:17.845772,2026-07-25 11:43:17.845772
8927,427,18,407,78,2026-07-25 11:43:17.845782,2026-07-25 11:43:17.845782,2026-07-25 11:43:17.845782
8928,428,18,212,63,2026-07-25 11:43:17.845792,2026-07-25 11:43:17.845792,2026-07-25 11:43:17.845792
8929,429,18,123,20,2026-07-25 11:43:17.845802,2026-07-25 11:43:17.845802,2026-07-25 11:43:17.845802
8930,430,18,460,78,2026-07-25 11:43:17.845811,2026-07-25 11:43:17.845811,2026-07-25 11:43:17.845811
8931,431,18,212,22,2026-07-25 11:43:17.845821,2026-07-25 11:43:17.845821,2026-07-25 11:43:17.845821
8932,432,18,7,21,2026-07-25 11:43:17.845831,2026-07-25 11:43:17.845831,2026-07-25 11:43:17.845831
8933,433,18,78,70,2026-07-25 11:43:17.845841,2026-07-25 11:43:17.845841,2026-07-25 11:43:17.845841
8934,434,18,191,73,2026-07-25 11:43:17.845851,2026-07-25 11:43:17.845851,2026-07-25 11:43:17.845851
8935,435,18,418,53,2026-07-25 11:43:17.845860,2026-07-25 11:43:17.845860,2026-07-25 11:43:17.845860
8936,436,18,419,67,2026-07-25 11:43:17.845870,2026-07-25 11:43:17.845870,2026-07-25 11:43:17.845870
8937,437,18,307,40,2026-07-25 11:43:17.845879,2026-07-25 11:43:17.845879,2026-07-25 11:43:17.845879
8938,438,18,171,30,2026-07-25 11:43:17.845893,2026-07-25 11:43:17.845893,2026-07-25 11:43:17.845893
8939,439,18,491,56,2026-07-25 11:43:17.845903,2026-07-25 11:43:17.845903,2026-07-25 11:43:17.845903
8940,440,18,220,35,2026-07-25 11:43:17.845913,2026-07-25 11:43:17.845913,2026-07-25 11:43:17.845913
8941,441,18,284,45,2026-07-25 11:43:17.845923,2026-07-25 11:43:17.845923,2026-07-25 11:43:17.845923
8942,442,18,98,59,2026-07-25 11:43:17.845932,2026-07-25 11:43:17.845932,2026-07-25 11:43:17.845932
8943,443,18,329,45,2026-07-25 11:43:17.845942,2026-07-25 11:43:17.845942,2026-07-25 11:43:17.845942
8944,444,18,424,23,2026-07-25 11:43:17.845951,2026-07-25 11:43:17.845951,2026-07-25 11:43:17.845951
8945,445,18,410,79,2026-07-25 11:43:17.845959,2026-07-25 11:43:17.845959,2026-07-25 11:43:17.845959
8946,446,18,295,47,2026-07-25 11:43:17.845968,2026-07-25 11:43:17.845968,2026-07-25 11:43:17.845968
8947,447,18,65,80,2026-07-25 11:43:17.845977,2026-07-25 11:43:17.845977,2026-07-25 11:43:17.845977
8948,448,18,325,44,2026-07-25 11:43:17.845986,2026-07-25 11:43:17.845986,2026-07-25 11:43:17.845986
8949,449,18,500,66,2026-07-25 11:43:17.845995,2026-07-25 11:43:17.845995,2026-07-25 11:43:17.845995
8950,450,18,88,45,2026-07-25 11:43:17.846004,2026-07-25 11:43:17.846004,2026-07-25 11:43:17.846004
8951,451,18,462,40,2026-07-25 11:43:17.846014,2026-07-25 11:43:17.846014,2026-07-25 11:43:17.846014
8952,452,18,264,30,2026-07-25 11:43:17.846023,2026-07-25 11:43:17.846023,2026-07-25 11:43:17.846023
8953,453,18,223,34,2026-07-25 11:43:17.846033,2026-07-25 11:43:17.846033,2026-07-25 11:43:17.846033
8954,454,18,50,65,2026-07-25 11:43:17.846043,2026-07-25 11:43:17.846043,2026-07-25 11:43:17.846043
8955,455,18,410,28,2026-07-25 11:43:17.846052,2026-07-25 11:43:17.846052,2026-07-25 11:43:17.846052
8956,456,18,258,27,2026-07-25 11:43:17.846062,2026-07-25 11:43:17.846062,2026-07-25 11:43:17.846062
8957,457,18,323,56,2026-07-25 11:43:17.846072,2026-07-25 11:43:17.846072,2026-07-25 11:43:17.846072
8958,458,18,401,45,2026-07-25 11:43:17.846081,2026-07-25 11:43:17.846081,2026-07-25 11:43:17.846081
8959,459,18,431,68,2026-07-25 11:43:17.846091,2026-07-25 11:43:17.846091,2026-07-25 11:43:17.846091
8960,460,18,321,78,2026-07-25 11:43:17.846101,2026-07-25 11:43:17.846101,2026-07-25 11:43:17.846101
8961,461,18,133,73,2026-07-25 11:43:17.846110,2026-07-25 11:43:17.846110,2026-07-25 11:43:17.846110
8962,462,18,283,30,2026-07-25 11:43:17.846120,2026-07-25 11:43:17.846120,2026-07-25 11:43:17.846120
8963,463,18,485,40,2026-07-25 11:43:17.846145,2026-07-25 11:43:17.846145,2026-07-25 11:43:17.846145
8964,464,18,104,25,2026-07-25 11:43:17.846156,2026-07-25 11:43:17.846156,2026-07-25 11:43:17.846156
8965,465,18,47,21,2026-07-25 11:43:17.846166,2026-07-25 11:43:17.846166,2026-07-25 11:43:17.846166
8966,466,18,223,20,2026-07-25 11:43:17.846176,2026-07-25 11:43:17.846176,2026-07-25 11:43:17.846176
8967,467,18,321,69,2026-07-25 11:43:17.846186,2026-07-25 11:43:17.846186,2026-07-25 11:43:17.846186
8968,468,18,303,29,2026-07-25 11:43:17.846196,2026-07-25 11:43:17.846196,2026-07-25 11:43:17.846196
8969,469,18,14,59,2026-07-25 11:43:17.846206,2026-07-25 11:43:17.846206,2026-07-25 11:43:17.846206
8970,470,18,362,54,2026-07-25 11:43:17.846216,2026-07-25 11:43:17.846216,2026-07-25 11:43:17.846216
8971,471,18,471,25,2026-07-25 11:43:17.846226,2026-07-25 11:43:17.846226,2026-07-25 11:43:17.846226
8972,472,18,292,44,2026-07-25 11:43:17.846236,2026-07-25 11:43:17.846236,2026-07-25 11:43:17.846236
8973,473,18,12,67,2026-07-25 11:43:17.846245,2026-07-25 11:43:17.846245,2026-07-25 11:43:17.846245
8974,474,18,375,28,2026-07-25 11:43:17.846255,2026-07-25 11:43:17.846255,2026-07-25 11:43:17.846255
8975,475,18,232,60,2026-07-25 11:43:17.846265,2026-07-25 11:43:17.846265,2026-07-25 11:43:17.846265
8976,476,18,323,69,2026-07-25 11:43:17.846275,2026-07-25 11:43:17.846275,2026-07-25 11:43:17.846275
8977,477,18,183,31,2026-07-25 11:43:17.846284,2026-07-25 11:43:17.846284,2026-07-25 11:43:17.846284
8978,478,18,122,61,2026-07-25 11:43:17.846294,2026-07-25 11:43:17.846294,2026-07-25 11:43:17.846294
8979,479,18,459,34,2026-07-25 11:43:17.846304,2026-07-25 11:43:17.846304,2026-07-25 11:43:17.846304
8980,480,18,152,32,2026-07-25 11:43:17.846314,2026-07-25 11:43:17.846314,2026-07-25 11:43:17.846314
8981,481,18,274,73,2026-07-25 11:43:17.846323,2026-07-25 11:43:17.846323,2026-07-25 11:43:17.846323
8982,482,18,125,66,2026-07-25 11:43:17.846333,2026-07-25 11:43:17.846333,2026-07-25 11:43:17.846333
8983,483,18,399,71,2026-07-25 11:43:17.846343,2026-07-25 11:43:17.846343,2026-07-25 11:43:17.846343
8984,484,18,402,44,2026-07-25 11:43:17.846353,2026-07-25 11:43:17.846353,2026-07-25 11:43:17.846353
8985,485,18,394,36,2026-07-25 11:43:17.846363,2026-07-25 11:43:17.846363,2026-07-25 11:43:17.846363
8986,486,18,337,23,2026-07-25 11:43:17.846372,2026-07-25 11:43:17.846372,2026-07-25 11:43:17.846372
8987,487,18,140,25,2026-07-25 11:43:17.846382,2026-07-25 11:43:17.846382,2026-07-25 11:43:17.846382
8988,488,18,478,29,2026-07-25 11:43:17.846392,2026-07-25 11:43:17.846392,2026-07-25 11:43:17.846392
8989,489,18,321,21,2026-07-25 11:43:17.846401,2026-07-25 11:43:17.846401,2026-07-25 11:43:17.846401
8990,490,18,326,57,2026-07-25 11:43:17.846411,2026-07-25 11:43:17.846411,2026-07-25 11:43:17.846411
8991,491,18,443,26,2026-07-25 11:43:17.846421,2026-07-25 11:43:17.846421,2026-07-25 11:43:17.846421
8992,492,18,56,49,2026-07-25 11:43:17.846432,2026-07-25 11:43:17.846432,2026-07-25 11:43:17.846432
8993,493,18,474,58,2026-07-25 11:43:17.846442,2026-07-25 11:43:17.846442,2026-07-25 11:43:17.846442
8994,494,18,62,26,2026-07-25 11:43:17.846451,2026-07-25 11:43:17.846451,2026-07-25 11:43:17.846451
8995,495,18,72,38,2026-07-25 11:43:17.846461,2026-07-25 11:43:17.846461,2026-07-25 11:43:17.846461
8996,496,18,134,77,2026-07-25 11:43:17.846471,2026-07-25 11:43:17.846471,2026-07-25 11:43:17.846471
8997,497,18,92,25,2026-07-25 11:43:17.846480,2026-07-25 11:43:17.846480,2026-07-25 11:43:17.846480
8998,498,18,39,51,2026-07-25 11:43:17.846490,2026-07-25 11:43:17.846490,2026-07-25 11:43:17.846490
8999,499,18,432,43,2026-07-25 11:43:17.846500,2026-07-25 11:43:17.846500,2026-07-25 11:43:17.846500
9000,500,18,467,73,2026-07-25 11:43:17.846510,2026-07-25 11:43:17.846510,2026-07-25 11:43:17.846510
9001,1,19,106,45,2026-07-25 11:43:17.846679,2026-07-25 11:43:17.846679,2026-07-25 11:43:17.846679
9002,2,19,51,51,2026-07-25 11:43:17.846691,2026-07-25 11:43:17.846691,2026-07-25 11:43:17.846691
9003,3,19,407,21,2026-07-25 11:43:17.846702,2026-07-25 11:43:17.846702,2026-07-25 11:43:17.846702
9004,4,19,211,24,2026-07-25 11:43:17.846712,2026-07-25 11:43:17.846712,2026-07-25 11:43:17.846712
9005,5,19,249,60,2026-07-25 11:43:17.846722,2026-07-25 11:43:17.846722,2026-07-25 11:43:17.846722
9006,6,19,39,33,2026-07-25 11:43:17.846732,2026-07-25 11:43:17.846732,2026-07-25 11:43:17.846732
9007,7,19,351,46,2026-07-25 11:43:17.846742,2026-07-25 11:43:17.846742,2026-07-25 11:43:17.846742
9008,8,19,192,76,2026-07-25 11:43:17.846752,2026-07-25 11:43:17.846752,2026-07-25 11:43:17.846752
9009,9,19,160,60,2026-07-25 11:43:17.846761,2026-07-25 11:43:17.846761,2026-07-25 11:43:17.846761
9010,10,19,465,48,2026-07-25 11:43:17.846771,2026-07-25 11:43:17.846771,2026-07-25 11:43:17.846771
9011,11,19,413,30,2026-07-25 11:43:17.846781,2026-07-25 11:43:17.846781,2026-07-25 11:43:17.846781
9012,12,19,92,39,2026-07-25 11:43:17.846791,2026-07-25 11:43:17.846791,2026-07-25 11:43:17.846791
9013,13,19,5,77,2026-07-25 11:43:17.846805,2026-07-25 11:43:17.846805,2026-07-25 11:43:17.846805
9014,14,19,91,62,2026-07-25 11:43:17.846815,2026-07-25 11:43:17.846815,2026-07-25 11:43:17.846815
9015,15,19,290,60,2026-07-25 11:43:17.846825,2026-07-25 11:43:17.846825,2026-07-25 11:43:17.846825
9016,16,19,310,74,2026-07-25 11:43:17.846835,2026-07-25 11:43:17.846835,2026-07-25 11:43:17.846835
9017,17,19,16,27,2026-07-25 11:43:17.846844,2026-07-25 11:43:17.846844,2026-07-25 11:43:17.846844
9018,18,19,499,41,2026-07-25 11:43:17.846854,2026-07-25 11:43:17.846854,2026-07-25 11:43:17.846854
9019,19,19,177,50,2026-07-25 11:43:17.846864,2026-07-25 11:43:17.846864,2026-07-25 11:43:17.846864
9020,20,19,314,58,2026-07-25 11:43:17.846874,2026-07-25 11:43:17.846874,2026-07-25 11:43:17.846874
9021,21,19,279,20,2026-07-25 11:43:17.846883,2026-07-25 11:43:17.846883,2026-07-25 11:43:17.846883
9022,22,19,81,53,2026-07-25 11:43:17.846893,2026-07-25 11:43:17.846893,2026-07-25 11:43:17.846893
9023,23,19,379,36,2026-07-25 11:43:17.846903,2026-07-25 11:43:17.846903,2026-07-25 11:43:17.846903
9024,24,19,474,27,2026-07-25 11:43:17.846912,2026-07-25 11:43:17.846912,2026-07-25 11:43:17.846912
9025,25,19,98,58,2026-07-25 11:43:17.846922,2026-07-25 11:43:17.846922,2026-07-25 11:43:17.846922
9026,26,19,15,54,2026-07-25 11:43:17.846931,2026-07-25 11:43:17.846931,2026-07-25 11:43:17.846931
9027,27,19,11,53,2026-07-25 11:43:17.846941,2026-07-25 11:43:17.846941,2026-07-25 11:43:17.846941
9028,28,19,262,68,2026-07-25 11:43:17.846951,2026-07-25 11:43:17.846951,2026-07-25 11:43:17.846951
9029,29,19,78,33,2026-07-25 11:43:17.846961,2026-07-25 11:43:17.846961,2026-07-25 11:43:17.846961
9030,30,19,443,43,2026-07-25 11:43:17.846970,2026-07-25 11:43:17.846970,2026-07-25 11:43:17.846970
9031,31,19,58,77,2026-07-25 11:43:17.846980,2026-07-25 11:43:17.846980,2026-07-25 11:43:17.846980
9032,32,19,111,21,2026-07-25 11:43:17.846990,2026-07-25 11:43:17.846990,2026-07-25 11:43:17.846990
9033,33,19,167,28,2026-07-25 11:43:17.847000,2026-07-25 11:43:17.847000,2026-07-25 11:43:17.847000
9034,34,19,112,25,2026-07-25 11:43:17.847009,2026-07-25 11:43:17.847009,2026-07-25 11:43:17.847009
9035,35,19,372,64,2026-07-25 11:43:17.847019,2026-07-25 11:43:17.847019,2026-07-25 11:43:17.847019
9036,36,19,481,28,2026-07-25 11:43:17.847029,2026-07-25 11:43:17.847029,2026-07-25 11:43:17.847029
9037,37,19,137,37,2026-07-25 11:43:17.847039,2026-07-25 11:43:17.847039,2026-07-25 11:43:17.847039
9038,38,19,246,32,2026-07-25 11:43:17.847048,2026-07-25 11:43:17.847048,2026-07-25 11:43:17.847048
9039,39,19,488,25,2026-07-25 11:43:17.847058,2026-07-25 11:43:17.847058,2026-07-25 11:43:17.847058
9040,40,19,178,65,2026-07-25 11:43:17.847068,2026-07-25 11:43:17.847068,2026-07-25 11:43:17.847068
9041,41,19,282,61,2026-07-25 11:43:17.847078,2026-07-25 11:43:17.847078,2026-07-25 11:43:17.847078
9042,42,19,150,49,2026-07-25 11:43:17.847087,2026-07-25 11:43:17.847087,2026-07-25 11:43:17.847087
9043,43,19,381,71,2026-07-25 11:43:17.847097,2026-07-25 11:43:17.847097,2026-07-25 11:43:17.847097
9044,44,19,253,47,2026-07-25 11:43:17.847107,2026-07-25 11:43:17.847107,2026-07-25 11:43:17.847107
9045,45,19,262,80,2026-07-25 11:43:17.847117,2026-07-25 11:43:17.847117,2026-07-25 11:43:17.847117
9046,46,19,204,79,2026-07-25 11:43:17.847126,2026-07-25 11:43:17.847126,2026-07-25 11:43:17.847126
9047,47,19,98,36,2026-07-25 11:43:17.847136,2026-07-25 11:43:17.847136,2026-07-25 11:43:17.847136
9048,48,19,88,32,2026-07-25 11:43:17.847146,2026-07-25 11:43:17.847146,2026-07-25 11:43:17.847146
9049,49,19,351,74,2026-07-25 11:43:17.847158,2026-07-25 11:43:17.847158,2026-07-25 11:43:17.847158
9050,50,19,454,65,2026-07-25 11:43:17.847168,2026-07-25 11:43:17.847168,2026-07-25 11:43:17.847168
9051,51,19,143,45,2026-07-25 11:43:17.847178,2026-07-25 11:43:17.847178,2026-07-25 11:43:17.847178
9052,52,19,52,57,2026-07-25 11:43:17.847188,2026-07-25 11:43:17.847188,2026-07-25 11:43:17.847188
9053,53,19,406,69,2026-07-25 11:43:17.847198,2026-07-25 11:43:17.847198,2026-07-25 11:43:17.847198
9054,54,19,300,39,2026-07-25 11:43:17.847208,2026-07-25 11:43:17.847208,2026-07-25 11:43:17.847208
9055,55,19,84,70,2026-07-25 11:43:17.847220,2026-07-25 11:43:17.847220,2026-07-25 11:43:17.847220
9056,56,19,105,66,2026-07-25 11:43:17.847230,2026-07-25 11:43:17.847230,2026-07-25 11:43:17.847230
9057,57,19,249,47,2026-07-25 11:43:17.847240,2026-07-25 11:43:17.847240,2026-07-25 11:43:17.847240
9058,58,19,452,48,2026-07-25 11:43:17.847250,2026-07-25 11:43:17.847250,2026-07-25 11:43:17.847250
9059,59,19,216,58,2026-07-25 11:43:17.847260,2026-07-25 11:43:17.847260,2026-07-25 11:43:17.847260
9060,60,19,382,37,2026-07-25 11:43:17.847269,2026-07-25 11:43:17.847269,2026-07-25 11:43:17.847269
9061,61,19,417,40,2026-07-25 11:43:17.847279,2026-07-25 11:43:17.847279,2026-07-25 11:43:17.847279
9062,62,19,318,26,2026-07-25 11:43:17.847289,2026-07-25 11:43:17.847289,2026-07-25 11:43:17.847289
9063,63,19,310,44,2026-07-25 11:43:17.847299,2026-07-25 11:43:17.847299,2026-07-25 11:43:17.847299
9064,64,19,219,32,2026-07-25 11:43:17.847308,2026-07-25 11:43:17.847308,2026-07-25 11:43:17.847308
9065,65,19,290,42,2026-07-25 11:43:17.847318,2026-07-25 11:43:17.847318,2026-07-25 11:43:17.847318
9066,66,19,191,77,2026-07-25 11:43:17.847328,2026-07-25 11:43:17.847328,2026-07-25 11:43:17.847328
9067,67,19,323,72,2026-07-25 11:43:17.847337,2026-07-25 11:43:17.847337,2026-07-25 11:43:17.847337
9068,68,19,32,48,2026-07-25 11:43:17.847347,2026-07-25 11:43:17.847347,2026-07-25 11:43:17.847347
9069,69,19,85,76,2026-07-25 11:43:17.847357,2026-07-25 11:43:17.847357,2026-07-25 11:43:17.847357
9070,70,19,17,52,2026-07-25 11:43:17.847368,2026-07-25 11:43:17.847368,2026-07-25 11:43:17.847368
9071,71,19,129,57,2026-07-25 11:43:17.847377,2026-07-25 11:43:17.847377,2026-07-25 11:43:17.847377
9072,72,19,209,38,2026-07-25 11:43:17.847387,2026-07-25 11:43:17.847387,2026-07-25 11:43:17.847387
9073,73,19,309,72,2026-07-25 11:43:17.847397,2026-07-25 11:43:17.847397,2026-07-25 11:43:17.847397
9074,74,19,449,61,2026-07-25 11:43:17.847406,2026-07-25 11:43:17.847406,2026-07-25 11:43:17.847406
9075,75,19,486,53,2026-07-25 11:43:17.847416,2026-07-25 11:43:17.847416,2026-07-25 11:43:17.847416
9076,76,19,180,45,2026-07-25 11:43:17.847426,2026-07-25 11:43:17.847426,2026-07-25 11:43:17.847426
9077,77,19,15,27,2026-07-25 11:43:17.847436,2026-07-25 11:43:17.847436,2026-07-25 11:43:17.847436
9078,78,19,92,71,2026-07-25 11:43:17.847445,2026-07-25 11:43:17.847445,2026-07-25 11:43:17.847445
9079,79,19,165,47,2026-07-25 11:43:17.847455,2026-07-25 11:43:17.847455,2026-07-25 11:43:17.847455
9080,80,19,404,31,2026-07-25 11:43:17.847465,2026-07-25 11:43:17.847465,2026-07-25 11:43:17.847465
9081,81,19,183,35,2026-07-25 11:43:17.847474,2026-07-25 11:43:17.847474,2026-07-25 11:43:17.847474
9082,82,19,37,33,2026-07-25 11:43:17.847484,2026-07-25 11:43:17.847484,2026-07-25 11:43:17.847484
9083,83,19,336,43,2026-07-25 11:43:17.847493,2026-07-25 11:43:17.847493,2026-07-25 11:43:17.847493
9084,84,19,190,29,2026-07-25 11:43:17.847503,2026-07-25 11:43:17.847503,2026-07-25 11:43:17.847503
9085,85,19,399,40,2026-07-25 11:43:17.847513,2026-07-25 11:43:17.847513,2026-07-25 11:43:17.847513
9086,86,19,62,20,2026-07-25 11:43:17.847523,2026-07-25 11:43:17.847523,2026-07-25 11:43:17.847523
9087,87,19,163,64,2026-07-25 11:43:17.847532,2026-07-25 11:43:17.847532,2026-07-25 11:43:17.847532
9088,88,19,5,65,2026-07-25 11:43:17.847542,2026-07-25 11:43:17.847542,2026-07-25 11:43:17.847542
9089,89,19,168,33,2026-07-25 11:43:17.847551,2026-07-25 11:43:17.847551,2026-07-25 11:43:17.847551
9090,90,19,238,56,2026-07-25 11:43:17.847561,2026-07-25 11:43:17.847561,2026-07-25 11:43:17.847561
9091,91,19,407,40,2026-07-25 11:43:17.847571,2026-07-25 11:43:17.847571,2026-07-25 11:43:17.847571
9092,92,19,460,34,2026-07-25 11:43:17.847581,2026-07-25 11:43:17.847581,2026-07-25 11:43:17.847581
9093,93,19,287,24,2026-07-25 11:43:17.847590,2026-07-25 11:43:17.847590,2026-07-25 11:43:17.847590
9094,94,19,197,38,2026-07-25 11:43:17.847600,2026-07-25 11:43:17.847600,2026-07-25 11:43:17.847600
9095,95,19,308,33,2026-07-25 11:43:17.847610,2026-07-25 11:43:17.847610,2026-07-25 11:43:17.847610
9096,96,19,269,33,2026-07-25 11:43:17.847620,2026-07-25 11:43:17.847620,2026-07-25 11:43:17.847620
9097,97,19,52,55,2026-07-25 11:43:17.847631,2026-07-25 11:43:17.847631,2026-07-25 11:43:17.847631
9098,98,19,142,65,2026-07-25 11:43:17.847641,2026-07-25 11:43:17.847641,2026-07-25 11:43:17.847641
9099,99,19,311,80,2026-07-25 11:43:17.847650,2026-07-25 11:43:17.847650,2026-07-25 11:43:17.847650
9100,100,19,452,71,2026-07-25 11:43:17.847660,2026-07-25 11:43:17.847660,2026-07-25 11:43:17.847660
9101,101,19,440,62,2026-07-25 11:43:17.847670,2026-07-25 11:43:17.847670,2026-07-25 11:43:17.847670
9102,102,19,38,56,2026-07-25 11:43:17.847680,2026-07-25 11:43:17.847680,2026-07-25 11:43:17.847680
9103,103,19,457,61,2026-07-25 11:43:17.847689,2026-07-25 11:43:17.847689,2026-07-25 11:43:17.847689
9104,104,19,215,63,2026-07-25 11:43:17.847699,2026-07-25 11:43:17.847699,2026-07-25 11:43:17.847699
9105,105,19,387,47,2026-07-25 11:43:17.847708,2026-07-25 11:43:17.847708,2026-07-25 11:43:17.847708
9106,106,19,162,72,2026-07-25 11:43:17.847718,2026-07-25 11:43:17.847718,2026-07-25 11:43:17.847718
9107,107,19,163,32,2026-07-25 11:43:17.847728,2026-07-25 11:43:17.847728,2026-07-25 11:43:17.847728
9108,108,19,100,23,2026-07-25 11:43:17.847737,2026-07-25 11:43:17.847737,2026-07-25 11:43:17.847737
9109,109,19,410,51,2026-07-25 11:43:17.847747,2026-07-25 11:43:17.847747,2026-07-25 11:43:17.847747
9110,110,19,255,22,2026-07-25 11:43:17.847757,2026-07-25 11:43:17.847757,2026-07-25 11:43:17.847757
9111,111,19,140,46,2026-07-25 11:43:17.847766,2026-07-25 11:43:17.847766,2026-07-25 11:43:17.847766
9112,112,19,61,27,2026-07-25 11:43:17.847776,2026-07-25 11:43:17.847776,2026-07-25 11:43:17.847776
9113,113,19,231,30,2026-07-25 11:43:17.847786,2026-07-25 11:43:17.847786,2026-07-25 11:43:17.847786
9114,114,19,307,40,2026-07-25 11:43:17.847795,2026-07-25 11:43:17.847795,2026-07-25 11:43:17.847795
9115,115,19,302,44,2026-07-25 11:43:17.847805,2026-07-25 11:43:17.847805,2026-07-25 11:43:17.847805
9116,116,19,121,56,2026-07-25 11:43:17.847815,2026-07-25 11:43:17.847815,2026-07-25 11:43:17.847815
9117,117,19,10,38,2026-07-25 11:43:17.847824,2026-07-25 11:43:17.847824,2026-07-25 11:43:17.847824
9118,118,19,9,61,2026-07-25 11:43:17.847834,2026-07-25 11:43:17.847834,2026-07-25 11:43:17.847834
9119,119,19,401,74,2026-07-25 11:43:17.847845,2026-07-25 11:43:17.847845,2026-07-25 11:43:17.847845
9120,120,19,294,20,2026-07-25 11:43:17.847855,2026-07-25 11:43:17.847855,2026-07-25 11:43:17.847855
9121,121,19,466,49,2026-07-25 11:43:17.847865,2026-07-25 11:43:17.847865,2026-07-25 11:43:17.847865
9122,122,19,145,28,2026-07-25 11:43:17.847874,2026-07-25 11:43:17.847874,2026-07-25 11:43:17.847874
9123,123,19,430,45,2026-07-25 11:43:17.847884,2026-07-25 11:43:17.847884,2026-07-25 11:43:17.847884
9124,124,19,18,77,2026-07-25 11:43:17.847894,2026-07-25 11:43:17.847894,2026-07-25 11:43:17.847894
9125,125,19,273,78,2026-07-25 11:43:17.847904,2026-07-25 11:43:17.847904,2026-07-25 11:43:17.847904
9126,126,19,270,22,2026-07-25 11:43:17.847913,2026-07-25 11:43:17.847913,2026-07-25 11:43:17.847913
9127,127,19,172,61,2026-07-25 11:43:17.847923,2026-07-25 11:43:17.847923,2026-07-25 11:43:17.847923
9128,128,19,8,24,2026-07-25 11:43:17.847933,2026-07-25 11:43:17.847933,2026-07-25 11:43:17.847933
9129,129,19,240,26,2026-07-25 11:43:17.847942,2026-07-25 11:43:17.847942,2026-07-25 11:43:17.847942
9130,130,19,424,71,2026-07-25 11:43:17.847952,2026-07-25 11:43:17.847952,2026-07-25 11:43:17.847952
9131,131,19,212,66,2026-07-25 11:43:17.847962,2026-07-25 11:43:17.847962,2026-07-25 11:43:17.847962
9132,132,19,154,37,2026-07-25 11:43:17.847972,2026-07-25 11:43:17.847972,2026-07-25 11:43:17.847972
9133,133,19,162,68,2026-07-25 11:43:17.847982,2026-07-25 11:43:17.847982,2026-07-25 11:43:17.847982
9134,134,19,177,45,2026-07-25 11:43:17.847991,2026-07-25 11:43:17.847991,2026-07-25 11:43:17.847991
9135,135,19,40,55,2026-07-25 11:43:17.848001,2026-07-25 11:43:17.848001,2026-07-25 11:43:17.848001
9136,136,19,396,40,2026-07-25 11:43:17.848011,2026-07-25 11:43:17.848011,2026-07-25 11:43:17.848011
9137,137,19,252,59,2026-07-25 11:43:17.848020,2026-07-25 11:43:17.848020,2026-07-25 11:43:17.848020
9138,138,19,24,45,2026-07-25 11:43:17.848030,2026-07-25 11:43:17.848030,2026-07-25 11:43:17.848030
9139,139,19,152,64,2026-07-25 11:43:17.848040,2026-07-25 11:43:17.848040,2026-07-25 11:43:17.848040
9140,140,19,232,51,2026-07-25 11:43:17.848051,2026-07-25 11:43:17.848051,2026-07-25 11:43:17.848051
9141,141,19,434,61,2026-07-25 11:43:17.848060,2026-07-25 11:43:17.848060,2026-07-25 11:43:17.848060
9142,142,19,495,78,2026-07-25 11:43:17.848070,2026-07-25 11:43:17.848070,2026-07-25 11:43:17.848070
9143,143,19,62,73,2026-07-25 11:43:17.848080,2026-07-25 11:43:17.848080,2026-07-25 11:43:17.848080
9144,144,19,191,80,2026-07-25 11:43:17.848089,2026-07-25 11:43:17.848089,2026-07-25 11:43:17.848089
9145,145,19,316,26,2026-07-25 11:43:17.848099,2026-07-25 11:43:17.848099,2026-07-25 11:43:17.848099
9146,146,19,14,34,2026-07-25 11:43:17.848109,2026-07-25 11:43:17.848109,2026-07-25 11:43:17.848109
9147,147,19,24,72,2026-07-25 11:43:17.848118,2026-07-25 11:43:17.848118,2026-07-25 11:43:17.848118
9148,148,19,5,28,2026-07-25 11:43:17.848129,2026-07-25 11:43:17.848129,2026-07-25 11:43:17.848129
9149,149,19,53,40,2026-07-25 11:43:17.848139,2026-07-25 11:43:17.848139,2026-07-25 11:43:17.848139
9150,150,19,441,64,2026-07-25 11:43:17.848148,2026-07-25 11:43:17.848148,2026-07-25 11:43:17.848148
9151,151,19,370,47,2026-07-25 11:43:17.848158,2026-07-25 11:43:17.848158,2026-07-25 11:43:17.848158
9152,152,19,115,30,2026-07-25 11:43:17.848168,2026-07-25 11:43:17.848168,2026-07-25 11:43:17.848168
9153,153,19,45,32,2026-07-25 11:43:17.848177,2026-07-25 11:43:17.848177,2026-07-25 11:43:17.848177
9154,154,19,370,77,2026-07-25 11:43:17.848187,2026-07-25 11:43:17.848187,2026-07-25 11:43:17.848187
9155,155,19,415,43,2026-07-25 11:43:17.848197,2026-07-25 11:43:17.848197,2026-07-25 11:43:17.848197
9156,156,19,417,77,2026-07-25 11:43:17.848206,2026-07-25 11:43:17.848206,2026-07-25 11:43:17.848206
9157,157,19,275,20,2026-07-25 11:43:17.848216,2026-07-25 11:43:17.848216,2026-07-25 11:43:17.848216
9158,158,19,478,64,2026-07-25 11:43:17.848226,2026-07-25 11:43:17.848226,2026-07-25 11:43:17.848226
9159,159,19,444,23,2026-07-25 11:43:17.848236,2026-07-25 11:43:17.848236,2026-07-25 11:43:17.848236
9160,160,19,132,76,2026-07-25 11:43:17.848245,2026-07-25 11:43:17.848245,2026-07-25 11:43:17.848245
9161,161,19,401,22,2026-07-25 11:43:17.848255,2026-07-25 11:43:17.848255,2026-07-25 11:43:17.848255
9162,162,19,56,23,2026-07-25 11:43:17.848265,2026-07-25 11:43:17.848265,2026-07-25 11:43:17.848265
9163,163,19,484,39,2026-07-25 11:43:17.848274,2026-07-25 11:43:17.848274,2026-07-25 11:43:17.848274
9164,164,19,38,36,2026-07-25 11:43:17.848284,2026-07-25 11:43:17.848284,2026-07-25 11:43:17.848284
9165,165,19,168,64,2026-07-25 11:43:17.848293,2026-07-25 11:43:17.848293,2026-07-25 11:43:17.848293
9166,166,19,313,70,2026-07-25 11:43:17.848303,2026-07-25 11:43:17.848303,2026-07-25 11:43:17.848303
9167,167,19,415,44,2026-07-25 11:43:17.848313,2026-07-25 11:43:17.848313,2026-07-25 11:43:17.848313
9168,168,19,138,64,2026-07-25 11:43:17.848322,2026-07-25 11:43:17.848322,2026-07-25 11:43:17.848322
9169,169,19,87,79,2026-07-25 11:43:17.848332,2026-07-25 11:43:17.848332,2026-07-25 11:43:17.848332
9170,170,19,70,57,2026-07-25 11:43:17.848342,2026-07-25 11:43:17.848342,2026-07-25 11:43:17.848342
9171,171,19,235,27,2026-07-25 11:43:17.848351,2026-07-25 11:43:17.848351,2026-07-25 11:43:17.848351
9172,172,19,64,40,2026-07-25 11:43:17.848361,2026-07-25 11:43:17.848361,2026-07-25 11:43:17.848361
9173,173,19,441,29,2026-07-25 11:43:17.848371,2026-07-25 11:43:17.848371,2026-07-25 11:43:17.848371
9174,174,19,385,57,2026-07-25 11:43:17.848380,2026-07-25 11:43:17.848380,2026-07-25 11:43:17.848380
9175,175,19,454,74,2026-07-25 11:43:17.848390,2026-07-25 11:43:17.848390,2026-07-25 11:43:17.848390
9176,176,19,494,77,2026-07-25 11:43:17.848400,2026-07-25 11:43:17.848400,2026-07-25 11:43:17.848400
9177,177,19,211,60,2026-07-25 11:43:17.848409,2026-07-25 11:43:17.848409,2026-07-25 11:43:17.848409
9178,178,19,228,62,2026-07-25 11:43:17.848419,2026-07-25 11:43:17.848419,2026-07-25 11:43:17.848419
9179,179,19,62,53,2026-07-25 11:43:17.848429,2026-07-25 11:43:17.848429,2026-07-25 11:43:17.848429
9180,180,19,270,35,2026-07-25 11:43:17.848438,2026-07-25 11:43:17.848438,2026-07-25 11:43:17.848438
9181,181,19,295,50,2026-07-25 11:43:17.848448,2026-07-25 11:43:17.848448,2026-07-25 11:43:17.848448
9182,182,19,338,51,2026-07-25 11:43:17.848457,2026-07-25 11:43:17.848457,2026-07-25 11:43:17.848457
9183,183,19,499,37,2026-07-25 11:43:17.848467,2026-07-25 11:43:17.848467,2026-07-25 11:43:17.848467
9184,184,19,164,69,2026-07-25 11:43:17.848477,2026-07-25 11:43:17.848477,2026-07-25 11:43:17.848477
9185,185,19,374,50,2026-07-25 11:43:17.848486,2026-07-25 11:43:17.848486,2026-07-25 11:43:17.848486
9186,186,19,115,25,2026-07-25 11:43:17.848496,2026-07-25 11:43:17.848496,2026-07-25 11:43:17.848496
9187,187,19,135,69,2026-07-25 11:43:17.848506,2026-07-25 11:43:17.848506,2026-07-25 11:43:17.848506
9188,188,19,151,65,2026-07-25 11:43:17.848515,2026-07-25 11:43:17.848515,2026-07-25 11:43:17.848515
9189,189,19,42,42,2026-07-25 11:43:17.848525,2026-07-25 11:43:17.848525,2026-07-25 11:43:17.848525
9190,190,19,285,73,2026-07-25 11:43:17.848535,2026-07-25 11:43:17.848535,2026-07-25 11:43:17.848535
9191,191,19,446,35,2026-07-25 11:43:17.848544,2026-07-25 11:43:17.848544,2026-07-25 11:43:17.848544
9192,192,19,337,61,2026-07-25 11:43:17.848554,2026-07-25 11:43:17.848554,2026-07-25 11:43:17.848554
9193,193,19,376,74,2026-07-25 11:43:17.848564,2026-07-25 11:43:17.848564,2026-07-25 11:43:17.848564
9194,194,19,105,64,2026-07-25 11:43:17.848573,2026-07-25 11:43:17.848573,2026-07-25 11:43:17.848573
9195,195,19,39,24,2026-07-25 11:43:17.848583,2026-07-25 11:43:17.848583,2026-07-25 11:43:17.848583
9196,196,19,497,51,2026-07-25 11:43:17.848593,2026-07-25 11:43:17.848593,2026-07-25 11:43:17.848593
9197,197,19,30,33,2026-07-25 11:43:17.848603,2026-07-25 11:43:17.848603,2026-07-25 11:43:17.848603
9198,198,19,6,62,2026-07-25 11:43:17.848612,2026-07-25 11:43:17.848612,2026-07-25 11:43:17.848612
9199,199,19,110,49,2026-07-25 11:43:17.848622,2026-07-25 11:43:17.848622,2026-07-25 11:43:17.848622
9200,200,19,419,44,2026-07-25 11:43:17.848632,2026-07-25 11:43:17.848632,2026-07-25 11:43:17.848632
9201,201,19,96,51,2026-07-25 11:43:17.848641,2026-07-25 11:43:17.848641,2026-07-25 11:43:17.848641
9202,202,19,53,41,2026-07-25 11:43:17.848651,2026-07-25 11:43:17.848651,2026-07-25 11:43:17.848651
9203,203,19,106,72,2026-07-25 11:43:17.848661,2026-07-25 11:43:17.848661,2026-07-25 11:43:17.848661
9204,204,19,302,68,2026-07-25 11:43:17.848670,2026-07-25 11:43:17.848670,2026-07-25 11:43:17.848670
9205,205,19,270,52,2026-07-25 11:43:17.848680,2026-07-25 11:43:17.848680,2026-07-25 11:43:17.848680
9206,206,19,439,40,2026-07-25 11:43:17.848689,2026-07-25 11:43:17.848689,2026-07-25 11:43:17.848689
9207,207,19,389,80,2026-07-25 11:43:17.848699,2026-07-25 11:43:17.848699,2026-07-25 11:43:17.848699
9208,208,19,159,65,2026-07-25 11:43:17.848709,2026-07-25 11:43:17.848709,2026-07-25 11:43:17.848709
9209,209,19,232,61,2026-07-25 11:43:17.848719,2026-07-25 11:43:17.848719,2026-07-25 11:43:17.848719
9210,210,19,78,74,2026-07-25 11:43:17.848728,2026-07-25 11:43:17.848728,2026-07-25 11:43:17.848728
9211,211,19,258,26,2026-07-25 11:43:17.848738,2026-07-25 11:43:17.848738,2026-07-25 11:43:17.848738
9212,212,19,468,28,2026-07-25 11:43:17.848747,2026-07-25 11:43:17.848747,2026-07-25 11:43:17.848747
9213,213,19,112,78,2026-07-25 11:43:17.848757,2026-07-25 11:43:17.848757,2026-07-25 11:43:17.848757
9214,214,19,186,44,2026-07-25 11:43:17.848767,2026-07-25 11:43:17.848767,2026-07-25 11:43:17.848767
9215,215,19,499,48,2026-07-25 11:43:17.848776,2026-07-25 11:43:17.848776,2026-07-25 11:43:17.848776
9216,216,19,444,59,2026-07-25 11:43:17.848786,2026-07-25 11:43:17.848786,2026-07-25 11:43:17.848786
9217,217,19,262,32,2026-07-25 11:43:17.848796,2026-07-25 11:43:17.848796,2026-07-25 11:43:17.848796
9218,218,19,399,45,2026-07-25 11:43:17.848805,2026-07-25 11:43:17.848805,2026-07-25 11:43:17.848805
9219,219,19,96,24,2026-07-25 11:43:17.848815,2026-07-25 11:43:17.848815,2026-07-25 11:43:17.848815
9220,220,19,142,47,2026-07-25 11:43:17.848825,2026-07-25 11:43:17.848825,2026-07-25 11:43:17.848825
9221,221,19,84,63,2026-07-25 11:43:17.848835,2026-07-25 11:43:17.848835,2026-07-25 11:43:17.848835
9222,222,19,157,80,2026-07-25 11:43:17.848844,2026-07-25 11:43:17.848844,2026-07-25 11:43:17.848844
9223,223,19,445,56,2026-07-25 11:43:17.848854,2026-07-25 11:43:17.848854,2026-07-25 11:43:17.848854
9224,224,19,331,26,2026-07-25 11:43:17.848864,2026-07-25 11:43:17.848864,2026-07-25 11:43:17.848864
9225,225,19,75,49,2026-07-25 11:43:17.848873,2026-07-25 11:43:17.848873,2026-07-25 11:43:17.848873
9226,226,19,448,26,2026-07-25 11:43:17.848884,2026-07-25 11:43:17.848884,2026-07-25 11:43:17.848884
9227,227,19,381,27,2026-07-25 11:43:17.848894,2026-07-25 11:43:17.848894,2026-07-25 11:43:17.848894
9228,228,19,123,21,2026-07-25 11:43:17.848904,2026-07-25 11:43:17.848904,2026-07-25 11:43:17.848904
9229,229,19,457,49,2026-07-25 11:43:17.848914,2026-07-25 11:43:17.848914,2026-07-25 11:43:17.848914
9230,230,19,95,37,2026-07-25 11:43:17.848923,2026-07-25 11:43:17.848923,2026-07-25 11:43:17.848923
9231,231,19,14,50,2026-07-25 11:43:17.848933,2026-07-25 11:43:17.848933,2026-07-25 11:43:17.848933
9232,232,19,338,53,2026-07-25 11:43:17.848943,2026-07-25 11:43:17.848943,2026-07-25 11:43:17.848943
9233,233,19,231,42,2026-07-25 11:43:17.848952,2026-07-25 11:43:17.848952,2026-07-25 11:43:17.848952
9234,234,19,135,27,2026-07-25 11:43:17.848962,2026-07-25 11:43:17.848962,2026-07-25 11:43:17.848962
9235,235,19,474,55,2026-07-25 11:43:17.848971,2026-07-25 11:43:17.848971,2026-07-25 11:43:17.848971
9236,236,19,43,42,2026-07-25 11:43:17.848981,2026-07-25 11:43:17.848981,2026-07-25 11:43:17.848981
9237,237,19,220,33,2026-07-25 11:43:17.848991,2026-07-25 11:43:17.848991,2026-07-25 11:43:17.848991
9238,238,19,77,45,2026-07-25 11:43:17.849000,2026-07-25 11:43:17.849000,2026-07-25 11:43:17.849000
9239,239,19,257,47,2026-07-25 11:43:17.849010,2026-07-25 11:43:17.849010,2026-07-25 11:43:17.849010
9240,240,19,260,41,2026-07-25 11:43:17.849020,2026-07-25 11:43:17.849020,2026-07-25 11:43:17.849020
9241,241,19,27,48,2026-07-25 11:43:17.849029,2026-07-25 11:43:17.849029,2026-07-25 11:43:17.849029
9242,242,19,139,43,2026-07-25 11:43:17.849039,2026-07-25 11:43:17.849039,2026-07-25 11:43:17.849039
9243,243,19,50,23,2026-07-25 11:43:17.849048,2026-07-25 11:43:17.849048,2026-07-25 11:43:17.849048
9244,244,19,332,44,2026-07-25 11:43:17.849058,2026-07-25 11:43:17.849058,2026-07-25 11:43:17.849058
9245,245,19,374,79,2026-07-25 11:43:17.849068,2026-07-25 11:43:17.849068,2026-07-25 11:43:17.849068
9246,246,19,216,32,2026-07-25 11:43:17.849077,2026-07-25 11:43:17.849077,2026-07-25 11:43:17.849077
9247,247,19,150,32,2026-07-25 11:43:17.849087,2026-07-25 11:43:17.849087,2026-07-25 11:43:17.849087
9248,248,19,206,31,2026-07-25 11:43:17.849097,2026-07-25 11:43:17.849097,2026-07-25 11:43:17.849097
9249,249,19,304,37,2026-07-25 11:43:17.849106,2026-07-25 11:43:17.849106,2026-07-25 11:43:17.849106
9250,250,19,271,58,2026-07-25 11:43:17.849116,2026-07-25 11:43:17.849116,2026-07-25 11:43:17.849116
9251,251,19,252,53,2026-07-25 11:43:17.849126,2026-07-25 11:43:17.849126,2026-07-25 11:43:17.849126
9252,252,19,221,26,2026-07-25 11:43:17.849135,2026-07-25 11:43:17.849135,2026-07-25 11:43:17.849135
9253,253,19,348,23,2026-07-25 11:43:17.849145,2026-07-25 11:43:17.849145,2026-07-25 11:43:17.849145
9254,254,19,330,35,2026-07-25 11:43:17.849155,2026-07-25 11:43:17.849155,2026-07-25 11:43:17.849155
9255,255,19,490,27,2026-07-25 11:43:17.849164,2026-07-25 11:43:17.849164,2026-07-25 11:43:17.849164
9256,256,19,112,27,2026-07-25 11:43:17.849174,2026-07-25 11:43:17.849174,2026-07-25 11:43:17.849174
9257,257,19,27,77,2026-07-25 11:43:17.849184,2026-07-25 11:43:17.849184,2026-07-25 11:43:17.849184
9258,258,19,18,56,2026-07-25 11:43:17.849193,2026-07-25 11:43:17.849193,2026-07-25 11:43:17.849193
9259,259,19,136,35,2026-07-25 11:43:17.849203,2026-07-25 11:43:17.849203,2026-07-25 11:43:17.849203
9260,260,19,33,54,2026-07-25 11:43:17.849212,2026-07-25 11:43:17.849212,2026-07-25 11:43:17.849212
9261,261,19,51,37,2026-07-25 11:43:17.849222,2026-07-25 11:43:17.849222,2026-07-25 11:43:17.849222
9262,262,19,115,76,2026-07-25 11:43:17.849232,2026-07-25 11:43:17.849232,2026-07-25 11:43:17.849232
9263,263,19,317,64,2026-07-25 11:43:17.849241,2026-07-25 11:43:17.849241,2026-07-25 11:43:17.849241
9264,264,19,366,45,2026-07-25 11:43:17.849251,2026-07-25 11:43:17.849251,2026-07-25 11:43:17.849251
9265,265,19,200,45,2026-07-25 11:43:17.849261,2026-07-25 11:43:17.849261,2026-07-25 11:43:17.849261
9266,266,19,51,34,2026-07-25 11:43:17.849271,2026-07-25 11:43:17.849271,2026-07-25 11:43:17.849271
9267,267,19,375,72,2026-07-25 11:43:17.849281,2026-07-25 11:43:17.849281,2026-07-25 11:43:17.849281
9268,268,19,450,64,2026-07-25 11:43:17.849291,2026-07-25 11:43:17.849291,2026-07-25 11:43:17.849291
9269,269,19,137,51,2026-07-25 11:43:17.849301,2026-07-25 11:43:17.849301,2026-07-25 11:43:17.849301
9270,270,19,105,30,2026-07-25 11:43:17.849310,2026-07-25 11:43:17.849310,2026-07-25 11:43:17.849310
9271,271,19,402,33,2026-07-25 11:43:17.849320,2026-07-25 11:43:17.849320,2026-07-25 11:43:17.849320
9272,272,19,177,60,2026-07-25 11:43:17.849330,2026-07-25 11:43:17.849330,2026-07-25 11:43:17.849330
9273,273,19,147,65,2026-07-25 11:43:17.849340,2026-07-25 11:43:17.849340,2026-07-25 11:43:17.849340
9274,274,19,305,38,2026-07-25 11:43:17.849349,2026-07-25 11:43:17.849349,2026-07-25 11:43:17.849349
9275,275,19,375,20,2026-07-25 11:43:17.849359,2026-07-25 11:43:17.849359,2026-07-25 11:43:17.849359
9276,276,19,48,31,2026-07-25 11:43:17.849368,2026-07-25 11:43:17.849368,2026-07-25 11:43:17.849368
9277,277,19,257,78,2026-07-25 11:43:17.849378,2026-07-25 11:43:17.849378,2026-07-25 11:43:17.849378
9278,278,19,358,59,2026-07-25 11:43:17.849388,2026-07-25 11:43:17.849388,2026-07-25 11:43:17.849388
9279,279,19,244,67,2026-07-25 11:43:17.849398,2026-07-25 11:43:17.849398,2026-07-25 11:43:17.849398
9280,280,19,156,74,2026-07-25 11:43:17.849407,2026-07-25 11:43:17.849407,2026-07-25 11:43:17.849407
9281,281,19,464,64,2026-07-25 11:43:17.849417,2026-07-25 11:43:17.849417,2026-07-25 11:43:17.849417
9282,282,19,122,30,2026-07-25 11:43:17.849427,2026-07-25 11:43:17.849427,2026-07-25 11:43:17.849427
9283,283,19,161,63,2026-07-25 11:43:17.849436,2026-07-25 11:43:17.849436,2026-07-25 11:43:17.849436
9284,284,19,35,30,2026-07-25 11:43:17.849446,2026-07-25 11:43:17.849446,2026-07-25 11:43:17.849446
9285,285,19,95,41,2026-07-25 11:43:17.849456,2026-07-25 11:43:17.849456,2026-07-25 11:43:17.849456
9286,286,19,460,49,2026-07-25 11:43:17.849465,2026-07-25 11:43:17.849465,2026-07-25 11:43:17.849465
9287,287,19,72,20,2026-07-25 11:43:17.849475,2026-07-25 11:43:17.849475,2026-07-25 11:43:17.849475
9288,288,19,341,50,2026-07-25 11:43:17.849485,2026-07-25 11:43:17.849485,2026-07-25 11:43:17.849485
9289,289,19,219,41,2026-07-25 11:43:17.849494,2026-07-25 11:43:17.849494,2026-07-25 11:43:17.849494
9290,290,19,10,31,2026-07-25 11:43:17.849504,2026-07-25 11:43:17.849504,2026-07-25 11:43:17.849504
9291,291,19,498,36,2026-07-25 11:43:17.849514,2026-07-25 11:43:17.849514,2026-07-25 11:43:17.849514
9292,292,19,451,24,2026-07-25 11:43:17.849523,2026-07-25 11:43:17.849523,2026-07-25 11:43:17.849523
9293,293,19,87,63,2026-07-25 11:43:17.849533,2026-07-25 11:43:17.849533,2026-07-25 11:43:17.849533
9294,294,19,389,74,2026-07-25 11:43:17.849543,2026-07-25 11:43:17.849543,2026-07-25 11:43:17.849543
9295,295,19,4,58,2026-07-25 11:43:17.849553,2026-07-25 11:43:17.849553,2026-07-25 11:43:17.849553
9296,296,19,180,50,2026-07-25 11:43:17.849562,2026-07-25 11:43:17.849562,2026-07-25 11:43:17.849562
9297,297,19,298,20,2026-07-25 11:43:17.849572,2026-07-25 11:43:17.849572,2026-07-25 11:43:17.849572
9298,298,19,250,75,2026-07-25 11:43:17.849582,2026-07-25 11:43:17.849582,2026-07-25 11:43:17.849582
9299,299,19,126,50,2026-07-25 11:43:17.849591,2026-07-25 11:43:17.849591,2026-07-25 11:43:17.849591
9300,300,19,56,22,2026-07-25 11:43:17.849601,2026-07-25 11:43:17.849601,2026-07-25 11:43:17.849601
9301,301,19,419,21,2026-07-25 11:43:17.849611,2026-07-25 11:43:17.849611,2026-07-25 11:43:17.849611
9302,302,19,290,63,2026-07-25 11:43:17.849637,2026-07-25 11:43:17.849637,2026-07-25 11:43:17.849637
9303,303,19,148,73,2026-07-25 11:43:17.849648,2026-07-25 11:43:17.849648,2026-07-25 11:43:17.849648
9304,304,19,116,53,2026-07-25 11:43:17.849658,2026-07-25 11:43:17.849658,2026-07-25 11:43:17.849658
9305,305,19,257,30,2026-07-25 11:43:17.849668,2026-07-25 11:43:17.849668,2026-07-25 11:43:17.849668
9306,306,19,386,29,2026-07-25 11:43:17.849678,2026-07-25 11:43:17.849678,2026-07-25 11:43:17.849678
9307,307,19,396,26,2026-07-25 11:43:17.849688,2026-07-25 11:43:17.849688,2026-07-25 11:43:17.849688
9308,308,19,51,39,2026-07-25 11:43:17.849698,2026-07-25 11:43:17.849698,2026-07-25 11:43:17.849698
9309,309,19,411,67,2026-07-25 11:43:17.849708,2026-07-25 11:43:17.849708,2026-07-25 11:43:17.849708
9310,310,19,171,48,2026-07-25 11:43:17.849717,2026-07-25 11:43:17.849717,2026-07-25 11:43:17.849717
9311,311,19,251,67,2026-07-25 11:43:17.849727,2026-07-25 11:43:17.849727,2026-07-25 11:43:17.849727
9312,312,19,179,54,2026-07-25 11:43:17.849737,2026-07-25 11:43:17.849737,2026-07-25 11:43:17.849737
9313,313,19,131,62,2026-07-25 11:43:17.849746,2026-07-25 11:43:17.849746,2026-07-25 11:43:17.849746
9314,314,19,249,36,2026-07-25 11:43:17.849758,2026-07-25 11:43:17.849758,2026-07-25 11:43:17.849758
9315,315,19,186,49,2026-07-25 11:43:17.849769,2026-07-25 11:43:17.849769,2026-07-25 11:43:17.849769
9316,316,19,6,72,2026-07-25 11:43:17.849778,2026-07-25 11:43:17.849778,2026-07-25 11:43:17.849778
9317,317,19,180,39,2026-07-25 11:43:17.849788,2026-07-25 11:43:17.849788,2026-07-25 11:43:17.849788
9318,318,19,363,41,2026-07-25 11:43:17.849798,2026-07-25 11:43:17.849798,2026-07-25 11:43:17.849798
9319,319,19,456,53,2026-07-25 11:43:17.849807,2026-07-25 11:43:17.849807,2026-07-25 11:43:17.849807
9320,320,19,396,62,2026-07-25 11:43:17.849817,2026-07-25 11:43:17.849817,2026-07-25 11:43:17.849817
9321,321,19,438,75,2026-07-25 11:43:17.849827,2026-07-25 11:43:17.849827,2026-07-25 11:43:17.849827
9322,322,19,461,73,2026-07-25 11:43:17.849836,2026-07-25 11:43:17.849836,2026-07-25 11:43:17.849836
9323,323,19,305,50,2026-07-25 11:43:17.849846,2026-07-25 11:43:17.849846,2026-07-25 11:43:17.849846
9324,324,19,57,37,2026-07-25 11:43:17.849856,2026-07-25 11:43:17.849856,2026-07-25 11:43:17.849856
9325,325,19,351,53,2026-07-25 11:43:17.849865,2026-07-25 11:43:17.849865,2026-07-25 11:43:17.849865
9326,326,19,372,60,2026-07-25 11:43:17.849875,2026-07-25 11:43:17.849875,2026-07-25 11:43:17.849875
9327,327,19,10,29,2026-07-25 11:43:17.849885,2026-07-25 11:43:17.849885,2026-07-25 11:43:17.849885
9328,328,19,210,74,2026-07-25 11:43:17.849895,2026-07-25 11:43:17.849895,2026-07-25 11:43:17.849895
9329,329,19,112,62,2026-07-25 11:43:17.849904,2026-07-25 11:43:17.849904,2026-07-25 11:43:17.849904
9330,330,19,72,42,2026-07-25 11:43:17.849914,2026-07-25 11:43:17.849914,2026-07-25 11:43:17.849914
9331,331,19,254,21,2026-07-25 11:43:17.849924,2026-07-25 11:43:17.849924,2026-07-25 11:43:17.849924
9332,332,19,125,56,2026-07-25 11:43:17.849933,2026-07-25 11:43:17.849933,2026-07-25 11:43:17.849933
9333,333,19,379,64,2026-07-25 11:43:17.849943,2026-07-25 11:43:17.849943,2026-07-25 11:43:17.849943
9334,334,19,498,47,2026-07-25 11:43:17.849954,2026-07-25 11:43:17.849954,2026-07-25 11:43:17.849954
9335,335,19,184,33,2026-07-25 11:43:17.849965,2026-07-25 11:43:17.849965,2026-07-25 11:43:17.849965
9336,336,19,381,25,2026-07-25 11:43:17.849976,2026-07-25 11:43:17.849976,2026-07-25 11:43:17.849976
9337,337,19,99,78,2026-07-25 11:43:17.849989,2026-07-25 11:43:17.849989,2026-07-25 11:43:17.849989
9338,338,19,488,44,2026-07-25 11:43:17.849998,2026-07-25 11:43:17.849998,2026-07-25 11:43:17.849998
9339,339,19,327,26,2026-07-25 11:43:17.850008,2026-07-25 11:43:17.850008,2026-07-25 11:43:17.850008
9340,340,19,494,37,2026-07-25 11:43:17.850018,2026-07-25 11:43:17.850018,2026-07-25 11:43:17.850018
9341,341,19,449,60,2026-07-25 11:43:17.850029,2026-07-25 11:43:17.850029,2026-07-25 11:43:17.850029
9342,342,19,347,54,2026-07-25 11:43:17.850041,2026-07-25 11:43:17.850041,2026-07-25 11:43:17.850041
9343,343,19,460,78,2026-07-25 11:43:17.850052,2026-07-25 11:43:17.850052,2026-07-25 11:43:17.850052
9344,344,19,230,76,2026-07-25 11:43:17.850062,2026-07-25 11:43:17.850062,2026-07-25 11:43:17.850062
9345,345,19,269,31,2026-07-25 11:43:17.850072,2026-07-25 11:43:17.850072,2026-07-25 11:43:17.850072
9346,346,19,135,78,2026-07-25 11:43:17.850082,2026-07-25 11:43:17.850082,2026-07-25 11:43:17.850082
9347,347,19,347,42,2026-07-25 11:43:17.850091,2026-07-25 11:43:17.850091,2026-07-25 11:43:17.850091
9348,348,19,454,41,2026-07-25 11:43:17.850101,2026-07-25 11:43:17.850101,2026-07-25 11:43:17.850101
9349,349,19,200,57,2026-07-25 11:43:17.850111,2026-07-25 11:43:17.850111,2026-07-25 11:43:17.850111
9350,350,19,213,80,2026-07-25 11:43:17.850120,2026-07-25 11:43:17.850120,2026-07-25 11:43:17.850120
9351,351,19,141,39,2026-07-25 11:43:17.850131,2026-07-25 11:43:17.850131,2026-07-25 11:43:17.850131
9352,352,19,97,22,2026-07-25 11:43:17.850141,2026-07-25 11:43:17.850141,2026-07-25 11:43:17.850141
9353,353,19,296,53,2026-07-25 11:43:17.850151,2026-07-25 11:43:17.850151,2026-07-25 11:43:17.850151
9354,354,19,359,41,2026-07-25 11:43:17.850161,2026-07-25 11:43:17.850161,2026-07-25 11:43:17.850161
9355,355,19,427,59,2026-07-25 11:43:17.850171,2026-07-25 11:43:17.850171,2026-07-25 11:43:17.850171
9356,356,19,62,47,2026-07-25 11:43:17.850181,2026-07-25 11:43:17.850181,2026-07-25 11:43:17.850181
9357,357,19,407,49,2026-07-25 11:43:17.850190,2026-07-25 11:43:17.850190,2026-07-25 11:43:17.850190
9358,358,19,290,70,2026-07-25 11:43:17.850200,2026-07-25 11:43:17.850200,2026-07-25 11:43:17.850200
9359,359,19,405,42,2026-07-25 11:43:17.850210,2026-07-25 11:43:17.850210,2026-07-25 11:43:17.850210
9360,360,19,147,27,2026-07-25 11:43:17.850219,2026-07-25 11:43:17.850219,2026-07-25 11:43:17.850219
9361,361,19,496,20,2026-07-25 11:43:17.850229,2026-07-25 11:43:17.850229,2026-07-25 11:43:17.850229
9362,362,19,255,79,2026-07-25 11:43:17.850238,2026-07-25 11:43:17.850238,2026-07-25 11:43:17.850238
9363,363,19,350,29,2026-07-25 11:43:17.850248,2026-07-25 11:43:17.850248,2026-07-25 11:43:17.850248
9364,364,19,238,63,2026-07-25 11:43:17.850258,2026-07-25 11:43:17.850258,2026-07-25 11:43:17.850258
9365,365,19,76,53,2026-07-25 11:43:17.850267,2026-07-25 11:43:17.850267,2026-07-25 11:43:17.850267
9366,366,19,494,38,2026-07-25 11:43:17.850277,2026-07-25 11:43:17.850277,2026-07-25 11:43:17.850277
9367,367,19,319,55,2026-07-25 11:43:17.850286,2026-07-25 11:43:17.850286,2026-07-25 11:43:17.850286
9368,368,19,340,30,2026-07-25 11:43:17.850296,2026-07-25 11:43:17.850296,2026-07-25 11:43:17.850296
9369,369,19,155,51,2026-07-25 11:43:17.850306,2026-07-25 11:43:17.850306,2026-07-25 11:43:17.850306
9370,370,19,147,24,2026-07-25 11:43:17.850315,2026-07-25 11:43:17.850315,2026-07-25 11:43:17.850315
9371,371,19,409,38,2026-07-25 11:43:17.850325,2026-07-25 11:43:17.850325,2026-07-25 11:43:17.850325
9372,372,19,7,49,2026-07-25 11:43:17.850334,2026-07-25 11:43:17.850334,2026-07-25 11:43:17.850334
9373,373,19,20,33,2026-07-25 11:43:17.850344,2026-07-25 11:43:17.850344,2026-07-25 11:43:17.850344
9374,374,19,144,72,2026-07-25 11:43:17.850354,2026-07-25 11:43:17.850354,2026-07-25 11:43:17.850354
9375,375,19,303,27,2026-07-25 11:43:17.850364,2026-07-25 11:43:17.850364,2026-07-25 11:43:17.850364
9376,376,19,27,51,2026-07-25 11:43:17.850373,2026-07-25 11:43:17.850373,2026-07-25 11:43:17.850373
9377,377,19,156,20,2026-07-25 11:43:17.850383,2026-07-25 11:43:17.850383,2026-07-25 11:43:17.850383
9378,378,19,220,42,2026-07-25 11:43:17.850393,2026-07-25 11:43:17.850393,2026-07-25 11:43:17.850393
9379,379,19,338,73,2026-07-25 11:43:17.850402,2026-07-25 11:43:17.850402,2026-07-25 11:43:17.850402
9380,380,19,0,23,2026-07-25 11:43:17.850412,2026-07-25 11:43:17.850412,2026-07-25 11:43:17.850412
9381,381,19,128,28,2026-07-25 11:43:17.850422,2026-07-25 11:43:17.850422,2026-07-25 11:43:17.850422
9382,382,19,179,76,2026-07-25 11:43:17.850433,2026-07-25 11:43:17.850433,2026-07-25 11:43:17.850433
9383,383,19,145,70,2026-07-25 11:43:17.850443,2026-07-25 11:43:17.850443,2026-07-25 11:43:17.850443
9384,384,19,439,52,2026-07-25 11:43:17.850461,2026-07-25 11:43:17.850461,2026-07-25 11:43:17.850461
9385,385,19,340,69,2026-07-25 11:43:17.850471,2026-07-25 11:43:17.850471,2026-07-25 11:43:17.850471
9386,386,19,287,29,2026-07-25 11:43:17.850480,2026-07-25 11:43:17.850480,2026-07-25 11:43:17.850480
9387,387,19,488,25,2026-07-25 11:43:17.850490,2026-07-25 11:43:17.850490,2026-07-25 11:43:17.850490
9388,388,19,365,37,2026-07-25 11:43:17.850500,2026-07-25 11:43:17.850500,2026-07-25 11:43:17.850500
9389,389,19,73,66,2026-07-25 11:43:17.850509,2026-07-25 11:43:17.850509,2026-07-25 11:43:17.850509
9390,390,19,100,47,2026-07-25 11:43:17.850524,2026-07-25 11:43:17.850524,2026-07-25 11:43:17.850524
9391,391,19,299,78,2026-07-25 11:43:17.850534,2026-07-25 11:43:17.850534,2026-07-25 11:43:17.850534
9392,392,19,41,38,2026-07-25 11:43:17.850544,2026-07-25 11:43:17.850544,2026-07-25 11:43:17.850544
9393,393,19,112,22,2026-07-25 11:43:17.850553,2026-07-25 11:43:17.850553,2026-07-25 11:43:17.850553
9394,394,19,242,79,2026-07-25 11:43:17.850564,2026-07-25 11:43:17.850564,2026-07-25 11:43:17.850564
9395,395,19,181,35,2026-07-25 11:43:17.850574,2026-07-25 11:43:17.850574,2026-07-25 11:43:17.850574
9396,396,19,415,63,2026-07-25 11:43:17.850584,2026-07-25 11:43:17.850584,2026-07-25 11:43:17.850584
9397,397,19,326,44,2026-07-25 11:43:17.850594,2026-07-25 11:43:17.850594,2026-07-25 11:43:17.850594
9398,398,19,216,45,2026-07-25 11:43:17.850603,2026-07-25 11:43:17.850603,2026-07-25 11:43:17.850603
9399,399,19,495,77,2026-07-25 11:43:17.850613,2026-07-25 11:43:17.850613,2026-07-25 11:43:17.850613
9400,400,19,50,77,2026-07-25 11:43:17.850623,2026-07-25 11:43:17.850623,2026-07-25 11:43:17.850623
9401,401,19,133,78,2026-07-25 11:43:17.850632,2026-07-25 11:43:17.850632,2026-07-25 11:43:17.850632
9402,402,19,154,58,2026-07-25 11:43:17.850642,2026-07-25 11:43:17.850642,2026-07-25 11:43:17.850642
9403,403,19,159,31,2026-07-25 11:43:17.850652,2026-07-25 11:43:17.850652,2026-07-25 11:43:17.850652
9404,404,19,288,47,2026-07-25 11:43:17.850662,2026-07-25 11:43:17.850662,2026-07-25 11:43:17.850662
9405,405,19,347,76,2026-07-25 11:43:17.850671,2026-07-25 11:43:17.850671,2026-07-25 11:43:17.850671
9406,406,19,165,71,2026-07-25 11:43:17.850681,2026-07-25 11:43:17.850681,2026-07-25 11:43:17.850681
9407,407,19,296,28,2026-07-25 11:43:17.850691,2026-07-25 11:43:17.850691,2026-07-25 11:43:17.850691
9408,408,19,349,69,2026-07-25 11:43:17.850700,2026-07-25 11:43:17.850700,2026-07-25 11:43:17.850700
9409,409,19,102,36,2026-07-25 11:43:17.850710,2026-07-25 11:43:17.850710,2026-07-25 11:43:17.850710
9410,410,19,69,46,2026-07-25 11:43:17.850719,2026-07-25 11:43:17.850719,2026-07-25 11:43:17.850719
9411,411,19,283,32,2026-07-25 11:43:17.850729,2026-07-25 11:43:17.850729,2026-07-25 11:43:17.850729
9412,412,19,154,39,2026-07-25 11:43:17.850739,2026-07-25 11:43:17.850739,2026-07-25 11:43:17.850739
9413,413,19,43,39,2026-07-25 11:43:17.850748,2026-07-25 11:43:17.850748,2026-07-25 11:43:17.850748
9414,414,19,290,79,2026-07-25 11:43:17.850758,2026-07-25 11:43:17.850758,2026-07-25 11:43:17.850758
9415,415,19,321,49,2026-07-25 11:43:17.850767,2026-07-25 11:43:17.850767,2026-07-25 11:43:17.850767
9416,416,19,279,31,2026-07-25 11:43:17.850777,2026-07-25 11:43:17.850777,2026-07-25 11:43:17.850777
9417,417,19,192,70,2026-07-25 11:43:17.850787,2026-07-25 11:43:17.850787,2026-07-25 11:43:17.850787
9418,418,19,448,73,2026-07-25 11:43:17.850796,2026-07-25 11:43:17.850796,2026-07-25 11:43:17.850796
9419,419,19,223,26,2026-07-25 11:43:17.850806,2026-07-25 11:43:17.850806,2026-07-25 11:43:17.850806
9420,420,19,70,53,2026-07-25 11:43:17.850816,2026-07-25 11:43:17.850816,2026-07-25 11:43:17.850816
9421,421,19,226,64,2026-07-25 11:43:17.850825,2026-07-25 11:43:17.850825,2026-07-25 11:43:17.850825
9422,422,19,160,52,2026-07-25 11:43:17.850835,2026-07-25 11:43:17.850835,2026-07-25 11:43:17.850835
9423,423,19,478,63,2026-07-25 11:43:17.850845,2026-07-25 11:43:17.850845,2026-07-25 11:43:17.850845
9424,424,19,364,42,2026-07-25 11:43:17.850854,2026-07-25 11:43:17.850854,2026-07-25 11:43:17.850854
9425,425,19,239,42,2026-07-25 11:43:17.850864,2026-07-25 11:43:17.850864,2026-07-25 11:43:17.850864
9426,426,19,218,49,2026-07-25 11:43:17.850873,2026-07-25 11:43:17.850873,2026-07-25 11:43:17.850873
9427,427,19,215,46,2026-07-25 11:43:17.850883,2026-07-25 11:43:17.850883,2026-07-25 11:43:17.850883
9428,428,19,236,21,2026-07-25 11:43:17.850892,2026-07-25 11:43:17.850892,2026-07-25 11:43:17.850892
9429,429,19,467,55,2026-07-25 11:43:17.850902,2026-07-25 11:43:17.850902,2026-07-25 11:43:17.850902
9430,430,19,13,69,2026-07-25 11:43:17.850912,2026-07-25 11:43:17.850912,2026-07-25 11:43:17.850912
9431,431,19,215,25,2026-07-25 11:43:17.850921,2026-07-25 11:43:17.850921,2026-07-25 11:43:17.850921
9432,432,19,386,28,2026-07-25 11:43:17.850931,2026-07-25 11:43:17.850931,2026-07-25 11:43:17.850931
9433,433,19,314,78,2026-07-25 11:43:17.850940,2026-07-25 11:43:17.850940,2026-07-25 11:43:17.850940
9434,434,19,154,70,2026-07-25 11:43:17.850950,2026-07-25 11:43:17.850950,2026-07-25 11:43:17.850950
9435,435,19,124,57,2026-07-25 11:43:17.850960,2026-07-25 11:43:17.850960,2026-07-25 11:43:17.850960
9436,436,19,262,43,2026-07-25 11:43:17.850969,2026-07-25 11:43:17.850969,2026-07-25 11:43:17.850969
9437,437,19,65,59,2026-07-25 11:43:17.850979,2026-07-25 11:43:17.850979,2026-07-25 11:43:17.850979
9438,438,19,278,77,2026-07-25 11:43:17.850989,2026-07-25 11:43:17.850989,2026-07-25 11:43:17.850989
9439,439,19,289,76,2026-07-25 11:43:17.850998,2026-07-25 11:43:17.850998,2026-07-25 11:43:17.850998
9440,440,19,150,23,2026-07-25 11:43:17.851008,2026-07-25 11:43:17.851008,2026-07-25 11:43:17.851008
9441,441,19,386,74,2026-07-25 11:43:17.851018,2026-07-25 11:43:17.851018,2026-07-25 11:43:17.851018
9442,442,19,201,28,2026-07-25 11:43:17.851027,2026-07-25 11:43:17.851027,2026-07-25 11:43:17.851027
9443,443,19,206,62,2026-07-25 11:43:17.851037,2026-07-25 11:43:17.851037,2026-07-25 11:43:17.851037
9444,444,19,3,49,2026-07-25 11:43:17.851046,2026-07-25 11:43:17.851046,2026-07-25 11:43:17.851046
9445,445,19,413,68,2026-07-25 11:43:17.851056,2026-07-25 11:43:17.851056,2026-07-25 11:43:17.851056
9446,446,19,447,53,2026-07-25 11:43:17.851066,2026-07-25 11:43:17.851066,2026-07-25 11:43:17.851066
9447,447,19,235,73,2026-07-25 11:43:17.851075,2026-07-25 11:43:17.851075,2026-07-25 11:43:17.851075
9448,448,19,27,25,2026-07-25 11:43:17.851085,2026-07-25 11:43:17.851085,2026-07-25 11:43:17.851085
9449,449,19,28,37,2026-07-25 11:43:17.851095,2026-07-25 11:43:17.851095,2026-07-25 11:43:17.851095
9450,450,19,424,61,2026-07-25 11:43:17.851104,2026-07-25 11:43:17.851104,2026-07-25 11:43:17.851104
9451,451,19,54,41,2026-07-25 11:43:17.851114,2026-07-25 11:43:17.851114,2026-07-25 11:43:17.851114
9452,452,19,304,26,2026-07-25 11:43:17.851124,2026-07-25 11:43:17.851124,2026-07-25 11:43:17.851124
9453,453,19,420,38,2026-07-25 11:43:17.851133,2026-07-25 11:43:17.851133,2026-07-25 11:43:17.851133
9454,454,19,289,50,2026-07-25 11:43:17.851143,2026-07-25 11:43:17.851143,2026-07-25 11:43:17.851143
9455,455,19,353,41,2026-07-25 11:43:17.851153,2026-07-25 11:43:17.851153,2026-07-25 11:43:17.851153
9456,456,19,442,23,2026-07-25 11:43:17.851162,2026-07-25 11:43:17.851162,2026-07-25 11:43:17.851162
9457,457,19,62,67,2026-07-25 11:43:17.851172,2026-07-25 11:43:17.851172,2026-07-25 11:43:17.851172
9458,458,19,299,63,2026-07-25 11:43:17.851182,2026-07-25 11:43:17.851182,2026-07-25 11:43:17.851182
9459,459,19,261,67,2026-07-25 11:43:17.851191,2026-07-25 11:43:17.851191,2026-07-25 11:43:17.851191
9460,460,19,367,23,2026-07-25 11:43:17.851205,2026-07-25 11:43:17.851205,2026-07-25 11:43:17.851205
9461,461,19,359,33,2026-07-25 11:43:17.851215,2026-07-25 11:43:17.851215,2026-07-25 11:43:17.851215
9462,462,19,264,29,2026-07-25 11:43:17.851224,2026-07-25 11:43:17.851224,2026-07-25 11:43:17.851224
9463,463,19,287,67,2026-07-25 11:43:17.851234,2026-07-25 11:43:17.851234,2026-07-25 11:43:17.851234
9464,464,19,495,51,2026-07-25 11:43:17.851244,2026-07-25 11:43:17.851244,2026-07-25 11:43:17.851244
9465,465,19,69,34,2026-07-25 11:43:17.851255,2026-07-25 11:43:17.851255,2026-07-25 11:43:17.851255
9466,466,19,458,63,2026-07-25 11:43:17.851265,2026-07-25 11:43:17.851265,2026-07-25 11:43:17.851265
9467,467,19,327,74,2026-07-25 11:43:17.851274,2026-07-25 11:43:17.851274,2026-07-25 11:43:17.851274
9468,468,19,79,39,2026-07-25 11:43:17.851284,2026-07-25 11:43:17.851284,2026-07-25 11:43:17.851284
9469,469,19,321,39,2026-07-25 11:43:17.851294,2026-07-25 11:43:17.851294,2026-07-25 11:43:17.851294
9470,470,19,368,79,2026-07-25 11:43:17.851303,2026-07-25 11:43:17.851303,2026-07-25 11:43:17.851303
9471,471,19,3,71,2026-07-25 11:43:17.851313,2026-07-25 11:43:17.851313,2026-07-25 11:43:17.851313
9472,472,19,248,59,2026-07-25 11:43:17.851323,2026-07-25 11:43:17.851323,2026-07-25 11:43:17.851323
9473,473,19,352,32,2026-07-25 11:43:17.851332,2026-07-25 11:43:17.851332,2026-07-25 11:43:17.851332
9474,474,19,58,24,2026-07-25 11:43:17.851342,2026-07-25 11:43:17.851342,2026-07-25 11:43:17.851342
9475,475,19,0,29,2026-07-25 11:43:17.851351,2026-07-25 11:43:17.851351,2026-07-25 11:43:17.851351
9476,476,19,309,76,2026-07-25 11:43:17.851361,2026-07-25 11:43:17.851361,2026-07-25 11:43:17.851361
9477,477,19,61,53,2026-07-25 11:43:17.851371,2026-07-25 11:43:17.851371,2026-07-25 11:43:17.851371
9478,478,19,49,35,2026-07-25 11:43:17.851380,2026-07-25 11:43:17.851380,2026-07-25 11:43:17.851380
9479,479,19,104,26,2026-07-25 11:43:17.851390,2026-07-25 11:43:17.851390,2026-07-25 11:43:17.851390
9480,480,19,242,21,2026-07-25 11:43:17.851400,2026-07-25 11:43:17.851400,2026-07-25 11:43:17.851400
9481,481,19,426,52,2026-07-25 11:43:17.851409,2026-07-25 11:43:17.851409,2026-07-25 11:43:17.851409
9482,482,19,227,45,2026-07-25 11:43:17.851419,2026-07-25 11:43:17.851419,2026-07-25 11:43:17.851419
9483,483,19,28,79,2026-07-25 11:43:17.851428,2026-07-25 11:43:17.851428,2026-07-25 11:43:17.851428
9484,484,19,62,39,2026-07-25 11:43:17.851438,2026-07-25 11:43:17.851438,2026-07-25 11:43:17.851438
9485,485,19,207,50,2026-07-25 11:43:17.851447,2026-07-25 11:43:17.851447,2026-07-25 11:43:17.851447
9486,486,19,94,72,2026-07-25 11:43:17.851457,2026-07-25 11:43:17.851457,2026-07-25 11:43:17.851457
9487,487,19,120,73,2026-07-25 11:43:17.851467,2026-07-25 11:43:17.851467,2026-07-25 11:43:17.851467
9488,488,19,434,54,2026-07-25 11:43:17.851476,2026-07-25 11:43:17.851476,2026-07-25 11:43:17.851476
9489,489,19,133,72,2026-07-25 11:43:17.851486,2026-07-25 11:43:17.851486,2026-07-25 11:43:17.851486
9490,490,19,313,63,2026-07-25 11:43:17.851495,2026-07-25 11:43:17.851495,2026-07-25 11:43:17.851495
9491,491,19,224,74,2026-07-25 11:43:17.851505,2026-07-25 11:43:17.851505,2026-07-25 11:43:17.851505
9492,492,19,336,59,2026-07-25 11:43:17.851515,2026-07-25 11:43:17.851515,2026-07-25 11:43:17.851515
9493,493,19,63,47,2026-07-25 11:43:17.851525,2026-07-25 11:43:17.851525,2026-07-25 11:43:17.851525
9494,494,19,74,60,2026-07-25 11:43:17.851534,2026-07-25 11:43:17.851534,2026-07-25 11:43:17.851534
9495,495,19,11,31,2026-07-25 11:43:17.851544,2026-07-25 11:43:17.851544,2026-07-25 11:43:17.851544
9496,496,19,72,72,2026-07-25 11:43:17.851553,2026-07-25 11:43:17.851553,2026-07-25 11:43:17.851553
9497,497,19,381,62,2026-07-25 11:43:17.851563,2026-07-25 11:43:17.851563,2026-07-25 11:43:17.851563
9498,498,19,123,30,2026-07-25 11:43:17.851573,2026-07-25 11:43:17.851573,2026-07-25 11:43:17.851573
9499,499,19,261,67,2026-07-25 11:43:17.851582,2026-07-25 11:43:17.851582,2026-07-25 11:43:17.851582
9500,500,19,358,54,2026-07-25 11:43:17.851592,2026-07-25 11:43:17.851592,2026-07-25 11:43:17.851592
9501,1,20,102,50,2026-07-25 11:43:17.851756,2026-07-25 11:43:17.851756,2026-07-25 11:43:17.851756
9502,2,20,245,38,2026-07-25 11:43:17.851767,2026-07-25 11:43:17.851767,2026-07-25 11:43:17.851767
9503,3,20,148,62,2026-07-25 11:43:17.851778,2026-07-25 11:43:17.851778,2026-07-25 11:43:17.851778
9504,4,20,51,57,2026-07-25 11:43:17.851788,2026-07-25 11:43:17.851788,2026-07-25 11:43:17.851788
9505,5,20,252,43,2026-07-25 11:43:17.851798,2026-07-25 11:43:17.851798,2026-07-25 11:43:17.851798
9506,6,20,341,37,2026-07-25 11:43:17.851808,2026-07-25 11:43:17.851808,2026-07-25 11:43:17.851808
9507,7,20,200,44,2026-07-25 11:43:17.851818,2026-07-25 11:43:17.851818,2026-07-25 11:43:17.851818
9508,8,20,357,71,2026-07-25 11:43:17.851828,2026-07-25 11:43:17.851828,2026-07-25 11:43:17.851828
9509,9,20,54,49,2026-07-25 11:43:17.851838,2026-07-25 11:43:17.851838,2026-07-25 11:43:17.851838
9510,10,20,213,72,2026-07-25 11:43:17.851848,2026-07-25 11:43:17.851848,2026-07-25 11:43:17.851848
9511,11,20,217,29,2026-07-25 11:43:17.851857,2026-07-25 11:43:17.851857,2026-07-25 11:43:17.851857
9512,12,20,14,38,2026-07-25 11:43:17.851867,2026-07-25 11:43:17.851867,2026-07-25 11:43:17.851867
9513,13,20,234,27,2026-07-25 11:43:17.851877,2026-07-25 11:43:17.851877,2026-07-25 11:43:17.851877
9514,14,20,288,44,2026-07-25 11:43:17.851887,2026-07-25 11:43:17.851887,2026-07-25 11:43:17.851887
9515,15,20,5,57,2026-07-25 11:43:17.851896,2026-07-25 11:43:17.851896,2026-07-25 11:43:17.851896
9516,16,20,155,22,2026-07-25 11:43:17.851906,2026-07-25 11:43:17.851906,2026-07-25 11:43:17.851906
9517,17,20,330,61,2026-07-25 11:43:17.851916,2026-07-25 11:43:17.851916,2026-07-25 11:43:17.851916
9518,18,20,457,62,2026-07-25 11:43:17.851925,2026-07-25 11:43:17.851925,2026-07-25 11:43:17.851925
9519,19,20,317,48,2026-07-25 11:43:17.851935,2026-07-25 11:43:17.851935,2026-07-25 11:43:17.851935
9520,20,20,21,78,2026-07-25 11:43:17.851944,2026-07-25 11:43:17.851944,2026-07-25 11:43:17.851944
9521,21,20,464,42,2026-07-25 11:43:17.851958,2026-07-25 11:43:17.851958,2026-07-25 11:43:17.851958
9522,22,20,492,28,2026-07-25 11:43:17.851968,2026-07-25 11:43:17.851968,2026-07-25 11:43:17.851968
9523,23,20,239,76,2026-07-25 11:43:17.851978,2026-07-25 11:43:17.851978,2026-07-25 11:43:17.851978
9524,24,20,370,49,2026-07-25 11:43:17.851987,2026-07-25 11:43:17.851987,2026-07-25 11:43:17.851987
9525,25,20,141,20,2026-07-25 11:43:17.851997,2026-07-25 11:43:17.851997,2026-07-25 11:43:17.851997
9526,26,20,81,42,2026-07-25 11:43:17.852007,2026-07-25 11:43:17.852007,2026-07-25 11:43:17.852007
9527,27,20,256,74,2026-07-25 11:43:17.852017,2026-07-25 11:43:17.852017,2026-07-25 11:43:17.852017
9528,28,20,440,52,2026-07-25 11:43:17.852027,2026-07-25 11:43:17.852027,2026-07-25 11:43:17.852027
9529,29,20,107,42,2026-07-25 11:43:17.852036,2026-07-25 11:43:17.852036,2026-07-25 11:43:17.852036
9530,30,20,462,65,2026-07-25 11:43:17.852046,2026-07-25 11:43:17.852046,2026-07-25 11:43:17.852046
9531,31,20,268,44,2026-07-25 11:43:17.852056,2026-07-25 11:43:17.852056,2026-07-25 11:43:17.852056
9532,32,20,262,24,2026-07-25 11:43:17.852065,2026-07-25 11:43:17.852065,2026-07-25 11:43:17.852065
9533,33,20,89,61,2026-07-25 11:43:17.852075,2026-07-25 11:43:17.852075,2026-07-25 11:43:17.852075
9534,34,20,77,42,2026-07-25 11:43:17.852085,2026-07-25 11:43:17.852085,2026-07-25 11:43:17.852085
9535,35,20,335,66,2026-07-25 11:43:17.852094,2026-07-25 11:43:17.852094,2026-07-25 11:43:17.852094
9536,36,20,288,41,2026-07-25 11:43:17.852104,2026-07-25 11:43:17.852104,2026-07-25 11:43:17.852104
9537,37,20,235,65,2026-07-25 11:43:17.852114,2026-07-25 11:43:17.852114,2026-07-25 11:43:17.852114
9538,38,20,439,70,2026-07-25 11:43:17.852125,2026-07-25 11:43:17.852125,2026-07-25 11:43:17.852125
9539,39,20,71,37,2026-07-25 11:43:17.852135,2026-07-25 11:43:17.852135,2026-07-25 11:43:17.852135
9540,40,20,401,68,2026-07-25 11:43:17.852144,2026-07-25 11:43:17.852144,2026-07-25 11:43:17.852144
9541,41,20,337,39,2026-07-25 11:43:17.852154,2026-07-25 11:43:17.852154,2026-07-25 11:43:17.852154
9542,42,20,472,45,2026-07-25 11:43:17.852164,2026-07-25 11:43:17.852164,2026-07-25 11:43:17.852164
9543,43,20,34,78,2026-07-25 11:43:17.852173,2026-07-25 11:43:17.852173,2026-07-25 11:43:17.852173
9544,44,20,429,61,2026-07-25 11:43:17.852183,2026-07-25 11:43:17.852183,2026-07-25 11:43:17.852183
9545,45,20,247,44,2026-07-25 11:43:17.852193,2026-07-25 11:43:17.852193,2026-07-25 11:43:17.852193
9546,46,20,492,50,2026-07-25 11:43:17.852202,2026-07-25 11:43:17.852202,2026-07-25 11:43:17.852202
9547,47,20,310,62,2026-07-25 11:43:17.852212,2026-07-25 11:43:17.852212,2026-07-25 11:43:17.852212
9548,48,20,92,56,2026-07-25 11:43:17.852222,2026-07-25 11:43:17.852222,2026-07-25 11:43:17.852222
9549,49,20,362,79,2026-07-25 11:43:17.852231,2026-07-25 11:43:17.852231,2026-07-25 11:43:17.852231
9550,50,20,259,69,2026-07-25 11:43:17.852241,2026-07-25 11:43:17.852241,2026-07-25 11:43:17.852241
9551,51,20,337,53,2026-07-25 11:43:17.852250,2026-07-25 11:43:17.852250,2026-07-25 11:43:17.852250
9552,52,20,132,28,2026-07-25 11:43:17.852260,2026-07-25 11:43:17.852260,2026-07-25 11:43:17.852260
9553,53,20,357,40,2026-07-25 11:43:17.852269,2026-07-25 11:43:17.852269,2026-07-25 11:43:17.852269
9554,54,20,301,57,2026-07-25 11:43:17.852279,2026-07-25 11:43:17.852279,2026-07-25 11:43:17.852279
9555,55,20,178,57,2026-07-25 11:43:17.852289,2026-07-25 11:43:17.852289,2026-07-25 11:43:17.852289
9556,56,20,316,73,2026-07-25 11:43:17.852298,2026-07-25 11:43:17.852298,2026-07-25 11:43:17.852298
9557,57,20,206,24,2026-07-25 11:43:17.852308,2026-07-25 11:43:17.852308,2026-07-25 11:43:17.852308
9558,58,20,23,21,2026-07-25 11:43:17.852318,2026-07-25 11:43:17.852318,2026-07-25 11:43:17.852318
9559,59,20,436,66,2026-07-25 11:43:17.852327,2026-07-25 11:43:17.852327,2026-07-25 11:43:17.852327
9560,60,20,81,34,2026-07-25 11:43:17.852337,2026-07-25 11:43:17.852337,2026-07-25 11:43:17.852337
9561,61,20,49,62,2026-07-25 11:43:17.852347,2026-07-25 11:43:17.852347,2026-07-25 11:43:17.852347
9562,62,20,54,51,2026-07-25 11:43:17.852357,2026-07-25 11:43:17.852357,2026-07-25 11:43:17.852357
9563,63,20,478,63,2026-07-25 11:43:17.852366,2026-07-25 11:43:17.852366,2026-07-25 11:43:17.852366
9564,64,20,243,40,2026-07-25 11:43:17.852376,2026-07-25 11:43:17.852376,2026-07-25 11:43:17.852376
9565,65,20,389,34,2026-07-25 11:43:17.852386,2026-07-25 11:43:17.852386,2026-07-25 11:43:17.852386
9566,66,20,395,71,2026-07-25 11:43:17.852395,2026-07-25 11:43:17.852395,2026-07-25 11:43:17.852395
9567,67,20,469,66,2026-07-25 11:43:17.852405,2026-07-25 11:43:17.852405,2026-07-25 11:43:17.852405
9568,68,20,407,35,2026-07-25 11:43:17.852415,2026-07-25 11:43:17.852415,2026-07-25 11:43:17.852415
9569,69,20,53,77,2026-07-25 11:43:17.852424,2026-07-25 11:43:17.852424,2026-07-25 11:43:17.852424
9570,70,20,450,31,2026-07-25 11:43:17.852434,2026-07-25 11:43:17.852434,2026-07-25 11:43:17.852434
9571,71,20,372,77,2026-07-25 11:43:17.852444,2026-07-25 11:43:17.852444,2026-07-25 11:43:17.852444
9572,72,20,196,68,2026-07-25 11:43:17.852453,2026-07-25 11:43:17.852453,2026-07-25 11:43:17.852453
9573,73,20,498,46,2026-07-25 11:43:17.852463,2026-07-25 11:43:17.852463,2026-07-25 11:43:17.852463
9574,74,20,472,24,2026-07-25 11:43:17.852473,2026-07-25 11:43:17.852473,2026-07-25 11:43:17.852473
9575,75,20,31,59,2026-07-25 11:43:17.852482,2026-07-25 11:43:17.852482,2026-07-25 11:43:17.852482
9576,76,20,128,27,2026-07-25 11:43:17.852492,2026-07-25 11:43:17.852492,2026-07-25 11:43:17.852492
9577,77,20,19,74,2026-07-25 11:43:17.852502,2026-07-25 11:43:17.852502,2026-07-25 11:43:17.852502
9578,78,20,383,24,2026-07-25 11:43:17.852512,2026-07-25 11:43:17.852512,2026-07-25 11:43:17.852512
9579,79,20,226,68,2026-07-25 11:43:17.852521,2026-07-25 11:43:17.852521,2026-07-25 11:43:17.852521
9580,80,20,191,58,2026-07-25 11:43:17.852531,2026-07-25 11:43:17.852531,2026-07-25 11:43:17.852531
9581,81,20,323,73,2026-07-25 11:43:17.852540,2026-07-25 11:43:17.852540,2026-07-25 11:43:17.852540
9582,82,20,15,79,2026-07-25 11:43:17.852550,2026-07-25 11:43:17.852550,2026-07-25 11:43:17.852550
9583,83,20,89,40,2026-07-25 11:43:17.852559,2026-07-25 11:43:17.852559,2026-07-25 11:43:17.852559
9584,84,20,55,64,2026-07-25 11:43:17.852569,2026-07-25 11:43:17.852569,2026-07-25 11:43:17.852569
9585,85,20,230,44,2026-07-25 11:43:17.852579,2026-07-25 11:43:17.852579,2026-07-25 11:43:17.852579
9586,86,20,68,60,2026-07-25 11:43:17.852588,2026-07-25 11:43:17.852588,2026-07-25 11:43:17.852588
9587,87,20,293,55,2026-07-25 11:43:17.852598,2026-07-25 11:43:17.852598,2026-07-25 11:43:17.852598
9588,88,20,102,32,2026-07-25 11:43:17.852607,2026-07-25 11:43:17.852607,2026-07-25 11:43:17.852607
9589,89,20,129,51,2026-07-25 11:43:17.852617,2026-07-25 11:43:17.852617,2026-07-25 11:43:17.852617
9590,90,20,224,63,2026-07-25 11:43:17.852627,2026-07-25 11:43:17.852627,2026-07-25 11:43:17.852627
9591,91,20,146,34,2026-07-25 11:43:17.852636,2026-07-25 11:43:17.852636,2026-07-25 11:43:17.852636
9592,92,20,103,67,2026-07-25 11:43:17.852646,2026-07-25 11:43:17.852646,2026-07-25 11:43:17.852646
9593,93,20,82,47,2026-07-25 11:43:17.852656,2026-07-25 11:43:17.852656,2026-07-25 11:43:17.852656
9594,94,20,416,53,2026-07-25 11:43:17.852665,2026-07-25 11:43:17.852665,2026-07-25 11:43:17.852665
9595,95,20,414,70,2026-07-25 11:43:17.852675,2026-07-25 11:43:17.852675,2026-07-25 11:43:17.852675
9596,96,20,98,25,2026-07-25 11:43:17.852685,2026-07-25 11:43:17.852685,2026-07-25 11:43:17.852685
9597,97,20,298,21,2026-07-25 11:43:17.852695,2026-07-25 11:43:17.852695,2026-07-25 11:43:17.852695
9598,98,20,322,62,2026-07-25 11:43:17.852706,2026-07-25 11:43:17.852706,2026-07-25 11:43:17.852706
9599,99,20,49,33,2026-07-25 11:43:17.852716,2026-07-25 11:43:17.852716,2026-07-25 11:43:17.852716
9600,100,20,17,71,2026-07-25 11:43:17.852725,2026-07-25 11:43:17.852725,2026-07-25 11:43:17.852725
9601,101,20,71,77,2026-07-25 11:43:17.852735,2026-07-25 11:43:17.852735,2026-07-25 11:43:17.852735
9602,102,20,2,43,2026-07-25 11:43:17.852745,2026-07-25 11:43:17.852745,2026-07-25 11:43:17.852745
9603,103,20,396,46,2026-07-25 11:43:17.852754,2026-07-25 11:43:17.852754,2026-07-25 11:43:17.852754
9604,104,20,290,54,2026-07-25 11:43:17.852763,2026-07-25 11:43:17.852763,2026-07-25 11:43:17.852763
9605,105,20,442,24,2026-07-25 11:43:17.852773,2026-07-25 11:43:17.852773,2026-07-25 11:43:17.852773
9606,106,20,174,31,2026-07-25 11:43:17.852783,2026-07-25 11:43:17.852783,2026-07-25 11:43:17.852783
9607,107,20,349,66,2026-07-25 11:43:17.852792,2026-07-25 11:43:17.852792,2026-07-25 11:43:17.852792
9608,108,20,490,78,2026-07-25 11:43:17.852802,2026-07-25 11:43:17.852802,2026-07-25 11:43:17.852802
9609,109,20,372,61,2026-07-25 11:43:17.852812,2026-07-25 11:43:17.852812,2026-07-25 11:43:17.852812
9610,110,20,270,51,2026-07-25 11:43:17.852821,2026-07-25 11:43:17.852821,2026-07-25 11:43:17.852821
9611,111,20,97,73,2026-07-25 11:43:17.852831,2026-07-25 11:43:17.852831,2026-07-25 11:43:17.852831
9612,112,20,106,56,2026-07-25 11:43:17.852840,2026-07-25 11:43:17.852840,2026-07-25 11:43:17.852840
9613,113,20,423,50,2026-07-25 11:43:17.852850,2026-07-25 11:43:17.852850,2026-07-25 11:43:17.852850
9614,114,20,256,42,2026-07-25 11:43:17.852859,2026-07-25 11:43:17.852859,2026-07-25 11:43:17.852859
9615,115,20,182,59,2026-07-25 11:43:17.852869,2026-07-25 11:43:17.852869,2026-07-25 11:43:17.852869
9616,116,20,460,55,2026-07-25 11:43:17.852880,2026-07-25 11:43:17.852880,2026-07-25 11:43:17.852880
9617,117,20,436,28,2026-07-25 11:43:17.852890,2026-07-25 11:43:17.852890,2026-07-25 11:43:17.852890
9618,118,20,410,24,2026-07-25 11:43:17.852899,2026-07-25 11:43:17.852899,2026-07-25 11:43:17.852899
9619,119,20,224,47,2026-07-25 11:43:17.852909,2026-07-25 11:43:17.852909,2026-07-25 11:43:17.852909
9620,120,20,320,44,2026-07-25 11:43:17.852918,2026-07-25 11:43:17.852918,2026-07-25 11:43:17.852918
9621,121,20,447,24,2026-07-25 11:43:17.852928,2026-07-25 11:43:17.852928,2026-07-25 11:43:17.852928
9622,122,20,291,25,2026-07-25 11:43:17.852937,2026-07-25 11:43:17.852937,2026-07-25 11:43:17.852937
9623,123,20,65,70,2026-07-25 11:43:17.852947,2026-07-25 11:43:17.852947,2026-07-25 11:43:17.852947
9624,124,20,264,39,2026-07-25 11:43:17.852956,2026-07-25 11:43:17.852956,2026-07-25 11:43:17.852956
9625,125,20,51,27,2026-07-25 11:43:17.852966,2026-07-25 11:43:17.852966,2026-07-25 11:43:17.852966
9626,126,20,255,34,2026-07-25 11:43:17.852976,2026-07-25 11:43:17.852976,2026-07-25 11:43:17.852976
9627,127,20,26,58,2026-07-25 11:43:17.852985,2026-07-25 11:43:17.852985,2026-07-25 11:43:17.852985
9628,128,20,276,41,2026-07-25 11:43:17.852995,2026-07-25 11:43:17.852995,2026-07-25 11:43:17.852995
9629,129,20,11,34,2026-07-25 11:43:17.853004,2026-07-25 11:43:17.853004,2026-07-25 11:43:17.853004
9630,130,20,420,80,2026-07-25 11:43:17.853014,2026-07-25 11:43:17.853014,2026-07-25 11:43:17.853014
9631,131,20,148,79,2026-07-25 11:43:17.853024,2026-07-25 11:43:17.853024,2026-07-25 11:43:17.853024
9632,132,20,424,36,2026-07-25 11:43:17.853033,2026-07-25 11:43:17.853033,2026-07-25 11:43:17.853033
9633,133,20,199,65,2026-07-25 11:43:17.853043,2026-07-25 11:43:17.853043,2026-07-25 11:43:17.853043
9634,134,20,183,24,2026-07-25 11:43:17.853052,2026-07-25 11:43:17.853052,2026-07-25 11:43:17.853052
9635,135,20,446,75,2026-07-25 11:43:17.853062,2026-07-25 11:43:17.853062,2026-07-25 11:43:17.853062
9636,136,20,80,38,2026-07-25 11:43:17.853072,2026-07-25 11:43:17.853072,2026-07-25 11:43:17.853072
9637,137,20,38,54,2026-07-25 11:43:17.853081,2026-07-25 11:43:17.853081,2026-07-25 11:43:17.853081
9638,138,20,294,35,2026-07-25 11:43:17.853091,2026-07-25 11:43:17.853091,2026-07-25 11:43:17.853091
9639,139,20,436,53,2026-07-25 11:43:17.853100,2026-07-25 11:43:17.853100,2026-07-25 11:43:17.853100
9640,140,20,477,59,2026-07-25 11:43:17.853110,2026-07-25 11:43:17.853110,2026-07-25 11:43:17.853110
9641,141,20,256,39,2026-07-25 11:43:17.853136,2026-07-25 11:43:17.853136,2026-07-25 11:43:17.853136
9642,142,20,204,59,2026-07-25 11:43:17.853146,2026-07-25 11:43:17.853146,2026-07-25 11:43:17.853146
9643,143,20,29,54,2026-07-25 11:43:17.853156,2026-07-25 11:43:17.853156,2026-07-25 11:43:17.853156
9644,144,20,357,77,2026-07-25 11:43:17.853166,2026-07-25 11:43:17.853166,2026-07-25 11:43:17.853166
9645,145,20,56,57,2026-07-25 11:43:17.853176,2026-07-25 11:43:17.853176,2026-07-25 11:43:17.853176
9646,146,20,241,79,2026-07-25 11:43:17.853186,2026-07-25 11:43:17.853186,2026-07-25 11:43:17.853186
9647,147,20,469,36,2026-07-25 11:43:17.853196,2026-07-25 11:43:17.853196,2026-07-25 11:43:17.853196
9648,148,20,334,21,2026-07-25 11:43:17.853206,2026-07-25 11:43:17.853206,2026-07-25 11:43:17.853206
9649,149,20,16,41,2026-07-25 11:43:17.853216,2026-07-25 11:43:17.853216,2026-07-25 11:43:17.853216
9650,150,20,215,36,2026-07-25 11:43:17.853227,2026-07-25 11:43:17.853227,2026-07-25 11:43:17.853227
9651,151,20,102,41,2026-07-25 11:43:17.853237,2026-07-25 11:43:17.853237,2026-07-25 11:43:17.853237
9652,152,20,454,68,2026-07-25 11:43:17.853247,2026-07-25 11:43:17.853247,2026-07-25 11:43:17.853247
9653,153,20,30,28,2026-07-25 11:43:17.853256,2026-07-25 11:43:17.853256,2026-07-25 11:43:17.853256
9654,154,20,104,55,2026-07-25 11:43:17.853266,2026-07-25 11:43:17.853266,2026-07-25 11:43:17.853266
9655,155,20,418,66,2026-07-25 11:43:17.853276,2026-07-25 11:43:17.853276,2026-07-25 11:43:17.853276
9656,156,20,168,79,2026-07-25 11:43:17.853285,2026-07-25 11:43:17.853285,2026-07-25 11:43:17.853285
9657,157,20,387,62,2026-07-25 11:43:17.853295,2026-07-25 11:43:17.853295,2026-07-25 11:43:17.853295
9658,158,20,467,76,2026-07-25 11:43:17.853305,2026-07-25 11:43:17.853305,2026-07-25 11:43:17.853305
9659,159,20,31,35,2026-07-25 11:43:17.853314,2026-07-25 11:43:17.853314,2026-07-25 11:43:17.853314
9660,160,20,252,24,2026-07-25 11:43:17.853324,2026-07-25 11:43:17.853324,2026-07-25 11:43:17.853324
9661,161,20,412,80,2026-07-25 11:43:17.853334,2026-07-25 11:43:17.853334,2026-07-25 11:43:17.853334
9662,162,20,288,77,2026-07-25 11:43:17.853343,2026-07-25 11:43:17.853343,2026-07-25 11:43:17.853343
9663,163,20,312,64,2026-07-25 11:43:17.853353,2026-07-25 11:43:17.853353,2026-07-25 11:43:17.853353
9664,164,20,427,68,2026-07-25 11:43:17.853363,2026-07-25 11:43:17.853363,2026-07-25 11:43:17.853363
9665,165,20,413,22,2026-07-25 11:43:17.853372,2026-07-25 11:43:17.853372,2026-07-25 11:43:17.853372
9666,166,20,177,24,2026-07-25 11:43:17.853382,2026-07-25 11:43:17.853382,2026-07-25 11:43:17.853382
9667,167,20,486,46,2026-07-25 11:43:17.853391,2026-07-25 11:43:17.853391,2026-07-25 11:43:17.853391
9668,168,20,306,67,2026-07-25 11:43:17.853401,2026-07-25 11:43:17.853401,2026-07-25 11:43:17.853401
9669,169,20,313,79,2026-07-25 11:43:17.853411,2026-07-25 11:43:17.853411,2026-07-25 11:43:17.853411
9670,170,20,41,76,2026-07-25 11:43:17.853420,2026-07-25 11:43:17.853420,2026-07-25 11:43:17.853420
9671,171,20,282,50,2026-07-25 11:43:17.853430,2026-07-25 11:43:17.853430,2026-07-25 11:43:17.853430
9672,172,20,484,28,2026-07-25 11:43:17.853440,2026-07-25 11:43:17.853440,2026-07-25 11:43:17.853440
9673,173,20,138,66,2026-07-25 11:43:17.853449,2026-07-25 11:43:17.853449,2026-07-25 11:43:17.853449
9674,174,20,21,26,2026-07-25 11:43:17.853459,2026-07-25 11:43:17.853459,2026-07-25 11:43:17.853459
9675,175,20,18,51,2026-07-25 11:43:17.853468,2026-07-25 11:43:17.853468,2026-07-25 11:43:17.853468
9676,176,20,259,34,2026-07-25 11:43:17.853478,2026-07-25 11:43:17.853478,2026-07-25 11:43:17.853478
9677,177,20,332,42,2026-07-25 11:43:17.853488,2026-07-25 11:43:17.853488,2026-07-25 11:43:17.853488
9678,178,20,220,50,2026-07-25 11:43:17.853497,2026-07-25 11:43:17.853497,2026-07-25 11:43:17.853497
9679,179,20,155,70,2026-07-25 11:43:17.853507,2026-07-25 11:43:17.853507,2026-07-25 11:43:17.853507
9680,180,20,435,76,2026-07-25 11:43:17.853517,2026-07-25 11:43:17.853517,2026-07-25 11:43:17.853517
9681,181,20,497,34,2026-07-25 11:43:17.853526,2026-07-25 11:43:17.853526,2026-07-25 11:43:17.853526
9682,182,20,10,79,2026-07-25 11:43:17.853536,2026-07-25 11:43:17.853536,2026-07-25 11:43:17.853536
9683,183,20,28,21,2026-07-25 11:43:17.853546,2026-07-25 11:43:17.853546,2026-07-25 11:43:17.853546
9684,184,20,396,70,2026-07-25 11:43:17.853555,2026-07-25 11:43:17.853555,2026-07-25 11:43:17.853555
9685,185,20,415,32,2026-07-25 11:43:17.853565,2026-07-25 11:43:17.853565,2026-07-25 11:43:17.853565
9686,186,20,273,58,2026-07-25 11:43:17.853574,2026-07-25 11:43:17.853574,2026-07-25 11:43:17.853574
9687,187,20,440,44,2026-07-25 11:43:17.853584,2026-07-25 11:43:17.853584,2026-07-25 11:43:17.853584
9688,188,20,349,63,2026-07-25 11:43:17.853593,2026-07-25 11:43:17.853593,2026-07-25 11:43:17.853593
9689,189,20,377,21,2026-07-25 11:43:17.853603,2026-07-25 11:43:17.853603,2026-07-25 11:43:17.853603
9690,190,20,282,50,2026-07-25 11:43:17.853612,2026-07-25 11:43:17.853612,2026-07-25 11:43:17.853612
9691,191,20,26,44,2026-07-25 11:43:17.853622,2026-07-25 11:43:17.853622,2026-07-25 11:43:17.853622
9692,192,20,392,44,2026-07-25 11:43:17.853632,2026-07-25 11:43:17.853632,2026-07-25 11:43:17.853632
9693,193,20,356,28,2026-07-25 11:43:17.853642,2026-07-25 11:43:17.853642,2026-07-25 11:43:17.853642
9694,194,20,220,64,2026-07-25 11:43:17.853652,2026-07-25 11:43:17.853652,2026-07-25 11:43:17.853652
9695,195,20,218,55,2026-07-25 11:43:17.853662,2026-07-25 11:43:17.853662,2026-07-25 11:43:17.853662
9696,196,20,70,27,2026-07-25 11:43:17.853672,2026-07-25 11:43:17.853672,2026-07-25 11:43:17.853672
9697,197,20,224,27,2026-07-25 11:43:17.853682,2026-07-25 11:43:17.853682,2026-07-25 11:43:17.853682
9698,198,20,459,59,2026-07-25 11:43:17.853691,2026-07-25 11:43:17.853691,2026-07-25 11:43:17.853691
9699,199,20,462,43,2026-07-25 11:43:17.853701,2026-07-25 11:43:17.853701,2026-07-25 11:43:17.853701
9700,200,20,180,32,2026-07-25 11:43:17.853710,2026-07-25 11:43:17.853710,2026-07-25 11:43:17.853710
9701,201,20,175,47,2026-07-25 11:43:17.853720,2026-07-25 11:43:17.853720,2026-07-25 11:43:17.853720
9702,202,20,470,23,2026-07-25 11:43:17.853730,2026-07-25 11:43:17.853730,2026-07-25 11:43:17.853730
9703,203,20,121,34,2026-07-25 11:43:17.853739,2026-07-25 11:43:17.853739,2026-07-25 11:43:17.853739
9704,204,20,47,57,2026-07-25 11:43:17.853749,2026-07-25 11:43:17.853749,2026-07-25 11:43:17.853749
9705,205,20,5,34,2026-07-25 11:43:17.853759,2026-07-25 11:43:17.853759,2026-07-25 11:43:17.853759
9706,206,20,211,67,2026-07-25 11:43:17.853768,2026-07-25 11:43:17.853768,2026-07-25 11:43:17.853768
9707,207,20,385,76,2026-07-25 11:43:17.853778,2026-07-25 11:43:17.853778,2026-07-25 11:43:17.853778
9708,208,20,413,70,2026-07-25 11:43:17.853787,2026-07-25 11:43:17.853787,2026-07-25 11:43:17.853787
9709,209,20,274,56,2026-07-25 11:43:17.853797,2026-07-25 11:43:17.853797,2026-07-25 11:43:17.853797
9710,210,20,23,71,2026-07-25 11:43:17.853807,2026-07-25 11:43:17.853807,2026-07-25 11:43:17.853807
9711,211,20,7,75,2026-07-25 11:43:17.853816,2026-07-25 11:43:17.853816,2026-07-25 11:43:17.853816
9712,212,20,368,35,2026-07-25 11:43:17.853826,2026-07-25 11:43:17.853826,2026-07-25 11:43:17.853826
9713,213,20,416,23,2026-07-25 11:43:17.853836,2026-07-25 11:43:17.853836,2026-07-25 11:43:17.853836
9714,214,20,39,23,2026-07-25 11:43:17.853845,2026-07-25 11:43:17.853845,2026-07-25 11:43:17.853845
9715,215,20,64,48,2026-07-25 11:43:17.853855,2026-07-25 11:43:17.853855,2026-07-25 11:43:17.853855
9716,216,20,92,38,2026-07-25 11:43:17.853865,2026-07-25 11:43:17.853865,2026-07-25 11:43:17.853865
9717,217,20,22,40,2026-07-25 11:43:17.853874,2026-07-25 11:43:17.853874,2026-07-25 11:43:17.853874
9718,218,20,179,58,2026-07-25 11:43:17.853884,2026-07-25 11:43:17.853884,2026-07-25 11:43:17.853884
9719,219,20,335,76,2026-07-25 11:43:17.853893,2026-07-25 11:43:17.853893,2026-07-25 11:43:17.853893
9720,220,20,125,38,2026-07-25 11:43:17.853903,2026-07-25 11:43:17.853903,2026-07-25 11:43:17.853903
9721,221,20,66,58,2026-07-25 11:43:17.853912,2026-07-25 11:43:17.853912,2026-07-25 11:43:17.853912
9722,222,20,203,50,2026-07-25 11:43:17.853922,2026-07-25 11:43:17.853922,2026-07-25 11:43:17.853922
9723,223,20,336,27,2026-07-25 11:43:17.853931,2026-07-25 11:43:17.853931,2026-07-25 11:43:17.853931
9724,224,20,336,24,2026-07-25 11:43:17.853941,2026-07-25 11:43:17.853941,2026-07-25 11:43:17.853941
9725,225,20,39,36,2026-07-25 11:43:17.853951,2026-07-25 11:43:17.853951,2026-07-25 11:43:17.853951
9726,226,20,480,54,2026-07-25 11:43:17.853960,2026-07-25 11:43:17.853960,2026-07-25 11:43:17.853960
9727,227,20,105,51,2026-07-25 11:43:17.853970,2026-07-25 11:43:17.853970,2026-07-25 11:43:17.853970
9728,228,20,361,67,2026-07-25 11:43:17.853980,2026-07-25 11:43:17.853980,2026-07-25 11:43:17.853980
9729,229,20,416,42,2026-07-25 11:43:17.853989,2026-07-25 11:43:17.853989,2026-07-25 11:43:17.853989
9730,230,20,459,78,2026-07-25 11:43:17.853999,2026-07-25 11:43:17.853999,2026-07-25 11:43:17.853999
9731,231,20,439,34,2026-07-25 11:43:17.854009,2026-07-25 11:43:17.854009,2026-07-25 11:43:17.854009
9732,232,20,227,65,2026-07-25 11:43:17.854018,2026-07-25 11:43:17.854018,2026-07-25 11:43:17.854018
9733,233,20,154,80,2026-07-25 11:43:17.854028,2026-07-25 11:43:17.854028,2026-07-25 11:43:17.854028
9734,234,20,187,69,2026-07-25 11:43:17.854037,2026-07-25 11:43:17.854037,2026-07-25 11:43:17.854037
9735,235,20,282,38,2026-07-25 11:43:17.854047,2026-07-25 11:43:17.854047,2026-07-25 11:43:17.854047
9736,236,20,444,61,2026-07-25 11:43:17.854056,2026-07-25 11:43:17.854056,2026-07-25 11:43:17.854056
9737,237,20,125,53,2026-07-25 11:43:17.854066,2026-07-25 11:43:17.854066,2026-07-25 11:43:17.854066
9738,238,20,457,37,2026-07-25 11:43:17.854075,2026-07-25 11:43:17.854075,2026-07-25 11:43:17.854075
9739,239,20,163,64,2026-07-25 11:43:17.854085,2026-07-25 11:43:17.854085,2026-07-25 11:43:17.854085
9740,240,20,277,52,2026-07-25 11:43:17.854095,2026-07-25 11:43:17.854095,2026-07-25 11:43:17.854095
9741,241,20,53,23,2026-07-25 11:43:17.854104,2026-07-25 11:43:17.854104,2026-07-25 11:43:17.854104
9742,242,20,177,77,2026-07-25 11:43:17.854114,2026-07-25 11:43:17.854114,2026-07-25 11:43:17.854114
9743,243,20,210,65,2026-07-25 11:43:17.854123,2026-07-25 11:43:17.854123,2026-07-25 11:43:17.854123
9744,244,20,486,59,2026-07-25 11:43:17.854133,2026-07-25 11:43:17.854133,2026-07-25 11:43:17.854133
9745,245,20,248,37,2026-07-25 11:43:17.854143,2026-07-25 11:43:17.854143,2026-07-25 11:43:17.854143
9746,246,20,40,33,2026-07-25 11:43:17.854152,2026-07-25 11:43:17.854152,2026-07-25 11:43:17.854152
9747,247,20,466,28,2026-07-25 11:43:17.854162,2026-07-25 11:43:17.854162,2026-07-25 11:43:17.854162
9748,248,20,430,53,2026-07-25 11:43:17.854171,2026-07-25 11:43:17.854171,2026-07-25 11:43:17.854171
9749,249,20,118,39,2026-07-25 11:43:17.854181,2026-07-25 11:43:17.854181,2026-07-25 11:43:17.854181
9750,250,20,379,55,2026-07-25 11:43:17.854191,2026-07-25 11:43:17.854191,2026-07-25 11:43:17.854191
9751,251,20,107,27,2026-07-25 11:43:17.854200,2026-07-25 11:43:17.854200,2026-07-25 11:43:17.854200
9752,252,20,190,66,2026-07-25 11:43:17.854210,2026-07-25 11:43:17.854210,2026-07-25 11:43:17.854210
9753,253,20,417,70,2026-07-25 11:43:17.854219,2026-07-25 11:43:17.854219,2026-07-25 11:43:17.854219
9754,254,20,72,22,2026-07-25 11:43:17.854229,2026-07-25 11:43:17.854229,2026-07-25 11:43:17.854229
9755,255,20,500,35,2026-07-25 11:43:17.854238,2026-07-25 11:43:17.854238,2026-07-25 11:43:17.854238
9756,256,20,357,48,2026-07-25 11:43:17.854248,2026-07-25 11:43:17.854248,2026-07-25 11:43:17.854248
9757,257,20,332,68,2026-07-25 11:43:17.854258,2026-07-25 11:43:17.854258,2026-07-25 11:43:17.854258
9758,258,20,232,80,2026-07-25 11:43:17.854267,2026-07-25 11:43:17.854267,2026-07-25 11:43:17.854267
9759,259,20,58,21,2026-07-25 11:43:17.854277,2026-07-25 11:43:17.854277,2026-07-25 11:43:17.854277
9760,260,20,255,73,2026-07-25 11:43:17.854287,2026-07-25 11:43:17.854287,2026-07-25 11:43:17.854287
9761,261,20,17,37,2026-07-25 11:43:17.854296,2026-07-25 11:43:17.854296,2026-07-25 11:43:17.854296
9762,262,20,142,57,2026-07-25 11:43:17.854306,2026-07-25 11:43:17.854306,2026-07-25 11:43:17.854306
9763,263,20,196,39,2026-07-25 11:43:17.854316,2026-07-25 11:43:17.854316,2026-07-25 11:43:17.854316
9764,264,20,423,25,2026-07-25 11:43:17.854326,2026-07-25 11:43:17.854326,2026-07-25 11:43:17.854326
9765,265,20,30,37,2026-07-25 11:43:17.854335,2026-07-25 11:43:17.854335,2026-07-25 11:43:17.854335
9766,266,20,437,59,2026-07-25 11:43:17.854345,2026-07-25 11:43:17.854345,2026-07-25 11:43:17.854345
9767,267,20,196,51,2026-07-25 11:43:17.854355,2026-07-25 11:43:17.854355,2026-07-25 11:43:17.854355
9768,268,20,9,75,2026-07-25 11:43:17.854364,2026-07-25 11:43:17.854364,2026-07-25 11:43:17.854364
9769,269,20,195,44,2026-07-25 11:43:17.854374,2026-07-25 11:43:17.854374,2026-07-25 11:43:17.854374
9770,270,20,227,22,2026-07-25 11:43:17.854384,2026-07-25 11:43:17.854384,2026-07-25 11:43:17.854384
9771,271,20,114,33,2026-07-25 11:43:17.854393,2026-07-25 11:43:17.854393,2026-07-25 11:43:17.854393
9772,272,20,194,31,2026-07-25 11:43:17.854406,2026-07-25 11:43:17.854406,2026-07-25 11:43:17.854406
9773,273,20,337,47,2026-07-25 11:43:17.854416,2026-07-25 11:43:17.854416,2026-07-25 11:43:17.854416
9774,274,20,272,23,2026-07-25 11:43:17.854426,2026-07-25 11:43:17.854426,2026-07-25 11:43:17.854426
9775,275,20,338,39,2026-07-25 11:43:17.854437,2026-07-25 11:43:17.854437,2026-07-25 11:43:17.854437
9776,276,20,16,54,2026-07-25 11:43:17.854447,2026-07-25 11:43:17.854447,2026-07-25 11:43:17.854447
9777,277,20,390,42,2026-07-25 11:43:17.854456,2026-07-25 11:43:17.854456,2026-07-25 11:43:17.854456
9778,278,20,479,21,2026-07-25 11:43:17.854466,2026-07-25 11:43:17.854466,2026-07-25 11:43:17.854466
9779,279,20,465,58,2026-07-25 11:43:17.854476,2026-07-25 11:43:17.854476,2026-07-25 11:43:17.854476
9780,280,20,386,77,2026-07-25 11:43:17.854486,2026-07-25 11:43:17.854486,2026-07-25 11:43:17.854486
9781,281,20,172,79,2026-07-25 11:43:17.854495,2026-07-25 11:43:17.854495,2026-07-25 11:43:17.854495
9782,282,20,424,78,2026-07-25 11:43:17.854505,2026-07-25 11:43:17.854505,2026-07-25 11:43:17.854505
9783,283,20,134,71,2026-07-25 11:43:17.854515,2026-07-25 11:43:17.854515,2026-07-25 11:43:17.854515
9784,284,20,385,57,2026-07-25 11:43:17.854524,2026-07-25 11:43:17.854524,2026-07-25 11:43:17.854524
9785,285,20,110,68,2026-07-25 11:43:17.854534,2026-07-25 11:43:17.854534,2026-07-25 11:43:17.854534
9786,286,20,14,41,2026-07-25 11:43:17.854544,2026-07-25 11:43:17.854544,2026-07-25 11:43:17.854544
9787,287,20,371,73,2026-07-25 11:43:17.854553,2026-07-25 11:43:17.854553,2026-07-25 11:43:17.854553
9788,288,20,318,47,2026-07-25 11:43:17.854563,2026-07-25 11:43:17.854563,2026-07-25 11:43:17.854563
9789,289,20,443,47,2026-07-25 11:43:17.854573,2026-07-25 11:43:17.854573,2026-07-25 11:43:17.854573
9790,290,20,400,66,2026-07-25 11:43:17.854582,2026-07-25 11:43:17.854582,2026-07-25 11:43:17.854582
9791,291,20,475,67,2026-07-25 11:43:17.854592,2026-07-25 11:43:17.854592,2026-07-25 11:43:17.854592
9792,292,20,385,23,2026-07-25 11:43:17.854601,2026-07-25 11:43:17.854601,2026-07-25 11:43:17.854601
9793,293,20,413,26,2026-07-25 11:43:17.854611,2026-07-25 11:43:17.854611,2026-07-25 11:43:17.854611
9794,294,20,283,44,2026-07-25 11:43:17.854621,2026-07-25 11:43:17.854621,2026-07-25 11:43:17.854621
9795,295,20,487,66,2026-07-25 11:43:17.854630,2026-07-25 11:43:17.854630,2026-07-25 11:43:17.854630
9796,296,20,477,63,2026-07-25 11:43:17.854640,2026-07-25 11:43:17.854640,2026-07-25 11:43:17.854640
9797,297,20,147,74,2026-07-25 11:43:17.854650,2026-07-25 11:43:17.854650,2026-07-25 11:43:17.854650
9798,298,20,480,54,2026-07-25 11:43:17.854659,2026-07-25 11:43:17.854659,2026-07-25 11:43:17.854659
9799,299,20,237,47,2026-07-25 11:43:17.854669,2026-07-25 11:43:17.854669,2026-07-25 11:43:17.854669
9800,300,20,293,66,2026-07-25 11:43:17.854679,2026-07-25 11:43:17.854679,2026-07-25 11:43:17.854679
9801,301,20,290,69,2026-07-25 11:43:17.854688,2026-07-25 11:43:17.854688,2026-07-25 11:43:17.854688
9802,302,20,265,36,2026-07-25 11:43:17.854698,2026-07-25 11:43:17.854698,2026-07-25 11:43:17.854698
9803,303,20,83,44,2026-07-25 11:43:17.854708,2026-07-25 11:43:17.854708,2026-07-25 11:43:17.854708
9804,304,20,239,67,2026-07-25 11:43:17.854717,2026-07-25 11:43:17.854717,2026-07-25 11:43:17.854717
9805,305,20,473,35,2026-07-25 11:43:17.854727,2026-07-25 11:43:17.854727,2026-07-25 11:43:17.854727
9806,306,20,67,78,2026-07-25 11:43:17.854737,2026-07-25 11:43:17.854737,2026-07-25 11:43:17.854737
9807,307,20,7,37,2026-07-25 11:43:17.854746,2026-07-25 11:43:17.854746,2026-07-25 11:43:17.854746
9808,308,20,409,63,2026-07-25 11:43:17.854756,2026-07-25 11:43:17.854756,2026-07-25 11:43:17.854756
9809,309,20,486,37,2026-07-25 11:43:17.854766,2026-07-25 11:43:17.854766,2026-07-25 11:43:17.854766
9810,310,20,43,35,2026-07-25 11:43:17.854775,2026-07-25 11:43:17.854775,2026-07-25 11:43:17.854775
9811,311,20,394,54,2026-07-25 11:43:17.854785,2026-07-25 11:43:17.854785,2026-07-25 11:43:17.854785
9812,312,20,151,41,2026-07-25 11:43:17.854795,2026-07-25 11:43:17.854795,2026-07-25 11:43:17.854795
9813,313,20,292,45,2026-07-25 11:43:17.854804,2026-07-25 11:43:17.854804,2026-07-25 11:43:17.854804
9814,314,20,19,59,2026-07-25 11:43:17.854814,2026-07-25 11:43:17.854814,2026-07-25 11:43:17.854814
9815,315,20,140,43,2026-07-25 11:43:17.854824,2026-07-25 11:43:17.854824,2026-07-25 11:43:17.854824
9816,316,20,137,62,2026-07-25 11:43:17.854833,2026-07-25 11:43:17.854833,2026-07-25 11:43:17.854833
9817,317,20,128,70,2026-07-25 11:43:17.854843,2026-07-25 11:43:17.854843,2026-07-25 11:43:17.854843
9818,318,20,334,71,2026-07-25 11:43:17.854852,2026-07-25 11:43:17.854852,2026-07-25 11:43:17.854852
9819,319,20,395,58,2026-07-25 11:43:17.854862,2026-07-25 11:43:17.854862,2026-07-25 11:43:17.854862
9820,320,20,6,27,2026-07-25 11:43:17.854872,2026-07-25 11:43:17.854872,2026-07-25 11:43:17.854872
9821,321,20,157,56,2026-07-25 11:43:17.854882,2026-07-25 11:43:17.854882,2026-07-25 11:43:17.854882
9822,322,20,338,40,2026-07-25 11:43:17.854891,2026-07-25 11:43:17.854891,2026-07-25 11:43:17.854891
9823,323,20,428,36,2026-07-25 11:43:17.854901,2026-07-25 11:43:17.854901,2026-07-25 11:43:17.854901
9824,324,20,433,31,2026-07-25 11:43:17.854911,2026-07-25 11:43:17.854911,2026-07-25 11:43:17.854911
9825,325,20,227,49,2026-07-25 11:43:17.854920,2026-07-25 11:43:17.854920,2026-07-25 11:43:17.854920
9826,326,20,8,48,2026-07-25 11:43:17.854930,2026-07-25 11:43:17.854930,2026-07-25 11:43:17.854930
9827,327,20,4,49,2026-07-25 11:43:17.854940,2026-07-25 11:43:17.854940,2026-07-25 11:43:17.854940
9828,328,20,18,42,2026-07-25 11:43:17.854949,2026-07-25 11:43:17.854949,2026-07-25 11:43:17.854949
9829,329,20,245,60,2026-07-25 11:43:17.854959,2026-07-25 11:43:17.854959,2026-07-25 11:43:17.854959
9830,330,20,432,55,2026-07-25 11:43:17.854969,2026-07-25 11:43:17.854969,2026-07-25 11:43:17.854969
9831,331,20,111,46,2026-07-25 11:43:17.854979,2026-07-25 11:43:17.854979,2026-07-25 11:43:17.854979
9832,332,20,29,57,2026-07-25 11:43:17.854988,2026-07-25 11:43:17.854988,2026-07-25 11:43:17.854988
9833,333,20,480,25,2026-07-25 11:43:17.854998,2026-07-25 11:43:17.854998,2026-07-25 11:43:17.854998
9834,334,20,141,77,2026-07-25 11:43:17.855008,2026-07-25 11:43:17.855008,2026-07-25 11:43:17.855008
9835,335,20,312,55,2026-07-25 11:43:17.855017,2026-07-25 11:43:17.855017,2026-07-25 11:43:17.855017
9836,336,20,160,24,2026-07-25 11:43:17.855027,2026-07-25 11:43:17.855027,2026-07-25 11:43:17.855027
9837,337,20,225,31,2026-07-25 11:43:17.855046,2026-07-25 11:43:17.855046,2026-07-25 11:43:17.855046
9838,338,20,132,69,2026-07-25 11:43:17.855055,2026-07-25 11:43:17.855055,2026-07-25 11:43:17.855055
9839,339,20,402,37,2026-07-25 11:43:17.855065,2026-07-25 11:43:17.855065,2026-07-25 11:43:17.855065
9840,340,20,132,75,2026-07-25 11:43:17.855075,2026-07-25 11:43:17.855075,2026-07-25 11:43:17.855075
9841,341,20,253,28,2026-07-25 11:43:17.855084,2026-07-25 11:43:17.855084,2026-07-25 11:43:17.855084
9842,342,20,116,60,2026-07-25 11:43:17.855094,2026-07-25 11:43:17.855094,2026-07-25 11:43:17.855094
9843,343,20,89,29,2026-07-25 11:43:17.855103,2026-07-25 11:43:17.855103,2026-07-25 11:43:17.855103
9844,344,20,446,59,2026-07-25 11:43:17.855113,2026-07-25 11:43:17.855113,2026-07-25 11:43:17.855113
9845,345,20,335,23,2026-07-25 11:43:17.855123,2026-07-25 11:43:17.855123,2026-07-25 11:43:17.855123
9846,346,20,119,27,2026-07-25 11:43:17.855132,2026-07-25 11:43:17.855132,2026-07-25 11:43:17.855132
9847,347,20,335,22,2026-07-25 11:43:17.855142,2026-07-25 11:43:17.855142,2026-07-25 11:43:17.855142
9848,348,20,94,63,2026-07-25 11:43:17.855152,2026-07-25 11:43:17.855152,2026-07-25 11:43:17.855152
9849,349,20,259,75,2026-07-25 11:43:17.855161,2026-07-25 11:43:17.855161,2026-07-25 11:43:17.855161
9850,350,20,225,57,2026-07-25 11:43:17.855172,2026-07-25 11:43:17.855172,2026-07-25 11:43:17.855172
9851,351,20,162,22,2026-07-25 11:43:17.855182,2026-07-25 11:43:17.855182,2026-07-25 11:43:17.855182
9852,352,20,283,65,2026-07-25 11:43:17.855193,2026-07-25 11:43:17.855193,2026-07-25 11:43:17.855193
9853,353,20,116,23,2026-07-25 11:43:17.855202,2026-07-25 11:43:17.855202,2026-07-25 11:43:17.855202
9854,354,20,487,65,2026-07-25 11:43:17.855212,2026-07-25 11:43:17.855212,2026-07-25 11:43:17.855212
9855,355,20,132,36,2026-07-25 11:43:17.855222,2026-07-25 11:43:17.855222,2026-07-25 11:43:17.855222
9856,356,20,8,63,2026-07-25 11:43:17.855232,2026-07-25 11:43:17.855232,2026-07-25 11:43:17.855232
9857,357,20,432,74,2026-07-25 11:43:17.855241,2026-07-25 11:43:17.855241,2026-07-25 11:43:17.855241
9858,358,20,434,42,2026-07-25 11:43:17.855261,2026-07-25 11:43:17.855261,2026-07-25 11:43:17.855261
9859,359,20,276,65,2026-07-25 11:43:17.855271,2026-07-25 11:43:17.855271,2026-07-25 11:43:17.855271
9860,360,20,22,58,2026-07-25 11:43:17.855280,2026-07-25 11:43:17.855280,2026-07-25 11:43:17.855280
9861,361,20,120,42,2026-07-25 11:43:17.855290,2026-07-25 11:43:17.855290,2026-07-25 11:43:17.855290
9862,362,20,55,24,2026-07-25 11:43:17.855300,2026-07-25 11:43:17.855300,2026-07-25 11:43:17.855300
9863,363,20,259,48,2026-07-25 11:43:17.855309,2026-07-25 11:43:17.855309,2026-07-25 11:43:17.855309
9864,364,20,57,52,2026-07-25 11:43:17.855319,2026-07-25 11:43:17.855319,2026-07-25 11:43:17.855319
9865,365,20,39,35,2026-07-25 11:43:17.855329,2026-07-25 11:43:17.855329,2026-07-25 11:43:17.855329
9866,366,20,104,40,2026-07-25 11:43:17.855338,2026-07-25 11:43:17.855338,2026-07-25 11:43:17.855338
9867,367,20,292,43,2026-07-25 11:43:17.855348,2026-07-25 11:43:17.855348,2026-07-25 11:43:17.855348
9868,368,20,424,72,2026-07-25 11:43:17.855358,2026-07-25 11:43:17.855358,2026-07-25 11:43:17.855358
9869,369,20,348,46,2026-07-25 11:43:17.855367,2026-07-25 11:43:17.855367,2026-07-25 11:43:17.855367
9870,370,20,36,61,2026-07-25 11:43:17.855377,2026-07-25 11:43:17.855377,2026-07-25 11:43:17.855377
9871,371,20,218,76,2026-07-25 11:43:17.855387,2026-07-25 11:43:17.855387,2026-07-25 11:43:17.855387
9872,372,20,144,29,2026-07-25 11:43:17.855396,2026-07-25 11:43:17.855396,2026-07-25 11:43:17.855396
9873,373,20,12,40,2026-07-25 11:43:17.855406,2026-07-25 11:43:17.855406,2026-07-25 11:43:17.855406
9874,374,20,310,70,2026-07-25 11:43:17.855415,2026-07-25 11:43:17.855415,2026-07-25 11:43:17.855415
9875,375,20,184,41,2026-07-25 11:43:17.855425,2026-07-25 11:43:17.855425,2026-07-25 11:43:17.855425
9876,376,20,499,46,2026-07-25 11:43:17.855435,2026-07-25 11:43:17.855435,2026-07-25 11:43:17.855435
9877,377,20,459,61,2026-07-25 11:43:17.855444,2026-07-25 11:43:17.855444,2026-07-25 11:43:17.855444
9878,378,20,191,50,2026-07-25 11:43:17.855454,2026-07-25 11:43:17.855454,2026-07-25 11:43:17.855454
9879,379,20,482,38,2026-07-25 11:43:17.855464,2026-07-25 11:43:17.855464,2026-07-25 11:43:17.855464
9880,380,20,318,21,2026-07-25 11:43:17.855473,2026-07-25 11:43:17.855473,2026-07-25 11:43:17.855473
9881,381,20,82,43,2026-07-25 11:43:17.855483,2026-07-25 11:43:17.855483,2026-07-25 11:43:17.855483
9882,382,20,22,38,2026-07-25 11:43:17.855492,2026-07-25 11:43:17.855492,2026-07-25 11:43:17.855492
9883,383,20,476,29,2026-07-25 11:43:17.855502,2026-07-25 11:43:17.855502,2026-07-25 11:43:17.855502
9884,384,20,466,57,2026-07-25 11:43:17.855511,2026-07-25 11:43:17.855511,2026-07-25 11:43:17.855511
9885,385,20,13,26,2026-07-25 11:43:17.855521,2026-07-25 11:43:17.855521,2026-07-25 11:43:17.855521
9886,386,20,311,33,2026-07-25 11:43:17.855531,2026-07-25 11:43:17.855531,2026-07-25 11:43:17.855531
9887,387,20,413,40,2026-07-25 11:43:17.855540,2026-07-25 11:43:17.855540,2026-07-25 11:43:17.855540
9888,388,20,261,65,2026-07-25 11:43:17.855550,2026-07-25 11:43:17.855550,2026-07-25 11:43:17.855550
9889,389,20,399,67,2026-07-25 11:43:17.855559,2026-07-25 11:43:17.855559,2026-07-25 11:43:17.855559
9890,390,20,260,70,2026-07-25 11:43:17.855569,2026-07-25 11:43:17.855569,2026-07-25 11:43:17.855569
9891,391,20,297,65,2026-07-25 11:43:17.855578,2026-07-25 11:43:17.855578,2026-07-25 11:43:17.855578
9892,392,20,176,80,2026-07-25 11:43:17.855588,2026-07-25 11:43:17.855588,2026-07-25 11:43:17.855588
9893,393,20,110,44,2026-07-25 11:43:17.855598,2026-07-25 11:43:17.855598,2026-07-25 11:43:17.855598
9894,394,20,425,57,2026-07-25 11:43:17.855607,2026-07-25 11:43:17.855607,2026-07-25 11:43:17.855607
9895,395,20,16,62,2026-07-25 11:43:17.855617,2026-07-25 11:43:17.855617,2026-07-25 11:43:17.855617
9896,396,20,371,29,2026-07-25 11:43:17.855627,2026-07-25 11:43:17.855627,2026-07-25 11:43:17.855627
9897,397,20,195,68,2026-07-25 11:43:17.855636,2026-07-25 11:43:17.855636,2026-07-25 11:43:17.855636
9898,398,20,332,25,2026-07-25 11:43:17.855646,2026-07-25 11:43:17.855646,2026-07-25 11:43:17.855646
9899,399,20,489,24,2026-07-25 11:43:17.855655,2026-07-25 11:43:17.855655,2026-07-25 11:43:17.855655
9900,400,20,490,79,2026-07-25 11:43:17.855665,2026-07-25 11:43:17.855665,2026-07-25 11:43:17.855665
9901,401,20,114,56,2026-07-25 11:43:17.855675,2026-07-25 11:43:17.855675,2026-07-25 11:43:17.855675
9902,402,20,257,56,2026-07-25 11:43:17.855686,2026-07-25 11:43:17.855686,2026-07-25 11:43:17.855686
9903,403,20,322,55,2026-07-25 11:43:17.855696,2026-07-25 11:43:17.855696,2026-07-25 11:43:17.855696
9904,404,20,375,46,2026-07-25 11:43:17.855705,2026-07-25 11:43:17.855705,2026-07-25 11:43:17.855705
9905,405,20,275,66,2026-07-25 11:43:17.855715,2026-07-25 11:43:17.855715,2026-07-25 11:43:17.855715
9906,406,20,62,74,2026-07-25 11:43:17.855724,2026-07-25 11:43:17.855724,2026-07-25 11:43:17.855724
9907,407,20,449,53,2026-07-25 11:43:17.855734,2026-07-25 11:43:17.855734,2026-07-25 11:43:17.855734
9908,408,20,408,23,2026-07-25 11:43:17.855744,2026-07-25 11:43:17.855744,2026-07-25 11:43:17.855744
9909,409,20,310,50,2026-07-25 11:43:17.855753,2026-07-25 11:43:17.855753,2026-07-25 11:43:17.855753
9910,410,20,337,53,2026-07-25 11:43:17.855763,2026-07-25 11:43:17.855763,2026-07-25 11:43:17.855763
9911,411,20,266,48,2026-07-25 11:43:17.855773,2026-07-25 11:43:17.855773,2026-07-25 11:43:17.855773
9912,412,20,162,37,2026-07-25 11:43:17.855782,2026-07-25 11:43:17.855782,2026-07-25 11:43:17.855782
9913,413,20,99,73,2026-07-25 11:43:17.855792,2026-07-25 11:43:17.855792,2026-07-25 11:43:17.855792
9914,414,20,294,38,2026-07-25 11:43:17.855801,2026-07-25 11:43:17.855801,2026-07-25 11:43:17.855801
9915,415,20,466,35,2026-07-25 11:43:17.855811,2026-07-25 11:43:17.855811,2026-07-25 11:43:17.855811
9916,416,20,168,35,2026-07-25 11:43:17.855821,2026-07-25 11:43:17.855821,2026-07-25 11:43:17.855821
9917,417,20,409,69,2026-07-25 11:43:17.855830,2026-07-25 11:43:17.855830,2026-07-25 11:43:17.855830
9918,418,20,500,43,2026-07-25 11:43:17.855840,2026-07-25 11:43:17.855840,2026-07-25 11:43:17.855840
9919,419,20,118,49,2026-07-25 11:43:17.855850,2026-07-25 11:43:17.855850,2026-07-25 11:43:17.855850
9920,420,20,161,67,2026-07-25 11:43:17.855860,2026-07-25 11:43:17.855860,2026-07-25 11:43:17.855860
9921,421,20,497,27,2026-07-25 11:43:17.855869,2026-07-25 11:43:17.855869,2026-07-25 11:43:17.855869
9922,422,20,354,35,2026-07-25 11:43:17.855879,2026-07-25 11:43:17.855879,2026-07-25 11:43:17.855879
9923,423,20,227,66,2026-07-25 11:43:17.855888,2026-07-25 11:43:17.855888,2026-07-25 11:43:17.855888
9924,424,20,490,76,2026-07-25 11:43:17.855898,2026-07-25 11:43:17.855898,2026-07-25 11:43:17.855898
9925,425,20,209,43,2026-07-25 11:43:17.855907,2026-07-25 11:43:17.855907,2026-07-25 11:43:17.855907
9926,426,20,40,42,2026-07-25 11:43:17.855917,2026-07-25 11:43:17.855917,2026-07-25 11:43:17.855917
9927,427,20,286,52,2026-07-25 11:43:17.855927,2026-07-25 11:43:17.855927,2026-07-25 11:43:17.855927
9928,428,20,39,78,2026-07-25 11:43:17.855940,2026-07-25 11:43:17.855940,2026-07-25 11:43:17.855940
9929,429,20,185,61,2026-07-25 11:43:17.855950,2026-07-25 11:43:17.855950,2026-07-25 11:43:17.855950
9930,430,20,247,58,2026-07-25 11:43:17.855960,2026-07-25 11:43:17.855960,2026-07-25 11:43:17.855960
9931,431,20,117,48,2026-07-25 11:43:17.855969,2026-07-25 11:43:17.855969,2026-07-25 11:43:17.855969
9932,432,20,402,46,2026-07-25 11:43:17.855979,2026-07-25 11:43:17.855979,2026-07-25 11:43:17.855979
9933,433,20,117,56,2026-07-25 11:43:17.855989,2026-07-25 11:43:17.855989,2026-07-25 11:43:17.855989
9934,434,20,423,72,2026-07-25 11:43:17.855998,2026-07-25 11:43:17.855998,2026-07-25 11:43:17.855998
9935,435,20,64,79,2026-07-25 11:43:17.856008,2026-07-25 11:43:17.856008,2026-07-25 11:43:17.856008
9936,436,20,275,35,2026-07-25 11:43:17.856017,2026-07-25 11:43:17.856017,2026-07-25 11:43:17.856017
9937,437,20,397,78,2026-07-25 11:43:17.856027,2026-07-25 11:43:17.856027,2026-07-25 11:43:17.856027
9938,438,20,208,63,2026-07-25 11:43:17.856037,2026-07-25 11:43:17.856037,2026-07-25 11:43:17.856037
9939,439,20,299,62,2026-07-25 11:43:17.856046,2026-07-25 11:43:17.856046,2026-07-25 11:43:17.856046
9940,440,20,70,58,2026-07-25 11:43:17.856056,2026-07-25 11:43:17.856056,2026-07-25 11:43:17.856056
9941,441,20,133,70,2026-07-25 11:43:17.856066,2026-07-25 11:43:17.856066,2026-07-25 11:43:17.856066
9942,442,20,146,41,2026-07-25 11:43:17.856075,2026-07-25 11:43:17.856075,2026-07-25 11:43:17.856075
9943,443,20,160,27,2026-07-25 11:43:17.856085,2026-07-25 11:43:17.856085,2026-07-25 11:43:17.856085
9944,444,20,41,46,2026-07-25 11:43:17.856095,2026-07-25 11:43:17.856095,2026-07-25 11:43:17.856095
9945,445,20,215,52,2026-07-25 11:43:17.856104,2026-07-25 11:43:17.856104,2026-07-25 11:43:17.856104
9946,446,20,75,56,2026-07-25 11:43:17.856114,2026-07-25 11:43:17.856114,2026-07-25 11:43:17.856114
9947,447,20,253,60,2026-07-25 11:43:17.856124,2026-07-25 11:43:17.856124,2026-07-25 11:43:17.856124
9948,448,20,451,69,2026-07-25 11:43:17.856134,2026-07-25 11:43:17.856134,2026-07-25 11:43:17.856134
9949,449,20,101,77,2026-07-25 11:43:17.856143,2026-07-25 11:43:17.856143,2026-07-25 11:43:17.856143
9950,450,20,92,76,2026-07-25 11:43:17.856153,2026-07-25 11:43:17.856153,2026-07-25 11:43:17.856153
9951,451,20,232,20,2026-07-25 11:43:17.856163,2026-07-25 11:43:17.856163,2026-07-25 11:43:17.856163
9952,452,20,85,27,2026-07-25 11:43:17.856172,2026-07-25 11:43:17.856172,2026-07-25 11:43:17.856172
9953,453,20,214,36,2026-07-25 11:43:17.856182,2026-07-25 11:43:17.856182,2026-07-25 11:43:17.856182
9954,454,20,391,55,2026-07-25 11:43:17.856192,2026-07-25 11:43:17.856192,2026-07-25 11:43:17.856192
9955,455,20,364,79,2026-07-25 11:43:17.856201,2026-07-25 11:43:17.856201,2026-07-25 11:43:17.856201
9956,456,20,240,67,2026-07-25 11:43:17.856211,2026-07-25 11:43:17.856211,2026-07-25 11:43:17.856211
9957,457,20,51,28,2026-07-25 11:43:17.856220,2026-07-25 11:43:17.856220,2026-07-25 11:43:17.856220
9958,458,20,445,22,2026-07-25 11:43:17.856230,2026-07-25 11:43:17.856230,2026-07-25 11:43:17.856230
9959,459,20,426,47,2026-07-25 11:43:17.856240,2026-07-25 11:43:17.856240,2026-07-25 11:43:17.856240
9960,460,20,12,64,2026-07-25 11:43:17.856249,2026-07-25 11:43:17.856249,2026-07-25 11:43:17.856249
9961,461,20,85,24,2026-07-25 11:43:17.856259,2026-07-25 11:43:17.856259,2026-07-25 11:43:17.856259
9962,462,20,67,52,2026-07-25 11:43:17.856268,2026-07-25 11:43:17.856268,2026-07-25 11:43:17.856268
9963,463,20,443,53,2026-07-25 11:43:17.856278,2026-07-25 11:43:17.856278,2026-07-25 11:43:17.856278
9964,464,20,470,44,2026-07-25 11:43:17.856288,2026-07-25 11:43:17.856288,2026-07-25 11:43:17.856288
9965,465,20,462,47,2026-07-25 11:43:17.856297,2026-07-25 11:43:17.856297,2026-07-25 11:43:17.856297
9966,466,20,181,28,2026-07-25 11:43:17.856307,2026-07-25 11:43:17.856307,2026-07-25 11:43:17.856307
9967,467,20,205,64,2026-07-25 11:43:17.856317,2026-07-25 11:43:17.856317,2026-07-25 11:43:17.856317
9968,468,20,285,35,2026-07-25 11:43:17.856326,2026-07-25 11:43:17.856326,2026-07-25 11:43:17.856326
9969,469,20,364,38,2026-07-25 11:43:17.856336,2026-07-25 11:43:17.856336,2026-07-25 11:43:17.856336
9970,470,20,60,41,2026-07-25 11:43:17.856346,2026-07-25 11:43:17.856346,2026-07-25 11:43:17.856346
9971,471,20,459,72,2026-07-25 11:43:17.856355,2026-07-25 11:43:17.856355,2026-07-25 11:43:17.856355
9972,472,20,459,41,2026-07-25 11:43:17.856365,2026-07-25 11:43:17.856365,2026-07-25 11:43:17.856365
9973,473,20,302,58,2026-07-25 11:43:17.856375,2026-07-25 11:43:17.856375,2026-07-25 11:43:17.856375
9974,474,20,315,26,2026-07-25 11:43:17.856384,2026-07-25 11:43:17.856384,2026-07-25 11:43:17.856384
9975,475,20,369,22,2026-07-25 11:43:17.856394,2026-07-25 11:43:17.856394,2026-07-25 11:43:17.856394
9976,476,20,37,67,2026-07-25 11:43:17.856403,2026-07-25 11:43:17.856403,2026-07-25 11:43:17.856403
9977,477,20,471,42,2026-07-25 11:43:17.856413,2026-07-25 11:43:17.856413,2026-07-25 11:43:17.856413
9978,478,20,486,48,2026-07-25 11:43:17.856423,2026-07-25 11:43:17.856423,2026-07-25 11:43:17.856423
9979,479,20,466,46,2026-07-25 11:43:17.856432,2026-07-25 11:43:17.856432,2026-07-25 11:43:17.856432
9980,480,20,322,48,2026-07-25 11:43:17.856442,2026-07-25 11:43:17.856442,2026-07-25 11:43:17.856442
9981,481,20,379,73,2026-07-25 11:43:17.856451,2026-07-25 11:43:17.856451,2026-07-25 11:43:17.856451
9982,482,20,223,38,2026-07-25 11:43:17.856461,2026-07-25 11:43:17.856461,2026-07-25 11:43:17.856461
9983,483,20,387,50,2026-07-25 11:43:17.856471,2026-07-25 11:43:17.856471,2026-07-25 11:43:17.856471
9984,484,20,358,28,2026-07-25 11:43:17.856496,2026-07-25 11:43:17.856496,2026-07-25 11:43:17.856496
9985,485,20,375,31,2026-07-25 11:43:17.856506,2026-07-25 11:43:17.856506,2026-07-25 11:43:17.856506
9986,486,20,370,69,2026-07-25 11:43:17.856516,2026-07-25 11:43:17.856516,2026-07-25 11:43:17.856516
9987,487,20,301,78,2026-07-25 11:43:17.856527,2026-07-25 11:43:17.856527,2026-07-25 11:43:17.856527
9988,488,20,419,79,2026-07-25 11:43:17.856537,2026-07-25 11:43:17.856537,2026-07-25 11:43:17.856537
9989,489,20,260,25,2026-07-25 11:43:17.856546,2026-07-25 11:43:17.856546,2026-07-25 11:43:17.856546
9990,490,20,77,77,2026-07-25 11:43:17.856556,2026-07-25 11:43:17.856556,2026-07-25 11:43:17.856556
9991,491,20,3,57,2026-07-25 11:43:17.856566,2026-07-25 11:43:17.856566,2026-07-25 11:43:17.856566
9992,492,20,303,43,2026-07-25 11:43:17.856576,2026-07-25 11:43:17.856576,2026-07-25 11:43:17.856576
9993,493,20,345,61,2026-07-25 11:43:17.856585,2026-07-25 11:43:17.856585,2026-07-25 11:43:17.856585
9994,494,20,232,44,2026-07-25 11:43:17.856595,2026-07-25 11:43:17.856595,2026-07-25 11:43:17.856595
9995,495,20,164,48,2026-07-25 11:43:17.856604,2026-07-25 11:43:17.856604,2026-07-25 11:43:17.856604
9996,496,20,90,52,2026-07-25 11:43:17.856614,2026-07-25 11:43:17.856614,2026-07-25 11:43:17.856614
9997,497,20,369,57,2026-07-25 11:43:17.856624,2026-07-25 11:43:17.856624,2026-07-25 11:43:17.856624
9998,498,20,143,80,2026-07-25 11:43:17.856633,2026-07-25 11:43:17.856633,2026-07-25 11:43:17.856633
9999,499,20,395,26,2026-07-25 11:43:17.856643,2026-07-25 11:43:17.856643,2026-07-25 11:43:17.856643
10000,500,20,118,39,2026-07-25 11:43:17.856653,2026-07-25 11:43:17.856653,2026-07-25 11:43:17.856653
